country,holiday_date,fdRecID,database,group,update,action_type,result,old_note,new_note
Bolivia,2026-02-16,6452995,INTDAILY,R97,Exchange Rates,UPDATE_NOTE,DRY_RUN,,AUTOHOL: Holiday — 2026-02-16
Bolivia,2026-02-16,6453398,INTDAILY,Y53,Exchange Rates Mid-Rates Calculation,UPDATE_NOTE,DRY_RUN,,AUTOHOL: Holiday — 2026-02-16
Bolivia,2026-02-17,6468024,INTDAILY,R97,Exchange Rates,UPDATE_NOTE,DRY_RUN,,AUTOHOL: Holiday — 2026-02-17
Bolivia,2026-02-17,6468411,INTDAILY,Y53,Exchange Rates Mid-Rates Calculation,UPDATE_NOTE,DRY_RUN,,AUTOHOL: Holiday — 2026-02-17
China,2026-02-16,6453002,CHINA,Various,INDIA/CHINA QA Feedback,UPDATE_NOTE,DRY_RUN,,AUTOHOL: Holiday — 2026-02-16
China,2026-02-16,6453003,INTDAILY,R79,Exchange Rates,UPDATE_NOTE,DRY_RUN,,AUTOHOL: Holiday — 2026-02-16
China,2026-02-16,6453004,INTDAILY,S94,Shenzhen Stock --,UPDATE_NOTE,DRY_RUN,,AUTOHOL: Holiday — 2026-02-16
China,2026-02-16,6453005,CHINA,Various groups,China CEIC,UPDATE_NOTE,DRY_RUN,,AUTOHOL: Holiday — 2026-02-16
China,2026-02-16,6453006,INTDAILY,S99,PBC: Open Market Operations,UPDATE_NOTE,DRY_RUN,,AUTOHOL: Holiday — 2026-02-16
China,2026-02-16,6453152,INTDAILY,J02,Shibor,UPDATE_NOTE,DRY_RUN,,AUTOHOL: Holiday — 2026-02-16
China,2026-02-16,6453153,INTDAILY,V59,Asian Stock Market -China Stock Indexes,UPDATE_NOTE,DRY_RUN,,AUTOHOL: Holiday — 2026-02-16
China,2026-02-16,6453252,INTDAILY,"J29, S93",Shanghai Stock Exchange Indices,UPDATE_NOTE,DRY_RUN,,AUTOHOL: Holiday — 2026-02-16
China,2026-02-16,6453290,INTDAILY,P68,Wholesale Price Index,UPDATE_NOTE,DRY_RUN,,AUTOHOL: Holiday — 2026-02-16
China,2026-02-16,6453430,CMDTY,L75,Shanghai Gold Exchange Prices,UPDATE_NOTE,DRY_RUN,,AUTOHOL: Holiday — 2026-02-16
China,2026-02-16,6453484,CHINA,Various groups,China CEIC Check,UPDATE_NOTE,DRY_RUN,,AUTOHOL: Holiday — 2026-02-16
China,2026-02-16,6453524,INTDAILY,V90,Margin Transactions,UPDATE_NOTE,DRY_RUN,,AUTOHOL: Holiday — 2026-02-16
China,2026-02-16,6453554,INTDAILY,S99,PBC: OMO Zero,UPDATE_NOTE,DRY_RUN,,AUTOHOL: Holiday — 2026-02-16
China,2026-02-16,6453555,INTDAILY,V96,PBC: OMO Calculation,UPDATE_NOTE,DRY_RUN,,AUTOHOL: Holiday — 2026-02-16
China,2026-02-16,6453566,INTDAILY,V98,PBC: SLO,UPDATE_NOTE,DRY_RUN,,AUTOHOL: Holiday — 2026-02-16
China,2026-02-16,6453578,CMDTY,L39,SHFE,UPDATE_NOTE,DRY_RUN,,AUTOHOL: Holiday — 2026-02-16
China,2026-02-16,6453593,EMERGEPR,Various,CHINA to EMERGEPR Compare,UPDATE_NOTE,DRY_RUN,,AUTOHOL: Holiday — 2026-02-16
China,2026-02-16,6453683,INTDAILY,W81,SH/SZ HK Connect,UPDATE_NOTE,DRY_RUN,,AUTOHOL: Holiday — 2026-02-16
China,2026-02-16,6453742,INTDAILY,X11,PBC: Cash Management Operations,UPDATE_NOTE,DRY_RUN,,AUTOHOL: Holiday — 2026-02-16
China,2026-02-16,6453751,INTDAILY,S99/X95,PBoC Operations/HK CMU CHECK,UPDATE_NOTE,DRY_RUN,,AUTOHOL: Holiday — 2026-02-16
China,2026-02-16,6453753,INTDAILY,P24,Pork Price Index,UPDATE_NOTE,DRY_RUN,,AUTOHOL: Holiday — 2026-02-16
China,2026-02-16,6453756,CMDTY,L77,Pork Price Index cmp,UPDATE_NOTE,DRY_RUN,,AUTOHOL: Holiday — 2026-02-16
China,2026-02-16,6453816,FMRCOIND,F21,OMO China Net Injection,UPDATE_NOTE,DRY_RUN,,AUTOHOL: Holiday — 2026-02-16
China,2026-02-16,6453824,CHINA,Various,China CEIC,UPDATE_NOTE,DRY_RUN,,AUTOHOL: Holiday — 2026-02-16
China,2026-02-16,6453871,INTDAILY,S35,Shanghai Stock Pledge Repo,UPDATE_NOTE,DRY_RUN,,AUTOHOL: Holiday — 2026-02-16
China,2026-02-16,6453873,CMDTY,M44,Oil Prices CMDTY,UPDATE_NOTE,DRY_RUN,,AUTOHOL: Holiday — 2026-02-16
China,2026-02-16,6453878,INTDAILY,S52,Shenzhen Stock Pledge Repurchases,UPDATE_NOTE,DRY_RUN,,AUTOHOL: Holiday — 2026-02-16
China,2026-02-16,6453888,INTDAILY,T84,PBC: Targeted Term Lending Facility [TMLF],UPDATE_NOTE,DRY_RUN,,AUTOHOL: Holiday — 2026-02-16
China,2026-02-16,6453921,INTDAILY,V08,PBC: OMO: [CBS] Swaps,UPDATE_NOTE,DRY_RUN,,AUTOHOL: Holiday — 2026-02-16
China,2026-02-16,6454020,INTDAILY,V67,Bond Issuance,UPDATE_NOTE,DRY_RUN,,AUTOHOL: Holiday — 2026-02-16
China,2026-02-16,6454041,TRANSPRT,"T96, T97, T98",Subway Passenger Volume for Selected Transit Agencies,UPDATE_NOTE,DRY_RUN,,AUTOHOL: Holiday — 2026-02-16
China,2026-02-16,6454043,TRANSPRT,"U02, U03, U04",Subway Passenger Volume for Selected Transit Agencies - Eviews,UPDATE_NOTE,DRY_RUN,,AUTOHOL: Holiday — 2026-02-16
China,2026-02-16,6454077,INTDAILY,G74,China Government Bonds,UPDATE_NOTE,DRY_RUN,,AUTOHOL: Holiday — 2026-02-16
China,2026-02-16,6454180,TRANSPRT,"B12, B13, B14",China Subway Volume,UPDATE_NOTE,DRY_RUN,,AUTOHOL: Holiday — 2026-02-16
China,2026-02-16,6454181,TRANSPRT,"U05, U06, U07",Baidu Congestion Index,UPDATE_NOTE,DRY_RUN,,AUTOHOL: Holiday — 2026-02-16
China,2026-02-16,6454191,GLSECTOR,"F65, F66, F67",Maoyan Box,UPDATE_NOTE,DRY_RUN,,AUTOHOL: Holiday — 2026-02-16
China,2026-02-16,6454194,CNSECTOR,"I65,I66,I67",Maoyan Box CMP to CNSECTOR,UPDATE_NOTE,DRY_RUN,,AUTOHOL: Holiday — 2026-02-16
China,2026-02-16,6454231,INTDAILY,T86,Repeating Term Lending Facility,UPDATE_NOTE,DRY_RUN,,AUTOHOL: Holiday — 2026-02-16
China,2026-02-16,6454232,CHINA,Various groups,China CEIC Check,UPDATE_NOTE,DRY_RUN,,AUTOHOL: Holiday — 2026-02-16
China,2026-02-16,6454235,INTDAILY,F82,Interbank Repo Rates,UPDATE_NOTE,DRY_RUN,,AUTOHOL: Holiday — 2026-02-16
China,2026-02-16,6454247,ENERGY,"O85, C50, C51",Coal Production and Inventory,UPDATE_NOTE,DRY_RUN,,AUTOHOL: Holiday — 2026-02-16
China,2026-02-16,6454248,INTDAILY,"C85, C86, C87",Coal Production and Inventory Transfer,UPDATE_NOTE,DRY_RUN,,AUTOHOL: Holiday — 2026-02-16
China,2026-02-16,6454251,INTDAILY,M18,Beijing Stock Exchange,UPDATE_NOTE,DRY_RUN,,AUTOHOL: Holiday — 2026-02-16
China,2026-02-16,6454255,INTDAILY,U74,Thermal Coal Futures,UPDATE_NOTE,DRY_RUN,,AUTOHOL: Holiday — 2026-02-16
China,2026-02-16,6454256,CMDTY,M51,Thermal Coal Futures Comp,UPDATE_NOTE,DRY_RUN,,AUTOHOL: Holiday — 2026-02-16
China,2026-02-16,6454257,INTDAILY,I71,Treasury Yields and Medium Term Notes,UPDATE_NOTE,DRY_RUN,,AUTOHOL: Holiday — 2026-02-16
China,2026-02-16,6454260,INTDAILY,G94,"Treasury Yields, Short Term Notes, Repo Rates",UPDATE_NOTE,DRY_RUN,,AUTOHOL: Holiday — 2026-02-16
China,2026-02-16,6454271,INTDAILY,U60,Pledged Repo,UPDATE_NOTE,DRY_RUN,,AUTOHOL: Holiday — 2026-02-16
China,2026-02-16,6454272,INTDAILY,P33,Wholesale Agricultural Prices,UPDATE_NOTE,DRY_RUN,,AUTOHOL: Holiday — 2026-02-16
China,2026-02-16,6454273,CMDTY,P41,Wholesale Agricultural Prices CMP,UPDATE_NOTE,DRY_RUN,,AUTOHOL: Holiday — 2026-02-16
China,2026-02-16,6454279,INTDAILY,"U17, U18, U19",Alipay Tianhong Yue Bao Fund,UPDATE_NOTE,DRY_RUN,,AUTOHOL: Holiday — 2026-02-16
China,2026-02-16,6454280,INTDAILY,M24,Parity Rates CFETS,UPDATE_NOTE,DRY_RUN,,AUTOHOL: Holiday — 2026-02-16
China,2026-02-16,6454281,INTDAILY,U49,Shenzhen Stock Connect,UPDATE_NOTE,DRY_RUN,,AUTOHOL: Holiday — 2026-02-16
China,2026-02-16,6454282,INTDAILY,U59,Shanghai Stock Connect,UPDATE_NOTE,DRY_RUN,,AUTOHOL: Holiday — 2026-02-16
China,2026-02-16,6454283,INTDAILY,U40,Shanghai Stock Exchange Trading Statistics,UPDATE_NOTE,DRY_RUN,,AUTOHOL: Holiday — 2026-02-16
China,2026-02-16,6454284,INTDAILY,S57,Shenzhen Stock Market Indicators,UPDATE_NOTE,DRY_RUN,,AUTOHOL: Holiday — 2026-02-16
China,2026-02-16,6454303,INTDAILY,Various,BACKUP China CFETS to K,UPDATE_NOTE,DRY_RUN,,AUTOHOL: Holiday — 2026-02-16
China,2026-02-16,6454342,INTDAILY,D40,Central Bank Bill Yields,UPDATE_NOTE,DRY_RUN,,AUTOHOL: Holiday — 2026-02-16
China,2026-02-16,6454354,INTDAILY,D45,Corporate Bond Yields,UPDATE_NOTE,DRY_RUN,,AUTOHOL: Holiday — 2026-02-16
China,2026-02-16,6454367,INTDAILY,D48,NCDs,UPDATE_NOTE,DRY_RUN,,AUTOHOL: Holiday — 2026-02-16
China,2026-02-16,6454378,INTDAILY,D54,Government-sponsored Agency Bonds,UPDATE_NOTE,DRY_RUN,,AUTOHOL: Holiday — 2026-02-16
China,2026-02-16,6454381,INTDAILY,D57,Policy Bank Bonds by Rating,UPDATE_NOTE,DRY_RUN,,AUTOHOL: Holiday — 2026-02-16
China,2026-02-16,6454382,INTDAILY,D60,Corporate Bonds by Rating,UPDATE_NOTE,DRY_RUN,,AUTOHOL: Holiday — 2026-02-16
China,2026-02-16,6454385,INTDAILY,D63,Medium Term Notes by Rating,UPDATE_NOTE,DRY_RUN,,AUTOHOL: Holiday — 2026-02-16
China,2026-02-16,6454392,INTDAILY,D66,Local Government Bonds by Rating,UPDATE_NOTE,DRY_RUN,,AUTOHOL: Holiday — 2026-02-16
China,2026-02-16,6454398,INTDAILY,D69,Financial Bonds of Commercial Banks by Rating,UPDATE_NOTE,DRY_RUN,,AUTOHOL: Holiday — 2026-02-16
China,2026-02-16,6454407,INTDAILY,D72,Secondary Capital Bond of Commercial Banks,UPDATE_NOTE,DRY_RUN,,AUTOHOL: Holiday — 2026-02-16
China,2026-02-16,6454413,ENERGY,K52,Oil Commodity Prices Update,UPDATE_NOTE,DRY_RUN,,AUTOHOL: Holiday — 2026-02-16
China,2026-02-16,6454414,INTDAILY,P69,Oil Commodity Prices INTDAILY TRANSFER,UPDATE_NOTE,DRY_RUN,,AUTOHOL: Holiday — 2026-02-16
China,2026-02-16,6454419,INTDAILY,D75,Asset-Backed Securities by Rating,UPDATE_NOTE,DRY_RUN,,AUTOHOL: Holiday — 2026-02-16
China,2026-02-16,6454422,INTDAILY,D78,Commercial Paper of Securities Company by Rating,UPDATE_NOTE,DRY_RUN,,AUTOHOL: Holiday — 2026-02-16
China,2026-02-16,6454423,CNSECTOR,"U05, U06, U07",Baidu Congestion Index,UPDATE_NOTE,DRY_RUN,,AUTOHOL: Holiday — 2026-02-16
China,2026-02-16,6454424,CNSECTOR,"T96, T97, T98, U02, U03, U04",Subway Passenger Volume for Selected Transit Agencies CNSECTOR,UPDATE_NOTE,DRY_RUN,,AUTOHOL: Holiday — 2026-02-16
China,2026-02-16,6454425,CNSECTOR,"C85, C86, C87",Coal Production and Inventory,UPDATE_NOTE,DRY_RUN,,AUTOHOL: Holiday — 2026-02-16
China,2026-02-16,6454438,TRANSPRT,"U59, U66, U67",Baidu Migration Scale Index,UPDATE_NOTE,DRY_RUN,,AUTOHOL: Holiday — 2026-02-16
China,2026-02-16,6454439,CNSECTOR,"U59, U66, U67",Baidu Migration Scale Index Comp,UPDATE_NOTE,DRY_RUN,,AUTOHOL: Holiday — 2026-02-16
China,2026-02-16,6454486,CHINAR,D95,Air Quality Index [Province] Eviews,UPDATE_NOTE,DRY_RUN,,AUTOHOL: Holiday — 2026-02-16
China,2026-02-16,6454487,INTDAILY,V42,Air Quality Index COMP to INTDAILY,UPDATE_NOTE,DRY_RUN,,AUTOHOL: Holiday — 2026-02-16
China,2026-02-16,6454522,CHINAR,C97,Air Quality Index,UPDATE_NOTE,DRY_RUN,,AUTOHOL: Holiday — 2026-02-16
China,2026-02-16,6454529,INTDAILY,D84,Private Placement Notes (PPN),UPDATE_NOTE,DRY_RUN,,AUTOHOL: Holiday — 2026-02-16
China,2026-02-16,6454531,CMDTY,M59,SHFE Volume & Positions,UPDATE_NOTE,DRY_RUN,,AUTOHOL: Holiday — 2026-02-16
China,2026-02-16,6454539,INTDAILY,N17,Shenzhen Stock Exchange Securities,UPDATE_NOTE,DRY_RUN,,AUTOHOL: Holiday — 2026-02-16
China,2026-02-16,6454540,INTDAILY,S83,SSE Margin Statistics - Part 1,UPDATE_NOTE,DRY_RUN,,AUTOHOL: Holiday — 2026-02-16
China,2026-02-16,6454560,TRANSPRT,"T62, T63, T72",Yangtze Water Level - AM Comp,UPDATE_NOTE,DRY_RUN,,AUTOHOL: Holiday — 2026-02-16
China,2026-02-16,6454561,GLSECTOR,"V61, V62, V63",Yangtze Water Level - PM,UPDATE_NOTE,DRY_RUN,,AUTOHOL: Holiday — 2026-02-16
China,2026-02-16,6454562,INTDAILY,K83,SSE Margin Statistics - Part 2,UPDATE_NOTE,DRY_RUN,,AUTOHOL: Holiday — 2026-02-16
China,2026-02-16,6454563,TRANSPRT,"W66, W67, W68",Yangtze Water Level - PM Comp,UPDATE_NOTE,DRY_RUN,,AUTOHOL: Holiday — 2026-02-16
China,2026-02-16,6454564,GLSECTOR,"V67, V68, V69",Yangtze Water Level - AM,UPDATE_NOTE,DRY_RUN,,AUTOHOL: Holiday — 2026-02-16
China,2026-02-16,6454573,INTDAILY,"D91, D92, D93",Forward Rates,UPDATE_NOTE,DRY_RUN,,AUTOHOL: Holiday — 2026-02-16
China,2026-02-16,6454575,INTDAILY,D95,Reference Exchange Rate,UPDATE_NOTE,DRY_RUN,,AUTOHOL: Holiday — 2026-02-16
China,2026-02-16,6454629,TRANSPRT,C83,Selected Weekly Transportation Indicators,UPDATE_NOTE,DRY_RUN,,AUTOHOL: Holiday — 2026-02-16
China,2026-02-16,6454714,INTDAILY,Various,CFETS Daily Bulletin Backup,UPDATE_NOTE,DRY_RUN,,AUTOHOL: Holiday — 2026-02-16
China,2026-02-16,6454723,INTDAILY,"K59, K76, K77",Interest Rate Swap,UPDATE_NOTE,DRY_RUN,,AUTOHOL: Holiday — 2026-02-16
China,2026-02-16,6454731,CMDTY,L55,Shanghai Gold Exchange Benchmark,UPDATE_NOTE,DRY_RUN,,AUTOHOL: Holiday — 2026-02-16
China,2026-02-16,6454764,INTDAILY,K97,Margin Trading Transaction,UPDATE_NOTE,DRY_RUN,,AUTOHOL: Holiday — 2026-02-16
China,2026-02-16,6454765,INTWKLY,K97,Margin Trading Transaction AGG,UPDATE_NOTE,DRY_RUN,,AUTOHOL: Holiday — 2026-02-16
China,2026-02-16,6454783,CMDTY,M30,Shanghai Metals Market Prices,UPDATE_NOTE,DRY_RUN,,AUTOHOL: Holiday — 2026-02-16
China,2026-02-17,6468031,CHINA,Various,INDIA/CHINA QA Feedback,UPDATE_NOTE,DRY_RUN,,AUTOHOL: Holiday — 2026-02-17
China,2026-02-17,6468032,INTDAILY,R79,Exchange Rates,UPDATE_NOTE,DRY_RUN,,AUTOHOL: Holiday — 2026-02-17
China,2026-02-17,6468033,INTDAILY,S94,Shenzhen Stock --,UPDATE_NOTE,DRY_RUN,,AUTOHOL: Holiday — 2026-02-17
China,2026-02-17,6468034,CHINA,Various groups,China CEIC,UPDATE_NOTE,DRY_RUN,,AUTOHOL: Holiday — 2026-02-17
China,2026-02-17,6468035,INTDAILY,S99,PBC: Open Market Operations,UPDATE_NOTE,DRY_RUN,,AUTOHOL: Holiday — 2026-02-17
China,2026-02-17,6468174,INTDAILY,J02,Shibor,UPDATE_NOTE,DRY_RUN,,AUTOHOL: Holiday — 2026-02-17
China,2026-02-17,6468175,INTDAILY,V59,Asian Stock Market -China Stock Indexes,UPDATE_NOTE,DRY_RUN,,AUTOHOL: Holiday — 2026-02-17
China,2026-02-17,6468274,INTDAILY,"J29, S93",Shanghai Stock Exchange Indices,UPDATE_NOTE,DRY_RUN,,AUTOHOL: Holiday — 2026-02-17
China,2026-02-17,6468311,INTDAILY,P68,Wholesale Price Index,UPDATE_NOTE,DRY_RUN,,AUTOHOL: Holiday — 2026-02-17
China,2026-02-17,6468440,CMDTY,L75,Shanghai Gold Exchange Prices,UPDATE_NOTE,DRY_RUN,,AUTOHOL: Holiday — 2026-02-17
China,2026-02-17,6468489,CHINA,Various groups,China CEIC Check,UPDATE_NOTE,DRY_RUN,,AUTOHOL: Holiday — 2026-02-17
China,2026-02-17,6468529,INTDAILY,V90,Margin Transactions,UPDATE_NOTE,DRY_RUN,,AUTOHOL: Holiday — 2026-02-17
China,2026-02-17,6468563,INTDAILY,S99,PBC: OMO Zero,UPDATE_NOTE,DRY_RUN,,AUTOHOL: Holiday — 2026-02-17
China,2026-02-17,6468564,INTDAILY,V96,PBC: OMO Calculation,UPDATE_NOTE,DRY_RUN,,AUTOHOL: Holiday — 2026-02-17
China,2026-02-17,6468576,INTDAILY,V98,PBC: SLO,UPDATE_NOTE,DRY_RUN,,AUTOHOL: Holiday — 2026-02-17
China,2026-02-17,6468592,CMDTY,L39,SHFE,UPDATE_NOTE,DRY_RUN,,AUTOHOL: Holiday — 2026-02-17
China,2026-02-17,6468606,EMERGEPR,Various,CHINA to EMERGEPR Compare,UPDATE_NOTE,DRY_RUN,,AUTOHOL: Holiday — 2026-02-17
China,2026-02-17,6468680,INTDAILY,W81,SH/SZ HK Connect,UPDATE_NOTE,DRY_RUN,,AUTOHOL: Holiday — 2026-02-17
China,2026-02-17,6468686,INTWKLY,T66,China Agricultural Food Prices,UPDATE_NOTE,DRY_RUN,,AUTOHOL: Holiday — 2026-02-17
China,2026-02-17,6468733,INTDAILY,X11,PBC: Cash Management Operations,UPDATE_NOTE,DRY_RUN,,AUTOHOL: Holiday — 2026-02-17
China,2026-02-17,6468739,INTDAILY,S99/X95,PBoC Operations/HK CMU CHECK,UPDATE_NOTE,DRY_RUN,,AUTOHOL: Holiday — 2026-02-17
China,2026-02-17,6468742,INTDAILY,P24,Pork Price Index,UPDATE_NOTE,DRY_RUN,,AUTOHOL: Holiday — 2026-02-17
China,2026-02-17,6468744,CMDTY,L77,Pork Price Index cmp,UPDATE_NOTE,DRY_RUN,,AUTOHOL: Holiday — 2026-02-17
China,2026-02-17,6468803,FMRCOIND,F21,OMO China Net Injection,UPDATE_NOTE,DRY_RUN,,AUTOHOL: Holiday — 2026-02-17
China,2026-02-17,6468809,CHINA,Various,China CEIC,UPDATE_NOTE,DRY_RUN,,AUTOHOL: Holiday — 2026-02-17
China,2026-02-17,6468848,INTDAILY,S35,Shanghai Stock Pledge Repo,UPDATE_NOTE,DRY_RUN,,AUTOHOL: Holiday — 2026-02-17
China,2026-02-17,6468853,INTDAILY,S52,Shenzhen Stock Pledge Repurchases,UPDATE_NOTE,DRY_RUN,,AUTOHOL: Holiday — 2026-02-17
China,2026-02-17,6468859,INTDAILY,T84,PBC: Targeted Term Lending Facility [TMLF],UPDATE_NOTE,DRY_RUN,,AUTOHOL: Holiday — 2026-02-17
China,2026-02-17,6468890,INTDAILY,V08,PBC: OMO: [CBS] Swaps,UPDATE_NOTE,DRY_RUN,,AUTOHOL: Holiday — 2026-02-17
China,2026-02-17,6468974,INTDAILY,V67,Bond Issuance,UPDATE_NOTE,DRY_RUN,,AUTOHOL: Holiday — 2026-02-17
China,2026-02-17,6468995,TRANSPRT,"T96, T97, T98",Subway Passenger Volume for Selected Transit Agencies,UPDATE_NOTE,DRY_RUN,,AUTOHOL: Holiday — 2026-02-17
China,2026-02-17,6468999,TRANSPRT,"U02, U03, U04",Subway Passenger Volume for Selected Transit Agencies - Eviews,UPDATE_NOTE,DRY_RUN,,AUTOHOL: Holiday — 2026-02-17
China,2026-02-17,6469031,INTDAILY,G74,China Government Bonds,UPDATE_NOTE,DRY_RUN,,AUTOHOL: Holiday — 2026-02-17
China,2026-02-17,6469109,TRANSPRT,"B12, B13, B14",China Subway Volume,UPDATE_NOTE,DRY_RUN,,AUTOHOL: Holiday — 2026-02-17
China,2026-02-17,6469110,TRANSPRT,"U05, U06, U07",Baidu Congestion Index,UPDATE_NOTE,DRY_RUN,,AUTOHOL: Holiday — 2026-02-17
China,2026-02-17,6469119,GLSECTOR,"F65, F66, F67",Maoyan Box,UPDATE_NOTE,DRY_RUN,,AUTOHOL: Holiday — 2026-02-17
China,2026-02-17,6469121,CNSECTOR,"I65,I66,I67",Maoyan Box CMP to CNSECTOR,UPDATE_NOTE,DRY_RUN,,AUTOHOL: Holiday — 2026-02-17
China,2026-02-17,6469155,INTDAILY,T86,Repeating Term Lending Facility,UPDATE_NOTE,DRY_RUN,,AUTOHOL: Holiday — 2026-02-17
China,2026-02-17,6469156,CHINA,Various groups,China CEIC Check,UPDATE_NOTE,DRY_RUN,,AUTOHOL: Holiday — 2026-02-17
China,2026-02-17,6469159,INTDAILY,F82,Interbank Repo Rates,UPDATE_NOTE,DRY_RUN,,AUTOHOL: Holiday — 2026-02-17
China,2026-02-17,6469167,ENERGY,"O85, C50, C51",Coal Production and Inventory,UPDATE_NOTE,DRY_RUN,,AUTOHOL: Holiday — 2026-02-17
China,2026-02-17,6469168,INTDAILY,"C85, C86, C87",Coal Production and Inventory Transfer,UPDATE_NOTE,DRY_RUN,,AUTOHOL: Holiday — 2026-02-17
China,2026-02-17,6469173,INTDAILY,M18,Beijing Stock Exchange,UPDATE_NOTE,DRY_RUN,,AUTOHOL: Holiday — 2026-02-17
China,2026-02-17,6469176,INTDAILY,U74,Thermal Coal Futures,UPDATE_NOTE,DRY_RUN,,AUTOHOL: Holiday — 2026-02-17
China,2026-02-17,6469177,CMDTY,M51,Thermal Coal Futures Comp,UPDATE_NOTE,DRY_RUN,,AUTOHOL: Holiday — 2026-02-17
China,2026-02-17,6469178,INTDAILY,I71,Treasury Yields and Medium Term Notes,UPDATE_NOTE,DRY_RUN,,AUTOHOL: Holiday — 2026-02-17
China,2026-02-17,6469181,INTDAILY,G94,"Treasury Yields, Short Term Notes, Repo Rates",UPDATE_NOTE,DRY_RUN,,AUTOHOL: Holiday — 2026-02-17
China,2026-02-17,6469189,INTDAILY,U60,Pledged Repo,UPDATE_NOTE,DRY_RUN,,AUTOHOL: Holiday — 2026-02-17
China,2026-02-17,6469190,INTDAILY,P33,Wholesale Agricultural Prices,UPDATE_NOTE,DRY_RUN,,AUTOHOL: Holiday — 2026-02-17
China,2026-02-17,6469191,CMDTY,P41,Wholesale Agricultural Prices CMP,UPDATE_NOTE,DRY_RUN,,AUTOHOL: Holiday — 2026-02-17
China,2026-02-17,6469197,INTDAILY,"U17, U18, U19",Alipay Tianhong Yue Bao Fund,UPDATE_NOTE,DRY_RUN,,AUTOHOL: Holiday — 2026-02-17
China,2026-02-17,6469198,INTDAILY,M24,Parity Rates CFETS,UPDATE_NOTE,DRY_RUN,,AUTOHOL: Holiday — 2026-02-17
China,2026-02-17,6469199,INTDAILY,U49,Shenzhen Stock Connect,UPDATE_NOTE,DRY_RUN,,AUTOHOL: Holiday — 2026-02-17
China,2026-02-17,6469200,INTDAILY,U59,Shanghai Stock Connect,UPDATE_NOTE,DRY_RUN,,AUTOHOL: Holiday — 2026-02-17
China,2026-02-17,6469201,INTDAILY,U40,Shanghai Stock Exchange Trading Statistics,UPDATE_NOTE,DRY_RUN,,AUTOHOL: Holiday — 2026-02-17
China,2026-02-17,6469202,INTDAILY,S57,Shenzhen Stock Market Indicators,UPDATE_NOTE,DRY_RUN,,AUTOHOL: Holiday — 2026-02-17
China,2026-02-17,6469222,INTDAILY,Various,BACKUP China CFETS to K,UPDATE_NOTE,DRY_RUN,,AUTOHOL: Holiday — 2026-02-17
China,2026-02-17,6469253,INTDAILY,D40,Central Bank Bill Yields,UPDATE_NOTE,DRY_RUN,,AUTOHOL: Holiday — 2026-02-17
China,2026-02-17,6469262,INTDAILY,D45,Corporate Bond Yields,UPDATE_NOTE,DRY_RUN,,AUTOHOL: Holiday — 2026-02-17
China,2026-02-17,6469274,INTDAILY,D48,NCDs,UPDATE_NOTE,DRY_RUN,,AUTOHOL: Holiday — 2026-02-17
China,2026-02-17,6469284,INTDAILY,D54,Government-sponsored Agency Bonds,UPDATE_NOTE,DRY_RUN,,AUTOHOL: Holiday — 2026-02-17
China,2026-02-17,6469287,INTDAILY,D57,Policy Bank Bonds by Rating,UPDATE_NOTE,DRY_RUN,,AUTOHOL: Holiday — 2026-02-17
China,2026-02-17,6469288,INTDAILY,D60,Corporate Bonds by Rating,UPDATE_NOTE,DRY_RUN,,AUTOHOL: Holiday — 2026-02-17
China,2026-02-17,6469292,INTDAILY,D63,Medium Term Notes by Rating,UPDATE_NOTE,DRY_RUN,,AUTOHOL: Holiday — 2026-02-17
China,2026-02-17,6469299,INTDAILY,D66,Local Government Bonds by Rating,UPDATE_NOTE,DRY_RUN,,AUTOHOL: Holiday — 2026-02-17
China,2026-02-17,6469304,INTWKLY,K85,Coal Production and Inventory Agg,UPDATE_NOTE,DRY_RUN,,AUTOHOL: Holiday — 2026-02-17
China,2026-02-17,6469308,INTDAILY,D69,Financial Bonds of Commercial Banks by Rating,UPDATE_NOTE,DRY_RUN,,AUTOHOL: Holiday — 2026-02-17
China,2026-02-17,6469321,INTDAILY,D72,Secondary Capital Bond of Commercial Banks,UPDATE_NOTE,DRY_RUN,,AUTOHOL: Holiday — 2026-02-17
China,2026-02-17,6469325,ENERGY,K52,Oil Commodity Prices Update,UPDATE_NOTE,DRY_RUN,,AUTOHOL: Holiday — 2026-02-17
China,2026-02-17,6469326,INTDAILY,P69,Oil Commodity Prices INTDAILY TRANSFER,UPDATE_NOTE,DRY_RUN,,AUTOHOL: Holiday — 2026-02-17
China,2026-02-17,6469331,INTDAILY,D75,Asset-Backed Securities by Rating,UPDATE_NOTE,DRY_RUN,,AUTOHOL: Holiday — 2026-02-17
China,2026-02-17,6469333,INTDAILY,D78,Commercial Paper of Securities Company by Rating,UPDATE_NOTE,DRY_RUN,,AUTOHOL: Holiday — 2026-02-17
China,2026-02-17,6469334,CNSECTOR,"U05, U06, U07",Baidu Congestion Index,UPDATE_NOTE,DRY_RUN,,AUTOHOL: Holiday — 2026-02-17
China,2026-02-17,6469335,CNSECTOR,"T96, T97, T98, U02, U03, U04",Subway Passenger Volume for Selected Transit Agencies CNSECTOR,UPDATE_NOTE,DRY_RUN,,AUTOHOL: Holiday — 2026-02-17
China,2026-02-17,6469336,CNSECTOR,"C85, C86, C87",Coal Production and Inventory,UPDATE_NOTE,DRY_RUN,,AUTOHOL: Holiday — 2026-02-17
China,2026-02-17,6469346,TRANSPRT,"U59, U66, U67",Baidu Migration Scale Index,UPDATE_NOTE,DRY_RUN,,AUTOHOL: Holiday — 2026-02-17
China,2026-02-17,6469347,CNSECTOR,"U59, U66, U67",Baidu Migration Scale Index Comp,UPDATE_NOTE,DRY_RUN,,AUTOHOL: Holiday — 2026-02-17
China,2026-02-17,6469400,CHINAR,D95,Air Quality Index [Province] Eviews,UPDATE_NOTE,DRY_RUN,,AUTOHOL: Holiday — 2026-02-17
China,2026-02-17,6469401,INTDAILY,V42,Air Quality Index COMP to INTDAILY,UPDATE_NOTE,DRY_RUN,,AUTOHOL: Holiday — 2026-02-17
China,2026-02-17,6469428,CHINAR,C97,Air Quality Index,UPDATE_NOTE,DRY_RUN,,AUTOHOL: Holiday — 2026-02-17
China,2026-02-17,6469435,INTDAILY,D84,Private Placement Notes (PPN),UPDATE_NOTE,DRY_RUN,,AUTOHOL: Holiday — 2026-02-17
China,2026-02-17,6469438,CMDTY,M59,SHFE Volume & Positions,UPDATE_NOTE,DRY_RUN,,AUTOHOL: Holiday — 2026-02-17
China,2026-02-17,6469446,INTDAILY,N17,Shenzhen Stock Exchange Securities,UPDATE_NOTE,DRY_RUN,,AUTOHOL: Holiday — 2026-02-17
China,2026-02-17,6469447,INTDAILY,S83,SSE Margin Statistics - Part 1,UPDATE_NOTE,DRY_RUN,,AUTOHOL: Holiday — 2026-02-17
China,2026-02-17,6469465,TRANSPRT,"T62, T63, T72",Yangtze Water Level - AM Comp,UPDATE_NOTE,DRY_RUN,,AUTOHOL: Holiday — 2026-02-17
China,2026-02-17,6469466,GLSECTOR,"V61, V62, V63",Yangtze Water Level - PM,UPDATE_NOTE,DRY_RUN,,AUTOHOL: Holiday — 2026-02-17
China,2026-02-17,6469467,INTDAILY,K83,SSE Margin Statistics - Part 2,UPDATE_NOTE,DRY_RUN,,AUTOHOL: Holiday — 2026-02-17
China,2026-02-17,6469468,TRANSPRT,"W66, W67, W68",Yangtze Water Level - PM Comp,UPDATE_NOTE,DRY_RUN,,AUTOHOL: Holiday — 2026-02-17
China,2026-02-17,6469469,GLSECTOR,"V67, V68, V69",Yangtze Water Level - AM,UPDATE_NOTE,DRY_RUN,,AUTOHOL: Holiday — 2026-02-17
China,2026-02-17,6469479,INTDAILY,"D91, D92, D93",Forward Rates,UPDATE_NOTE,DRY_RUN,,AUTOHOL: Holiday — 2026-02-17
China,2026-02-17,6469481,INTDAILY,D95,Reference Exchange Rate,UPDATE_NOTE,DRY_RUN,,AUTOHOL: Holiday — 2026-02-17
China,2026-02-17,6469508,INTWKLY,T12,China Agricultural Food Prices PRESS,UPDATE_NOTE,DRY_RUN,,AUTOHOL: Holiday — 2026-02-17
China,2026-02-17,6469619,INTDAILY,Various,CFETS Daily Bulletin Backup,UPDATE_NOTE,DRY_RUN,,AUTOHOL: Holiday — 2026-02-17
China,2026-02-17,6469625,INTDAILY,"K59, K76, K77",Interest Rate Swap,UPDATE_NOTE,DRY_RUN,,AUTOHOL: Holiday — 2026-02-17
China,2026-02-17,6469632,CMDTY,L55,Shanghai Gold Exchange Benchmark,UPDATE_NOTE,DRY_RUN,,AUTOHOL: Holiday — 2026-02-17
China,2026-02-17,6469664,INTDAILY,K97,Margin Trading Transaction,UPDATE_NOTE,DRY_RUN,,AUTOHOL: Holiday — 2026-02-17
China,2026-02-17,6469679,CMDTY,M30,Shanghai Metals Market Prices,UPDATE_NOTE,DRY_RUN,,AUTOHOL: Holiday — 2026-02-17
China,2026-02-18,6466305,CHINA,Various,INDIA/CHINA QA Feedback,UPDATE_NOTE,DRY_RUN,,AUTOHOL: Holiday — 2026-02-18
China,2026-02-18,6466306,INTDAILY,R79,Exchange Rates,UPDATE_NOTE,DRY_RUN,,AUTOHOL: Holiday — 2026-02-18
China,2026-02-18,6466307,INTDAILY,S94,Shenzhen Stock --,UPDATE_NOTE,DRY_RUN,,AUTOHOL: Holiday — 2026-02-18
China,2026-02-18,6466308,CHINA,Various groups,China CEIC,UPDATE_NOTE,DRY_RUN,,AUTOHOL: Holiday — 2026-02-18
China,2026-02-18,6466309,INTDAILY,S99,PBC: Open Market Operations,UPDATE_NOTE,DRY_RUN,,AUTOHOL: Holiday — 2026-02-18
China,2026-02-18,6466446,INTDAILY,J02,Shibor,UPDATE_NOTE,DRY_RUN,,AUTOHOL: Holiday — 2026-02-18
China,2026-02-18,6466447,INTDAILY,V59,Asian Stock Market -China Stock Indexes,UPDATE_NOTE,DRY_RUN,,AUTOHOL: Holiday — 2026-02-18
China,2026-02-18,6466549,INTDAILY,"J29, S93",Shanghai Stock Exchange Indices,UPDATE_NOTE,DRY_RUN,,AUTOHOL: Holiday — 2026-02-18
China,2026-02-18,6466586,INTDAILY,P68,Wholesale Price Index,UPDATE_NOTE,DRY_RUN,,AUTOHOL: Holiday — 2026-02-18
China,2026-02-18,6466719,CMDTY,L75,Shanghai Gold Exchange Prices,UPDATE_NOTE,DRY_RUN,,AUTOHOL: Holiday — 2026-02-18
China,2026-02-18,6466771,CHINA,Various groups,China CEIC Check,UPDATE_NOTE,DRY_RUN,,AUTOHOL: Holiday — 2026-02-18
China,2026-02-18,6466811,INTDAILY,V90,Margin Transactions,UPDATE_NOTE,DRY_RUN,,AUTOHOL: Holiday — 2026-02-18
China,2026-02-18,6466841,INTDAILY,S99,PBC: OMO Zero,UPDATE_NOTE,DRY_RUN,,AUTOHOL: Holiday — 2026-02-18
China,2026-02-18,6466842,INTDAILY,V96,PBC: OMO Calculation,UPDATE_NOTE,DRY_RUN,,AUTOHOL: Holiday — 2026-02-18
China,2026-02-18,6466853,INTDAILY,V98,PBC: SLO,UPDATE_NOTE,DRY_RUN,,AUTOHOL: Holiday — 2026-02-18
China,2026-02-18,6466868,CMDTY,L39,SHFE,UPDATE_NOTE,DRY_RUN,,AUTOHOL: Holiday — 2026-02-18
China,2026-02-18,6466882,EMERGEPR,Various,CHINA to EMERGEPR Compare,UPDATE_NOTE,DRY_RUN,,AUTOHOL: Holiday — 2026-02-18
China,2026-02-18,6466955,INTDAILY,W81,SH/SZ HK Connect,UPDATE_NOTE,DRY_RUN,,AUTOHOL: Holiday — 2026-02-18
China,2026-02-18,6467009,INTDAILY,X11,PBC: Cash Management Operations,UPDATE_NOTE,DRY_RUN,,AUTOHOL: Holiday — 2026-02-18
China,2026-02-18,6467016,INTDAILY,S99/X95,PBoC Operations/HK CMU CHECK,UPDATE_NOTE,DRY_RUN,,AUTOHOL: Holiday — 2026-02-18
China,2026-02-18,6467020,INTDAILY,P24,Pork Price Index,UPDATE_NOTE,DRY_RUN,,AUTOHOL: Holiday — 2026-02-18
China,2026-02-18,6467023,CMDTY,L77,Pork Price Index cmp,UPDATE_NOTE,DRY_RUN,,AUTOHOL: Holiday — 2026-02-18
China,2026-02-18,6467082,FMRCOIND,F21,OMO China Net Injection,UPDATE_NOTE,DRY_RUN,,AUTOHOL: Holiday — 2026-02-18
China,2026-02-18,6467088,CHINA,Various,China CEIC,UPDATE_NOTE,DRY_RUN,,AUTOHOL: Holiday — 2026-02-18
China,2026-02-18,6467126,INTDAILY,S35,Shanghai Stock Pledge Repo,UPDATE_NOTE,DRY_RUN,,AUTOHOL: Holiday — 2026-02-18
China,2026-02-18,6467131,INTDAILY,S52,Shenzhen Stock Pledge Repurchases,UPDATE_NOTE,DRY_RUN,,AUTOHOL: Holiday — 2026-02-18
China,2026-02-18,6467138,INTDAILY,T84,PBC: Targeted Term Lending Facility [TMLF],UPDATE_NOTE,DRY_RUN,,AUTOHOL: Holiday — 2026-02-18
China,2026-02-18,6467174,INTDAILY,V08,PBC: OMO: [CBS] Swaps,UPDATE_NOTE,DRY_RUN,,AUTOHOL: Holiday — 2026-02-18
China,2026-02-18,6467225,ENERGY,O06,Import Price of LNG,UPDATE_NOTE,DRY_RUN,,AUTOHOL: Holiday — 2026-02-18
China,2026-02-18,6467260,INTDAILY,V67,Bond Issuance,UPDATE_NOTE,DRY_RUN,,AUTOHOL: Holiday — 2026-02-18
China,2026-02-18,6467280,TRANSPRT,"T96, T97, T98",Subway Passenger Volume for Selected Transit Agencies,UPDATE_NOTE,DRY_RUN,,AUTOHOL: Holiday — 2026-02-18
China,2026-02-18,6467287,TRANSPRT,"U02, U03, U04",Subway Passenger Volume for Selected Transit Agencies - Eviews,UPDATE_NOTE,DRY_RUN,,AUTOHOL: Holiday — 2026-02-18
China,2026-02-18,6467318,INTDAILY,G74,China Government Bonds,UPDATE_NOTE,DRY_RUN,,AUTOHOL: Holiday — 2026-02-18
China,2026-02-18,6467398,TRANSPRT,"B12, B13, B14",China Subway Volume,UPDATE_NOTE,DRY_RUN,,AUTOHOL: Holiday — 2026-02-18
China,2026-02-18,6467399,TRANSPRT,"U05, U06, U07",Baidu Congestion Index,UPDATE_NOTE,DRY_RUN,,AUTOHOL: Holiday — 2026-02-18
China,2026-02-18,6467410,GLSECTOR,"F65, F66, F67",Maoyan Box,UPDATE_NOTE,DRY_RUN,,AUTOHOL: Holiday — 2026-02-18
China,2026-02-18,6467412,CNSECTOR,"I65,I66,I67",Maoyan Box CMP to CNSECTOR,UPDATE_NOTE,DRY_RUN,,AUTOHOL: Holiday — 2026-02-18
China,2026-02-18,6467457,INTDAILY,T86,Repeating Term Lending Facility,UPDATE_NOTE,DRY_RUN,,AUTOHOL: Holiday — 2026-02-18
China,2026-02-18,6467458,CHINA,Various groups,China CEIC Check,UPDATE_NOTE,DRY_RUN,,AUTOHOL: Holiday — 2026-02-18
China,2026-02-18,6467461,INTDAILY,F82,Interbank Repo Rates,UPDATE_NOTE,DRY_RUN,,AUTOHOL: Holiday — 2026-02-18
China,2026-02-18,6467470,ENERGY,"O85, C50, C51",Coal Production and Inventory,UPDATE_NOTE,DRY_RUN,,AUTOHOL: Holiday — 2026-02-18
China,2026-02-18,6467471,INTDAILY,"C85, C86, C87",Coal Production and Inventory Transfer,UPDATE_NOTE,DRY_RUN,,AUTOHOL: Holiday — 2026-02-18
China,2026-02-18,6467474,INTDAILY,M18,Beijing Stock Exchange,UPDATE_NOTE,DRY_RUN,,AUTOHOL: Holiday — 2026-02-18
China,2026-02-18,6467476,INTDAILY,U74,Thermal Coal Futures,UPDATE_NOTE,DRY_RUN,,AUTOHOL: Holiday — 2026-02-18
China,2026-02-18,6467477,CMDTY,M51,Thermal Coal Futures Comp,UPDATE_NOTE,DRY_RUN,,AUTOHOL: Holiday — 2026-02-18
China,2026-02-18,6467478,INTDAILY,I71,Treasury Yields and Medium Term Notes,UPDATE_NOTE,DRY_RUN,,AUTOHOL: Holiday — 2026-02-18
China,2026-02-18,6467481,INTDAILY,G94,"Treasury Yields, Short Term Notes, Repo Rates",UPDATE_NOTE,DRY_RUN,,AUTOHOL: Holiday — 2026-02-18
China,2026-02-18,6467489,INTDAILY,U60,Pledged Repo,UPDATE_NOTE,DRY_RUN,,AUTOHOL: Holiday — 2026-02-18
China,2026-02-18,6467491,INTDAILY,P33,Wholesale Agricultural Prices,UPDATE_NOTE,DRY_RUN,,AUTOHOL: Holiday — 2026-02-18
China,2026-02-18,6467492,CMDTY,P41,Wholesale Agricultural Prices CMP,UPDATE_NOTE,DRY_RUN,,AUTOHOL: Holiday — 2026-02-18
China,2026-02-18,6467498,INTDAILY,"U17, U18, U19",Alipay Tianhong Yue Bao Fund,UPDATE_NOTE,DRY_RUN,,AUTOHOL: Holiday — 2026-02-18
China,2026-02-18,6467499,INTDAILY,M24,Parity Rates CFETS,UPDATE_NOTE,DRY_RUN,,AUTOHOL: Holiday — 2026-02-18
China,2026-02-18,6467500,INTDAILY,U49,Shenzhen Stock Connect,UPDATE_NOTE,DRY_RUN,,AUTOHOL: Holiday — 2026-02-18
China,2026-02-18,6467501,INTDAILY,U59,Shanghai Stock Connect,UPDATE_NOTE,DRY_RUN,,AUTOHOL: Holiday — 2026-02-18
China,2026-02-18,6467502,INTDAILY,U40,Shanghai Stock Exchange Trading Statistics,UPDATE_NOTE,DRY_RUN,,AUTOHOL: Holiday — 2026-02-18
China,2026-02-18,6467503,INTDAILY,S57,Shenzhen Stock Market Indicators,UPDATE_NOTE,DRY_RUN,,AUTOHOL: Holiday — 2026-02-18
China,2026-02-18,6467519,INTWKLY,U43,Passenger Cars/ EV Sales PART 1,UPDATE_NOTE,DRY_RUN,,AUTOHOL: Holiday — 2026-02-18
China,2026-02-18,6467523,CNSECTOR,A43,Passenger Cars/ EV Sales CNSECTOR Comp,UPDATE_NOTE,DRY_RUN,,AUTOHOL: Holiday — 2026-02-18
China,2026-02-18,6467525,INTDAILY,Various,BACKUP China CFETS to K,UPDATE_NOTE,DRY_RUN,,AUTOHOL: Holiday — 2026-02-18
China,2026-02-18,6467558,INTDAILY,D40,Central Bank Bill Yields,UPDATE_NOTE,DRY_RUN,,AUTOHOL: Holiday — 2026-02-18
China,2026-02-18,6467568,INTDAILY,D45,Corporate Bond Yields,UPDATE_NOTE,DRY_RUN,,AUTOHOL: Holiday — 2026-02-18
China,2026-02-18,6467580,INTDAILY,D48,NCDs,UPDATE_NOTE,DRY_RUN,,AUTOHOL: Holiday — 2026-02-18
China,2026-02-18,6467587,INTDAILY,"B26, B27, B28",Passenger Cars/ EV Sales PART 2,UPDATE_NOTE,DRY_RUN,,AUTOHOL: Holiday — 2026-02-18
China,2026-02-18,6467591,INTDAILY,D54,Government-sponsored Agency Bonds,UPDATE_NOTE,DRY_RUN,,AUTOHOL: Holiday — 2026-02-18
China,2026-02-18,6467594,INTDAILY,D57,Policy Bank Bonds by Rating,UPDATE_NOTE,DRY_RUN,,AUTOHOL: Holiday — 2026-02-18
China,2026-02-18,6467595,INTDAILY,D60,Corporate Bonds by Rating,UPDATE_NOTE,DRY_RUN,,AUTOHOL: Holiday — 2026-02-18
China,2026-02-18,6467599,INTDAILY,D63,Medium Term Notes by Rating,UPDATE_NOTE,DRY_RUN,,AUTOHOL: Holiday — 2026-02-18
China,2026-02-18,6467604,INTDAILY,D66,Local Government Bonds by Rating,UPDATE_NOTE,DRY_RUN,,AUTOHOL: Holiday — 2026-02-18
China,2026-02-18,6467609,INTDAILY,D69,Financial Bonds of Commercial Banks by Rating,UPDATE_NOTE,DRY_RUN,,AUTOHOL: Holiday — 2026-02-18
China,2026-02-18,6467617,INTDAILY,D72,Secondary Capital Bond of Commercial Banks,UPDATE_NOTE,DRY_RUN,,AUTOHOL: Holiday — 2026-02-18
China,2026-02-18,6467621,ENERGY,K52,Oil Commodity Prices Update,UPDATE_NOTE,DRY_RUN,,AUTOHOL: Holiday — 2026-02-18
China,2026-02-18,6467622,INTDAILY,P69,Oil Commodity Prices INTDAILY TRANSFER,UPDATE_NOTE,DRY_RUN,,AUTOHOL: Holiday — 2026-02-18
China,2026-02-18,6467627,INTDAILY,D75,Asset-Backed Securities by Rating,UPDATE_NOTE,DRY_RUN,,AUTOHOL: Holiday — 2026-02-18
China,2026-02-18,6467629,INTDAILY,D78,Commercial Paper of Securities Company by Rating,UPDATE_NOTE,DRY_RUN,,AUTOHOL: Holiday — 2026-02-18
China,2026-02-18,6467630,CNSECTOR,"U05, U06, U07",Baidu Congestion Index,UPDATE_NOTE,DRY_RUN,,AUTOHOL: Holiday — 2026-02-18
China,2026-02-18,6467631,CNSECTOR,"T96, T97, T98, U02, U03, U04",Subway Passenger Volume for Selected Transit Agencies CNSECTOR,UPDATE_NOTE,DRY_RUN,,AUTOHOL: Holiday — 2026-02-18
China,2026-02-18,6467632,CNSECTOR,"C85, C86, C87",Coal Production and Inventory,UPDATE_NOTE,DRY_RUN,,AUTOHOL: Holiday — 2026-02-18
China,2026-02-18,6467642,TRANSPRT,"U59, U66, U67",Baidu Migration Scale Index,UPDATE_NOTE,DRY_RUN,,AUTOHOL: Holiday — 2026-02-18
China,2026-02-18,6467643,CNSECTOR,"U59, U66, U67",Baidu Migration Scale Index Comp,UPDATE_NOTE,DRY_RUN,,AUTOHOL: Holiday — 2026-02-18
China,2026-02-18,6467690,CHINAR,D95,Air Quality Index [Province] Eviews,UPDATE_NOTE,DRY_RUN,,AUTOHOL: Holiday — 2026-02-18
China,2026-02-18,6467691,INTDAILY,V42,Air Quality Index COMP to INTDAILY,UPDATE_NOTE,DRY_RUN,,AUTOHOL: Holiday — 2026-02-18
China,2026-02-18,6467729,CHINAR,C97,Air Quality Index,UPDATE_NOTE,DRY_RUN,,AUTOHOL: Holiday — 2026-02-18
China,2026-02-18,6467738,INTDAILY,D84,Private Placement Notes (PPN),UPDATE_NOTE,DRY_RUN,,AUTOHOL: Holiday — 2026-02-18
China,2026-02-18,6467740,CMDTY,M59,SHFE Volume & Positions,UPDATE_NOTE,DRY_RUN,,AUTOHOL: Holiday — 2026-02-18
China,2026-02-18,6467747,INTDAILY,N17,Shenzhen Stock Exchange Securities,UPDATE_NOTE,DRY_RUN,,AUTOHOL: Holiday — 2026-02-18
China,2026-02-18,6467748,INTDAILY,S83,SSE Margin Statistics - Part 1,UPDATE_NOTE,DRY_RUN,,AUTOHOL: Holiday — 2026-02-18
China,2026-02-18,6467764,TRANSPRT,"T62, T63, T72",Yangtze Water Level - AM Comp,UPDATE_NOTE,DRY_RUN,,AUTOHOL: Holiday — 2026-02-18
China,2026-02-18,6467765,GLSECTOR,"V61, V62, V63",Yangtze Water Level - PM,UPDATE_NOTE,DRY_RUN,,AUTOHOL: Holiday — 2026-02-18
China,2026-02-18,6467766,INTDAILY,K83,SSE Margin Statistics - Part 2,UPDATE_NOTE,DRY_RUN,,AUTOHOL: Holiday — 2026-02-18
China,2026-02-18,6467767,TRANSPRT,"W66, W67, W68",Yangtze Water Level - PM Comp,UPDATE_NOTE,DRY_RUN,,AUTOHOL: Holiday — 2026-02-18
China,2026-02-18,6467768,GLSECTOR,"V67, V68, V69",Yangtze Water Level - AM,UPDATE_NOTE,DRY_RUN,,AUTOHOL: Holiday — 2026-02-18
China,2026-02-18,6467773,INTDAILY,U43,"Passenger Cars/ EV Sales CHECK in INTDAILY, INTWKLY, and CNSECTOR",UPDATE_NOTE,DRY_RUN,,AUTOHOL: Holiday — 2026-02-18
China,2026-02-18,6467779,INTDAILY,"D91, D92, D93",Forward Rates,UPDATE_NOTE,DRY_RUN,,AUTOHOL: Holiday — 2026-02-18
China,2026-02-18,6467785,INTDAILY,D95,Reference Exchange Rate,UPDATE_NOTE,DRY_RUN,,AUTOHOL: Holiday — 2026-02-18
China,2026-02-18,6467926,INTDAILY,Various,CFETS Daily Bulletin Backup,UPDATE_NOTE,DRY_RUN,,AUTOHOL: Holiday — 2026-02-18
China,2026-02-18,6467932,INTDAILY,"K59, K76, K77",Interest Rate Swap,UPDATE_NOTE,DRY_RUN,,AUTOHOL: Holiday — 2026-02-18
China,2026-02-18,6467941,CMDTY,L55,Shanghai Gold Exchange Benchmark,UPDATE_NOTE,DRY_RUN,,AUTOHOL: Holiday — 2026-02-18
China,2026-02-18,6467974,INTDAILY,K97,Margin Trading Transaction,UPDATE_NOTE,DRY_RUN,,AUTOHOL: Holiday — 2026-02-18
China,2026-02-18,6467989,CMDTY,M30,Shanghai Metals Market Prices,UPDATE_NOTE,DRY_RUN,,AUTOHOL: Holiday — 2026-02-18
China,2026-02-19,6464492,CHINA,Various,INDIA/CHINA QA Feedback,UPDATE_NOTE,DRY_RUN,,AUTOHOL: Holiday — 2026-02-19
China,2026-02-19,6464493,INTDAILY,R79,Exchange Rates,UPDATE_NOTE,DRY_RUN,,AUTOHOL: Holiday — 2026-02-19
China,2026-02-19,6464494,INTDAILY,S94,Shenzhen Stock --,UPDATE_NOTE,DRY_RUN,,AUTOHOL: Holiday — 2026-02-19
China,2026-02-19,6464495,CHINA,Various groups,China CEIC,UPDATE_NOTE,DRY_RUN,,AUTOHOL: Holiday — 2026-02-19
China,2026-02-19,6464496,INTDAILY,S99,PBC: Open Market Operations,UPDATE_NOTE,DRY_RUN,,AUTOHOL: Holiday — 2026-02-19
China,2026-02-19,6464649,INTWKLY,F29,SHIBOR Aggregation,UPDATE_NOTE,DRY_RUN,,AUTOHOL: Holiday — 2026-02-19
China,2026-02-19,6464650,INTDAILY,J02,Shibor,UPDATE_NOTE,DRY_RUN,,AUTOHOL: Holiday — 2026-02-19
China,2026-02-19,6464651,INTDAILY,V59,Asian Stock Market -China Stock Indexes,UPDATE_NOTE,DRY_RUN,,AUTOHOL: Holiday — 2026-02-19
China,2026-02-19,6464694,INTWKLY,P81,China Weekly Steel Prices & Indexes,UPDATE_NOTE,DRY_RUN,,AUTOHOL: Holiday — 2026-02-19
China,2026-02-19,6464754,INTDAILY,"J29, S93",Shanghai Stock Exchange Indices,UPDATE_NOTE,DRY_RUN,,AUTOHOL: Holiday — 2026-02-19
China,2026-02-19,6464796,INTDAILY,P68,Wholesale Price Index,UPDATE_NOTE,DRY_RUN,,AUTOHOL: Holiday — 2026-02-19
China,2026-02-19,6464938,CMDTY,L75,Shanghai Gold Exchange Prices,UPDATE_NOTE,DRY_RUN,,AUTOHOL: Holiday — 2026-02-19
China,2026-02-19,6464984,CHINA,Various groups,China CEIC Check,UPDATE_NOTE,DRY_RUN,,AUTOHOL: Holiday — 2026-02-19
China,2026-02-19,6465027,INTDAILY,V90,Margin Transactions,UPDATE_NOTE,DRY_RUN,,AUTOHOL: Holiday — 2026-02-19
China,2026-02-19,6465059,INTDAILY,S99,PBC: OMO Zero,UPDATE_NOTE,DRY_RUN,,AUTOHOL: Holiday — 2026-02-19
China,2026-02-19,6465060,INTDAILY,V96,PBC: OMO Calculation,UPDATE_NOTE,DRY_RUN,,AUTOHOL: Holiday — 2026-02-19
China,2026-02-19,6465064,INTWKLY,S99,PBC: OMO Aggregation,UPDATE_NOTE,DRY_RUN,,AUTOHOL: Holiday — 2026-02-19
China,2026-02-19,6465072,INTDAILY,V98,PBC: SLO,UPDATE_NOTE,DRY_RUN,,AUTOHOL: Holiday — 2026-02-19
China,2026-02-19,6465089,CMDTY,L39,SHFE,UPDATE_NOTE,DRY_RUN,,AUTOHOL: Holiday — 2026-02-19
China,2026-02-19,6465102,EMERGEPR,Various,CHINA to EMERGEPR Compare,UPDATE_NOTE,DRY_RUN,,AUTOHOL: Holiday — 2026-02-19
China,2026-02-19,6465123,INTWKLY,R79,Aggregation: Exchange Rates,UPDATE_NOTE,DRY_RUN,,AUTOHOL: Holiday — 2026-02-19
China,2026-02-19,6465195,INTDAILY,W81,SH/SZ HK Connect,UPDATE_NOTE,DRY_RUN,,AUTOHOL: Holiday — 2026-02-19
China,2026-02-19,6465252,INTDAILY,X11,PBC: Cash Management Operations,UPDATE_NOTE,DRY_RUN,,AUTOHOL: Holiday — 2026-02-19
China,2026-02-19,6465258,INTDAILY,S99/X95,PBoC Operations/HK CMU CHECK,UPDATE_NOTE,DRY_RUN,,AUTOHOL: Holiday — 2026-02-19
China,2026-02-19,6465261,INTDAILY,P24,Pork Price Index,UPDATE_NOTE,DRY_RUN,,AUTOHOL: Holiday — 2026-02-19
China,2026-02-19,6465263,CMDTY,L77,Pork Price Index cmp,UPDATE_NOTE,DRY_RUN,,AUTOHOL: Holiday — 2026-02-19
China,2026-02-19,6465342,FMRCOIND,F21,OMO China Net Injection,UPDATE_NOTE,DRY_RUN,,AUTOHOL: Holiday — 2026-02-19
China,2026-02-19,6465348,CHINA,Various,China CEIC,UPDATE_NOTE,DRY_RUN,,AUTOHOL: Holiday — 2026-02-19
China,2026-02-19,6465385,INTDAILY,S35,Shanghai Stock Pledge Repo,UPDATE_NOTE,DRY_RUN,,AUTOHOL: Holiday — 2026-02-19
China,2026-02-19,6465390,INTDAILY,S52,Shenzhen Stock Pledge Repurchases,UPDATE_NOTE,DRY_RUN,,AUTOHOL: Holiday — 2026-02-19
China,2026-02-19,6465398,INTDAILY,T84,PBC: Targeted Term Lending Facility [TMLF],UPDATE_NOTE,DRY_RUN,,AUTOHOL: Holiday — 2026-02-19
China,2026-02-19,6465436,INTDAILY,V08,PBC: OMO: [CBS] Swaps,UPDATE_NOTE,DRY_RUN,,AUTOHOL: Holiday — 2026-02-19
China,2026-02-19,6465519,INTDAILY,V67,Bond Issuance,UPDATE_NOTE,DRY_RUN,,AUTOHOL: Holiday — 2026-02-19
China,2026-02-19,6465539,TRANSPRT,"T96, T97, T98",Subway Passenger Volume for Selected Transit Agencies,UPDATE_NOTE,DRY_RUN,,AUTOHOL: Holiday — 2026-02-19
China,2026-02-19,6465541,TRANSPRT,"U02, U03, U04",Subway Passenger Volume for Selected Transit Agencies - Eviews,UPDATE_NOTE,DRY_RUN,,AUTOHOL: Holiday — 2026-02-19
China,2026-02-19,6465571,INTDAILY,G74,China Government Bonds,UPDATE_NOTE,DRY_RUN,,AUTOHOL: Holiday — 2026-02-19
China,2026-02-19,6465662,TRANSPRT,"B12, B13, B14",China Subway Volume,UPDATE_NOTE,DRY_RUN,,AUTOHOL: Holiday — 2026-02-19
China,2026-02-19,6465663,TRANSPRT,"U05, U06, U07",Baidu Congestion Index,UPDATE_NOTE,DRY_RUN,,AUTOHOL: Holiday — 2026-02-19
China,2026-02-19,6465672,GLSECTOR,"F65, F66, F67",Maoyan Box,UPDATE_NOTE,DRY_RUN,,AUTOHOL: Holiday — 2026-02-19
China,2026-02-19,6465674,CNSECTOR,"I65,I66,I67",Maoyan Box CMP to CNSECTOR,UPDATE_NOTE,DRY_RUN,,AUTOHOL: Holiday — 2026-02-19
China,2026-02-19,6465709,INTDAILY,T86,Repeating Term Lending Facility,UPDATE_NOTE,DRY_RUN,,AUTOHOL: Holiday — 2026-02-19
China,2026-02-19,6465710,CHINA,Various groups,China CEIC Check,UPDATE_NOTE,DRY_RUN,,AUTOHOL: Holiday — 2026-02-19
China,2026-02-19,6465713,INTDAILY,F82,Interbank Repo Rates,UPDATE_NOTE,DRY_RUN,,AUTOHOL: Holiday — 2026-02-19
China,2026-02-19,6465714,INTWKLY,W91,Interbank Repo Rates Aggregation,UPDATE_NOTE,DRY_RUN,,AUTOHOL: Holiday — 2026-02-19
China,2026-02-19,6465724,ENERGY,"O85, C50, C51",Coal Production and Inventory,UPDATE_NOTE,DRY_RUN,,AUTOHOL: Holiday — 2026-02-19
China,2026-02-19,6465725,INTDAILY,"C85, C86, C87",Coal Production and Inventory Transfer,UPDATE_NOTE,DRY_RUN,,AUTOHOL: Holiday — 2026-02-19
China,2026-02-19,6465730,INTDAILY,M18,Beijing Stock Exchange,UPDATE_NOTE,DRY_RUN,,AUTOHOL: Holiday — 2026-02-19
China,2026-02-19,6465732,INTDAILY,U74,Thermal Coal Futures,UPDATE_NOTE,DRY_RUN,,AUTOHOL: Holiday — 2026-02-19
China,2026-02-19,6465733,CMDTY,M51,Thermal Coal Futures Comp,UPDATE_NOTE,DRY_RUN,,AUTOHOL: Holiday — 2026-02-19
China,2026-02-19,6465734,INTDAILY,I71,Treasury Yields and Medium Term Notes,UPDATE_NOTE,DRY_RUN,,AUTOHOL: Holiday — 2026-02-19
China,2026-02-19,6465737,INTDAILY,G94,"Treasury Yields, Short Term Notes, Repo Rates",UPDATE_NOTE,DRY_RUN,,AUTOHOL: Holiday — 2026-02-19
China,2026-02-19,6465745,INTDAILY,U60,Pledged Repo,UPDATE_NOTE,DRY_RUN,,AUTOHOL: Holiday — 2026-02-19
China,2026-02-19,6465747,INTDAILY,P33,Wholesale Agricultural Prices,UPDATE_NOTE,DRY_RUN,,AUTOHOL: Holiday — 2026-02-19
China,2026-02-19,6465748,CMDTY,P41,Wholesale Agricultural Prices CMP,UPDATE_NOTE,DRY_RUN,,AUTOHOL: Holiday — 2026-02-19
China,2026-02-19,6465755,INTDAILY,"U17, U18, U19",Alipay Tianhong Yue Bao Fund,UPDATE_NOTE,DRY_RUN,,AUTOHOL: Holiday — 2026-02-19
China,2026-02-19,6465756,INTDAILY,M24,Parity Rates CFETS,UPDATE_NOTE,DRY_RUN,,AUTOHOL: Holiday — 2026-02-19
China,2026-02-19,6465757,INTDAILY,U49,Shenzhen Stock Connect,UPDATE_NOTE,DRY_RUN,,AUTOHOL: Holiday — 2026-02-19
China,2026-02-19,6465758,INTDAILY,U59,Shanghai Stock Connect,UPDATE_NOTE,DRY_RUN,,AUTOHOL: Holiday — 2026-02-19
China,2026-02-19,6465759,INTDAILY,U40,Shanghai Stock Exchange Trading Statistics,UPDATE_NOTE,DRY_RUN,,AUTOHOL: Holiday — 2026-02-19
China,2026-02-19,6465760,INTDAILY,S57,Shenzhen Stock Market Indicators,UPDATE_NOTE,DRY_RUN,,AUTOHOL: Holiday — 2026-02-19
China,2026-02-19,6465782,INTDAILY,Various,BACKUP China CFETS to K,UPDATE_NOTE,DRY_RUN,,AUTOHOL: Holiday — 2026-02-19
China,2026-02-19,6465789,INTDAILY,"T57,T58,T59",YEHI Yicai High Freq Index,UPDATE_NOTE,DRY_RUN,,AUTOHOL: Holiday — 2026-02-19
China,2026-02-19,6465790,INTWKLY,T59,YEHI Yicai High Freq Index AGG,UPDATE_NOTE,DRY_RUN,,AUTOHOL: Holiday — 2026-02-19
China,2026-02-19,6465818,INTDAILY,D40,Central Bank Bill Yields,UPDATE_NOTE,DRY_RUN,,AUTOHOL: Holiday — 2026-02-19
China,2026-02-19,6465828,INTDAILY,D45,Corporate Bond Yields,UPDATE_NOTE,DRY_RUN,,AUTOHOL: Holiday — 2026-02-19
China,2026-02-19,6465843,INTDAILY,D48,NCDs,UPDATE_NOTE,DRY_RUN,,AUTOHOL: Holiday — 2026-02-19
China,2026-02-19,6465854,INTDAILY,D54,Government-sponsored Agency Bonds,UPDATE_NOTE,DRY_RUN,,AUTOHOL: Holiday — 2026-02-19
China,2026-02-19,6465857,INTDAILY,D57,Policy Bank Bonds by Rating,UPDATE_NOTE,DRY_RUN,,AUTOHOL: Holiday — 2026-02-19
China,2026-02-19,6465858,INTDAILY,D60,Corporate Bonds by Rating,UPDATE_NOTE,DRY_RUN,,AUTOHOL: Holiday — 2026-02-19
China,2026-02-19,6465863,INTDAILY,D63,Medium Term Notes by Rating,UPDATE_NOTE,DRY_RUN,,AUTOHOL: Holiday — 2026-02-19
China,2026-02-19,6465868,INTDAILY,D66,Local Government Bonds by Rating,UPDATE_NOTE,DRY_RUN,,AUTOHOL: Holiday — 2026-02-19
China,2026-02-19,6465873,INTDAILY,D69,Financial Bonds of Commercial Banks by Rating,UPDATE_NOTE,DRY_RUN,,AUTOHOL: Holiday — 2026-02-19
China,2026-02-19,6465883,INTDAILY,D72,Secondary Capital Bond of Commercial Banks,UPDATE_NOTE,DRY_RUN,,AUTOHOL: Holiday — 2026-02-19
China,2026-02-19,6465887,ENERGY,K52,Oil Commodity Prices Update,UPDATE_NOTE,DRY_RUN,,AUTOHOL: Holiday — 2026-02-19
China,2026-02-19,6465888,INTDAILY,P69,Oil Commodity Prices INTDAILY TRANSFER,UPDATE_NOTE,DRY_RUN,,AUTOHOL: Holiday — 2026-02-19
China,2026-02-19,6465893,INTDAILY,D75,Asset-Backed Securities by Rating,UPDATE_NOTE,DRY_RUN,,AUTOHOL: Holiday — 2026-02-19
China,2026-02-19,6465895,INTDAILY,D78,Commercial Paper of Securities Company by Rating,UPDATE_NOTE,DRY_RUN,,AUTOHOL: Holiday — 2026-02-19
China,2026-02-19,6465896,CNSECTOR,"U05, U06, U07",Baidu Congestion Index,UPDATE_NOTE,DRY_RUN,,AUTOHOL: Holiday — 2026-02-19
China,2026-02-19,6465897,CNSECTOR,"T96, T97, T98, U02, U03, U04",Subway Passenger Volume for Selected Transit Agencies CNSECTOR,UPDATE_NOTE,DRY_RUN,,AUTOHOL: Holiday — 2026-02-19
China,2026-02-19,6465898,CNSECTOR,"C85, C86, C87",Coal Production and Inventory,UPDATE_NOTE,DRY_RUN,,AUTOHOL: Holiday — 2026-02-19
China,2026-02-19,6465909,TRANSPRT,"U59, U66, U67",Baidu Migration Scale Index,UPDATE_NOTE,DRY_RUN,,AUTOHOL: Holiday — 2026-02-19
China,2026-02-19,6465910,CNSECTOR,"U59, U66, U67",Baidu Migration Scale Index Comp,UPDATE_NOTE,DRY_RUN,,AUTOHOL: Holiday — 2026-02-19
China,2026-02-19,6465964,CHINAR,D95,Air Quality Index [Province] Eviews,UPDATE_NOTE,DRY_RUN,,AUTOHOL: Holiday — 2026-02-19
China,2026-02-19,6465965,INTDAILY,V42,Air Quality Index COMP to INTDAILY,UPDATE_NOTE,DRY_RUN,,AUTOHOL: Holiday — 2026-02-19
China,2026-02-19,6465996,CHINAR,C97,Air Quality Index,UPDATE_NOTE,DRY_RUN,,AUTOHOL: Holiday — 2026-02-19
China,2026-02-19,6466004,INTDAILY,D84,Private Placement Notes (PPN),UPDATE_NOTE,DRY_RUN,,AUTOHOL: Holiday — 2026-02-19
China,2026-02-19,6466006,CMDTY,M59,SHFE Volume & Positions,UPDATE_NOTE,DRY_RUN,,AUTOHOL: Holiday — 2026-02-19
China,2026-02-19,6466015,INTDAILY,N17,Shenzhen Stock Exchange Securities,UPDATE_NOTE,DRY_RUN,,AUTOHOL: Holiday — 2026-02-19
China,2026-02-19,6466018,INTDAILY,S83,SSE Margin Statistics - Part 1,UPDATE_NOTE,DRY_RUN,,AUTOHOL: Holiday — 2026-02-19
China,2026-02-19,6466036,TRANSPRT,"T62, T63, T72",Yangtze Water Level - AM Comp,UPDATE_NOTE,DRY_RUN,,AUTOHOL: Holiday — 2026-02-19
China,2026-02-19,6466037,GLSECTOR,"V61, V62, V63",Yangtze Water Level - PM,UPDATE_NOTE,DRY_RUN,,AUTOHOL: Holiday — 2026-02-19
China,2026-02-19,6466038,INTDAILY,K83,SSE Margin Statistics - Part 2,UPDATE_NOTE,DRY_RUN,,AUTOHOL: Holiday — 2026-02-19
China,2026-02-19,6466039,TRANSPRT,"W66, W67, W68",Yangtze Water Level - PM Comp,UPDATE_NOTE,DRY_RUN,,AUTOHOL: Holiday — 2026-02-19
China,2026-02-19,6466040,GLSECTOR,"V67, V68, V69",Yangtze Water Level - AM,UPDATE_NOTE,DRY_RUN,,AUTOHOL: Holiday — 2026-02-19
China,2026-02-19,6466051,INTDAILY,"D91, D92, D93",Forward Rates,UPDATE_NOTE,DRY_RUN,,AUTOHOL: Holiday — 2026-02-19
China,2026-02-19,6466054,INTDAILY,D95,Reference Exchange Rate,UPDATE_NOTE,DRY_RUN,,AUTOHOL: Holiday — 2026-02-19
China,2026-02-19,6466202,INTDAILY,Various,CFETS Daily Bulletin Backup,UPDATE_NOTE,DRY_RUN,,AUTOHOL: Holiday — 2026-02-19
China,2026-02-19,6466208,INTDAILY,"K59, K76, K77",Interest Rate Swap,UPDATE_NOTE,DRY_RUN,,AUTOHOL: Holiday — 2026-02-19
China,2026-02-19,6466217,CMDTY,L55,Shanghai Gold Exchange Benchmark,UPDATE_NOTE,DRY_RUN,,AUTOHOL: Holiday — 2026-02-19
China,2026-02-19,6466252,INTDAILY,K97,Margin Trading Transaction,UPDATE_NOTE,DRY_RUN,,AUTOHOL: Holiday — 2026-02-19
China,2026-02-19,6466270,CMDTY,M30,Shanghai Metals Market Prices,UPDATE_NOTE,DRY_RUN,,AUTOHOL: Holiday — 2026-02-19
China,2026-02-20,6462508,CHINA,Various,INDIA/CHINA QA Feedback,UPDATE_NOTE,DRY_RUN,,AUTOHOL: Holiday — 2026-02-20
China,2026-02-20,6462509,INTDAILY,S94,Shenzhen Stock --,UPDATE_NOTE,DRY_RUN,,AUTOHOL: Holiday — 2026-02-20
China,2026-02-20,6462510,CHINA,Various groups,China CEIC,UPDATE_NOTE,DRY_RUN,,AUTOHOL: Holiday — 2026-02-20
China,2026-02-20,6462674,INTDAILY,V59,Asian Stock Market -China Stock Indexes,UPDATE_NOTE,DRY_RUN,,AUTOHOL: Holiday — 2026-02-20
China,2026-02-20,6462777,CMDTY,L40,SHFE Warehouse Stocks (FastMarkets) [CHECK],UPDATE_NOTE,DRY_RUN,,AUTOHOL: Holiday — 2026-02-20
China,2026-02-20,6462779,INTDAILY,"J29, S93",Shanghai Stock Exchange Indices,UPDATE_NOTE,DRY_RUN,,AUTOHOL: Holiday — 2026-02-20
China,2026-02-20,6462814,INTDAILY,P68,Wholesale Price Index,UPDATE_NOTE,DRY_RUN,,AUTOHOL: Holiday — 2026-02-20
China,2026-02-20,6462815,INTWKLY,P68,Wholesale Price Index Aggregaton,UPDATE_NOTE,DRY_RUN,,AUTOHOL: Holiday — 2026-02-20
China,2026-02-20,6462956,CMDTY,L75,Shanghai Gold Exchange Prices,UPDATE_NOTE,DRY_RUN,,AUTOHOL: Holiday — 2026-02-20
China,2026-02-20,6463024,CHINA,Various groups,China CEIC Check,UPDATE_NOTE,DRY_RUN,,AUTOHOL: Holiday — 2026-02-20
China,2026-02-20,6463124,CMDTY,L39,SHFE,UPDATE_NOTE,DRY_RUN,,AUTOHOL: Holiday — 2026-02-20
China,2026-02-20,6463157,INTWKLY,S93,Aggregation: Stock Market,UPDATE_NOTE,DRY_RUN,,AUTOHOL: Holiday — 2026-02-20
China,2026-02-20,6463167,INTWKLY,W04,Aggregation: Asian Stock Market Indices DJ,UPDATE_NOTE,DRY_RUN,,AUTOHOL: Holiday — 2026-02-20
China,2026-02-20,6463168,INTWKLY,S86,Aggregation: Shenzhen Stock Exchange,UPDATE_NOTE,DRY_RUN,,AUTOHOL: Holiday — 2026-02-20
China,2026-02-20,6463276,INTDAILY,W81,SH/SZ HK Connect,UPDATE_NOTE,DRY_RUN,,AUTOHOL: Holiday — 2026-02-20
China,2026-02-20,6463277,INTWKLY,S27,SH/SZ HK Connect AGG,UPDATE_NOTE,DRY_RUN,,AUTOHOL: Holiday — 2026-02-20
China,2026-02-20,6463282,INTDAILY,W81,SH/SZ HK Connect BACKUP,UPDATE_NOTE,DRY_RUN,,AUTOHOL: Holiday — 2026-02-20
China,2026-02-20,6463339,INTDAILY,S99/X95,PBoC Operations/HK CMU CHECK,UPDATE_NOTE,DRY_RUN,,AUTOHOL: Holiday — 2026-02-20
China,2026-02-20,6463343,INTDAILY,P24,Pork Price Index,UPDATE_NOTE,DRY_RUN,,AUTOHOL: Holiday — 2026-02-20
China,2026-02-20,6463344,INTWKLY,P18,AGG Pork Price Index,UPDATE_NOTE,DRY_RUN,,AUTOHOL: Holiday — 2026-02-20
China,2026-02-20,6463348,CMDTY,L77,Pork Price Index cmp,UPDATE_NOTE,DRY_RUN,,AUTOHOL: Holiday — 2026-02-20
China,2026-02-20,6463414,FMRCOIND,F21,OMO China Net Injection,UPDATE_NOTE,DRY_RUN,,AUTOHOL: Holiday — 2026-02-20
China,2026-02-20,6463424,CHINA,Various,China CEIC,UPDATE_NOTE,DRY_RUN,,AUTOHOL: Holiday — 2026-02-20
China,2026-02-20,6463472,INTDAILY,S35,Shanghai Stock Pledge Repo,UPDATE_NOTE,DRY_RUN,,AUTOHOL: Holiday — 2026-02-20
China,2026-02-20,6463473,INTWKLY,S37,Shanghai Stock Pledge Repo (Aggregation),UPDATE_NOTE,DRY_RUN,,AUTOHOL: Holiday — 2026-02-20
China,2026-02-20,6463475,INTWKLY,S40,Shanghai Pledge Repo Rates,UPDATE_NOTE,DRY_RUN,,AUTOHOL: Holiday — 2026-02-20
China,2026-02-20,6463479,INTWKLY,S23,Shenzhen Pledge Repurchase Average Pledge Rate,UPDATE_NOTE,DRY_RUN,,AUTOHOL: Holiday — 2026-02-20
China,2026-02-20,6463480,INTDAILY,S52,Shenzhen Stock Pledge Repurchases,UPDATE_NOTE,DRY_RUN,,AUTOHOL: Holiday — 2026-02-20
China,2026-02-20,6463595,INTWKLY,S20,Shenzhen Stock Pledge Repurchases (AGG),UPDATE_NOTE,DRY_RUN,,AUTOHOL: Holiday — 2026-02-20
China,2026-02-20,6463647,INTDAILY,V67,Bond Issuance,UPDATE_NOTE,DRY_RUN,,AUTOHOL: Holiday — 2026-02-20
China,2026-02-20,6463648,INTWKLY,V88,Bond Issuance (not in global must be forced manually),UPDATE_NOTE,DRY_RUN,,AUTOHOL: Holiday — 2026-02-20
China,2026-02-20,6463671,TRANSPRT,"T96, T97, T98",Subway Passenger Volume for Selected Transit Agencies,UPDATE_NOTE,DRY_RUN,,AUTOHOL: Holiday — 2026-02-20
China,2026-02-20,6463673,TRANSPRT,"U02, U03, U04",Subway Passenger Volume for Selected Transit Agencies - Eviews,UPDATE_NOTE,DRY_RUN,,AUTOHOL: Holiday — 2026-02-20
China,2026-02-20,6463709,INTDAILY,G74,China Government Bonds,UPDATE_NOTE,DRY_RUN,,AUTOHOL: Holiday — 2026-02-20
China,2026-02-20,6463710,INTWKLY,J75,China Government Bonds AGG,UPDATE_NOTE,DRY_RUN,,AUTOHOL: Holiday — 2026-02-20
China,2026-02-20,6463817,TRANSPRT,"B12, B13, B14",China Subway Volume,UPDATE_NOTE,DRY_RUN,,AUTOHOL: Holiday — 2026-02-20
China,2026-02-20,6463818,TRANSPRT,"U05, U06, U07",Baidu Congestion Index,UPDATE_NOTE,DRY_RUN,,AUTOHOL: Holiday — 2026-02-20
China,2026-02-20,6463826,GLSECTOR,"F65, F66, F67",Maoyan Box,UPDATE_NOTE,DRY_RUN,,AUTOHOL: Holiday — 2026-02-20
China,2026-02-20,6463828,CNSECTOR,"I65,I66,I67",Maoyan Box CMP to CNSECTOR,UPDATE_NOTE,DRY_RUN,,AUTOHOL: Holiday — 2026-02-20
China,2026-02-20,6463857,CHINA,Various groups,China CEIC Check,UPDATE_NOTE,DRY_RUN,,AUTOHOL: Holiday — 2026-02-20
China,2026-02-20,6463873,ENERGY,"O85, C50, C51",Coal Production and Inventory,UPDATE_NOTE,DRY_RUN,,AUTOHOL: Holiday — 2026-02-20
China,2026-02-20,6463874,INTDAILY,"C85, C86, C87",Coal Production and Inventory Transfer,UPDATE_NOTE,DRY_RUN,,AUTOHOL: Holiday — 2026-02-20
China,2026-02-20,6463878,INTDAILY,M18,Beijing Stock Exchange,UPDATE_NOTE,DRY_RUN,,AUTOHOL: Holiday — 2026-02-20
China,2026-02-20,6463879,INTWKLY,M28,Beijing Stock Exchange AGG,UPDATE_NOTE,DRY_RUN,,AUTOHOL: Holiday — 2026-02-20
China,2026-02-20,6463882,INTDAILY,U74,Thermal Coal Futures,UPDATE_NOTE,DRY_RUN,,AUTOHOL: Holiday — 2026-02-20
China,2026-02-20,6463883,CMDTY,M51,Thermal Coal Futures Comp,UPDATE_NOTE,DRY_RUN,,AUTOHOL: Holiday — 2026-02-20
China,2026-02-20,6463884,INTWKLY,C88,Thermal Coal Futures Aggregation,UPDATE_NOTE,DRY_RUN,,AUTOHOL: Holiday — 2026-02-20
China,2026-02-20,6463885,INTDAILY,I71,Treasury Yields and Medium Term Notes,UPDATE_NOTE,DRY_RUN,,AUTOHOL: Holiday — 2026-02-20
China,2026-02-20,6463886,INTWKLY,I74,AGG Treasury Yields and Medium Term Note,UPDATE_NOTE,DRY_RUN,,AUTOHOL: Holiday — 2026-02-20
China,2026-02-20,6463890,INTDAILY,G94,"Treasury Yields, Short Term Notes, Repo Rates",UPDATE_NOTE,DRY_RUN,,AUTOHOL: Holiday — 2026-02-20
China,2026-02-20,6463892,INTWKLY,I88,"AGG Treasury Yields, Short Term Notes, Repo Rates",UPDATE_NOTE,DRY_RUN,,AUTOHOL: Holiday — 2026-02-20
China,2026-02-20,6463901,INTDAILY,U60,Pledged Repo,UPDATE_NOTE,DRY_RUN,,AUTOHOL: Holiday — 2026-02-20
China,2026-02-20,6463902,INTWKLY,I52,Pledged Repo Agg,UPDATE_NOTE,DRY_RUN,,AUTOHOL: Holiday — 2026-02-20
China,2026-02-20,6463903,INTDAILY,P33,Wholesale Agricultural Prices,UPDATE_NOTE,DRY_RUN,,AUTOHOL: Holiday — 2026-02-20
China,2026-02-20,6463904,CMDTY,P41,Wholesale Agricultural Prices CMP,UPDATE_NOTE,DRY_RUN,,AUTOHOL: Holiday — 2026-02-20
China,2026-02-20,6463905,INTWKLY,X22,Wholesale Agricultural Prices AGG,UPDATE_NOTE,DRY_RUN,,AUTOHOL: Holiday — 2026-02-20
China,2026-02-20,6463911,INTDAILY,"U17, U18, U19",Alipay Tianhong Yue Bao Fund,UPDATE_NOTE,DRY_RUN,,AUTOHOL: Holiday — 2026-02-20
China,2026-02-20,6463912,INTDAILY,M24,Parity Rates CFETS,UPDATE_NOTE,DRY_RUN,,AUTOHOL: Holiday — 2026-02-20
China,2026-02-20,6463913,INTWKLY,M29,Parity Rates CFETS AGG,UPDATE_NOTE,DRY_RUN,,AUTOHOL: Holiday — 2026-02-20
China,2026-02-20,6463914,INTDAILY,U49,Shenzhen Stock Connect,UPDATE_NOTE,DRY_RUN,,AUTOHOL: Holiday — 2026-02-20
China,2026-02-20,6463915,INTWKLY,W49,Shenzhen Stock Connect AGG,UPDATE_NOTE,DRY_RUN,,AUTOHOL: Holiday — 2026-02-20
China,2026-02-20,6463916,INTDAILY,U59,Shanghai Stock Connect,UPDATE_NOTE,DRY_RUN,,AUTOHOL: Holiday — 2026-02-20
China,2026-02-20,6463917,INTWKLY,W59,Shanghai Stock Connect AGG,UPDATE_NOTE,DRY_RUN,,AUTOHOL: Holiday — 2026-02-20
China,2026-02-20,6463918,INTDAILY,U40,Shanghai Stock Exchange Trading Statistics,UPDATE_NOTE,DRY_RUN,,AUTOHOL: Holiday — 2026-02-20
China,2026-02-20,6463919,INTWKLY,U40,Shanghai Stock Exchange Trading Statistics Aggregation,UPDATE_NOTE,DRY_RUN,,AUTOHOL: Holiday — 2026-02-20
China,2026-02-20,6463920,INTDAILY,S57,Shenzhen Stock Market Indicators,UPDATE_NOTE,DRY_RUN,,AUTOHOL: Holiday — 2026-02-20
China,2026-02-20,6463921,INTWKLY,U02,Shenzhen Stock Market Indicators AGG,UPDATE_NOTE,DRY_RUN,,AUTOHOL: Holiday — 2026-02-20
China,2026-02-20,6463945,INTDAILY,Various,BACKUP China CFETS to K,UPDATE_NOTE,DRY_RUN,,AUTOHOL: Holiday — 2026-02-20
China,2026-02-20,6463976,INTDAILY,D40,Central Bank Bill Yields,UPDATE_NOTE,DRY_RUN,,AUTOHOL: Holiday — 2026-02-20
China,2026-02-20,6463977,INTWKLY,D40,Central Bank Bill Yields,UPDATE_NOTE,DRY_RUN,,AUTOHOL: Holiday — 2026-02-20
China,2026-02-20,6463984,INTWKLY,D45,Corporate Bond Yields AGG,UPDATE_NOTE,DRY_RUN,,AUTOHOL: Holiday — 2026-02-20
China,2026-02-20,6463985,INTDAILY,D45,Corporate Bond Yields,UPDATE_NOTE,DRY_RUN,,AUTOHOL: Holiday — 2026-02-20
China,2026-02-20,6463994,INTWKLY,U17,Alipay Tianhong Yue Bao Fund Agg,UPDATE_NOTE,DRY_RUN,,AUTOHOL: Holiday — 2026-02-20
China,2026-02-20,6463995,INTDAILY,D48,NCDs,UPDATE_NOTE,DRY_RUN,,AUTOHOL: Holiday — 2026-02-20
China,2026-02-20,6463996,INTWKLY,D46,NCDs Aggregation,UPDATE_NOTE,DRY_RUN,,AUTOHOL: Holiday — 2026-02-20
China,2026-02-20,6464012,INTDAILY,D54,Government-sponsored Agency Bonds,UPDATE_NOTE,DRY_RUN,,AUTOHOL: Holiday — 2026-02-20
China,2026-02-20,6464013,INTWKLY,D42,Government-sponsored Agency Bonds,UPDATE_NOTE,DRY_RUN,,AUTOHOL: Holiday — 2026-02-20
China,2026-02-20,6464018,INTDAILY,D57,Policy Bank Bonds by Rating,UPDATE_NOTE,DRY_RUN,,AUTOHOL: Holiday — 2026-02-20
China,2026-02-20,6464019,INTWKLY,D47,Policy Bank Bonds by Rating AGG,UPDATE_NOTE,DRY_RUN,,AUTOHOL: Holiday — 2026-02-20
China,2026-02-20,6464020,INTDAILY,D60,Corporate Bonds by Rating,UPDATE_NOTE,DRY_RUN,,AUTOHOL: Holiday — 2026-02-20
China,2026-02-20,6464021,INTWKLY,D48,Corporate Bonds by Rating AGG,UPDATE_NOTE,DRY_RUN,,AUTOHOL: Holiday — 2026-02-20
China,2026-02-20,6464025,INTDAILY,D63,Medium Term Notes by Rating,UPDATE_NOTE,DRY_RUN,,AUTOHOL: Holiday — 2026-02-20
China,2026-02-20,6464026,INTWKLY,D49,Medium Term Notes by Rating AGG,UPDATE_NOTE,DRY_RUN,,AUTOHOL: Holiday — 2026-02-20
China,2026-02-20,6464033,INTDAILY,D66,Local Government Bonds by Rating,UPDATE_NOTE,DRY_RUN,,AUTOHOL: Holiday — 2026-02-20
China,2026-02-20,6464034,INTWKLY,D50,Local Government Bonds by Rating AGG,UPDATE_NOTE,DRY_RUN,,AUTOHOL: Holiday — 2026-02-20
China,2026-02-20,6464035,CNSECTOR,A06,Capacity Utilization Rate in Energy Industry,UPDATE_NOTE,DRY_RUN,,AUTOHOL: Holiday — 2026-02-20
China,2026-02-20,6464040,INTDAILY,D69,Financial Bonds of Commercial Banks by Rating,UPDATE_NOTE,DRY_RUN,,AUTOHOL: Holiday — 2026-02-20
China,2026-02-20,6464041,INTWKLY,D51,Financial Bonds of Commercial Banks by Rating,UPDATE_NOTE,DRY_RUN,,AUTOHOL: Holiday — 2026-02-20
China,2026-02-20,6464051,INTDAILY,D72,Secondary Capital Bond of Commercial Banks,UPDATE_NOTE,DRY_RUN,,AUTOHOL: Holiday — 2026-02-20
China,2026-02-20,6464052,INTWKLY,D52,Secondary Capital Bond of Commercial Banks AGG,UPDATE_NOTE,DRY_RUN,,AUTOHOL: Holiday — 2026-02-20
China,2026-02-20,6464056,ENERGY,K52,Oil Commodity Prices Update,UPDATE_NOTE,DRY_RUN,,AUTOHOL: Holiday — 2026-02-20
China,2026-02-20,6464057,INTDAILY,P69,Oil Commodity Prices INTDAILY TRANSFER,UPDATE_NOTE,DRY_RUN,,AUTOHOL: Holiday — 2026-02-20
China,2026-02-20,6464062,INTDAILY,D75,Asset-Backed Securities by Rating,UPDATE_NOTE,DRY_RUN,,AUTOHOL: Holiday — 2026-02-20
China,2026-02-20,6464063,INTWKLY,D53,Asset-Backed Securities by Rating,UPDATE_NOTE,DRY_RUN,,AUTOHOL: Holiday — 2026-02-20
China,2026-02-20,6464066,INTDAILY,D78,Commercial Paper of Securities Company by Rating,UPDATE_NOTE,DRY_RUN,,AUTOHOL: Holiday — 2026-02-20
China,2026-02-20,6464067,INTWKLY,D54,Commercial Paper of Securities Company by Rating AGG,UPDATE_NOTE,DRY_RUN,,AUTOHOL: Holiday — 2026-02-20
China,2026-02-20,6464068,CNSECTOR,"U05, U06, U07",Baidu Congestion Index,UPDATE_NOTE,DRY_RUN,,AUTOHOL: Holiday — 2026-02-20
China,2026-02-20,6464069,CNSECTOR,"T96, T97, T98, U02, U03, U04",Subway Passenger Volume for Selected Transit Agencies CNSECTOR,UPDATE_NOTE,DRY_RUN,,AUTOHOL: Holiday — 2026-02-20
China,2026-02-20,6464070,CNSECTOR,"C85, C86, C87",Coal Production and Inventory,UPDATE_NOTE,DRY_RUN,,AUTOHOL: Holiday — 2026-02-20
China,2026-02-20,6464080,ENERGY,K63,Weekly Oil Commodity Prices,UPDATE_NOTE,DRY_RUN,,AUTOHOL: Holiday — 2026-02-20
China,2026-02-20,6464085,TRANSPRT,"U59, U66, U67",Baidu Migration Scale Index,UPDATE_NOTE,DRY_RUN,,AUTOHOL: Holiday — 2026-02-20
China,2026-02-20,6464086,CNSECTOR,"U59, U66, U67",Baidu Migration Scale Index Comp,UPDATE_NOTE,DRY_RUN,,AUTOHOL: Holiday — 2026-02-20
China,2026-02-20,6464142,CHINAR,D95,Air Quality Index [Province] Eviews,UPDATE_NOTE,DRY_RUN,,AUTOHOL: Holiday — 2026-02-20
China,2026-02-20,6464143,INTDAILY,V42,Air Quality Index COMP to INTDAILY,UPDATE_NOTE,DRY_RUN,,AUTOHOL: Holiday — 2026-02-20
China,2026-02-20,6464169,CHINAR,C97,Air Quality Index,UPDATE_NOTE,DRY_RUN,,AUTOHOL: Holiday — 2026-02-20
China,2026-02-20,6464177,INTDAILY,D84,Private Placement Notes (PPN),UPDATE_NOTE,DRY_RUN,,AUTOHOL: Holiday — 2026-02-20
China,2026-02-20,6464178,INTWKLY,D88,Private Placement Notes (PPN) AGG,UPDATE_NOTE,DRY_RUN,,AUTOHOL: Holiday — 2026-02-20
China,2026-02-20,6464182,CMDTY,M59,SHFE Volume & Positions,UPDATE_NOTE,DRY_RUN,,AUTOHOL: Holiday — 2026-02-20
China,2026-02-20,6464189,INTDAILY,N17,Shenzhen Stock Exchange Securities,UPDATE_NOTE,DRY_RUN,,AUTOHOL: Holiday — 2026-02-20
China,2026-02-20,6464190,INTWKLY,N19,Shenzhen Stock Exchange Securities AGG,UPDATE_NOTE,DRY_RUN,,AUTOHOL: Holiday — 2026-02-20
China,2026-02-20,6464191,INTWKLY,W16,SSE Margin AGG,UPDATE_NOTE,DRY_RUN,,AUTOHOL: Holiday — 2026-02-20
China,2026-02-20,6464192,INTDAILY,S83,SSE Margin Statistics - Part 1,UPDATE_NOTE,DRY_RUN,,AUTOHOL: Holiday — 2026-02-20
China,2026-02-20,6464207,TRANSPRT,"T62, T63, T72",Yangtze Water Level - AM Comp,UPDATE_NOTE,DRY_RUN,,AUTOHOL: Holiday — 2026-02-20
China,2026-02-20,6464208,GLSECTOR,"V61, V62, V63",Yangtze Water Level - PM,UPDATE_NOTE,DRY_RUN,,AUTOHOL: Holiday — 2026-02-20
China,2026-02-20,6464210,INTDAILY,K83,SSE Margin Statistics - Part 2,UPDATE_NOTE,DRY_RUN,,AUTOHOL: Holiday — 2026-02-20
China,2026-02-20,6464211,TRANSPRT,"W66, W67, W68",Yangtze Water Level - PM Comp,UPDATE_NOTE,DRY_RUN,,AUTOHOL: Holiday — 2026-02-20
China,2026-02-20,6464212,GLSECTOR,"V67, V68, V69",Yangtze Water Level - AM,UPDATE_NOTE,DRY_RUN,,AUTOHOL: Holiday — 2026-02-20
China,2026-02-20,6464223,INTDAILY,"D91, D92, D93",Forward Rates,UPDATE_NOTE,DRY_RUN,,AUTOHOL: Holiday — 2026-02-20
China,2026-02-20,6464224,INTWKLY,D92,Forward Rates AGG,UPDATE_NOTE,DRY_RUN,,AUTOHOL: Holiday — 2026-02-20
China,2026-02-20,6464226,INTDAILY,D95,Reference Exchange Rate,UPDATE_NOTE,DRY_RUN,,AUTOHOL: Holiday — 2026-02-20
China,2026-02-20,6464234,CMDTY,L40,SHFE Warehouse Stocks (SHFE),UPDATE_NOTE,DRY_RUN,,AUTOHOL: Holiday — 2026-02-20
China,2026-02-20,6464384,INTDAILY,Various,CFETS Daily Bulletin Backup,UPDATE_NOTE,DRY_RUN,,AUTOHOL: Holiday — 2026-02-20
China,2026-02-20,6464392,INTDAILY,"K59, K76, K77",Interest Rate Swap,UPDATE_NOTE,DRY_RUN,,AUTOHOL: Holiday — 2026-02-20
China,2026-02-20,6464393,INTWKLY,K59,Interest Rate Swap AGG,UPDATE_NOTE,DRY_RUN,,AUTOHOL: Holiday — 2026-02-20
China,2026-02-20,6464397,CMDTY,L55,Shanghai Gold Exchange Benchmark,UPDATE_NOTE,DRY_RUN,,AUTOHOL: Holiday — 2026-02-20
China,2026-02-20,6464433,INTDAILY,K97,Margin Trading Transaction,UPDATE_NOTE,DRY_RUN,,AUTOHOL: Holiday — 2026-02-20
China,2026-02-20,6464450,CMDTY,M30,Shanghai Metals Market Prices,UPDATE_NOTE,DRY_RUN,,AUTOHOL: Holiday — 2026-02-20
China,2026-02-20,6464473,INTWKLY,P96,Intwkly Oil Commodity Prices,UPDATE_NOTE,DRY_RUN,,AUTOHOL: Holiday — 2026-02-20
Indonesia,2026-02-17,6468051,INTDAILY,R96,Exchange Rates,UPDATE_NOTE,DRY_RUN,,AUTOHOL: Holiday — 2026-02-17
Indonesia,2026-02-17,6468471,INTDAILY,V50,Asian Stock Market- Jakarta Composite,UPDATE_NOTE,DRY_RUN,,AUTOHOL: Holiday — 2026-02-17
Indonesia,2026-02-17,6468503,INTDAILY,V76,Holdings IDR Tradable Securities,UPDATE_NOTE,DRY_RUN,,AUTOHOL: Holiday — 2026-02-17
Indonesia,2026-02-17,6468533,INTDAILY,H17,Exchange Rate Mid-Rates,UPDATE_NOTE,DRY_RUN,,AUTOHOL: Holiday — 2026-02-17
Indonesia,2026-02-17,6468660,INTDAILY,G46,Daily Liquidity,UPDATE_NOTE,DRY_RUN,,AUTOHOL: Holiday — 2026-02-17
Indonesia,2026-02-17,6468662,INTDAILY,K98,Daily Liquidity Projection Eviews Calculation,UPDATE_NOTE,DRY_RUN,,AUTOHOL: Holiday — 2026-02-17
Indonesia,2026-02-17,6468689,INTDAILY,W87,Jakarta Interbank Reference Rate [JISDOR],UPDATE_NOTE,DRY_RUN,,AUTOHOL: Holiday — 2026-02-17
Indonesia,2026-02-17,6468766,INTDAILY,X48,Monetary Operations Positions,UPDATE_NOTE,DRY_RUN,,AUTOHOL: Holiday — 2026-02-17
Indonesia,2026-02-17,6468837,INTDAILY,J36,Indonia Rate,UPDATE_NOTE,DRY_RUN,,AUTOHOL: Holiday — 2026-02-17
Indonesia,2026-02-17,6468944,INTDAILY,P44,Food Prices,UPDATE_NOTE,DRY_RUN,,AUTOHOL: Holiday — 2026-02-17
Indonesia,2026-02-17,6469076,INTDAILY,J79,DNDF Afternoon,UPDATE_NOTE,DRY_RUN,,AUTOHOL: Holiday — 2026-02-17
Indonesia,2026-02-17,6469132,INTDAILY,H91,Reverse Repo,UPDATE_NOTE,DRY_RUN,,AUTOHOL: Holiday — 2026-02-17
Indonesia,2026-02-17,6469133,INTDAILY,H92,Term Deposits Morning,UPDATE_NOTE,DRY_RUN,,AUTOHOL: Holiday — 2026-02-17
Indonesia,2026-02-17,6469134,INTDAILY,H93,Term Deposits Afternoon,UPDATE_NOTE,DRY_RUN,,AUTOHOL: Holiday — 2026-02-17
Indonesia,2026-02-17,6469175,INTDAILY,G61,Government Securities Auction [SUSP],UPDATE_NOTE,DRY_RUN,,AUTOHOL: Holiday — 2026-02-17
Indonesia,2026-02-17,6469184,ASEANR,B53,Market Prices,UPDATE_NOTE,DRY_RUN,,AUTOHOL: Holiday — 2026-02-17
Indonesia,2026-02-17,6469317,ENERGY,K51,Indonesia Fuel Prices,UPDATE_NOTE,DRY_RUN,,AUTOHOL: Holiday — 2026-02-17
Indonesia,2026-02-17,6469318,INTDAILY,O99,Indonesia Fuel Prices TRANSFER,UPDATE_NOTE,DRY_RUN,,AUTOHOL: Holiday — 2026-02-17
Indonesia,2026-02-17,6469361,INTDAILY,F52,Indonia Rates & Index,UPDATE_NOTE,DRY_RUN,,AUTOHOL: Holiday — 2026-02-17
Indonesia,2026-02-17,6469366,INTDAILY,R28,Bank Indonesia Reference Rate,UPDATE_NOTE,DRY_RUN,,AUTOHOL: Holiday — 2026-02-17
Indonesia,2026-02-17,6469402,INTDAILY,Various,Indonesia OMO Check,UPDATE_NOTE,DRY_RUN,,AUTOHOL: Holiday — 2026-02-17
Indonesia,2026-02-17,6469407,INTDAILY,M69,FX Term Deposit Auction,UPDATE_NOTE,DRY_RUN,,AUTOHOL: Holiday — 2026-02-17
Indonesia,2026-02-17,6469482,ENERGY,D94,Indonesia Regional Fuel Price,UPDATE_NOTE,DRY_RUN,,AUTOHOL: Holiday — 2026-02-17
Indonesia,2026-02-17,6469496,INTDAILY,J68,Bank Indonesia SVBI auction,UPDATE_NOTE,DRY_RUN,,AUTOHOL: Holiday — 2026-02-17
Indonesia,2026-02-17,6469577,INTDAILY,N66,FX Swap,UPDATE_NOTE,DRY_RUN,,AUTOHOL: Holiday — 2026-02-17
Indonesia,2026-02-17,6469656,INTDAILY,N51,Government Bond Auction,UPDATE_NOTE,DRY_RUN,,AUTOHOL: Holiday — 2026-02-17
Indonesia,2026-02-17,6469657,INTDAILY,N53,Sharia Government Bond Auction,UPDATE_NOTE,DRY_RUN,,AUTOHOL: Holiday — 2026-02-17
Korea,2026-02-16,6453025,INTDAILY,I74,Korea KORIBOR,UPDATE_NOTE,DRY_RUN,,AUTOHOL: Holiday — 2026-02-16
Korea,2026-02-16,6453026,INTDAILY,I61,Interest Rates,UPDATE_NOTE,DRY_RUN,,AUTOHOL: Holiday — 2026-02-16
Korea,2026-02-16,6453027,INTDAILY,V56,Asian Stock - KOSPI/KOSDAQ Market,UPDATE_NOTE,DRY_RUN,,AUTOHOL: Holiday — 2026-02-16
Korea,2026-02-16,6453295,INTDAILY,J33,Government Bond Yields,UPDATE_NOTE,DRY_RUN,,AUTOHOL: Holiday — 2026-02-16
Korea,2026-02-16,6453299,INTDAILY,K11,Total Return Calculation,UPDATE_NOTE,DRY_RUN,,AUTOHOL: Holiday — 2026-02-16
Korea,2026-02-16,6453304,INTDAILY,R80,Exchange RATE,UPDATE_NOTE,DRY_RUN,,AUTOHOL: Holiday — 2026-02-16
Korea,2026-02-16,6453448,INTDAILY,K02,Breakeven Inflation,UPDATE_NOTE,DRY_RUN,,AUTOHOL: Holiday — 2026-02-16
Korea,2026-02-16,6453902,INTDAILY,S96,Asian Stock - KOSPI/KOSDAQ Market,UPDATE_NOTE,DRY_RUN,,AUTOHOL: Holiday — 2026-02-16
Korea,2026-02-16,6453916,INTDAILY,V74,KRX Market Transactions,UPDATE_NOTE,DRY_RUN,,AUTOHOL: Holiday — 2026-02-16
Korea,2026-02-16,6454008,INTDAILY,T28,US-Dollar Auctions CHECK,UPDATE_NOTE,DRY_RUN,,AUTOHOL: Holiday — 2026-02-16
Korea,2026-02-16,6454098,INTDAILY,R39,Exchange RATE Lag,UPDATE_NOTE,DRY_RUN,,AUTOHOL: Holiday — 2026-02-16
Korea,2026-02-16,6454195,INTDAILY,F65,Interest Rates and Yields,UPDATE_NOTE,DRY_RUN,,AUTOHOL: Holiday — 2026-02-16
Korea,2026-02-16,6454259,CMDTY,L56,Agricultral Products Wholesale Price,UPDATE_NOTE,DRY_RUN,,AUTOHOL: Holiday — 2026-02-16
Korea,2026-02-16,6454262,INTDAILY,Y58,KOFR Leading,UPDATE_NOTE,DRY_RUN,,AUTOHOL: Holiday — 2026-02-16
Korea,2026-02-16,6454265,INTDAILY,Y20,KOFR,UPDATE_NOTE,DRY_RUN,,AUTOHOL: Holiday — 2026-02-16
Korea,2026-02-16,6454266,INTWKLY,W20,KOFR Aggregation,UPDATE_NOTE,DRY_RUN,,AUTOHOL: Holiday — 2026-02-16
Korea,2026-02-16,6454293,INTDAILY,U31,INTL Securities Activity,UPDATE_NOTE,DRY_RUN,,AUTOHOL: Holiday — 2026-02-16
Korea,2026-02-16,6454294,INTDAILY,U32,INTL Securities Activity EVIEWS,UPDATE_NOTE,DRY_RUN,,AUTOHOL: Holiday — 2026-02-16
Korea,2026-02-16,6454295,INTDAILY,U33,INTL Securities Custody,UPDATE_NOTE,DRY_RUN,,AUTOHOL: Holiday — 2026-02-16
Korea,2026-02-16,6454304,INTWKLY,K50,Change in Credit Card Expenditure,UPDATE_NOTE,DRY_RUN,,AUTOHOL: Holiday — 2026-02-16
Korea,2026-02-16,6454312,INTDAILY,K20,Equity Flows,UPDATE_NOTE,DRY_RUN,,AUTOHOL: Holiday — 2026-02-16
Korea,2026-02-16,6454313,INTDAILY,K10,Bond Flows,UPDATE_NOTE,DRY_RUN,,AUTOHOL: Holiday — 2026-02-16
Korea,2026-02-16,6454322,INTDAILY,K90,KOFR Interest Rate Distribution,UPDATE_NOTE,DRY_RUN,,AUTOHOL: Holiday — 2026-02-16
Korea,2026-02-16,6454323,INTWKLY,K70,KOFR Interest Rate Distribution AGG,UPDATE_NOTE,DRY_RUN,,AUTOHOL: Holiday — 2026-02-16
Korea,2026-02-16,6454383,INTDAILY,V99,KRX Foreign Ownership,UPDATE_NOTE,DRY_RUN,,AUTOHOL: Holiday — 2026-02-16
Korea,2026-02-16,6454455,INTDAILY,U29,KOSPI Volatility 200 Index,UPDATE_NOTE,DRY_RUN,,AUTOHOL: Holiday — 2026-02-16
Korea,2026-02-16,6454547,INTDAILY,M28,Korea Money Market Fund AUM,UPDATE_NOTE,DRY_RUN,,AUTOHOL: Holiday — 2026-02-16
Korea,2026-02-16,6454548,INTWKLY,M14,Korea Money Market Fund AUM [AGG],UPDATE_NOTE,DRY_RUN,,AUTOHOL: Holiday — 2026-02-16
Korea,2026-02-16,6454618,INTDAILY,O08,[COMP] Agricultral Products Wholesale Price,UPDATE_NOTE,DRY_RUN,,AUTOHOL: Holiday — 2026-02-16
Korea,2026-02-16,6454626,INTDAILY,A09,News Psychology Index,UPDATE_NOTE,DRY_RUN,,AUTOHOL: Holiday — 2026-02-16
Korea,2026-02-16,6454693,GLSECTOR,V36,Semiconductor Prices,UPDATE_NOTE,DRY_RUN,,AUTOHOL: Holiday — 2026-02-16
Korea,2026-02-16,6454736,ENERGY,"P66, P67, P68",Korea Fuel Prices,UPDATE_NOTE,DRY_RUN,,AUTOHOL: Holiday — 2026-02-16
Korea,2026-02-16,6454737,INTDAILY,"B66, B67, B68",Korea Fuel Prices TRANSFER,UPDATE_NOTE,DRY_RUN,,AUTOHOL: Holiday — 2026-02-16
Korea,2026-02-16,6454740,INTDAILY,E60,Interest Rates on Loans & Deposits,UPDATE_NOTE,DRY_RUN,,AUTOHOL: Holiday — 2026-02-16
Korea,2026-02-16,6454785,INTDAILY,E53,Korea OMO: RP Purchases of Government Securities,UPDATE_NOTE,DRY_RUN,,AUTOHOL: Holiday — 2026-02-16
Korea,2026-02-16,6454786,INTDAILY,E52,Korea OMO: RP Sales of Government Securities,UPDATE_NOTE,DRY_RUN,,AUTOHOL: Holiday — 2026-02-16
Korea,2026-02-16,6454787,INTDAILY,E46,Korea OMO: Monetary Stabilization Account Operations,UPDATE_NOTE,DRY_RUN,,AUTOHOL: Holiday — 2026-02-16
Korea,2026-02-16,6454788,INTDAILY,E61,Korea OMO: Monetary Stabilization Bond Operations,UPDATE_NOTE,DRY_RUN,,AUTOHOL: Holiday — 2026-02-16
Korea,2026-02-17,6468054,INTDAILY,I74,Korea KORIBOR,UPDATE_NOTE,DRY_RUN,,AUTOHOL: Holiday — 2026-02-17
Korea,2026-02-17,6468055,INTDAILY,I61,Interest Rates,UPDATE_NOTE,DRY_RUN,,AUTOHOL: Holiday — 2026-02-17
Korea,2026-02-17,6468056,INTDAILY,V56,Asian Stock - KOSPI/KOSDAQ Market,UPDATE_NOTE,DRY_RUN,,AUTOHOL: Holiday — 2026-02-17
Korea,2026-02-17,6468314,INTDAILY,J33,Government Bond Yields,UPDATE_NOTE,DRY_RUN,,AUTOHOL: Holiday — 2026-02-17
Korea,2026-02-17,6468318,INTDAILY,K11,Total Return Calculation,UPDATE_NOTE,DRY_RUN,,AUTOHOL: Holiday — 2026-02-17
Korea,2026-02-17,6468323,INTDAILY,R80,Exchange RATE,UPDATE_NOTE,DRY_RUN,,AUTOHOL: Holiday — 2026-02-17
Korea,2026-02-17,6468455,INTDAILY,K02,Breakeven Inflation,UPDATE_NOTE,DRY_RUN,,AUTOHOL: Holiday — 2026-02-17
Korea,2026-02-17,6468873,INTDAILY,S96,Asian Stock - KOSPI/KOSDAQ Market,UPDATE_NOTE,DRY_RUN,,AUTOHOL: Holiday — 2026-02-17
Korea,2026-02-17,6468885,INTDAILY,V74,KRX Market Transactions,UPDATE_NOTE,DRY_RUN,,AUTOHOL: Holiday — 2026-02-17
Korea,2026-02-17,6468967,INTDAILY,T28,US-Dollar Auctions CHECK,UPDATE_NOTE,DRY_RUN,,AUTOHOL: Holiday — 2026-02-17
Korea,2026-02-17,6469052,INTDAILY,R39,Exchange RATE Lag,UPDATE_NOTE,DRY_RUN,,AUTOHOL: Holiday — 2026-02-17
Korea,2026-02-17,6469122,INTDAILY,F65,Interest Rates and Yields,UPDATE_NOTE,DRY_RUN,,AUTOHOL: Holiday — 2026-02-17
Korea,2026-02-17,6469180,CMDTY,L56,Agricultral Products Wholesale Price,UPDATE_NOTE,DRY_RUN,,AUTOHOL: Holiday — 2026-02-17
Korea,2026-02-17,6469183,INTDAILY,Y58,KOFR Leading,UPDATE_NOTE,DRY_RUN,,AUTOHOL: Holiday — 2026-02-17
Korea,2026-02-17,6469185,INTDAILY,Y20,KOFR,UPDATE_NOTE,DRY_RUN,,AUTOHOL: Holiday — 2026-02-17
Korea,2026-02-17,6469211,INTDAILY,U31,INTL Securities Activity,UPDATE_NOTE,DRY_RUN,,AUTOHOL: Holiday — 2026-02-17
Korea,2026-02-17,6469212,INTDAILY,U32,INTL Securities Activity EVIEWS,UPDATE_NOTE,DRY_RUN,,AUTOHOL: Holiday — 2026-02-17
Korea,2026-02-17,6469213,INTDAILY,U33,INTL Securities Custody,UPDATE_NOTE,DRY_RUN,,AUTOHOL: Holiday — 2026-02-17
Korea,2026-02-17,6469214,INTWKLY,W33,INTL Securities Custody AGG,UPDATE_NOTE,DRY_RUN,,AUTOHOL: Holiday — 2026-02-17
Korea,2026-02-17,6469228,INTDAILY,K20,Equity Flows,UPDATE_NOTE,DRY_RUN,,AUTOHOL: Holiday — 2026-02-17
Korea,2026-02-17,6469229,INTDAILY,K10,Bond Flows,UPDATE_NOTE,DRY_RUN,,AUTOHOL: Holiday — 2026-02-17
Korea,2026-02-17,6469237,INTDAILY,K90,KOFR Interest Rate Distribution,UPDATE_NOTE,DRY_RUN,,AUTOHOL: Holiday — 2026-02-17
Korea,2026-02-17,6469289,INTDAILY,V99,KRX Foreign Ownership,UPDATE_NOTE,DRY_RUN,,AUTOHOL: Holiday — 2026-02-17
Korea,2026-02-17,6469368,INTDAILY,U29,KOSPI Volatility 200 Index,UPDATE_NOTE,DRY_RUN,,AUTOHOL: Holiday — 2026-02-17
Korea,2026-02-17,6469455,INTDAILY,M28,Korea Money Market Fund AUM,UPDATE_NOTE,DRY_RUN,,AUTOHOL: Holiday — 2026-02-17
Korea,2026-02-17,6469531,INTDAILY,O08,[COMP] Agricultral Products Wholesale Price,UPDATE_NOTE,DRY_RUN,,AUTOHOL: Holiday — 2026-02-17
Korea,2026-02-17,6469599,GLSECTOR,V36,Semiconductor Prices,UPDATE_NOTE,DRY_RUN,,AUTOHOL: Holiday — 2026-02-17
Korea,2026-02-17,6469636,ENERGY,"P66, P67, P68",Korea Fuel Prices,UPDATE_NOTE,DRY_RUN,,AUTOHOL: Holiday — 2026-02-17
Korea,2026-02-17,6469637,INTDAILY,"B66, B67, B68",Korea Fuel Prices TRANSFER,UPDATE_NOTE,DRY_RUN,,AUTOHOL: Holiday — 2026-02-17
Korea,2026-02-17,6469639,INTDAILY,E60,Interest Rates on Loans & Deposits,UPDATE_NOTE,DRY_RUN,,AUTOHOL: Holiday — 2026-02-17
Korea,2026-02-17,6469682,INTDAILY,E53,Korea OMO: RP Purchases of Government Securities,UPDATE_NOTE,DRY_RUN,,AUTOHOL: Holiday — 2026-02-17
Korea,2026-02-17,6469683,INTDAILY,E52,Korea OMO: RP Sales of Government Securities,UPDATE_NOTE,DRY_RUN,,AUTOHOL: Holiday — 2026-02-17
Korea,2026-02-17,6469684,INTDAILY,E46,Korea OMO: Monetary Stabilization Account Operations,UPDATE_NOTE,DRY_RUN,,AUTOHOL: Holiday — 2026-02-17
Korea,2026-02-17,6469685,INTDAILY,E61,Korea OMO: Monetary Stabilization Bond Operations,UPDATE_NOTE,DRY_RUN,,AUTOHOL: Holiday — 2026-02-17
Korea,2026-02-18,6466329,INTDAILY,I74,Korea KORIBOR,UPDATE_NOTE,DRY_RUN,,AUTOHOL: Holiday — 2026-02-18
Korea,2026-02-18,6466330,INTDAILY,I61,Interest Rates,UPDATE_NOTE,DRY_RUN,,AUTOHOL: Holiday — 2026-02-18
Korea,2026-02-18,6466331,INTDAILY,V56,Asian Stock - KOSPI/KOSDAQ Market,UPDATE_NOTE,DRY_RUN,,AUTOHOL: Holiday — 2026-02-18
Korea,2026-02-18,6466589,INTDAILY,J33,Government Bond Yields,UPDATE_NOTE,DRY_RUN,,AUTOHOL: Holiday — 2026-02-18
Korea,2026-02-18,6466594,INTDAILY,K11,Total Return Calculation,UPDATE_NOTE,DRY_RUN,,AUTOHOL: Holiday — 2026-02-18
Korea,2026-02-18,6466599,INTDAILY,R80,Exchange RATE,UPDATE_NOTE,DRY_RUN,,AUTOHOL: Holiday — 2026-02-18
Korea,2026-02-18,6466739,INTDAILY,K02,Breakeven Inflation,UPDATE_NOTE,DRY_RUN,,AUTOHOL: Holiday — 2026-02-18
Korea,2026-02-18,6467154,INTDAILY,S96,Asian Stock - KOSPI/KOSDAQ Market,UPDATE_NOTE,DRY_RUN,,AUTOHOL: Holiday — 2026-02-18
Korea,2026-02-18,6467169,INTDAILY,V74,KRX Market Transactions,UPDATE_NOTE,DRY_RUN,,AUTOHOL: Holiday — 2026-02-18
Korea,2026-02-18,6467184,INTWKLY,P50,HPI and MKT Trends  from (KAB),UPDATE_NOTE,DRY_RUN,,AUTOHOL: Holiday — 2026-02-18
Korea,2026-02-18,6467252,INTDAILY,T28,US-Dollar Auctions CHECK,UPDATE_NOTE,DRY_RUN,,AUTOHOL: Holiday — 2026-02-18
Korea,2026-02-18,6467338,INTDAILY,R39,Exchange RATE Lag,UPDATE_NOTE,DRY_RUN,,AUTOHOL: Holiday — 2026-02-18
Korea,2026-02-18,6467414,INTDAILY,F65,Interest Rates and Yields,UPDATE_NOTE,DRY_RUN,,AUTOHOL: Holiday — 2026-02-18
Korea,2026-02-18,6467444,INTDAILY,Y59,Treasury Bill Auctions,UPDATE_NOTE,DRY_RUN,,AUTOHOL: Holiday — 2026-02-18
Korea,2026-02-18,6467480,CMDTY,L56,Agricultral Products Wholesale Price,UPDATE_NOTE,DRY_RUN,,AUTOHOL: Holiday — 2026-02-18
Korea,2026-02-18,6467483,INTDAILY,Y58,KOFR Leading,UPDATE_NOTE,DRY_RUN,,AUTOHOL: Holiday — 2026-02-18
Korea,2026-02-18,6467485,INTDAILY,Y20,KOFR,UPDATE_NOTE,DRY_RUN,,AUTOHOL: Holiday — 2026-02-18
Korea,2026-02-18,6467513,INTDAILY,U31,INTL Securities Activity,UPDATE_NOTE,DRY_RUN,,AUTOHOL: Holiday — 2026-02-18
Korea,2026-02-18,6467514,INTDAILY,U32,INTL Securities Activity EVIEWS,UPDATE_NOTE,DRY_RUN,,AUTOHOL: Holiday — 2026-02-18
Korea,2026-02-18,6467515,INTDAILY,U33,INTL Securities Custody,UPDATE_NOTE,DRY_RUN,,AUTOHOL: Holiday — 2026-02-18
Korea,2026-02-18,6467531,INTDAILY,K20,Equity Flows,UPDATE_NOTE,DRY_RUN,,AUTOHOL: Holiday — 2026-02-18
Korea,2026-02-18,6467532,INTDAILY,K10,Bond Flows,UPDATE_NOTE,DRY_RUN,,AUTOHOL: Holiday — 2026-02-18
Korea,2026-02-18,6467541,INTDAILY,K90,KOFR Interest Rate Distribution,UPDATE_NOTE,DRY_RUN,,AUTOHOL: Holiday — 2026-02-18
Korea,2026-02-18,6467596,INTDAILY,V99,KRX Foreign Ownership,UPDATE_NOTE,DRY_RUN,,AUTOHOL: Holiday — 2026-02-18
Korea,2026-02-18,6467657,INTDAILY,U29,KOSPI Volatility 200 Index,UPDATE_NOTE,DRY_RUN,,AUTOHOL: Holiday — 2026-02-18
Korea,2026-02-18,6467755,INTDAILY,M28,Korea Money Market Fund AUM,UPDATE_NOTE,DRY_RUN,,AUTOHOL: Holiday — 2026-02-18
Korea,2026-02-18,6467833,INTDAILY,O08,[COMP] Agricultral Products Wholesale Price,UPDATE_NOTE,DRY_RUN,,AUTOHOL: Holiday — 2026-02-18
Korea,2026-02-18,6467906,GLSECTOR,V36,Semiconductor Prices,UPDATE_NOTE,DRY_RUN,,AUTOHOL: Holiday — 2026-02-18
Korea,2026-02-18,6467940,ASIAER,D48,HPI and MKT Trends  from (KAB) [COMP],UPDATE_NOTE,DRY_RUN,,AUTOHOL: Holiday — 2026-02-18
Korea,2026-02-18,6467946,ENERGY,"P66, P67, P68",Korea Fuel Prices,UPDATE_NOTE,DRY_RUN,,AUTOHOL: Holiday — 2026-02-18
Korea,2026-02-18,6467947,INTDAILY,"B66, B67, B68",Korea Fuel Prices TRANSFER,UPDATE_NOTE,DRY_RUN,,AUTOHOL: Holiday — 2026-02-18
Korea,2026-02-18,6467951,INTDAILY,E60,Interest Rates on Loans & Deposits,UPDATE_NOTE,DRY_RUN,,AUTOHOL: Holiday — 2026-02-18
Korea,2026-02-18,6467991,INTDAILY,E53,Korea OMO: RP Purchases of Government Securities,UPDATE_NOTE,DRY_RUN,,AUTOHOL: Holiday — 2026-02-18
Korea,2026-02-18,6467992,INTDAILY,E52,Korea OMO: RP Sales of Government Securities,UPDATE_NOTE,DRY_RUN,,AUTOHOL: Holiday — 2026-02-18
Korea,2026-02-18,6467993,INTDAILY,E46,Korea OMO: Monetary Stabilization Account Operations,UPDATE_NOTE,DRY_RUN,,AUTOHOL: Holiday — 2026-02-18
Korea,2026-02-18,6467994,INTDAILY,E61,Korea OMO: Monetary Stabilization Bond Operations,UPDATE_NOTE,DRY_RUN,,AUTOHOL: Holiday — 2026-02-18
Malaysia,2026-02-17,6468057,INTDAILY,S74,Market Indices,UPDATE_NOTE,DRY_RUN,,AUTOHOL: Holiday — 2026-02-17
Malaysia,2026-02-17,6468058,INTDAILY,R51,Exchange Rates,UPDATE_NOTE,DRY_RUN,,AUTOHOL: Holiday — 2026-02-17
Malaysia,2026-02-17,6468059,INTDAILY,W15,Overall Operations Rates & Volumes,UPDATE_NOTE,DRY_RUN,,AUTOHOL: Holiday — 2026-02-17
Malaysia,2026-02-17,6468453,CMDTY,L81,Crude Palm Oil,UPDATE_NOTE,DRY_RUN,,AUTOHOL: Holiday — 2026-02-17
Malaysia,2026-02-17,6468473,INTDAILY,V52,Asian Stock Market- KLSE,UPDATE_NOTE,DRY_RUN,,AUTOHOL: Holiday — 2026-02-17
Malaysia,2026-02-17,6468527,INTDAILY,P82,Closing Rubber,UPDATE_NOTE,DRY_RUN,,AUTOHOL: Holiday — 2026-02-17
Malaysia,2026-02-17,6468528,CMDTY,L82,Closing Rubber  CMDTY Transfer,UPDATE_NOTE,DRY_RUN,,AUTOHOL: Holiday — 2026-02-17
Malaysia,2026-02-17,6468535,INTDAILY,G72,Government Bonds,UPDATE_NOTE,DRY_RUN,,AUTOHOL: Holiday — 2026-02-17
Malaysia,2026-02-17,6468596,INTDAILY,W10,Money Market Operations Rates & Volumes,UPDATE_NOTE,DRY_RUN,,AUTOHOL: Holiday — 2026-02-17
Malaysia,2026-02-17,6468692,INTDAILY,W94,Kuala Lumpur USD/MYR Reference Rate,UPDATE_NOTE,DRY_RUN,,AUTOHOL: Holiday — 2026-02-17
Malaysia,2026-02-17,6468706,INTDAILY,W49,Gold Bullion Prices,UPDATE_NOTE,DRY_RUN,,AUTOHOL: Holiday — 2026-02-17
Malaysia,2026-02-17,6468707,INTDAILY,H49,Gold Prices MID-RATE,UPDATE_NOTE,DRY_RUN,,AUTOHOL: Holiday — 2026-02-17
Malaysia,2026-02-17,6468713,CMDTY,L67,Gold Bullion Prices Comp,UPDATE_NOTE,DRY_RUN,,AUTOHOL: Holiday — 2026-02-17
Malaysia,2026-02-17,6468717,INTDAILY,W21,Malaysia Islamic Interbank,UPDATE_NOTE,DRY_RUN,,AUTOHOL: Holiday — 2026-02-17
Malaysia,2026-02-17,6468780,CMDTY,M02,Malaysia Crude Palm Oil Transfer,UPDATE_NOTE,DRY_RUN,,AUTOHOL: Holiday — 2026-02-17
Malaysia,2026-02-17,6468781,INTDAILY,X70,Malaysia Crude Palm Oil Price,UPDATE_NOTE,DRY_RUN,,AUTOHOL: Holiday — 2026-02-17
Malaysia,2026-02-17,6469051,INTDAILY,T95,KLIBOR Rates,UPDATE_NOTE,DRY_RUN,,AUTOHOL: Holiday — 2026-02-17
Malaysia,2026-02-17,6469058,INTDAILY,W14,Interbank Swaps,UPDATE_NOTE,DRY_RUN,,AUTOHOL: Holiday — 2026-02-17
Malaysia,2026-02-17,6469059,INTDAILY,W12,Interbank Volume and Rate,UPDATE_NOTE,DRY_RUN,,AUTOHOL: Holiday — 2026-02-17
Malaysia,2026-02-17,6469060,INTDAILY,W11,Bond Volume,UPDATE_NOTE,DRY_RUN,,AUTOHOL: Holiday — 2026-02-17
Malaysia,2026-02-17,6469061,INTDAILY,W13,Malaysia Bond FX,UPDATE_NOTE,DRY_RUN,,AUTOHOL: Holiday — 2026-02-17
Malaysia,2026-02-17,6469217,INTDAILY,C66,Malaysia Overnight Rate (MYOR),UPDATE_NOTE,DRY_RUN,,AUTOHOL: Holiday — 2026-02-17
Malaysia,2026-02-17,6469220,INTDAILY,C67,Islamic Overnight Rate,UPDATE_NOTE,DRY_RUN,,AUTOHOL: Holiday — 2026-02-17
Malaysia,2026-02-17,6469613,INTDAILY,E38,Central Bank Liquidity Positions,UPDATE_NOTE,DRY_RUN,,AUTOHOL: Holiday — 2026-02-17
Malaysia,2026-02-17,6469614,INTDAILY,E37,Central Bank OMOs,UPDATE_NOTE,DRY_RUN,,AUTOHOL: Holiday — 2026-02-17
Malaysia,2026-02-17,6469694,INTDAILY,O06,Non-Resident Bond Holdings,UPDATE_NOTE,DRY_RUN,,AUTOHOL: Holiday — 2026-02-17
Malaysia,2026-02-18,6466332,INTDAILY,S74,Market Indices,UPDATE_NOTE,DRY_RUN,,AUTOHOL: Holiday — 2026-02-18
Malaysia,2026-02-18,6466333,INTDAILY,R51,Exchange Rates,UPDATE_NOTE,DRY_RUN,,AUTOHOL: Holiday — 2026-02-18
Malaysia,2026-02-18,6466334,INTDAILY,W15,Overall Operations Rates & Volumes,UPDATE_NOTE,DRY_RUN,,AUTOHOL: Holiday — 2026-02-18
Malaysia,2026-02-18,6466736,CMDTY,L81,Crude Palm Oil,UPDATE_NOTE,DRY_RUN,,AUTOHOL: Holiday — 2026-02-18
Malaysia,2026-02-18,6466755,INTDAILY,V52,Asian Stock Market- KLSE,UPDATE_NOTE,DRY_RUN,,AUTOHOL: Holiday — 2026-02-18
Malaysia,2026-02-18,6466809,INTDAILY,P82,Closing Rubber,UPDATE_NOTE,DRY_RUN,,AUTOHOL: Holiday — 2026-02-18
Malaysia,2026-02-18,6466810,CMDTY,L82,Closing Rubber  CMDTY Transfer,UPDATE_NOTE,DRY_RUN,,AUTOHOL: Holiday — 2026-02-18
Malaysia,2026-02-18,6466815,INTDAILY,G72,Government Bonds,UPDATE_NOTE,DRY_RUN,,AUTOHOL: Holiday — 2026-02-18
Malaysia,2026-02-18,6466872,INTDAILY,W10,Money Market Operations Rates & Volumes,UPDATE_NOTE,DRY_RUN,,AUTOHOL: Holiday — 2026-02-18
Malaysia,2026-02-18,6466966,INTDAILY,W94,Kuala Lumpur USD/MYR Reference Rate,UPDATE_NOTE,DRY_RUN,,AUTOHOL: Holiday — 2026-02-18
Malaysia,2026-02-18,6466980,INTDAILY,W49,Gold Bullion Prices,UPDATE_NOTE,DRY_RUN,,AUTOHOL: Holiday — 2026-02-18
Malaysia,2026-02-18,6466981,INTDAILY,H49,Gold Prices MID-RATE,UPDATE_NOTE,DRY_RUN,,AUTOHOL: Holiday — 2026-02-18
Malaysia,2026-02-18,6466986,CMDTY,L67,Gold Bullion Prices Comp,UPDATE_NOTE,DRY_RUN,,AUTOHOL: Holiday — 2026-02-18
Malaysia,2026-02-18,6466990,INTDAILY,W21,Malaysia Islamic Interbank,UPDATE_NOTE,DRY_RUN,,AUTOHOL: Holiday — 2026-02-18
Malaysia,2026-02-18,6467002,INTWKLY,P32,Retail Pump Prices COMP [Press],UPDATE_NOTE,DRY_RUN,,AUTOHOL: Holiday — 2026-02-18
Malaysia,2026-02-18,6467019,CMDTY,L24,Retail Pump Prices COMP [Press],UPDATE_NOTE,DRY_RUN,,AUTOHOL: Holiday — 2026-02-18
Malaysia,2026-02-18,6467058,CMDTY,M02,Malaysia Crude Palm Oil Transfer,UPDATE_NOTE,DRY_RUN,,AUTOHOL: Holiday — 2026-02-18
Malaysia,2026-02-18,6467059,INTDAILY,X70,Malaysia Crude Palm Oil Price,UPDATE_NOTE,DRY_RUN,,AUTOHOL: Holiday — 2026-02-18
Malaysia,2026-02-18,6467337,INTDAILY,T95,KLIBOR Rates,UPDATE_NOTE,DRY_RUN,,AUTOHOL: Holiday — 2026-02-18
Malaysia,2026-02-18,6467344,INTDAILY,W14,Interbank Swaps,UPDATE_NOTE,DRY_RUN,,AUTOHOL: Holiday — 2026-02-18
Malaysia,2026-02-18,6467345,INTDAILY,W12,Interbank Volume and Rate,UPDATE_NOTE,DRY_RUN,,AUTOHOL: Holiday — 2026-02-18
Malaysia,2026-02-18,6467346,INTDAILY,W11,Bond Volume,UPDATE_NOTE,DRY_RUN,,AUTOHOL: Holiday — 2026-02-18
Malaysia,2026-02-18,6467347,INTDAILY,W13,Malaysia Bond FX,UPDATE_NOTE,DRY_RUN,,AUTOHOL: Holiday — 2026-02-18
Malaysia,2026-02-18,6467394,INTDAILY,C58,Malaysia MTB/MITB Auction Data,UPDATE_NOTE,DRY_RUN,,AUTOHOL: Holiday — 2026-02-18
Malaysia,2026-02-18,6467396,ENERGY,K43,Retail Pump Prices [Press],UPDATE_NOTE,DRY_RUN,,AUTOHOL: Holiday — 2026-02-18
Malaysia,2026-02-18,6467518,INTDAILY,C66,Malaysia Overnight Rate (MYOR),UPDATE_NOTE,DRY_RUN,,AUTOHOL: Holiday — 2026-02-18
Malaysia,2026-02-18,6467522,INTDAILY,C67,Islamic Overnight Rate,UPDATE_NOTE,DRY_RUN,,AUTOHOL: Holiday — 2026-02-18
Malaysia,2026-02-18,6467920,INTDAILY,E38,Central Bank Liquidity Positions,UPDATE_NOTE,DRY_RUN,,AUTOHOL: Holiday — 2026-02-18
Malaysia,2026-02-18,6467921,INTDAILY,E37,Central Bank OMOs,UPDATE_NOTE,DRY_RUN,,AUTOHOL: Holiday — 2026-02-18
Malaysia,2026-02-18,6468003,INTDAILY,O06,Non-Resident Bond Holdings,UPDATE_NOTE,DRY_RUN,,AUTOHOL: Holiday — 2026-02-18
Philippines,2026-02-17,6468076,INTDAILY,N56,Interest & Commodity Prices,UPDATE_NOTE,DRY_RUN,,AUTOHOL: Holiday — 2026-02-17
Philippines,2026-02-17,6468328,INTDAILY,F64,Exchange Rates,UPDATE_NOTE,DRY_RUN,,AUTOHOL: Holiday — 2026-02-17
Philippines,2026-02-17,6468474,INTDAILY,V53,Asian Stock Market- Manila Composite,UPDATE_NOTE,DRY_RUN,,AUTOHOL: Holiday — 2026-02-17
Philippines,2026-02-17,6468741,INTWKLY,G58,Term Deposit Facility Auctions,UPDATE_NOTE,DRY_RUN,,AUTOHOL: Holiday — 2026-02-17
Philippines,2026-02-17,6469088,CMDTY,L26,Agricultural Prices,UPDATE_NOTE,DRY_RUN,,AUTOHOL: Holiday — 2026-02-17
Philippines,2026-02-17,6469261,CMDTY,L04,Agricultural Prices (Average Calculation),UPDATE_NOTE,DRY_RUN,,AUTOHOL: Holiday — 2026-02-17
Philippines,2026-02-17,6469371,INTDAILY,F66,Commodity Prices,UPDATE_NOTE,DRY_RUN,,AUTOHOL: Holiday — 2026-02-17
Philippines,2026-02-17,6469399,ASEANR,D13,Daily Minimum Wages,UPDATE_NOTE,DRY_RUN,,AUTOHOL: Holiday — 2026-02-17
Philippines,2026-02-17,6469530,INTDAILY,N35,Agricultural Prices - Transfer to INTDAILY,UPDATE_NOTE,DRY_RUN,,AUTOHOL: Holiday — 2026-02-17
Serbia,2026-02-16,6453056,INTDAILY,R60,Exchange Rates,UPDATE_NOTE,DRY_RUN,,AUTOHOL: Holiday — 2026-02-16
Serbia,2026-02-16,6453221,INTDAILY,G92,Belex Stock,UPDATE_NOTE,DRY_RUN,,AUTOHOL: Holiday — 2026-02-16
Serbia,2026-02-16,6453353,INTDAILY,J57,BEONIA,UPDATE_NOTE,DRY_RUN,,AUTOHOL: Holiday — 2026-02-16
Serbia,2026-02-16,6453355,INTWKLY,J58,BEONIA Aggregation,UPDATE_NOTE,DRY_RUN,,AUTOHOL: Holiday — 2026-02-16
Serbia,2026-02-16,6454116,INTDAILY,T85,FX Transactions,UPDATE_NOTE,DRY_RUN,,AUTOHOL: Holiday — 2026-02-16
Serbia,2026-02-16,6454495,INTDAILY,J58,BELIBOR,UPDATE_NOTE,DRY_RUN,,AUTOHOL: Holiday — 2026-02-16
Serbia,2026-02-16,6454698,INTDAILY,L40,Serbia Secondary Trading Maturities,UPDATE_NOTE,DRY_RUN,,AUTOHOL: Holiday — 2026-02-16
Serbia,2026-02-16,6454699,INTWKLY,L41,Serbia Secondary Trading Maturities Aggregation,UPDATE_NOTE,DRY_RUN,,AUTOHOL: Holiday — 2026-02-16
Serbia,2026-02-17,6468083,INTDAILY,R60,Exchange Rates,UPDATE_NOTE,DRY_RUN,,AUTOHOL: Holiday — 2026-02-17
Serbia,2026-02-17,6468243,INTDAILY,G92,Belex Stock,UPDATE_NOTE,DRY_RUN,,AUTOHOL: Holiday — 2026-02-17
Serbia,2026-02-17,6468367,INTDAILY,J57,BEONIA,UPDATE_NOTE,DRY_RUN,,AUTOHOL: Holiday — 2026-02-17
Serbia,2026-02-17,6469065,INTDAILY,T85,FX Transactions,UPDATE_NOTE,DRY_RUN,,AUTOHOL: Holiday — 2026-02-17
Serbia,2026-02-17,6469066,INTWKLY,M55,FX Transactions Agg,UPDATE_NOTE,DRY_RUN,,AUTOHOL: Holiday — 2026-02-17
Serbia,2026-02-17,6469406,INTDAILY,J58,BELIBOR,UPDATE_NOTE,DRY_RUN,,AUTOHOL: Holiday — 2026-02-17
Serbia,2026-02-17,6469603,INTDAILY,L40,Serbia Secondary Trading Maturities,UPDATE_NOTE,DRY_RUN,,AUTOHOL: Holiday — 2026-02-17
Singapore,2026-02-17,6468084,INTDAILY,I44,Bond Yields,UPDATE_NOTE,DRY_RUN,,AUTOHOL: Holiday — 2026-02-17
Singapore,2026-02-17,6468138,INTDAILY,R52,Exchange Rate,UPDATE_NOTE,DRY_RUN,,AUTOHOL: Holiday — 2026-02-17
Singapore,2026-02-17,6468475,INTDAILY,V54,Asian Stock Market- Straits Times,UPDATE_NOTE,DRY_RUN,,AUTOHOL: Holiday — 2026-02-17
Singapore,2026-02-17,6468515,INTDAILY,V79,Pollution Index,UPDATE_NOTE,DRY_RUN,,AUTOHOL: Holiday — 2026-02-17
Singapore,2026-02-17,6468536,INTDAILY,H16,Pollution Index EVIEWS Calculation,UPDATE_NOTE,DRY_RUN,,AUTOHOL: Holiday — 2026-02-17
Singapore,2026-02-17,6469004,INTDAILY,I02,Interest Rates,UPDATE_NOTE,DRY_RUN,,AUTOHOL: Holiday — 2026-02-17
Singapore,2026-02-17,6469005,INTDAILY,T35,SORA Rates,UPDATE_NOTE,DRY_RUN,,AUTOHOL: Holiday — 2026-02-17
Singapore,2026-02-17,6469071,INTDAILY,T36,Overnight Rate,UPDATE_NOTE,DRY_RUN,,AUTOHOL: Holiday — 2026-02-17
Singapore,2026-02-17,6469150,INTDAILY,T90,MAS Bills,UPDATE_NOTE,DRY_RUN,,AUTOHOL: Holiday — 2026-02-17
Singapore,2026-02-17,6469391,INTDAILY,K28,Singapore MAS Bills Auction,UPDATE_NOTE,DRY_RUN,,AUTOHOL: Holiday — 2026-02-17
Singapore,2026-02-18,6466359,INTDAILY,I44,Bond Yields,UPDATE_NOTE,DRY_RUN,,AUTOHOL: Holiday — 2026-02-18
Singapore,2026-02-18,6466414,INTDAILY,R52,Exchange Rate,UPDATE_NOTE,DRY_RUN,,AUTOHOL: Holiday — 2026-02-18
Singapore,2026-02-18,6466757,INTDAILY,V54,Asian Stock Market- Straits Times,UPDATE_NOTE,DRY_RUN,,AUTOHOL: Holiday — 2026-02-18
Singapore,2026-02-18,6466797,INTDAILY,V79,Pollution Index,UPDATE_NOTE,DRY_RUN,,AUTOHOL: Holiday — 2026-02-18
Singapore,2026-02-18,6466816,INTDAILY,H16,Pollution Index EVIEWS Calculation,UPDATE_NOTE,DRY_RUN,,AUTOHOL: Holiday — 2026-02-18
Singapore,2026-02-18,6467294,INTDAILY,I02,Interest Rates,UPDATE_NOTE,DRY_RUN,,AUTOHOL: Holiday — 2026-02-18
Singapore,2026-02-18,6467295,INTDAILY,T35,SORA Rates,UPDATE_NOTE,DRY_RUN,,AUTOHOL: Holiday — 2026-02-18
Singapore,2026-02-18,6467358,INTDAILY,T36,Overnight Rate,UPDATE_NOTE,DRY_RUN,,AUTOHOL: Holiday — 2026-02-18
Singapore,2026-02-18,6467449,INTDAILY,T90,MAS Bills,UPDATE_NOTE,DRY_RUN,,AUTOHOL: Holiday — 2026-02-18
Venezuela,2026-02-16,6453106,INTDAILY,R53,Exchange Rates,UPDATE_NOTE,DRY_RUN,,AUTOHOL: Holiday — 2026-02-16
Venezuela,2026-02-16,6453303,INTDAILY,W38,Caracas Stock Market Index,UPDATE_NOTE,DRY_RUN,,AUTOHOL: Holiday — 2026-02-16
Venezuela,2026-02-16,6453396,INTDAILY,H30,Mid-Rate Calculation,UPDATE_NOTE,DRY_RUN,,AUTOHOL: Holiday — 2026-02-16
Venezuela,2026-02-16,6453407,INTDAILY,J78,International Reserves,UPDATE_NOTE,DRY_RUN,,AUTOHOL: Holiday — 2026-02-16
Venezuela,2026-02-16,6453610,INTWKLY,J81,International Reserves AGG,UPDATE_NOTE,DRY_RUN,,AUTOHOL: Holiday — 2026-02-16
Venezuela,2026-02-16,6453666,INTDAILY,W68,Venezuela Overnight Rates,UPDATE_NOTE,DRY_RUN,,AUTOHOL: Holiday — 2026-02-16
Venezuela,2026-02-16,6453927,INTDAILY,Y35,Reference Exchange Rates,UPDATE_NOTE,DRY_RUN,,AUTOHOL: Holiday — 2026-02-16
Venezuela,2026-02-16,6453928,INTDAILY,Y33,Reference Exchange Mid Rates,UPDATE_NOTE,DRY_RUN,,AUTOHOL: Holiday — 2026-02-16
Venezuela,2026-02-16,6453929,INTWKLY,"Y37, Y38",Reference Exchange Rates AGG,UPDATE_NOTE,DRY_RUN,,AUTOHOL: Holiday — 2026-02-16
Venezuela,2026-02-17,6468124,INTDAILY,R53,Exchange Rates,UPDATE_NOTE,DRY_RUN,,AUTOHOL: Holiday — 2026-02-17
Venezuela,2026-02-17,6468322,INTDAILY,W38,Caracas Stock Market Index,UPDATE_NOTE,DRY_RUN,,AUTOHOL: Holiday — 2026-02-17
Venezuela,2026-02-17,6468409,INTDAILY,H30,Mid-Rate Calculation,UPDATE_NOTE,DRY_RUN,,AUTOHOL: Holiday — 2026-02-17
Venezuela,2026-02-17,6468416,INTDAILY,J78,International Reserves,UPDATE_NOTE,DRY_RUN,,AUTOHOL: Holiday — 2026-02-17
Venezuela,2026-02-17,6468664,INTDAILY,W68,Venezuela Overnight Rates,UPDATE_NOTE,DRY_RUN,,AUTOHOL: Holiday — 2026-02-17
Venezuela,2026-02-17,6468901,INTDAILY,Y35,Reference Exchange Rates,UPDATE_NOTE,DRY_RUN,,AUTOHOL: Holiday — 2026-02-17
Venezuela,2026-02-17,6468902,INTDAILY,Y33,Reference Exchange Mid Rates,UPDATE_NOTE,DRY_RUN,,AUTOHOL: Holiday — 2026-02-17
Vietnam,2026-02-16,6453107,INTDAILY,R76,Exchange Rate,SKIP_NO_CHANGE,SKIP_NO_CHANGE,AUTOHOL: Holiday — 2026-02-16,AUTOHOL: Holiday — 2026-02-16
Vietnam,2026-02-16,6453276,INTDAILY,G96,VI Index,SKIP_NO_CHANGE,SKIP_NO_CHANGE,AUTOHOL: Holiday — 2026-02-16,AUTOHOL: Holiday — 2026-02-16
Vietnam,2026-02-16,6453397,INTDAILY,H14,[ Mid-Rate Calculation] Exchange Rates,SKIP_NO_CHANGE,SKIP_NO_CHANGE,AUTOHOL: Holiday — 2026-02-16,AUTOHOL: Holiday — 2026-02-16
Vietnam,2026-02-16,6453491,INTDAILY,V69,3 Month Deposit Rate,SKIP_NO_CHANGE,SKIP_NO_CHANGE,AUTOHOL: Holiday — 2026-02-16,AUTOHOL: Holiday — 2026-02-16
Vietnam,2026-02-16,6453595,INTDAILY,"W19, W20",State Bank Exchange Rates,SKIP_NO_CHANGE,SKIP_NO_CHANGE,AUTOHOL: Holiday — 2026-02-16,AUTOHOL: Holiday — 2026-02-16
Vietnam,2026-02-16,6453596,INTDAILY,W23,Vietnam Interbank Rate,SKIP_NO_CHANGE,SKIP_NO_CHANGE,AUTOHOL: Holiday — 2026-02-16,AUTOHOL: Holiday — 2026-02-16
Vietnam,2026-02-16,6453597,INTDAILY,H07,State Bank Exchange Rates Mid-Rates Calculation,SKIP_NO_CHANGE,SKIP_NO_CHANGE,AUTOHOL: Holiday — 2026-02-16,AUTOHOL: Holiday — 2026-02-16
Vietnam,2026-02-16,6454142,INTWKLY,H66,Interbank Rate Agg,SKIP_NO_CHANGE,SKIP_NO_CHANGE,AUTOHOL: Holiday — 2026-02-16,AUTOHOL: Holiday — 2026-02-16
Vietnam,2026-02-16,6454208,INTDAILY,H94,Government Bond Auctions,SKIP_NO_CHANGE,SKIP_NO_CHANGE,AUTOHOL: Holiday — 2026-02-16,AUTOHOL: Holiday — 2026-02-16
Vietnam,2026-02-16,6454508,ENERGY,K11,Vietnam Pump Prices,SKIP_NO_CHANGE,SKIP_NO_CHANGE,AUTOHOL: Holiday — 2026-02-16,AUTOHOL: Holiday — 2026-02-16
Vietnam,2026-02-16,6454509,INTDAILY,P61,Vietnam Pump Prices - INTD Transfer,SKIP_NO_CHANGE,SKIP_NO_CHANGE,AUTOHOL: Holiday — 2026-02-16,AUTOHOL: Holiday — 2026-02-16
Vietnam,2026-02-16,6454639,INTDAILY,K61,Open Market Operations,SKIP_NO_CHANGE,SKIP_NO_CHANGE,AUTOHOL: Holiday — 2026-02-16,AUTOHOL: Holiday — 2026-02-16
Vietnam,2026-02-17,6468125,INTDAILY,R76,Exchange Rate,SKIP_NO_CHANGE,SKIP_NO_CHANGE,AUTOHOL: Holiday — 2026-02-17,AUTOHOL: Holiday — 2026-02-17
Vietnam,2026-02-17,6468297,INTDAILY,G96,VI Index,SKIP_NO_CHANGE,SKIP_NO_CHANGE,AUTOHOL: Holiday — 2026-02-17,AUTOHOL: Holiday — 2026-02-17
Vietnam,2026-02-17,6468410,INTDAILY,H14,[ Mid-Rate Calculation] Exchange Rates,SKIP_NO_CHANGE,SKIP_NO_CHANGE,AUTOHOL: Holiday — 2026-02-17,AUTOHOL: Holiday — 2026-02-17
Vietnam,2026-02-17,6468496,INTDAILY,V69,3 Month Deposit Rate,SKIP_NO_CHANGE,SKIP_NO_CHANGE,AUTOHOL: Holiday — 2026-02-17,AUTOHOL: Holiday — 2026-02-17
Vietnam,2026-02-17,6468607,INTDAILY,"W19, W20",State Bank Exchange Rates,SKIP_NO_CHANGE,SKIP_NO_CHANGE,AUTOHOL: Holiday — 2026-02-17,AUTOHOL: Holiday — 2026-02-17
Vietnam,2026-02-17,6468608,INTDAILY,W23,Vietnam Interbank Rate,SKIP_NO_CHANGE,SKIP_NO_CHANGE,AUTOHOL: Holiday — 2026-02-17,AUTOHOL: Holiday — 2026-02-17
Vietnam,2026-02-17,6468609,INTDAILY,H07,State Bank Exchange Rates Mid-Rates Calculation,SKIP_NO_CHANGE,SKIP_NO_CHANGE,AUTOHOL: Holiday — 2026-02-17,AUTOHOL: Holiday — 2026-02-17
Vietnam,2026-02-17,6469135,INTDAILY,H94,Government Bond Auctions,SKIP_NO_CHANGE,SKIP_NO_CHANGE,AUTOHOL: Holiday — 2026-02-17,AUTOHOL: Holiday — 2026-02-17
Vietnam,2026-02-17,6469416,ENERGY,K11,Vietnam Pump Prices,SKIP_NO_CHANGE,SKIP_NO_CHANGE,AUTOHOL: Holiday — 2026-02-17,AUTOHOL: Holiday — 2026-02-17
Vietnam,2026-02-17,6469417,INTDAILY,P61,Vietnam Pump Prices - INTD Transfer,SKIP_NO_CHANGE,SKIP_NO_CHANGE,AUTOHOL: Holiday — 2026-02-17,AUTOHOL: Holiday — 2026-02-17
Vietnam,2026-02-17,6469550,INTDAILY,K61,Open Market Operations,SKIP_NO_CHANGE,SKIP_NO_CHANGE,AUTOHOL: Holiday — 2026-02-17,AUTOHOL: Holiday — 2026-02-17
Vietnam,2026-02-18,6466400,INTDAILY,R76,Exchange Rate,SKIP_NO_CHANGE,SKIP_NO_CHANGE,AUTOHOL: Holiday — 2026-02-18,AUTOHOL: Holiday — 2026-02-18
Vietnam,2026-02-18,6466573,INTDAILY,G96,VI Index,SKIP_NO_CHANGE,SKIP_NO_CHANGE,AUTOHOL: Holiday — 2026-02-18,AUTOHOL: Holiday — 2026-02-18
Vietnam,2026-02-18,6466688,INTDAILY,H14,[ Mid-Rate Calculation] Exchange Rates,SKIP_NO_CHANGE,SKIP_NO_CHANGE,AUTOHOL: Holiday — 2026-02-18,AUTOHOL: Holiday — 2026-02-18
Vietnam,2026-02-18,6466778,INTDAILY,V69,3 Month Deposit Rate,SKIP_NO_CHANGE,SKIP_NO_CHANGE,AUTOHOL: Holiday — 2026-02-18,AUTOHOL: Holiday — 2026-02-18
Vietnam,2026-02-18,6466883,INTDAILY,"W19, W20",State Bank Exchange Rates,SKIP_NO_CHANGE,SKIP_NO_CHANGE,AUTOHOL: Holiday — 2026-02-18,AUTOHOL: Holiday — 2026-02-18
Vietnam,2026-02-18,6466884,INTDAILY,W23,Vietnam Interbank Rate,SKIP_NO_CHANGE,SKIP_NO_CHANGE,AUTOHOL: Holiday — 2026-02-18,AUTOHOL: Holiday — 2026-02-18
Vietnam,2026-02-18,6466885,INTDAILY,H07,State Bank Exchange Rates Mid-Rates Calculation,SKIP_NO_CHANGE,SKIP_NO_CHANGE,AUTOHOL: Holiday — 2026-02-18,AUTOHOL: Holiday — 2026-02-18
Vietnam,2026-02-18,6467430,INTDAILY,H94,Government Bond Auctions,SKIP_NO_CHANGE,SKIP_NO_CHANGE,AUTOHOL: Holiday — 2026-02-18,AUTOHOL: Holiday — 2026-02-18
Vietnam,2026-02-18,6467716,ENERGY,K11,Vietnam Pump Prices,SKIP_NO_CHANGE,SKIP_NO_CHANGE,AUTOHOL: Holiday — 2026-02-18,AUTOHOL: Holiday — 2026-02-18
Vietnam,2026-02-18,6467717,INTDAILY,P61,Vietnam Pump Prices - INTD Transfer,SKIP_NO_CHANGE,SKIP_NO_CHANGE,AUTOHOL: Holiday — 2026-02-18,AUTOHOL: Holiday — 2026-02-18
Vietnam,2026-02-18,6467856,INTDAILY,K61,Open Market Operations,SKIP_NO_CHANGE,SKIP_NO_CHANGE,AUTOHOL: Holiday — 2026-02-18,AUTOHOL: Holiday — 2026-02-18
Vietnam,2026-02-19,6464600,INTDAILY,R76,Exchange Rate,SKIP_NO_CHANGE,SKIP_NO_CHANGE,AUTOHOL: Holiday — 2026-02-19,AUTOHOL: Holiday — 2026-02-19
Vietnam,2026-02-19,6464780,INTDAILY,G96,VI Index,SKIP_NO_CHANGE,SKIP_NO_CHANGE,AUTOHOL: Holiday — 2026-02-19,AUTOHOL: Holiday — 2026-02-19
Vietnam,2026-02-19,6464907,INTDAILY,H14,[ Mid-Rate Calculation] Exchange Rates,SKIP_NO_CHANGE,SKIP_NO_CHANGE,AUTOHOL: Holiday — 2026-02-19,AUTOHOL: Holiday — 2026-02-19
Vietnam,2026-02-19,6464993,INTDAILY,V69,3 Month Deposit Rate,SKIP_NO_CHANGE,SKIP_NO_CHANGE,AUTOHOL: Holiday — 2026-02-19,AUTOHOL: Holiday — 2026-02-19
Vietnam,2026-02-19,6465103,INTDAILY,"W19, W20",State Bank Exchange Rates,SKIP_NO_CHANGE,SKIP_NO_CHANGE,AUTOHOL: Holiday — 2026-02-19,AUTOHOL: Holiday — 2026-02-19
Vietnam,2026-02-19,6465104,INTDAILY,W23,Vietnam Interbank Rate,SKIP_NO_CHANGE,SKIP_NO_CHANGE,AUTOHOL: Holiday — 2026-02-19,AUTOHOL: Holiday — 2026-02-19
Vietnam,2026-02-19,6465105,INTDAILY,H07,State Bank Exchange Rates Mid-Rates Calculation,SKIP_NO_CHANGE,SKIP_NO_CHANGE,AUTOHOL: Holiday — 2026-02-19,AUTOHOL: Holiday — 2026-02-19
Vietnam,2026-02-19,6465106,INTWKLY,H88,Exchange Rate Aggregation,SKIP_NO_CHANGE,SKIP_NO_CHANGE,AUTOHOL: Holiday — 2026-02-19,AUTOHOL: Holiday — 2026-02-19
Vietnam,2026-02-19,6465687,INTDAILY,H94,Government Bond Auctions,SKIP_NO_CHANGE,SKIP_NO_CHANGE,AUTOHOL: Holiday — 2026-02-19,AUTOHOL: Holiday — 2026-02-19
Vietnam,2026-02-19,6465983,ENERGY,K11,Vietnam Pump Prices,SKIP_NO_CHANGE,SKIP_NO_CHANGE,AUTOHOL: Holiday — 2026-02-19,AUTOHOL: Holiday — 2026-02-19
Vietnam,2026-02-19,6465984,INTDAILY,P61,Vietnam Pump Prices - INTD Transfer,SKIP_NO_CHANGE,SKIP_NO_CHANGE,AUTOHOL: Holiday — 2026-02-19,AUTOHOL: Holiday — 2026-02-19
Vietnam,2026-02-19,6466121,INTDAILY,K61,Open Market Operations,SKIP_NO_CHANGE,SKIP_NO_CHANGE,AUTOHOL: Holiday — 2026-02-19,AUTOHOL: Holiday — 2026-02-19
Vietnam,2026-02-20,6462604,INTDAILY,R76,Exchange Rate,SKIP_NO_CHANGE,SKIP_NO_CHANGE,AUTOHOL: Holiday — 2026-02-20,AUTOHOL: Holiday — 2026-02-20
Vietnam,2026-02-20,6462663,INTWKLY,"R76, V09",Aggregation: Exchange Rates,SKIP_NO_CHANGE,SKIP_NO_CHANGE,AUTOHOL: Holiday — 2026-02-20,AUTOHOL: Holiday — 2026-02-20
Vietnam,2026-02-20,6462802,INTDAILY,G96,VI Index,SKIP_NO_CHANGE,SKIP_NO_CHANGE,AUTOHOL: Holiday — 2026-02-20,AUTOHOL: Holiday — 2026-02-20
Vietnam,2026-02-20,6462803,INTWKLY,G97,Aggregation: VI Index,SKIP_NO_CHANGE,SKIP_NO_CHANGE,AUTOHOL: Holiday — 2026-02-20,AUTOHOL: Holiday — 2026-02-20
Vietnam,2026-02-20,6462933,INTDAILY,H14,[ Mid-Rate Calculation] Exchange Rates,SKIP_NO_CHANGE,SKIP_NO_CHANGE,AUTOHOL: Holiday — 2026-02-20,AUTOHOL: Holiday — 2026-02-20
Vietnam,2026-02-20,6463032,INTDAILY,V69,3 Month Deposit Rate,SKIP_NO_CHANGE,SKIP_NO_CHANGE,AUTOHOL: Holiday — 2026-02-20,AUTOHOL: Holiday — 2026-02-20
Vietnam,2026-02-20,6463142,INTDAILY,W23,Vietnam Interbank Rate,SKIP_NO_CHANGE,SKIP_NO_CHANGE,AUTOHOL: Holiday — 2026-02-20,AUTOHOL: Holiday — 2026-02-20
Vietnam,2026-02-20,6463525,INTWKLY,J10,3 Month Deposit Rate Aggregation,SKIP_NO_CHANGE,SKIP_NO_CHANGE,AUTOHOL: Holiday — 2026-02-20,AUTOHOL: Holiday — 2026-02-20
Vietnam,2026-02-20,6463583,INTDAILY,I90,Vietnam Zero Coupon Yields,SKIP_NO_CHANGE,SKIP_NO_CHANGE,AUTOHOL: Holiday — 2026-02-20,AUTOHOL: Holiday — 2026-02-20
Vietnam,2026-02-20,6464156,ENERGY,K11,Vietnam Pump Prices,SKIP_NO_CHANGE,SKIP_NO_CHANGE,AUTOHOL: Holiday — 2026-02-20,AUTOHOL: Holiday — 2026-02-20
Vietnam,2026-02-20,6464157,INTDAILY,P61,Vietnam Pump Prices - INTD Transfer,SKIP_NO_CHANGE,SKIP_NO_CHANGE,AUTOHOL: Holiday — 2026-02-20,AUTOHOL: Holiday — 2026-02-20
Vietnam,2026-02-20,6464158,INTWKLY,Q61,Vietnam Pump Prices - INTW AGG,SKIP_NO_CHANGE,SKIP_NO_CHANGE,AUTOHOL: Holiday — 2026-02-20,AUTOHOL: Holiday — 2026-02-20
Vietnam,2026-02-20,6464307,INTDAILY,K61,Open Market Operations,SKIP_NO_CHANGE,SKIP_NO_CHANGE,AUTOHOL: Holiday — 2026-02-20,AUTOHOL: Holiday — 2026-02-20
Hong Kong,2026-02-17,6468132,INTDAILY,P64,Platinum Prices (HK),UPDATE_NOTE,DRY_RUN,,AUTOHOL: Holiday — 2026-02-17
Hong Kong,2026-02-17,6468158,INTDAILY,J08,Official Interest Rates,UPDATE_NOTE,DRY_RUN,,AUTOHOL: Holiday — 2026-02-17
Hong Kong,2026-02-17,6468186,INTDAILY,S90,Hang Seng --,UPDATE_NOTE,DRY_RUN,,AUTOHOL: Holiday — 2026-02-17
Hong Kong,2026-02-17,6468196,INTDAILY,J07,Interest Settlement Rates,UPDATE_NOTE,DRY_RUN,,AUTOHOL: Holiday — 2026-02-17
Hong Kong,2026-02-17,6468319,INTDAILY,H03,10 Year Bond Yield Total Return Calculation,UPDATE_NOTE,DRY_RUN,,AUTOHOL: Holiday — 2026-02-17
Hong Kong,2026-02-17,6468611,INTDAILY,W25,Interbank Liquidity,UPDATE_NOTE,DRY_RUN,,AUTOHOL: Holiday — 2026-02-17
Hong Kong,2026-02-17,6468614,INTDAILY,G70,Monetary Base,UPDATE_NOTE,DRY_RUN,,AUTOHOL: Holiday — 2026-02-17
Hong Kong,2026-02-17,6468615,INTDAILY,T50,Trade Weighted Index,UPDATE_NOTE,DRY_RUN,,AUTOHOL: Holiday — 2026-02-17
Hong Kong,2026-02-17,6468691,INTDAILY,W89,Renminbi Liquidity Facility,UPDATE_NOTE,DRY_RUN,,AUTOHOL: Holiday — 2026-02-17
Hong Kong,2026-02-17,6468808,INTDAILY,X91,HSI Volatility Index,UPDATE_NOTE,DRY_RUN,,AUTOHOL: Holiday — 2026-02-17
Hong Kong,2026-02-17,6468926,INTDAILY,J37,Exchange Fund Bills & Notes Fixings,UPDATE_NOTE,DRY_RUN,,AUTOHOL: Holiday — 2026-02-17
Hong Kong,2026-02-17,6469048,CMDTY,L09,Platinum Prices (HK) - Transfer to CMDTY,UPDATE_NOTE,DRY_RUN,,AUTOHOL: Holiday — 2026-02-17
Hong Kong,2026-02-17,6469179,INTDAILY,V95,HKEX Daily Transactions,UPDATE_NOTE,DRY_RUN,,AUTOHOL: Holiday — 2026-02-17
Hong Kong,2026-02-17,6469490,TOURISM,"W48, W49, W50",Hong Kong Passenger Traffic,UPDATE_NOTE,DRY_RUN,,AUTOHOL: Holiday — 2026-02-17
Hong Kong,2026-02-17,6469552,INTDAILY,E30,HK Infrastructure_Sustainable Bond Closing Reference Yields,UPDATE_NOTE,DRY_RUN,,AUTOHOL: Holiday — 2026-02-17
Hong Kong,2026-02-17,6469553,INTDAILY,E28,HK Infrastructure_Sustainable Bond Indicative Yields,UPDATE_NOTE,DRY_RUN,,AUTOHOL: Holiday — 2026-02-17
Hong Kong,2026-02-17,6469607,ENERGY,"D58, D59, D60",Pump Prices,UPDATE_NOTE,DRY_RUN,,AUTOHOL: Holiday — 2026-02-17
Hong Kong,2026-02-17,6469608,INTDAILY,"B75, B76, B77",Pump Prices TRANSFER,UPDATE_NOTE,DRY_RUN,,AUTOHOL: Holiday — 2026-02-17
Hong Kong,2026-02-18,6466407,INTDAILY,P64,Platinum Prices (HK),UPDATE_NOTE,DRY_RUN,,AUTOHOL: Holiday — 2026-02-18
Hong Kong,2026-02-18,6466431,INTDAILY,J08,Official Interest Rates,UPDATE_NOTE,DRY_RUN,,AUTOHOL: Holiday — 2026-02-18
Hong Kong,2026-02-18,6466458,INTDAILY,S90,Hang Seng --,UPDATE_NOTE,DRY_RUN,,AUTOHOL: Holiday — 2026-02-18
Hong Kong,2026-02-18,6466467,INTDAILY,J07,Interest Settlement Rates,UPDATE_NOTE,DRY_RUN,,AUTOHOL: Holiday — 2026-02-18
Hong Kong,2026-02-18,6466595,INTDAILY,H03,10 Year Bond Yield Total Return Calculation,UPDATE_NOTE,DRY_RUN,,AUTOHOL: Holiday — 2026-02-18
Hong Kong,2026-02-18,6466887,INTDAILY,W25,Interbank Liquidity,UPDATE_NOTE,DRY_RUN,,AUTOHOL: Holiday — 2026-02-18
Hong Kong,2026-02-18,6466889,INTDAILY,G70,Monetary Base,UPDATE_NOTE,DRY_RUN,,AUTOHOL: Holiday — 2026-02-18
Hong Kong,2026-02-18,6466890,INTDAILY,T50,Trade Weighted Index,UPDATE_NOTE,DRY_RUN,,AUTOHOL: Holiday — 2026-02-18
Hong Kong,2026-02-18,6466965,INTDAILY,W89,Renminbi Liquidity Facility,UPDATE_NOTE,DRY_RUN,,AUTOHOL: Holiday — 2026-02-18
Hong Kong,2026-02-18,6467087,INTDAILY,X91,HSI Volatility Index,UPDATE_NOTE,DRY_RUN,,AUTOHOL: Holiday — 2026-02-18
Hong Kong,2026-02-18,6467207,INTDAILY,J37,Exchange Fund Bills & Notes Fixings,UPDATE_NOTE,DRY_RUN,,AUTOHOL: Holiday — 2026-02-18
Hong Kong,2026-02-18,6467333,CMDTY,L09,Platinum Prices (HK) - Transfer to CMDTY,UPDATE_NOTE,DRY_RUN,,AUTOHOL: Holiday — 2026-02-18
Hong Kong,2026-02-18,6467479,INTDAILY,V95,HKEX Daily Transactions,UPDATE_NOTE,DRY_RUN,,AUTOHOL: Holiday — 2026-02-18
Hong Kong,2026-02-18,6467676,INTWKLY,O93,HK Centaline Salesman Index,UPDATE_NOTE,DRY_RUN,,AUTOHOL: Holiday — 2026-02-18
Hong Kong,2026-02-18,6467799,TOURISM,"W48, W49, W50",Hong Kong Passenger Traffic,UPDATE_NOTE,DRY_RUN,,AUTOHOL: Holiday — 2026-02-18
Hong Kong,2026-02-18,6467858,INTDAILY,E30,HK Infrastructure_Sustainable Bond Closing Reference Yields,UPDATE_NOTE,DRY_RUN,,AUTOHOL: Holiday — 2026-02-18
Hong Kong,2026-02-18,6467859,INTDAILY,E28,HK Infrastructure_Sustainable Bond Indicative Yields,UPDATE_NOTE,DRY_RUN,,AUTOHOL: Holiday — 2026-02-18
Hong Kong,2026-02-18,6467913,ENERGY,"D58, D59, D60",Pump Prices,UPDATE_NOTE,DRY_RUN,,AUTOHOL: Holiday — 2026-02-18
Hong Kong,2026-02-18,6467914,INTDAILY,"B75, B76, B77",Pump Prices TRANSFER,UPDATE_NOTE,DRY_RUN,,AUTOHOL: Holiday — 2026-02-18
Hong Kong,2026-02-18,6468007,INTDAILY,E68,Exchange Fund Bills Tender,UPDATE_NOTE,DRY_RUN,,AUTOHOL: Holiday — 2026-02-18
Hong Kong,2026-02-19,6464608,INTDAILY,P64,Platinum Prices (HK),UPDATE_NOTE,DRY_RUN,,AUTOHOL: Holiday — 2026-02-19
Hong Kong,2026-02-19,6464633,INTDAILY,J08,Official Interest Rates,UPDATE_NOTE,DRY_RUN,,AUTOHOL: Holiday — 2026-02-19
Hong Kong,2026-02-19,6464664,INTDAILY,S90,Hang Seng --,UPDATE_NOTE,DRY_RUN,,AUTOHOL: Holiday — 2026-02-19
Hong Kong,2026-02-19,6464674,INTDAILY,J07,Interest Settlement Rates,UPDATE_NOTE,DRY_RUN,,AUTOHOL: Holiday — 2026-02-19
Hong Kong,2026-02-19,6464773,INTWKLY,J02,Interest Settlement Rates Aggregation,UPDATE_NOTE,DRY_RUN,,AUTOHOL: Holiday — 2026-02-19
Hong Kong,2026-02-19,6464809,INTDAILY,H03,10 Year Bond Yield Total Return Calculation,UPDATE_NOTE,DRY_RUN,,AUTOHOL: Holiday — 2026-02-19
Hong Kong,2026-02-19,6465108,INTDAILY,W25,Interbank Liquidity,UPDATE_NOTE,DRY_RUN,,AUTOHOL: Holiday — 2026-02-19
Hong Kong,2026-02-19,6465111,INTDAILY,G70,Monetary Base,UPDATE_NOTE,DRY_RUN,,AUTOHOL: Holiday — 2026-02-19
Hong Kong,2026-02-19,6465112,INTDAILY,T50,Trade Weighted Index,UPDATE_NOTE,DRY_RUN,,AUTOHOL: Holiday — 2026-02-19
Hong Kong,2026-02-19,6465206,INTDAILY,W89,Renminbi Liquidity Facility,UPDATE_NOTE,DRY_RUN,,AUTOHOL: Holiday — 2026-02-19
Hong Kong,2026-02-19,6465347,INTDAILY,X91,HSI Volatility Index,UPDATE_NOTE,DRY_RUN,,AUTOHOL: Holiday — 2026-02-19
Hong Kong,2026-02-19,6465469,INTDAILY,J37,Exchange Fund Bills & Notes Fixings,UPDATE_NOTE,DRY_RUN,,AUTOHOL: Holiday — 2026-02-19
Hong Kong,2026-02-19,6465587,CMDTY,L09,Platinum Prices (HK) - Transfer to CMDTY,UPDATE_NOTE,DRY_RUN,,AUTOHOL: Holiday — 2026-02-19
Hong Kong,2026-02-19,6465735,INTDAILY,V95,HKEX Daily Transactions,UPDATE_NOTE,DRY_RUN,,AUTOHOL: Holiday — 2026-02-19
Hong Kong,2026-02-19,6465947,INTWKLY,O94,HK Centaline Valuation Index,UPDATE_NOTE,DRY_RUN,,AUTOHOL: Holiday — 2026-02-19
Hong Kong,2026-02-19,6466065,TOURISM,"W48, W49, W50",Hong Kong Passenger Traffic,UPDATE_NOTE,DRY_RUN,,AUTOHOL: Holiday — 2026-02-19
Hong Kong,2026-02-19,6466124,INTDAILY,E30,HK Infrastructure_Sustainable Bond Closing Reference Yields,UPDATE_NOTE,DRY_RUN,,AUTOHOL: Holiday — 2026-02-19
Hong Kong,2026-02-19,6466125,INTDAILY,E28,HK Infrastructure_Sustainable Bond Indicative Yields,UPDATE_NOTE,DRY_RUN,,AUTOHOL: Holiday — 2026-02-19
Hong Kong,2026-02-19,6466190,ENERGY,"D58, D59, D60",Pump Prices,UPDATE_NOTE,DRY_RUN,,AUTOHOL: Holiday — 2026-02-19
Hong Kong,2026-02-19,6466191,INTDAILY,"B75, B76, B77",Pump Prices TRANSFER,UPDATE_NOTE,DRY_RUN,,AUTOHOL: Holiday — 2026-02-19
Argentina,2026-02-16,6453151,INTDAILY,I50,International Reserves,UPDATE_NOTE,DRY_RUN,,AUTOHOL: Holiday — 2026-02-16
Argentina,2026-02-16,6453212,INTDAILY,R67,Exchange Rates,UPDATE_NOTE,DRY_RUN,,AUTOHOL: Holiday — 2026-02-16
Argentina,2026-02-16,6453279,INTDAILY,V18,Merval Indexes,UPDATE_NOTE,DRY_RUN,,AUTOHOL: Holiday — 2026-02-16
Argentina,2026-02-16,6453347,INTDAILY,J56,Interest Rate on Time Deposits,UPDATE_NOTE,DRY_RUN,,AUTOHOL: Holiday — 2026-02-16
Argentina,2026-02-16,6453349,INTDAILY,I52,BADLAR Rates,UPDATE_NOTE,DRY_RUN,,AUTOHOL: Holiday — 2026-02-16
Argentina,2026-02-16,6453350,INTWKLY,J57,BADLAR Rates Agg,UPDATE_NOTE,DRY_RUN,,AUTOHOL: Holiday — 2026-02-16
Argentina,2026-02-16,6453404,INTDAILY,J72,BAIBAR Interest Rates,UPDATE_NOTE,DRY_RUN,,AUTOHOL: Holiday — 2026-02-16
Argentina,2026-02-16,6453405,INTWKLY,J74,BAIBAR Interest Rates Agg,UPDATE_NOTE,DRY_RUN,,AUTOHOL: Holiday — 2026-02-16
Argentina,2026-02-16,6453574,INTDAILY,P22,Dolar Blue [AMBITO],UPDATE_NOTE,DRY_RUN,,AUTOHOL: Holiday — 2026-02-16
Argentina,2026-02-16,6453588,INTDAILY,H66,Dolar Blue [AMBITO] Mid,UPDATE_NOTE,DRY_RUN,,AUTOHOL: Holiday — 2026-02-16
Argentina,2026-02-16,6453611,INTWKLY,J76,Interest rate on Time Deposits Agg,UPDATE_NOTE,DRY_RUN,,AUTOHOL: Holiday — 2026-02-16
Argentina,2026-02-16,6453674,INTDAILY,J64,Policy Instruments,UPDATE_NOTE,DRY_RUN,,AUTOHOL: Holiday — 2026-02-16
Argentina,2026-02-16,6453675,INTWKLY,J56,Policy Instruments Aggregation,UPDATE_NOTE,DRY_RUN,,AUTOHOL: Holiday — 2026-02-16
Argentina,2026-02-16,6453806,INTDAILY,X74,Main Assets of Financial Institutions,UPDATE_NOTE,DRY_RUN,,AUTOHOL: Holiday — 2026-02-16
Argentina,2026-02-16,6453808,INTDAILY,X78,Main Liabilities of Financial Institutions,UPDATE_NOTE,DRY_RUN,,AUTOHOL: Holiday — 2026-02-16
Argentina,2026-02-16,6453836,INTDAILY,Y01,Effective Exchange Rate,UPDATE_NOTE,DRY_RUN,,AUTOHOL: Holiday — 2026-02-16
Argentina,2026-02-16,6453842,INTDAILY,Y04,Daily Monetary Report,UPDATE_NOTE,DRY_RUN,,AUTOHOL: Holiday — 2026-02-16
Argentina,2026-02-16,6453864,INTDAILY,Y05,Daily Monetary Report Calc [LELIQ],UPDATE_NOTE,DRY_RUN,,AUTOHOL: Holiday — 2026-02-16
Argentina,2026-02-16,6453906,INTDAILY,Y19,Non-Financial Loans,UPDATE_NOTE,DRY_RUN,,AUTOHOL: Holiday — 2026-02-16
Argentina,2026-02-16,6453909,INTWKLY,Y21,Non-Financial Loans agg,UPDATE_NOTE,DRY_RUN,,AUTOHOL: Holiday — 2026-02-16
Argentina,2026-02-16,6453943,INTDAILY,P28,Dolar CCL [AMBITO],UPDATE_NOTE,DRY_RUN,,AUTOHOL: Holiday — 2026-02-16
Argentina,2026-02-16,6454076,INTDAILY,I11,Policy Rate Check,UPDATE_NOTE,DRY_RUN,,AUTOHOL: Holiday — 2026-02-16
Argentina,2026-02-16,6454080,INTDAILY,H60,Dolar MEP [AMBITO],UPDATE_NOTE,DRY_RUN,,AUTOHOL: Holiday — 2026-02-16
Argentina,2026-02-16,6454081,INTDAILY,H61,Dolar Turista [AMBITO],UPDATE_NOTE,DRY_RUN,,AUTOHOL: Holiday — 2026-02-16
Argentina,2026-02-16,6454082,INTDAILY,H62,US$ [AMBITO] Mid,UPDATE_NOTE,DRY_RUN,,AUTOHOL: Holiday — 2026-02-16
Argentina,2026-02-16,6454083,INTDAILY,H63,US$ [AMBITO],UPDATE_NOTE,DRY_RUN,,AUTOHOL: Holiday — 2026-02-16
Argentina,2026-02-16,6454084,INTDAILY,H64,Dolar Mayorista [AMBITO] Mid,UPDATE_NOTE,DRY_RUN,,AUTOHOL: Holiday — 2026-02-16
Argentina,2026-02-16,6454085,INTDAILY,H65,Dolar Mayorista [AMBITO],UPDATE_NOTE,DRY_RUN,,AUTOHOL: Holiday — 2026-02-16
Argentina,2026-02-16,6454099,INTDAILY,T80,Interest Rates on Personal Loans,UPDATE_NOTE,DRY_RUN,,AUTOHOL: Holiday — 2026-02-16
Argentina,2026-02-16,6454100,INTWKLY,W81,Interest Rates on Personal Loans Aggregation,UPDATE_NOTE,DRY_RUN,,AUTOHOL: Holiday — 2026-02-16
Argentina,2026-02-16,6454113,INTDAILY,M71,Market Rates,UPDATE_NOTE,DRY_RUN,,AUTOHOL: Holiday — 2026-02-16
Argentina,2026-02-16,6454114,INTWKLY,M61,Market Rates AGG,UPDATE_NOTE,DRY_RUN,,AUTOHOL: Holiday — 2026-02-16
Argentina,2026-02-16,6454130,INTDAILY,P75,Commodity Price Index,UPDATE_NOTE,DRY_RUN,,AUTOHOL: Holiday — 2026-02-16
Argentina,2026-02-16,6454131,INTDAILY,P76,Commodity Price Index Weights,UPDATE_NOTE,DRY_RUN,,AUTOHOL: Holiday — 2026-02-16
Argentina,2026-02-16,6454132,CMDTY,P75,Commodity Price Index Comp,UPDATE_NOTE,DRY_RUN,,AUTOHOL: Holiday — 2026-02-16
Argentina,2026-02-16,6454133,INTWKLY,O75,Commodity Price Index Agg,UPDATE_NOTE,DRY_RUN,,AUTOHOL: Holiday — 2026-02-16
Argentina,2026-02-16,6454134,INTWKLY,O76,Commodity Price Index Weights Agg,UPDATE_NOTE,DRY_RUN,,AUTOHOL: Holiday — 2026-02-16
Argentina,2026-02-16,6454155,CMDTY,P76,Commodity Price Index Weights Comp,UPDATE_NOTE,DRY_RUN,,AUTOHOL: Holiday — 2026-02-16
Argentina,2026-02-16,6454368,INTDAILY,H42,Dolar Lujo [AMBITO],UPDATE_NOTE,DRY_RUN,,AUTOHOL: Holiday — 2026-02-16
Argentina,2026-02-16,6454369,INTDAILY,H43,Dolar Banco Nacion [AMBITO],UPDATE_NOTE,DRY_RUN,,AUTOHOL: Holiday — 2026-02-16
Argentina,2026-02-16,6454370,INTDAILY,H44,Dolar Banco Nacion [AMBITO] Mid,UPDATE_NOTE,DRY_RUN,,AUTOHOL: Holiday — 2026-02-16
Argentina,2026-02-16,6454460,INTDAILY,H09,Dolar Cripto [AMBITO],UPDATE_NOTE,DRY_RUN,,AUTOHOL: Holiday — 2026-02-16
Argentina,2026-02-16,6454461,INTDAILY,H41,Euro Blue [AMBITO],UPDATE_NOTE,DRY_RUN,,AUTOHOL: Holiday — 2026-02-16
Argentina,2026-02-16,6454462,INTDAILY,H47,Euro Blue [AMBITO] Mid,UPDATE_NOTE,DRY_RUN,,AUTOHOL: Holiday — 2026-02-16
Argentina,2026-02-16,6454463,INTDAILY,H48,Euro [AMBITO],UPDATE_NOTE,DRY_RUN,,AUTOHOL: Holiday — 2026-02-16
Argentina,2026-02-16,6454464,INTDAILY,H79,Euro [AMBITO] Mid,UPDATE_NOTE,DRY_RUN,,AUTOHOL: Holiday — 2026-02-16
Argentina,2026-02-16,6454779,INTDAILY,L06,Exchange Rate Band Check,UPDATE_NOTE,DRY_RUN,,AUTOHOL: Holiday — 2026-02-16
Argentina,2026-02-17,6468173,INTDAILY,I50,International Reserves,UPDATE_NOTE,DRY_RUN,,AUTOHOL: Holiday — 2026-02-17
Argentina,2026-02-17,6468234,INTDAILY,R67,Exchange Rates,UPDATE_NOTE,DRY_RUN,,AUTOHOL: Holiday — 2026-02-17
Argentina,2026-02-17,6468300,INTDAILY,V18,Merval Indexes,UPDATE_NOTE,DRY_RUN,,AUTOHOL: Holiday — 2026-02-17
Argentina,2026-02-17,6468363,INTDAILY,J56,Interest Rate on Time Deposits,UPDATE_NOTE,DRY_RUN,,AUTOHOL: Holiday — 2026-02-17
Argentina,2026-02-17,6468365,INTDAILY,I52,BADLAR Rates,UPDATE_NOTE,DRY_RUN,,AUTOHOL: Holiday — 2026-02-17
Argentina,2026-02-17,6468415,INTDAILY,J72,BAIBAR Interest Rates,UPDATE_NOTE,DRY_RUN,,AUTOHOL: Holiday — 2026-02-17
Argentina,2026-02-17,6468584,INTDAILY,P22,Dolar Blue [AMBITO],UPDATE_NOTE,DRY_RUN,,AUTOHOL: Holiday — 2026-02-17
Argentina,2026-02-17,6468602,INTDAILY,H66,Dolar Blue [AMBITO] Mid,UPDATE_NOTE,DRY_RUN,,AUTOHOL: Holiday — 2026-02-17
Argentina,2026-02-17,6468613,INTWKLY,M75,International Reserves AGG,UPDATE_NOTE,DRY_RUN,,AUTOHOL: Holiday — 2026-02-17
Argentina,2026-02-17,6468672,INTDAILY,J64,Policy Instruments,UPDATE_NOTE,DRY_RUN,,AUTOHOL: Holiday — 2026-02-17
Argentina,2026-02-17,6468791,INTDAILY,X74,Main Assets of Financial Institutions,UPDATE_NOTE,DRY_RUN,,AUTOHOL: Holiday — 2026-02-17
Argentina,2026-02-17,6468792,INTWKLY,T55,Main Assets of Financial Institutions Agg,UPDATE_NOTE,DRY_RUN,,AUTOHOL: Holiday — 2026-02-17
Argentina,2026-02-17,6468794,INTDAILY,X78,Main Liabilities of Financial Institutions,UPDATE_NOTE,DRY_RUN,,AUTOHOL: Holiday — 2026-02-17
Argentina,2026-02-17,6468795,INTWKLY,T54,Main Liabilities of Financial Institutions Agg,UPDATE_NOTE,DRY_RUN,,AUTOHOL: Holiday — 2026-02-17
Argentina,2026-02-17,6468817,INTDAILY,Y01,Effective Exchange Rate,UPDATE_NOTE,DRY_RUN,,AUTOHOL: Holiday — 2026-02-17
Argentina,2026-02-17,6468823,INTDAILY,Y04,Daily Monetary Report,UPDATE_NOTE,DRY_RUN,,AUTOHOL: Holiday — 2026-02-17
Argentina,2026-02-17,6468841,INTDAILY,Y05,Daily Monetary Report Calc [LELIQ],UPDATE_NOTE,DRY_RUN,,AUTOHOL: Holiday — 2026-02-17
Argentina,2026-02-17,6468876,INTDAILY,Y19,Non-Financial Loans,UPDATE_NOTE,DRY_RUN,,AUTOHOL: Holiday — 2026-02-17
Argentina,2026-02-17,6468911,INTDAILY,P28,Dolar CCL [AMBITO],UPDATE_NOTE,DRY_RUN,,AUTOHOL: Holiday — 2026-02-17
Argentina,2026-02-17,6469030,INTDAILY,I11,Policy Rate Check,UPDATE_NOTE,DRY_RUN,,AUTOHOL: Holiday — 2026-02-17
Argentina,2026-02-17,6469035,INTDAILY,H60,Dolar MEP [AMBITO],UPDATE_NOTE,DRY_RUN,,AUTOHOL: Holiday — 2026-02-17
Argentina,2026-02-17,6469036,INTDAILY,H61,Dolar Turista [AMBITO],UPDATE_NOTE,DRY_RUN,,AUTOHOL: Holiday — 2026-02-17
Argentina,2026-02-17,6469037,INTDAILY,H62,US$ [AMBITO] Mid,UPDATE_NOTE,DRY_RUN,,AUTOHOL: Holiday — 2026-02-17
Argentina,2026-02-17,6469038,INTDAILY,H63,US$ [AMBITO],UPDATE_NOTE,DRY_RUN,,AUTOHOL: Holiday — 2026-02-17
Argentina,2026-02-17,6469039,INTDAILY,H64,Dolar Mayorista [AMBITO] Mid,UPDATE_NOTE,DRY_RUN,,AUTOHOL: Holiday — 2026-02-17
Argentina,2026-02-17,6469040,INTDAILY,H65,Dolar Mayorista [AMBITO],UPDATE_NOTE,DRY_RUN,,AUTOHOL: Holiday — 2026-02-17
Argentina,2026-02-17,6469053,INTDAILY,T80,Interest Rates on Personal Loans,UPDATE_NOTE,DRY_RUN,,AUTOHOL: Holiday — 2026-02-17
Argentina,2026-02-17,6469064,INTDAILY,M71,Market Rates,UPDATE_NOTE,DRY_RUN,,AUTOHOL: Holiday — 2026-02-17
Argentina,2026-02-17,6469073,INTDAILY,P75,Commodity Price Index,UPDATE_NOTE,DRY_RUN,,AUTOHOL: Holiday — 2026-02-17
Argentina,2026-02-17,6469074,INTDAILY,P76,Commodity Price Index Weights,UPDATE_NOTE,DRY_RUN,,AUTOHOL: Holiday — 2026-02-17
Argentina,2026-02-17,6469075,CMDTY,P75,Commodity Price Index Comp,UPDATE_NOTE,DRY_RUN,,AUTOHOL: Holiday — 2026-02-17
Argentina,2026-02-17,6469087,CMDTY,P76,Commodity Price Index Weights Comp,UPDATE_NOTE,DRY_RUN,,AUTOHOL: Holiday — 2026-02-17
Argentina,2026-02-17,6469275,INTDAILY,H42,Dolar Lujo [AMBITO],UPDATE_NOTE,DRY_RUN,,AUTOHOL: Holiday — 2026-02-17
Argentina,2026-02-17,6469276,INTDAILY,H43,Dolar Banco Nacion [AMBITO],UPDATE_NOTE,DRY_RUN,,AUTOHOL: Holiday — 2026-02-17
Argentina,2026-02-17,6469277,INTDAILY,H44,Dolar Banco Nacion [AMBITO] Mid,UPDATE_NOTE,DRY_RUN,,AUTOHOL: Holiday — 2026-02-17
Argentina,2026-02-17,6469374,INTDAILY,H09,Dolar Cripto [AMBITO],UPDATE_NOTE,DRY_RUN,,AUTOHOL: Holiday — 2026-02-17
Argentina,2026-02-17,6469375,INTDAILY,H41,Euro Blue [AMBITO],UPDATE_NOTE,DRY_RUN,,AUTOHOL: Holiday — 2026-02-17
Argentina,2026-02-17,6469376,INTDAILY,H47,Euro Blue [AMBITO] Mid,UPDATE_NOTE,DRY_RUN,,AUTOHOL: Holiday — 2026-02-17
Argentina,2026-02-17,6469377,INTDAILY,H48,Euro [AMBITO],UPDATE_NOTE,DRY_RUN,,AUTOHOL: Holiday — 2026-02-17
Argentina,2026-02-17,6469378,INTDAILY,H79,Euro [AMBITO] Mid,UPDATE_NOTE,DRY_RUN,,AUTOHOL: Holiday — 2026-02-17
Argentina,2026-02-17,6469676,INTDAILY,L06,Exchange Rate Band Check,UPDATE_NOTE,DRY_RUN,,AUTOHOL: Holiday — 2026-02-17
Uganda,2026-02-16,6453192,INTDAILY,V13,Stock Indicators,UPDATE_NOTE,DRY_RUN,,AUTOHOL: Holiday — 2026-02-16
Uganda,2026-02-16,6453270,INTDAILY,V17,Exchange Rates,UPDATE_NOTE,DRY_RUN,,AUTOHOL: Holiday — 2026-02-16
Uganda,2026-02-16,6453388,INTDAILY,H15,[ Mid-Rate Calculation] Exchange Rates,UPDATE_NOTE,DRY_RUN,,AUTOHOL: Holiday — 2026-02-16
Uganda,2026-02-16,6454227,INTDAILY,H89,Uganda Bond Yields,UPDATE_NOTE,DRY_RUN,,AUTOHOL: Holiday — 2026-02-16
Uganda,2026-02-16,6454228,INTWKLY,C86,Uganda Bond Yields Agg,UPDATE_NOTE,DRY_RUN,,AUTOHOL: Holiday — 2026-02-16
Uganda,2026-02-16,6454506,INTDAILY,A81,Interbank Rates,UPDATE_NOTE,DRY_RUN,,AUTOHOL: Holiday — 2026-02-16
Uganda,2026-02-16,6454507,INTWKLY,A81,Interbank Rates Agg,UPDATE_NOTE,DRY_RUN,,AUTOHOL: Holiday — 2026-02-16
Taiwan,2026-02-16,6453231,INTDAILY,J13,3 Month Deposit Rate,UPDATE_NOTE,DRY_RUN,,AUTOHOL: Holiday — 2026-02-16
Taiwan,2026-02-16,6453470,INTDAILY,V57,Asian Stock Market - TAIEX,UPDATE_NOTE,DRY_RUN,,AUTOHOL: Holiday — 2026-02-16
Taiwan,2026-02-16,6453626,INTDAILY,W47,US Exchange Rates,UPDATE_NOTE,DRY_RUN,,AUTOHOL: Holiday — 2026-02-16
Taiwan,2026-02-16,6453627,INTDAILY,W48,Interbank Overnight Rate,UPDATE_NOTE,DRY_RUN,,AUTOHOL: Holiday — 2026-02-16
Taiwan,2026-02-16,6453785,INTDAILY,X60,Taiwan Interbank Rates [TAIBOR],UPDATE_NOTE,DRY_RUN,,AUTOHOL: Holiday — 2026-02-16
Taiwan,2026-02-16,6454039,INTDAILY,J90,TAIBIR,UPDATE_NOTE,DRY_RUN,,AUTOHOL: Holiday — 2026-02-16
Taiwan,2026-02-17,6468255,INTDAILY,J13,3 Month Deposit Rate,UPDATE_NOTE,DRY_RUN,,AUTOHOL: Holiday — 2026-02-17
Taiwan,2026-02-17,6468477,INTDAILY,V57,Asian Stock Market - TAIEX,UPDATE_NOTE,DRY_RUN,,AUTOHOL: Holiday — 2026-02-17
Taiwan,2026-02-17,6468632,INTDAILY,W47,US Exchange Rates,UPDATE_NOTE,DRY_RUN,,AUTOHOL: Holiday — 2026-02-17
Taiwan,2026-02-17,6468633,INTDAILY,W48,Interbank Overnight Rate,UPDATE_NOTE,DRY_RUN,,AUTOHOL: Holiday — 2026-02-17
Taiwan,2026-02-17,6468772,INTDAILY,X60,Taiwan Interbank Rates [TAIBOR],UPDATE_NOTE,DRY_RUN,,AUTOHOL: Holiday — 2026-02-17
Taiwan,2026-02-17,6468993,INTDAILY,J90,TAIBIR,UPDATE_NOTE,DRY_RUN,,AUTOHOL: Holiday — 2026-02-17
Taiwan,2026-02-18,6466528,INTDAILY,J13,3 Month Deposit Rate,UPDATE_NOTE,DRY_RUN,,AUTOHOL: Holiday — 2026-02-18
Taiwan,2026-02-18,6466759,INTDAILY,V57,Asian Stock Market - TAIEX,UPDATE_NOTE,DRY_RUN,,AUTOHOL: Holiday — 2026-02-18
Taiwan,2026-02-18,6466907,INTDAILY,W47,US Exchange Rates,UPDATE_NOTE,DRY_RUN,,AUTOHOL: Holiday — 2026-02-18
Taiwan,2026-02-18,6466908,INTDAILY,W48,Interbank Overnight Rate,UPDATE_NOTE,DRY_RUN,,AUTOHOL: Holiday — 2026-02-18
Taiwan,2026-02-18,6467050,INTDAILY,X60,Taiwan Interbank Rates [TAIBOR],UPDATE_NOTE,DRY_RUN,,AUTOHOL: Holiday — 2026-02-18
Taiwan,2026-02-18,6467278,INTDAILY,J90,TAIBIR,UPDATE_NOTE,DRY_RUN,,AUTOHOL: Holiday — 2026-02-18
Taiwan,2026-02-19,6464732,INTDAILY,J13,3 Month Deposit Rate,UPDATE_NOTE,DRY_RUN,,AUTOHOL: Holiday — 2026-02-19
Taiwan,2026-02-19,6464735,INTWKLY,J11,3 Month Deposit Rate Agg,UPDATE_NOTE,DRY_RUN,,AUTOHOL: Holiday — 2026-02-19
Taiwan,2026-02-19,6464972,INTDAILY,V57,Asian Stock Market - TAIEX,UPDATE_NOTE,DRY_RUN,,AUTOHOL: Holiday — 2026-02-19
Taiwan,2026-02-19,6465135,INTDAILY,W47,US Exchange Rates,UPDATE_NOTE,DRY_RUN,,AUTOHOL: Holiday — 2026-02-19
Taiwan,2026-02-19,6465136,INTDAILY,W48,Interbank Overnight Rate,UPDATE_NOTE,DRY_RUN,,AUTOHOL: Holiday — 2026-02-19
Taiwan,2026-02-19,6465305,INTDAILY,X60,Taiwan Interbank Rates [TAIBOR],UPDATE_NOTE,DRY_RUN,,AUTOHOL: Holiday — 2026-02-19
Taiwan,2026-02-19,6465306,INTWKLY,T89,Taiwan Interbank Rates [TAIBOR] Aggregation,UPDATE_NOTE,DRY_RUN,,AUTOHOL: Holiday — 2026-02-19
Taiwan,2026-02-19,6465536,INTDAILY,J90,TAIBIR,UPDATE_NOTE,DRY_RUN,,AUTOHOL: Holiday — 2026-02-19
Taiwan,2026-02-19,6465537,INTWKLY,J90,TAIBIR Aggregation,UPDATE_NOTE,DRY_RUN,,AUTOHOL: Holiday — 2026-02-19
Taiwan,2026-02-20,6463012,INTDAILY,V57,Asian Stock Market - TAIEX,UPDATE_NOTE,DRY_RUN,,AUTOHOL: Holiday — 2026-02-20
Taiwan,2026-02-20,6463191,INTDAILY,W47,US Exchange Rates,UPDATE_NOTE,DRY_RUN,,AUTOHOL: Holiday — 2026-02-20
Taiwan,2026-02-20,6463192,INTDAILY,W48,Interbank Overnight Rate,UPDATE_NOTE,DRY_RUN,,AUTOHOL: Holiday — 2026-02-20
Taiwan,2026-02-20,6463193,INTWKLY,T28,Aggregation: Taiwan US Exchange Rates,UPDATE_NOTE,DRY_RUN,,AUTOHOL: Holiday — 2026-02-20
Taiwan,2026-02-20,6463201,INTWKLY,T29,Aggregation: Taiwan Interbank Rate,UPDATE_NOTE,DRY_RUN,,AUTOHOL: Holiday — 2026-02-20
Taiwan,2026-02-20,6463676,INTWKLY,W01,Asian Stock Market - TAIEX Aggregation,UPDATE_NOTE,DRY_RUN,,AUTOHOL: Holiday — 2026-02-20
Macao,2026-02-17,6468258,INTDAILY,J14,Interbank Rates,UPDATE_NOTE,DRY_RUN,,AUTOHOL: Holiday — 2026-02-17
Macao,2026-02-17,6468259,INTDAILY,R31,Exchange Rates,UPDATE_NOTE,DRY_RUN,,AUTOHOL: Holiday — 2026-02-17
Macao,2026-02-17,6469069,INTDAILY,T60,MONIA,UPDATE_NOTE,DRY_RUN,,AUTOHOL: Holiday — 2026-02-17
Macao,2026-02-18,6466531,INTDAILY,J14,Interbank Rates,UPDATE_NOTE,DRY_RUN,,AUTOHOL: Holiday — 2026-02-18
Macao,2026-02-18,6466532,INTDAILY,R31,Exchange Rates,UPDATE_NOTE,DRY_RUN,,AUTOHOL: Holiday — 2026-02-18
Macao,2026-02-18,6467356,INTDAILY,T60,MONIA,UPDATE_NOTE,DRY_RUN,,AUTOHOL: Holiday — 2026-02-18
Macao,2026-02-19,6464736,INTDAILY,J14,Interbank Rates,UPDATE_NOTE,DRY_RUN,,AUTOHOL: Holiday — 2026-02-19
Macao,2026-02-19,6464737,INTDAILY,R31,Exchange Rates,UPDATE_NOTE,DRY_RUN,,AUTOHOL: Holiday — 2026-02-19
Macao,2026-02-19,6464740,INTWKLY,R77,Exchange Rates Aggregation,UPDATE_NOTE,DRY_RUN,,AUTOHOL: Holiday — 2026-02-19
Macao,2026-02-19,6465428,INTWKLY,J12,Interbank Rates Aggreagation,UPDATE_NOTE,DRY_RUN,,AUTOHOL: Holiday — 2026-02-19
Macao,2026-02-19,6465610,INTDAILY,T60,MONIA,UPDATE_NOTE,DRY_RUN,,AUTOHOL: Holiday — 2026-02-19
Ecuador,2026-02-17,6468432,INTWKLY,G03,Monetary Bulletin: IMS2,UPDATE_NOTE,DRY_RUN,,AUTOHOL: Holiday — 2026-02-17
Ecuador,2026-02-17,6468929,INTWKLY,O86,Monetary Bulletin: IMS13,UPDATE_NOTE,DRY_RUN,,AUTOHOL: Holiday — 2026-02-17
Ecuador,2026-02-17,6469348,INTWKLY,O74,Monetary Bulletin: IMS3,UPDATE_NOTE,DRY_RUN,,AUTOHOL: Holiday — 2026-02-17
Ecuador,2026-02-17,6469349,INTWKLY,O78,Monetary Bulletin: IMS4,UPDATE_NOTE,DRY_RUN,,AUTOHOL: Holiday — 2026-02-17
Ecuador,2026-02-17,6469350,INTWKLY,O87,Monetary Bulletin: IMS5,UPDATE_NOTE,DRY_RUN,,AUTOHOL: Holiday — 2026-02-17
Ecuador,2026-02-17,6469351,INTWKLY,O79,Monetary Bulletin: IMS6,UPDATE_NOTE,DRY_RUN,,AUTOHOL: Holiday — 2026-02-17
Ecuador,2026-02-17,6469352,INTWKLY,O80,Monetary Bulletin: IMS7,UPDATE_NOTE,DRY_RUN,,AUTOHOL: Holiday — 2026-02-17
Ecuador,2026-02-17,6469353,INTWKLY,O81,Monetary Bulletin: IMS8,UPDATE_NOTE,DRY_RUN,,AUTOHOL: Holiday — 2026-02-17
Ecuador,2026-02-17,6469354,INTWKLY,O82,Monetary Bulletin: IMS9,UPDATE_NOTE,DRY_RUN,,AUTOHOL: Holiday — 2026-02-17
Ecuador,2026-02-17,6469355,INTWKLY,O83,Monetary Bulletin: IMS10,UPDATE_NOTE,DRY_RUN,,AUTOHOL: Holiday — 2026-02-17
Ecuador,2026-02-17,6469356,INTWKLY,O84,Monetary Bulletin: IMS11,UPDATE_NOTE,DRY_RUN,,AUTOHOL: Holiday — 2026-02-17
Ecuador,2026-02-17,6469357,INTWKLY,O85,Monetary Bulletin: IMS12,UPDATE_NOTE,DRY_RUN,,AUTOHOL: Holiday — 2026-02-17
Ecuador,2026-02-17,6469436,INTWKLY,Y77,Monetary Bulletin: IMS14,UPDATE_NOTE,DRY_RUN,,AUTOHOL: Holiday — 2026-02-17
Mongolia,2026-02-18,6466879,INTDAILY,W16,Exchange Rates,UPDATE_NOTE,DRY_RUN,,AUTOHOL: Holiday — 2026-02-18
Mongolia,2026-02-18,6466954,INTDAILY,W74,Mongolia Stock Exchange Index,UPDATE_NOTE,DRY_RUN,,AUTOHOL: Holiday — 2026-02-18
Mongolia,2026-02-19,6465099,INTDAILY,W16,Exchange Rates,UPDATE_NOTE,DRY_RUN,,AUTOHOL: Holiday — 2026-02-19
Mongolia,2026-02-19,6465194,INTDAILY,W74,Mongolia Stock Exchange Index,UPDATE_NOTE,DRY_RUN,,AUTOHOL: Holiday — 2026-02-19
Mongolia,2026-02-20,6463136,INTDAILY,W16,Exchange Rates,UPDATE_NOTE,DRY_RUN,,AUTOHOL: Holiday — 2026-02-20
Mongolia,2026-02-20,6463274,INTDAILY,W74,Mongolia Stock Exchange Index,UPDATE_NOTE,DRY_RUN,,AUTOHOL: Holiday — 2026-02-20
Mongolia,2026-02-20,6463275,INTWKLY,T65,Mongolia Stock Exchange Aggregation,UPDATE_NOTE,DRY_RUN,,AUTOHOL: Holiday — 2026-02-20
Mongolia,2026-02-20,6463770,INTWKLY,H86,Exchange Rates Aggregation,UPDATE_NOTE,DRY_RUN,,AUTOHOL: Holiday — 2026-02-20
Mauritius,2026-02-17,6468651,INTDAILY,W57,Mauritius Stock,UPDATE_NOTE,DRY_RUN,,AUTOHOL: Holiday — 2026-02-17
Mauritius,2026-02-17,6468652,INTDAILY,W59,Mauritius Exchange Rates,UPDATE_NOTE,DRY_RUN,,AUTOHOL: Holiday — 2026-02-17
Mauritius,2026-02-17,6468653,INTDAILY,H10,[ Mid-Rate Calculation] Mauritius Exchange Rates,UPDATE_NOTE,DRY_RUN,,AUTOHOL: Holiday — 2026-02-17
Mauritius,2026-02-17,6468661,INTDAILY,W65,Mauritius PLIBOR,UPDATE_NOTE,DRY_RUN,,AUTOHOL: Holiday — 2026-02-17
Jamaica,2026-02-18,6466976,INTDAILY,V10,Jamaica Stock Exchange,UPDATE_NOTE,DRY_RUN,,AUTOHOL: Holiday — 2026-02-18
Jamaica,2026-02-18,6466988,INTDAILY,G36,Jamaica Exchange Rates,UPDATE_NOTE,DRY_RUN,,AUTOHOL: Holiday — 2026-02-18
Jamaica,2026-02-18,6466989,INTDAILY,H36,Mid Rates: Jamaica Exchange Rates,UPDATE_NOTE,DRY_RUN,,AUTOHOL: Holiday — 2026-02-18
Jamaica,2026-02-18,6466996,INTDAILY,X04,Jamaica USD Reference Rate,UPDATE_NOTE,DRY_RUN,,AUTOHOL: Holiday — 2026-02-18
Myanmar,2026-02-16,6453764,INTDAILY,X39,Stock Market Indicators,UPDATE_NOTE,DRY_RUN,,AUTOHOL: Holiday — 2026-02-16
Myanmar,2026-02-16,6453767,INTDAILY,X38,Exchange,UPDATE_NOTE,DRY_RUN,,AUTOHOL: Holiday — 2026-02-16
Myanmar,2026-02-16,6454498,INTDAILY,N15,Forex Market Trade Rates & Volume,UPDATE_NOTE,DRY_RUN,,AUTOHOL: Holiday — 2026-02-16
Myanmar,2026-02-16,6454572,INTDAILY,O10,Daily Activities of FX Market,UPDATE_NOTE,DRY_RUN,,AUTOHOL: Holiday — 2026-02-16
Myanmar,2026-02-17,6468751,INTDAILY,X39,Stock Market Indicators,UPDATE_NOTE,DRY_RUN,,AUTOHOL: Holiday — 2026-02-17
Myanmar,2026-02-17,6468754,INTDAILY,X38,Exchange,UPDATE_NOTE,DRY_RUN,,AUTOHOL: Holiday — 2026-02-17
Myanmar,2026-02-17,6469409,INTDAILY,N15,Forex Market Trade Rates & Volume,UPDATE_NOTE,DRY_RUN,,AUTOHOL: Holiday — 2026-02-17
Myanmar,2026-02-17,6469478,INTDAILY,O10,Daily Activities of FX Market,UPDATE_NOTE,DRY_RUN,,AUTOHOL: Holiday — 2026-02-17
Angola,2026-02-16,6453856,INTDAILY,V09,Exchange Rates,UPDATE_NOTE,DRY_RUN,,AUTOHOL: Holiday — 2026-02-16
Angola,2026-02-16,6454112,INTDAILY,C88,International Reserves,UPDATE_NOTE,DRY_RUN,,AUTOHOL: Holiday — 2026-02-16
Angola,2026-02-16,6454596,INTDAILY,A23,Parallel Exchange Rates,UPDATE_NOTE,DRY_RUN,,AUTOHOL: Holiday — 2026-02-16
Angola,2026-02-16,6454597,INTDAILY,A24,Parallel Exchange Mid Rates,UPDATE_NOTE,DRY_RUN,,AUTOHOL: Holiday — 2026-02-16
Angola,2026-02-17,6468835,INTDAILY,V09,Exchange Rates,UPDATE_NOTE,DRY_RUN,,AUTOHOL: Holiday — 2026-02-17
Angola,2026-02-17,6469063,INTDAILY,C88,International Reserves,UPDATE_NOTE,DRY_RUN,,AUTOHOL: Holiday — 2026-02-17
Angola,2026-02-17,6469509,INTDAILY,A23,Parallel Exchange Rates,UPDATE_NOTE,DRY_RUN,,AUTOHOL: Holiday — 2026-02-17
Angola,2026-02-17,6469510,INTDAILY,A24,Parallel Exchange Mid Rates,UPDATE_NOTE,DRY_RUN,,AUTOHOL: Holiday — 2026-02-17
Suriname,2026-02-17,6468903,INTDAILY,Y36,Exchange Rates,UPDATE_NOTE,DRY_RUN,,AUTOHOL: Holiday — 2026-02-17
Suriname,2026-02-17,6468904,INTDAILY,Y37,Exchange Rates [Mid],UPDATE_NOTE,DRY_RUN,,AUTOHOL: Holiday — 2026-02-17
Nepal,2026-02-18,6467377,INTDAILY,M72,Nepal Stock Exchange,UPDATE_NOTE,DRY_RUN,,AUTOHOL: Holiday — 2026-02-18
Nepal,2026-02-18,6467384,INTDAILY,M78,Exchange Rates,UPDATE_NOTE,DRY_RUN,,AUTOHOL: Holiday — 2026-02-18
Nepal,2026-02-18,6467385,INTDAILY,M79,Exchange Rates MID,UPDATE_NOTE,DRY_RUN,,AUTOHOL: Holiday — 2026-02-18
Nepal,2026-02-19,6465638,INTDAILY,M72,Nepal Stock Exchange,UPDATE_NOTE,DRY_RUN,,AUTOHOL: Holiday — 2026-02-19
Nepal,2026-02-19,6465639,INTWKLY,M78,Nepal Stock Exchange AGG,UPDATE_NOTE,DRY_RUN,,AUTOHOL: Holiday — 2026-02-19
Nepal,2026-02-19,6465649,INTDAILY,M78,Exchange Rates,UPDATE_NOTE,DRY_RUN,,AUTOHOL: Holiday — 2026-02-19
Nepal,2026-02-19,6465650,INTDAILY,M79,Exchange Rates MID,UPDATE_NOTE,DRY_RUN,,AUTOHOL: Holiday — 2026-02-19
Maldives,2026-02-18,6467549,INTDAILY,U05,Exchange Rates,UPDATE_NOTE,DRY_RUN,,AUTOHOL: Holiday — 2026-02-18
Maldives,2026-02-18,6467597,TOURISM,"C75, C76, C77",Maldives Daily Tourists,UPDATE_NOTE,DRY_RUN,,AUTOHOL: Holiday — 2026-02-18
Panama,2026-02-17,6469385,TRANSPRT,"P48, P49, P50",Gatun Lake Water Level,UPDATE_NOTE,DRY_RUN,,AUTOHOL: Holiday — 2026-02-17
Panama,2026-02-17,6469483,GLSECTOR,"W70, W59, W69",Gatun Lake Water Level Transfer,UPDATE_NOTE,DRY_RUN,,AUTOHOL: Holiday — 2026-02-17
Libya,2026-02-17,6469580,INTDAILY,"B43, B44, B45",Parallel Exchange Rate,UPDATE_NOTE,DRY_RUN,,AUTOHOL: Holiday — 2026-02-17
Libya,2026-02-17,6469587,INTDAILY,"E10, E11, E12",Exchange Rates,UPDATE_NOTE,DRY_RUN,,AUTOHOL: Holiday — 2026-02-17
Libya,2026-02-17,6469638,INTDAILY,"E27, E29, E39",LY Black Parallel Exchange Rate,UPDATE_NOTE,DRY_RUN,,AUTOHOL: Holiday — 2026-02-17
Sierra Leone,2026-02-18,6467952,INTDAILY,A04,Exchange Rates,UPDATE_NOTE,DRY_RUN,,AUTOHOL: Holiday — 2026-02-18
Bolivia,2026-02-16,6452995,INTDAILY,R97,Exchange Rates,UPDATE_NOTE,PLANNED,,"AUTOHOL: Holiday, 02/16/2026"
Bolivia,2026-02-16,6453398,INTDAILY,Y53,Exchange Rates Mid-Rates Calculation,UPDATE_NOTE,PLANNED,,"AUTOHOL: Holiday, 02/16/2026"
Bolivia,2026-02-17,6468024,INTDAILY,R97,Exchange Rates,UPDATE_NOTE,PLANNED,,"AUTOHOL: Holiday, 02/17/2026"
Bolivia,2026-02-17,6468411,INTDAILY,Y53,Exchange Rates Mid-Rates Calculation,UPDATE_NOTE,PLANNED,,"AUTOHOL: Holiday, 02/17/2026"
China,2026-02-16,6453002,CHINA,Various,INDIA/CHINA QA Feedback,UPDATE_NOTE,PLANNED,,"AUTOHOL: Holiday, 02/16/2026"
China,2026-02-16,6453005,CHINA,Various groups,China CEIC,UPDATE_NOTE,PLANNED,,"AUTOHOL: Holiday, 02/16/2026"
China,2026-02-16,6453153,INTDAILY,V59,Asian Stock Market -China Stock Indexes,UPDATE_NOTE,PLANNED,,"AUTOHOL: Holiday, 02/16/2026"
China,2026-02-16,6453290,INTDAILY,P68,Wholesale Price Index,UPDATE_NOTE,PLANNED,,"AUTOHOL: Holiday, 02/16/2026"
China,2026-02-16,6453430,CMDTY,L75,Shanghai Gold Exchange Prices,UPDATE_NOTE,PLANNED,,"AUTOHOL: Holiday, 02/16/2026"
China,2026-02-16,6453484,CHINA,Various groups,China CEIC Check,UPDATE_NOTE,PLANNED,,"AUTOHOL: Holiday, 02/16/2026"
China,2026-02-16,6453554,INTDAILY,S99,PBC: OMO Zero,UPDATE_NOTE,PLANNED,,"AUTOHOL: Holiday, 02/16/2026"
China,2026-02-16,6453555,INTDAILY,V96,PBC: OMO Calculation,UPDATE_NOTE,PLANNED,,"AUTOHOL: Holiday, 02/16/2026"
China,2026-02-16,6453578,CMDTY,L39,SHFE,UPDATE_NOTE,PLANNED,,"AUTOHOL: Holiday, 02/16/2026"
China,2026-02-16,6453593,EMERGEPR,Various,CHINA to EMERGEPR Compare,UPDATE_NOTE,PLANNED,,"AUTOHOL: Holiday, 02/16/2026"
China,2026-02-16,6453751,INTDAILY,S99/X95,PBoC Operations/HK CMU CHECK,UPDATE_NOTE,PLANNED,check 2/14 data,"check 2/14 data | AUTOHOL: Holiday, 02/16/2026"
China,2026-02-16,6453816,FMRCOIND,F21,OMO China Net Injection,UPDATE_NOTE,PLANNED,,"AUTOHOL: Holiday, 02/16/2026"
China,2026-02-16,6453824,CHINA,Various,China CEIC,UPDATE_NOTE,PLANNED,,"AUTOHOL: Holiday, 02/16/2026"
China,2026-02-16,6453873,CMDTY,M44,Oil Prices CMDTY,UPDATE_NOTE,PLANNED,,"AUTOHOL: Holiday, 02/16/2026"
China,2026-02-16,6454020,INTDAILY,V67,Bond Issuance,UPDATE_NOTE,PLANNED,may have 2/14 data?,"may have 2/14 data? | AUTOHOL: Holiday, 02/16/2026"
China,2026-02-16,6456436,INTWKLY,V88,Bond Issuance (not in global must be forced manually),UPDATE_NOTE,PLANNED,,"AUTOHOL: Holiday, 02/16/2026"
China,2026-02-16,6454041,TRANSPRT,"T96, T97, T98",Subway Passenger Volume for Selected Transit Agencies,UPDATE_NOTE,PLANNED,,"AUTOHOL: Holiday, 02/16/2026"
China,2026-02-16,6454043,TRANSPRT,"U02, U03, U04",Subway Passenger Volume for Selected Transit Agencies - Eviews,UPDATE_NOTE,PLANNED,,"AUTOHOL: Holiday, 02/16/2026"
China,2026-02-16,6454077,INTDAILY,G74,China Government Bonds,UPDATE_NOTE,PLANNED,update 2/14 data,"update 2/14 data | AUTOHOL: Holiday, 02/16/2026"
China,2026-02-16,6454180,TRANSPRT,"B12, B13, B14",China Subway Volume,UPDATE_NOTE,PLANNED,,"AUTOHOL: Holiday, 02/16/2026"
China,2026-02-16,6454181,TRANSPRT,"U05, U06, U07",Baidu Congestion Index,UPDATE_NOTE,PLANNED,,"AUTOHOL: Holiday, 02/16/2026"
China,2026-02-16,6454191,GLSECTOR,"F65, F66, F67",Maoyan Box,UPDATE_NOTE,PLANNED,,"AUTOHOL: Holiday, 02/16/2026"
China,2026-02-16,6454194,CNSECTOR,"I65,I66,I67",Maoyan Box CMP to CNSECTOR,UPDATE_NOTE,PLANNED,,"AUTOHOL: Holiday, 02/16/2026"
China,2026-02-16,6454231,INTDAILY,T86,Repeating Term Lending Facility,UPDATE_NOTE,PLANNED,,"AUTOHOL: Holiday, 02/16/2026"
China,2026-02-16,6454232,CHINA,Various groups,China CEIC Check,UPDATE_NOTE,PLANNED,,"AUTOHOL: Holiday, 02/16/2026"
China,2026-02-16,6454247,ENERGY,"O85, C50, C51",Coal Production and Inventory,UPDATE_NOTE,PLANNED,,"AUTOHOL: Holiday, 02/16/2026"
China,2026-02-16,6454248,INTDAILY,"C85, C86, C87",Coal Production and Inventory Transfer,UPDATE_NOTE,PLANNED,,"AUTOHOL: Holiday, 02/16/2026"
China,2026-02-16,6454251,INTDAILY,M18,Beijing Stock Exchange,UPDATE_NOTE,PLANNED,,"AUTOHOL: Holiday, 02/16/2026"
China,2026-02-16,6454255,INTDAILY,U74,Thermal Coal Futures,UPDATE_NOTE,PLANNED,,"AUTOHOL: Holiday, 02/16/2026"
China,2026-02-16,6454256,CMDTY,M51,Thermal Coal Futures Comp,UPDATE_NOTE,PLANNED,,"AUTOHOL: Holiday, 02/16/2026"
China,2026-02-16,6454257,INTDAILY,I71,Treasury Yields and Medium Term Notes,UPDATE_NOTE,PLANNED,,"AUTOHOL: Holiday, 02/16/2026"
China,2026-02-16,6454260,INTDAILY,G94,"Treasury Yields, Short Term Notes, Repo Rates",UPDATE_NOTE,PLANNED,,"AUTOHOL: Holiday, 02/16/2026"
China,2026-02-16,6454271,INTDAILY,U60,Pledged Repo,UPDATE_NOTE,PLANNED,update 2/14 data,"update 2/14 data | AUTOHOL: Holiday, 02/16/2026"
China,2026-02-16,6454272,INTDAILY,P33,Wholesale Agricultural Prices,UPDATE_NOTE,PLANNED,,"AUTOHOL: Holiday, 02/16/2026"
China,2026-02-16,6454273,CMDTY,P41,Wholesale Agricultural Prices CMP,UPDATE_NOTE,PLANNED,,"AUTOHOL: Holiday, 02/16/2026"
China,2026-02-16,6454279,INTDAILY,"U17, U18, U19",Alipay Tianhong Yue Bao Fund,UPDATE_NOTE,PLANNED,,"AUTOHOL: Holiday, 02/16/2026"
China,2026-02-16,6454280,INTDAILY,M24,Parity Rates CFETS,UPDATE_NOTE,PLANNED,,"AUTOHOL: Holiday, 02/16/2026"
China,2026-02-16,6454282,INTDAILY,U59,Shanghai Stock Connect,UPDATE_NOTE,PLANNED,,"AUTOHOL: Holiday, 02/16/2026"
China,2026-02-16,6454283,INTDAILY,U40,Shanghai Stock Exchange Trading Statistics,UPDATE_NOTE,PLANNED,,"AUTOHOL: Holiday, 02/16/2026"
China,2026-02-16,6454303,INTDAILY,Various,BACKUP China CFETS to K,UPDATE_NOTE,PLANNED,,"AUTOHOL: Holiday, 02/16/2026"
China,2026-02-16,6454342,INTDAILY,D40,Central Bank Bill Yields,UPDATE_NOTE,PLANNED,,"AUTOHOL: Holiday, 02/16/2026"
China,2026-02-16,6454354,INTDAILY,D45,Corporate Bond Yields,UPDATE_NOTE,PLANNED,,"AUTOHOL: Holiday, 02/16/2026"
China,2026-02-16,6454367,INTDAILY,D48,NCDs,UPDATE_NOTE,PLANNED,,"AUTOHOL: Holiday, 02/16/2026"
China,2026-02-16,6454378,INTDAILY,D54,Government-sponsored Agency Bonds,UPDATE_NOTE,PLANNED,,"AUTOHOL: Holiday, 02/16/2026"
China,2026-02-16,6454381,INTDAILY,D57,Policy Bank Bonds by Rating,UPDATE_NOTE,PLANNED,,"AUTOHOL: Holiday, 02/16/2026"
China,2026-02-16,6454382,INTDAILY,D60,Corporate Bonds by Rating,UPDATE_NOTE,PLANNED,,"AUTOHOL: Holiday, 02/16/2026"
China,2026-02-16,6454385,INTDAILY,D63,Medium Term Notes by Rating,UPDATE_NOTE,PLANNED,,"AUTOHOL: Holiday, 02/16/2026"
China,2026-02-16,6454392,INTDAILY,D66,Local Government Bonds by Rating,UPDATE_NOTE,PLANNED,,"AUTOHOL: Holiday, 02/16/2026"
China,2026-02-16,6454398,INTDAILY,D69,Financial Bonds of Commercial Banks by Rating,UPDATE_NOTE,PLANNED,,"AUTOHOL: Holiday, 02/16/2026"
China,2026-02-16,6454407,INTDAILY,D72,Secondary Capital Bond of Commercial Banks,UPDATE_NOTE,PLANNED,,"AUTOHOL: Holiday, 02/16/2026"
China,2026-02-16,6454413,ENERGY,K52,Oil Commodity Prices Update,UPDATE_NOTE,PLANNED,,"AUTOHOL: Holiday, 02/16/2026"
China,2026-02-16,6454414,INTDAILY,P69,Oil Commodity Prices INTDAILY TRANSFER,UPDATE_NOTE,PLANNED,,"AUTOHOL: Holiday, 02/16/2026"
China,2026-02-16,6454419,INTDAILY,D75,Asset-Backed Securities by Rating,UPDATE_NOTE,PLANNED,,"AUTOHOL: Holiday, 02/16/2026"
China,2026-02-16,6454422,INTDAILY,D78,Commercial Paper of Securities Company by Rating,UPDATE_NOTE,PLANNED,,"AUTOHOL: Holiday, 02/16/2026"
China,2026-02-16,6454423,CNSECTOR,"U05, U06, U07",Baidu Congestion Index,UPDATE_NOTE,PLANNED,,"AUTOHOL: Holiday, 02/16/2026"
China,2026-02-16,6454424,CNSECTOR,"T96, T97, T98, U02, U03, U04",Subway Passenger Volume for Selected Transit Agencies CNSECTOR,UPDATE_NOTE,PLANNED,,"AUTOHOL: Holiday, 02/16/2026"
China,2026-02-16,6454425,CNSECTOR,"C85, C86, C87",Coal Production and Inventory,UPDATE_NOTE,PLANNED,,"AUTOHOL: Holiday, 02/16/2026"
China,2026-02-16,6454438,TRANSPRT,"U59, U66, U67",Baidu Migration Scale Index,UPDATE_NOTE,PLANNED,,"AUTOHOL: Holiday, 02/16/2026"
China,2026-02-16,6454439,CNSECTOR,"U59, U66, U67",Baidu Migration Scale Index Comp,UPDATE_NOTE,PLANNED,,"AUTOHOL: Holiday, 02/16/2026"
China,2026-02-16,6454486,CHINAR,D95,Air Quality Index [Province] Eviews,UPDATE_NOTE,PLANNED,,"AUTOHOL: Holiday, 02/16/2026"
China,2026-02-16,6454487,INTDAILY,V42,Air Quality Index COMP to INTDAILY,UPDATE_NOTE,PLANNED,,"AUTOHOL: Holiday, 02/16/2026"
China,2026-02-16,6454522,CHINAR,C97,Air Quality Index,UPDATE_NOTE,PLANNED,,"AUTOHOL: Holiday, 02/16/2026"
China,2026-02-16,6454529,INTDAILY,D84,Private Placement Notes (PPN),UPDATE_NOTE,PLANNED,,"AUTOHOL: Holiday, 02/16/2026"
China,2026-02-16,6454531,CMDTY,M59,SHFE Volume & Positions,UPDATE_NOTE,PLANNED,,"AUTOHOL: Holiday, 02/16/2026"
China,2026-02-16,6454560,TRANSPRT,"T62, T63, T72",Yangtze Water Level - AM Comp,UPDATE_NOTE,PLANNED,,"AUTOHOL: Holiday, 02/16/2026"
China,2026-02-16,6454561,GLSECTOR,"V61, V62, V63",Yangtze Water Level - PM,UPDATE_NOTE,PLANNED,,"AUTOHOL: Holiday, 02/16/2026"
China,2026-02-16,6454563,TRANSPRT,"W66, W67, W68",Yangtze Water Level - PM Comp,UPDATE_NOTE,PLANNED,,"AUTOHOL: Holiday, 02/16/2026"
China,2026-02-16,6454564,GLSECTOR,"V67, V68, V69",Yangtze Water Level - AM,UPDATE_NOTE,PLANNED,,"AUTOHOL: Holiday, 02/16/2026"
China,2026-02-16,6454573,INTDAILY,"D91, D92, D93",Forward Rates,UPDATE_NOTE,PLANNED,,"AUTOHOL: Holiday, 02/16/2026"
China,2026-02-16,6454629,TRANSPRT,C83,Selected Weekly Transportation Indicators,UPDATE_NOTE,PLANNED,,"AUTOHOL: Holiday, 02/16/2026"
China,2026-02-16,6454714,INTDAILY,Various,CFETS Daily Bulletin Backup,UPDATE_NOTE,PLANNED,,"AUTOHOL: Holiday, 02/16/2026"
China,2026-02-16,6454723,INTDAILY,"K59, K76, K77",Interest Rate Swap,UPDATE_NOTE,PLANNED,update 2/14 data,"update 2/14 data | AUTOHOL: Holiday, 02/16/2026"
China,2026-02-16,6454731,CMDTY,L55,Shanghai Gold Exchange Benchmark,UPDATE_NOTE,PLANNED,,"AUTOHOL: Holiday, 02/16/2026"
China,2026-02-16,6454764,INTDAILY,K97,Margin Trading Transaction,UPDATE_NOTE,PLANNED,,"AUTOHOL: Holiday, 02/16/2026"
China,2026-02-16,6454765,INTWKLY,K97,Margin Trading Transaction AGG,UPDATE_NOTE,PLANNED,,"AUTOHOL: Holiday, 02/16/2026"
China,2026-02-16,6454783,CMDTY,M30,Shanghai Metals Market Prices,UPDATE_NOTE,PLANNED,,"AUTOHOL: Holiday, 02/16/2026"
China,2026-02-16,6469757,TRANSPRT,"U83,U95,U96",LNY Passenger Volume,UPDATE_NOTE,PLANNED,,"AUTOHOL: Holiday, 02/16/2026"
China,2026-02-17,6468031,CHINA,Various,INDIA/CHINA QA Feedback,UPDATE_NOTE,PLANNED,,"AUTOHOL: Holiday, 02/17/2026"
China,2026-02-17,6468034,CHINA,Various groups,China CEIC,UPDATE_NOTE,PLANNED,,"AUTOHOL: Holiday, 02/17/2026"
China,2026-02-17,6468175,INTDAILY,V59,Asian Stock Market -China Stock Indexes,UPDATE_NOTE,PLANNED,,"AUTOHOL: Holiday, 02/17/2026"
China,2026-02-17,6468311,INTDAILY,P68,Wholesale Price Index,UPDATE_NOTE,PLANNED,,"AUTOHOL: Holiday, 02/17/2026"
China,2026-02-17,6468440,CMDTY,L75,Shanghai Gold Exchange Prices,UPDATE_NOTE,PLANNED,,"AUTOHOL: Holiday, 02/17/2026"
China,2026-02-17,6468489,CHINA,Various groups,China CEIC Check,UPDATE_NOTE,PLANNED,,"AUTOHOL: Holiday, 02/17/2026"
China,2026-02-17,6468563,INTDAILY,S99,PBC: OMO Zero,UPDATE_NOTE,PLANNED,,"AUTOHOL: Holiday, 02/17/2026"
China,2026-02-17,6468564,INTDAILY,V96,PBC: OMO Calculation,UPDATE_NOTE,PLANNED,,"AUTOHOL: Holiday, 02/17/2026"
China,2026-02-17,6468592,CMDTY,L39,SHFE,UPDATE_NOTE,PLANNED,,"AUTOHOL: Holiday, 02/17/2026"
China,2026-02-17,6468606,EMERGEPR,Various,CHINA to EMERGEPR Compare,UPDATE_NOTE,PLANNED,,"AUTOHOL: Holiday, 02/17/2026"
China,2026-02-17,6468686,INTWKLY,T66,China Agricultural Food Prices,UPDATE_NOTE,PLANNED,,"AUTOHOL: Holiday, 02/17/2026"
China,2026-02-17,6468803,FMRCOIND,F21,OMO China Net Injection,UPDATE_NOTE,PLANNED,,"AUTOHOL: Holiday, 02/17/2026"
China,2026-02-17,6468809,CHINA,Various,China CEIC,UPDATE_NOTE,PLANNED,,"AUTOHOL: Holiday, 02/17/2026"
China,2026-02-17,6468995,TRANSPRT,"T96, T97, T98",Subway Passenger Volume for Selected Transit Agencies,UPDATE_NOTE,PLANNED,,"AUTOHOL: Holiday, 02/17/2026"
China,2026-02-17,6468999,TRANSPRT,"U02, U03, U04",Subway Passenger Volume for Selected Transit Agencies - Eviews,UPDATE_NOTE,PLANNED,,"AUTOHOL: Holiday, 02/17/2026"
China,2026-02-17,6469109,TRANSPRT,"B12, B13, B14",China Subway Volume,UPDATE_NOTE,PLANNED,,"AUTOHOL: Holiday, 02/17/2026"
China,2026-02-17,6469110,TRANSPRT,"U05, U06, U07",Baidu Congestion Index,UPDATE_NOTE,PLANNED,,"AUTOHOL: Holiday, 02/17/2026"
China,2026-02-17,6469119,GLSECTOR,"F65, F66, F67",Maoyan Box,UPDATE_NOTE,PLANNED,,"AUTOHOL: Holiday, 02/17/2026"
China,2026-02-17,6469121,CNSECTOR,"I65,I66,I67",Maoyan Box CMP to CNSECTOR,UPDATE_NOTE,PLANNED,,"AUTOHOL: Holiday, 02/17/2026"
China,2026-02-17,6469155,INTDAILY,T86,Repeating Term Lending Facility,UPDATE_NOTE,PLANNED,,"AUTOHOL: Holiday, 02/17/2026"
China,2026-02-17,6469156,CHINA,Various groups,China CEIC Check,UPDATE_NOTE,PLANNED,,"AUTOHOL: Holiday, 02/17/2026"
China,2026-02-17,6469167,ENERGY,"O85, C50, C51",Coal Production and Inventory,UPDATE_NOTE,PLANNED,,"AUTOHOL: Holiday, 02/17/2026"
China,2026-02-17,6469168,INTDAILY,"C85, C86, C87",Coal Production and Inventory Transfer,UPDATE_NOTE,PLANNED,,"AUTOHOL: Holiday, 02/17/2026"
China,2026-02-17,6469173,INTDAILY,M18,Beijing Stock Exchange,UPDATE_NOTE,PLANNED,,"AUTOHOL: Holiday, 02/17/2026"
China,2026-02-17,6469176,INTDAILY,U74,Thermal Coal Futures,UPDATE_NOTE,PLANNED,,"AUTOHOL: Holiday, 02/17/2026"
China,2026-02-17,6469177,CMDTY,M51,Thermal Coal Futures Comp,UPDATE_NOTE,PLANNED,,"AUTOHOL: Holiday, 02/17/2026"
China,2026-02-17,6469178,INTDAILY,I71,Treasury Yields and Medium Term Notes,UPDATE_NOTE,PLANNED,,"AUTOHOL: Holiday, 02/17/2026"
China,2026-02-17,6469181,INTDAILY,G94,"Treasury Yields, Short Term Notes, Repo Rates",UPDATE_NOTE,PLANNED,,"AUTOHOL: Holiday, 02/17/2026"
China,2026-02-17,6469190,INTDAILY,P33,Wholesale Agricultural Prices,UPDATE_NOTE,PLANNED,,"AUTOHOL: Holiday, 02/17/2026"
China,2026-02-17,6469191,CMDTY,P41,Wholesale Agricultural Prices CMP,UPDATE_NOTE,PLANNED,,"AUTOHOL: Holiday, 02/17/2026"
China,2026-02-17,6469197,INTDAILY,"U17, U18, U19",Alipay Tianhong Yue Bao Fund,UPDATE_NOTE,PLANNED,,"AUTOHOL: Holiday, 02/17/2026"
China,2026-02-17,6469198,INTDAILY,M24,Parity Rates CFETS,UPDATE_NOTE,PLANNED,,"AUTOHOL: Holiday, 02/17/2026"
China,2026-02-17,6469200,INTDAILY,U59,Shanghai Stock Connect,UPDATE_NOTE,PLANNED,,"AUTOHOL: Holiday, 02/17/2026"
China,2026-02-17,6469201,INTDAILY,U40,Shanghai Stock Exchange Trading Statistics,UPDATE_NOTE,PLANNED,,"AUTOHOL: Holiday, 02/17/2026"
China,2026-02-17,6469222,INTDAILY,Various,BACKUP China CFETS to K,UPDATE_NOTE,PLANNED,,"AUTOHOL: Holiday, 02/17/2026"
China,2026-02-17,6469253,INTDAILY,D40,Central Bank Bill Yields,UPDATE_NOTE,PLANNED,,"AUTOHOL: Holiday, 02/17/2026"
China,2026-02-17,6469262,INTDAILY,D45,Corporate Bond Yields,UPDATE_NOTE,PLANNED,,"AUTOHOL: Holiday, 02/17/2026"
China,2026-02-17,6469274,INTDAILY,D48,NCDs,UPDATE_NOTE,PLANNED,,"AUTOHOL: Holiday, 02/17/2026"
China,2026-02-17,6469284,INTDAILY,D54,Government-sponsored Agency Bonds,UPDATE_NOTE,PLANNED,,"AUTOHOL: Holiday, 02/17/2026"
China,2026-02-17,6469287,INTDAILY,D57,Policy Bank Bonds by Rating,UPDATE_NOTE,PLANNED,,"AUTOHOL: Holiday, 02/17/2026"
China,2026-02-17,6469288,INTDAILY,D60,Corporate Bonds by Rating,UPDATE_NOTE,PLANNED,,"AUTOHOL: Holiday, 02/17/2026"
China,2026-02-17,6469292,INTDAILY,D63,Medium Term Notes by Rating,UPDATE_NOTE,PLANNED,,"AUTOHOL: Holiday, 02/17/2026"
China,2026-02-17,6469299,INTDAILY,D66,Local Government Bonds by Rating,UPDATE_NOTE,PLANNED,,"AUTOHOL: Holiday, 02/17/2026"
China,2026-02-17,6469304,INTWKLY,K85,Coal Production and Inventory Agg,UPDATE_NOTE,PLANNED,,"AUTOHOL: Holiday, 02/17/2026"
China,2026-02-17,6469308,INTDAILY,D69,Financial Bonds of Commercial Banks by Rating,UPDATE_NOTE,PLANNED,,"AUTOHOL: Holiday, 02/17/2026"
China,2026-02-17,6469321,INTDAILY,D72,Secondary Capital Bond of Commercial Banks,UPDATE_NOTE,PLANNED,,"AUTOHOL: Holiday, 02/17/2026"
China,2026-02-17,6469325,ENERGY,K52,Oil Commodity Prices Update,UPDATE_NOTE,PLANNED,,"AUTOHOL: Holiday, 02/17/2026"
China,2026-02-17,6469326,INTDAILY,P69,Oil Commodity Prices INTDAILY TRANSFER,UPDATE_NOTE,PLANNED,,"AUTOHOL: Holiday, 02/17/2026"
China,2026-02-17,6469331,INTDAILY,D75,Asset-Backed Securities by Rating,UPDATE_NOTE,PLANNED,,"AUTOHOL: Holiday, 02/17/2026"
China,2026-02-17,6469333,INTDAILY,D78,Commercial Paper of Securities Company by Rating,UPDATE_NOTE,PLANNED,,"AUTOHOL: Holiday, 02/17/2026"
China,2026-02-17,6469334,CNSECTOR,"U05, U06, U07",Baidu Congestion Index,UPDATE_NOTE,PLANNED,,"AUTOHOL: Holiday, 02/17/2026"
China,2026-02-17,6469335,CNSECTOR,"T96, T97, T98, U02, U03, U04",Subway Passenger Volume for Selected Transit Agencies CNSECTOR,UPDATE_NOTE,PLANNED,,"AUTOHOL: Holiday, 02/17/2026"
China,2026-02-17,6469336,CNSECTOR,"C85, C86, C87",Coal Production and Inventory,UPDATE_NOTE,PLANNED,,"AUTOHOL: Holiday, 02/17/2026"
China,2026-02-17,6469346,TRANSPRT,"U59, U66, U67",Baidu Migration Scale Index,UPDATE_NOTE,PLANNED,,"AUTOHOL: Holiday, 02/17/2026"
China,2026-02-17,6469347,CNSECTOR,"U59, U66, U67",Baidu Migration Scale Index Comp,UPDATE_NOTE,PLANNED,,"AUTOHOL: Holiday, 02/17/2026"
China,2026-02-17,6469400,CHINAR,D95,Air Quality Index [Province] Eviews,UPDATE_NOTE,PLANNED,,"AUTOHOL: Holiday, 02/17/2026"
China,2026-02-17,6469401,INTDAILY,V42,Air Quality Index COMP to INTDAILY,UPDATE_NOTE,PLANNED,,"AUTOHOL: Holiday, 02/17/2026"
China,2026-02-17,6469428,CHINAR,C97,Air Quality Index,UPDATE_NOTE,PLANNED,,"AUTOHOL: Holiday, 02/17/2026"
China,2026-02-17,6469435,INTDAILY,D84,Private Placement Notes (PPN),UPDATE_NOTE,PLANNED,,"AUTOHOL: Holiday, 02/17/2026"
China,2026-02-17,6469438,CMDTY,M59,SHFE Volume & Positions,UPDATE_NOTE,PLANNED,,"AUTOHOL: Holiday, 02/17/2026"
China,2026-02-17,6469465,TRANSPRT,"T62, T63, T72",Yangtze Water Level - AM Comp,UPDATE_NOTE,PLANNED,,"AUTOHOL: Holiday, 02/17/2026"
China,2026-02-17,6469466,GLSECTOR,"V61, V62, V63",Yangtze Water Level - PM,UPDATE_NOTE,PLANNED,,"AUTOHOL: Holiday, 02/17/2026"
China,2026-02-17,6469468,TRANSPRT,"W66, W67, W68",Yangtze Water Level - PM Comp,UPDATE_NOTE,PLANNED,,"AUTOHOL: Holiday, 02/17/2026"
China,2026-02-17,6469469,GLSECTOR,"V67, V68, V69",Yangtze Water Level - AM,UPDATE_NOTE,PLANNED,,"AUTOHOL: Holiday, 02/17/2026"
China,2026-02-17,6469479,INTDAILY,"D91, D92, D93",Forward Rates,UPDATE_NOTE,PLANNED,,"AUTOHOL: Holiday, 02/17/2026"
China,2026-02-17,6469619,INTDAILY,Various,CFETS Daily Bulletin Backup,UPDATE_NOTE,PLANNED,,"AUTOHOL: Holiday, 02/17/2026"
China,2026-02-17,6469632,CMDTY,L55,Shanghai Gold Exchange Benchmark,UPDATE_NOTE,PLANNED,,"AUTOHOL: Holiday, 02/17/2026"
China,2026-02-17,6469679,CMDTY,M30,Shanghai Metals Market Prices,UPDATE_NOTE,PLANNED,,"AUTOHOL: Holiday, 02/17/2026"
China,2026-02-17,6469756,TRANSPRT,"U83,U95,U96",LNY Passenger Volume,UPDATE_NOTE,PLANNED,,"AUTOHOL: Holiday, 02/17/2026"
China,2026-02-18,6466305,CHINA,Various,INDIA/CHINA QA Feedback,UPDATE_NOTE,PLANNED,,"AUTOHOL: Holiday, 02/18/2026"
China,2026-02-18,6466308,CHINA,Various groups,China CEIC,UPDATE_NOTE,PLANNED,,"AUTOHOL: Holiday, 02/18/2026"
China,2026-02-18,6466447,INTDAILY,V59,Asian Stock Market -China Stock Indexes,UPDATE_NOTE,PLANNED,,"AUTOHOL: Holiday, 02/18/2026"
China,2026-02-18,6466586,INTDAILY,P68,Wholesale Price Index,UPDATE_NOTE,PLANNED,,"AUTOHOL: Holiday, 02/18/2026"
China,2026-02-18,6466719,CMDTY,L75,Shanghai Gold Exchange Prices,UPDATE_NOTE,PLANNED,,"AUTOHOL: Holiday, 02/18/2026"
China,2026-02-18,6466771,CHINA,Various groups,China CEIC Check,UPDATE_NOTE,PLANNED,,"AUTOHOL: Holiday, 02/18/2026"
China,2026-02-18,6466841,INTDAILY,S99,PBC: OMO Zero,UPDATE_NOTE,PLANNED,,"AUTOHOL: Holiday, 02/18/2026"
China,2026-02-18,6466842,INTDAILY,V96,PBC: OMO Calculation,UPDATE_NOTE,PLANNED,,"AUTOHOL: Holiday, 02/18/2026"
China,2026-02-18,6466868,CMDTY,L39,SHFE,UPDATE_NOTE,PLANNED,,"AUTOHOL: Holiday, 02/18/2026"
China,2026-02-18,6466882,EMERGEPR,Various,CHINA to EMERGEPR Compare,UPDATE_NOTE,PLANNED,,"AUTOHOL: Holiday, 02/18/2026"
China,2026-02-18,6467082,FMRCOIND,F21,OMO China Net Injection,UPDATE_NOTE,PLANNED,,"AUTOHOL: Holiday, 02/18/2026"
China,2026-02-18,6467088,CHINA,Various,China CEIC,UPDATE_NOTE,PLANNED,,"AUTOHOL: Holiday, 02/18/2026"
China,2026-02-18,6467225,ENERGY,O06,Import Price of LNG,UPDATE_NOTE,PLANNED,,"AUTOHOL: Holiday, 02/18/2026"
China,2026-02-18,6467280,TRANSPRT,"T96, T97, T98",Subway Passenger Volume for Selected Transit Agencies,UPDATE_NOTE,PLANNED,,"AUTOHOL: Holiday, 02/18/2026"
China,2026-02-18,6467287,TRANSPRT,"U02, U03, U04",Subway Passenger Volume for Selected Transit Agencies - Eviews,UPDATE_NOTE,PLANNED,,"AUTOHOL: Holiday, 02/18/2026"
China,2026-02-18,6467398,TRANSPRT,"B12, B13, B14",China Subway Volume,UPDATE_NOTE,PLANNED,,"AUTOHOL: Holiday, 02/18/2026"
China,2026-02-18,6467399,TRANSPRT,"U05, U06, U07",Baidu Congestion Index,UPDATE_NOTE,PLANNED,,"AUTOHOL: Holiday, 02/18/2026"
China,2026-02-18,6467410,GLSECTOR,"F65, F66, F67",Maoyan Box,UPDATE_NOTE,PLANNED,,"AUTOHOL: Holiday, 02/18/2026"
China,2026-02-18,6467412,CNSECTOR,"I65,I66,I67",Maoyan Box CMP to CNSECTOR,UPDATE_NOTE,PLANNED,,"AUTOHOL: Holiday, 02/18/2026"
China,2026-02-18,6467457,INTDAILY,T86,Repeating Term Lending Facility,UPDATE_NOTE,PLANNED,,"AUTOHOL: Holiday, 02/18/2026"
China,2026-02-18,6467458,CHINA,Various groups,China CEIC Check,UPDATE_NOTE,PLANNED,,"AUTOHOL: Holiday, 02/18/2026"
China,2026-02-18,6467470,ENERGY,"O85, C50, C51",Coal Production and Inventory,UPDATE_NOTE,PLANNED,,"AUTOHOL: Holiday, 02/18/2026"
China,2026-02-18,6467471,INTDAILY,"C85, C86, C87",Coal Production and Inventory Transfer,UPDATE_NOTE,PLANNED,,"AUTOHOL: Holiday, 02/18/2026"
China,2026-02-18,6467474,INTDAILY,M18,Beijing Stock Exchange,UPDATE_NOTE,PLANNED,,"AUTOHOL: Holiday, 02/18/2026"
China,2026-02-18,6467476,INTDAILY,U74,Thermal Coal Futures,UPDATE_NOTE,PLANNED,,"AUTOHOL: Holiday, 02/18/2026"
China,2026-02-18,6467477,CMDTY,M51,Thermal Coal Futures Comp,UPDATE_NOTE,PLANNED,,"AUTOHOL: Holiday, 02/18/2026"
China,2026-02-18,6467478,INTDAILY,I71,Treasury Yields and Medium Term Notes,UPDATE_NOTE,PLANNED,,"AUTOHOL: Holiday, 02/18/2026"
China,2026-02-18,6467481,INTDAILY,G94,"Treasury Yields, Short Term Notes, Repo Rates",UPDATE_NOTE,PLANNED,,"AUTOHOL: Holiday, 02/18/2026"
China,2026-02-18,6467491,INTDAILY,P33,Wholesale Agricultural Prices,UPDATE_NOTE,PLANNED,,"AUTOHOL: Holiday, 02/18/2026"
China,2026-02-18,6467492,CMDTY,P41,Wholesale Agricultural Prices CMP,UPDATE_NOTE,PLANNED,,"AUTOHOL: Holiday, 02/18/2026"
China,2026-02-18,6467498,INTDAILY,"U17, U18, U19",Alipay Tianhong Yue Bao Fund,UPDATE_NOTE,PLANNED,,"AUTOHOL: Holiday, 02/18/2026"
China,2026-02-18,6467499,INTDAILY,M24,Parity Rates CFETS,UPDATE_NOTE,PLANNED,,"AUTOHOL: Holiday, 02/18/2026"
China,2026-02-18,6467501,INTDAILY,U59,Shanghai Stock Connect,UPDATE_NOTE,PLANNED,,"AUTOHOL: Holiday, 02/18/2026"
China,2026-02-18,6467502,INTDAILY,U40,Shanghai Stock Exchange Trading Statistics,UPDATE_NOTE,PLANNED,,"AUTOHOL: Holiday, 02/18/2026"
China,2026-02-18,6467525,INTDAILY,Various,BACKUP China CFETS to K,UPDATE_NOTE,PLANNED,,"AUTOHOL: Holiday, 02/18/2026"
China,2026-02-18,6467558,INTDAILY,D40,Central Bank Bill Yields,UPDATE_NOTE,PLANNED,,"AUTOHOL: Holiday, 02/18/2026"
China,2026-02-18,6467568,INTDAILY,D45,Corporate Bond Yields,UPDATE_NOTE,PLANNED,,"AUTOHOL: Holiday, 02/18/2026"
China,2026-02-18,6467580,INTDAILY,D48,NCDs,UPDATE_NOTE,PLANNED,,"AUTOHOL: Holiday, 02/18/2026"
China,2026-02-18,6467591,INTDAILY,D54,Government-sponsored Agency Bonds,UPDATE_NOTE,PLANNED,,"AUTOHOL: Holiday, 02/18/2026"
China,2026-02-18,6467594,INTDAILY,D57,Policy Bank Bonds by Rating,UPDATE_NOTE,PLANNED,,"AUTOHOL: Holiday, 02/18/2026"
China,2026-02-18,6467595,INTDAILY,D60,Corporate Bonds by Rating,UPDATE_NOTE,PLANNED,,"AUTOHOL: Holiday, 02/18/2026"
China,2026-02-18,6467599,INTDAILY,D63,Medium Term Notes by Rating,UPDATE_NOTE,PLANNED,,"AUTOHOL: Holiday, 02/18/2026"
China,2026-02-18,6467604,INTDAILY,D66,Local Government Bonds by Rating,UPDATE_NOTE,PLANNED,,"AUTOHOL: Holiday, 02/18/2026"
China,2026-02-18,6467609,INTDAILY,D69,Financial Bonds of Commercial Banks by Rating,UPDATE_NOTE,PLANNED,,"AUTOHOL: Holiday, 02/18/2026"
China,2026-02-18,6467617,INTDAILY,D72,Secondary Capital Bond of Commercial Banks,UPDATE_NOTE,PLANNED,,"AUTOHOL: Holiday, 02/18/2026"
China,2026-02-18,6467621,ENERGY,K52,Oil Commodity Prices Update,UPDATE_NOTE,PLANNED,,"AUTOHOL: Holiday, 02/18/2026"
China,2026-02-18,6467622,INTDAILY,P69,Oil Commodity Prices INTDAILY TRANSFER,UPDATE_NOTE,PLANNED,,"AUTOHOL: Holiday, 02/18/2026"
China,2026-02-18,6467627,INTDAILY,D75,Asset-Backed Securities by Rating,UPDATE_NOTE,PLANNED,,"AUTOHOL: Holiday, 02/18/2026"
China,2026-02-18,6467629,INTDAILY,D78,Commercial Paper of Securities Company by Rating,UPDATE_NOTE,PLANNED,,"AUTOHOL: Holiday, 02/18/2026"
China,2026-02-18,6467630,CNSECTOR,"U05, U06, U07",Baidu Congestion Index,UPDATE_NOTE,PLANNED,,"AUTOHOL: Holiday, 02/18/2026"
China,2026-02-18,6467631,CNSECTOR,"T96, T97, T98, U02, U03, U04",Subway Passenger Volume for Selected Transit Agencies CNSECTOR,UPDATE_NOTE,PLANNED,,"AUTOHOL: Holiday, 02/18/2026"
China,2026-02-18,6467632,CNSECTOR,"C85, C86, C87",Coal Production and Inventory,UPDATE_NOTE,PLANNED,,"AUTOHOL: Holiday, 02/18/2026"
China,2026-02-18,6467642,TRANSPRT,"U59, U66, U67",Baidu Migration Scale Index,UPDATE_NOTE,PLANNED,,"AUTOHOL: Holiday, 02/18/2026"
China,2026-02-18,6467643,CNSECTOR,"U59, U66, U67",Baidu Migration Scale Index Comp,UPDATE_NOTE,PLANNED,,"AUTOHOL: Holiday, 02/18/2026"
China,2026-02-18,6467690,CHINAR,D95,Air Quality Index [Province] Eviews,UPDATE_NOTE,PLANNED,,"AUTOHOL: Holiday, 02/18/2026"
China,2026-02-18,6467691,INTDAILY,V42,Air Quality Index COMP to INTDAILY,UPDATE_NOTE,PLANNED,,"AUTOHOL: Holiday, 02/18/2026"
China,2026-02-18,6467729,CHINAR,C97,Air Quality Index,UPDATE_NOTE,PLANNED,,"AUTOHOL: Holiday, 02/18/2026"
China,2026-02-18,6467738,INTDAILY,D84,Private Placement Notes (PPN),UPDATE_NOTE,PLANNED,,"AUTOHOL: Holiday, 02/18/2026"
China,2026-02-18,6467740,CMDTY,M59,SHFE Volume & Positions,UPDATE_NOTE,PLANNED,,"AUTOHOL: Holiday, 02/18/2026"
China,2026-02-18,6467764,TRANSPRT,"T62, T63, T72",Yangtze Water Level - AM Comp,UPDATE_NOTE,PLANNED,,"AUTOHOL: Holiday, 02/18/2026"
China,2026-02-18,6467765,GLSECTOR,"V61, V62, V63",Yangtze Water Level - PM,UPDATE_NOTE,PLANNED,,"AUTOHOL: Holiday, 02/18/2026"
China,2026-02-18,6467767,TRANSPRT,"W66, W67, W68",Yangtze Water Level - PM Comp,UPDATE_NOTE,PLANNED,,"AUTOHOL: Holiday, 02/18/2026"
China,2026-02-18,6467768,GLSECTOR,"V67, V68, V69",Yangtze Water Level - AM,UPDATE_NOTE,PLANNED,,"AUTOHOL: Holiday, 02/18/2026"
China,2026-02-18,6467779,INTDAILY,"D91, D92, D93",Forward Rates,UPDATE_NOTE,PLANNED,,"AUTOHOL: Holiday, 02/18/2026"
China,2026-02-18,6467926,INTDAILY,Various,CFETS Daily Bulletin Backup,UPDATE_NOTE,PLANNED,,"AUTOHOL: Holiday, 02/18/2026"
China,2026-02-18,6467941,CMDTY,L55,Shanghai Gold Exchange Benchmark,UPDATE_NOTE,PLANNED,,"AUTOHOL: Holiday, 02/18/2026"
China,2026-02-18,6467989,CMDTY,M30,Shanghai Metals Market Prices,UPDATE_NOTE,PLANNED,,"AUTOHOL: Holiday, 02/18/2026"
China,2026-02-18,6469755,TRANSPRT,"U83,U95,U96",LNY Passenger Volume,UPDATE_NOTE,PLANNED,,"AUTOHOL: Holiday, 02/18/2026"
China,2026-02-19,6464492,CHINA,Various,INDIA/CHINA QA Feedback,UPDATE_NOTE,PLANNED,,"AUTOHOL: Holiday, 02/19/2026"
China,2026-02-19,6464495,CHINA,Various groups,China CEIC,UPDATE_NOTE,PLANNED,,"AUTOHOL: Holiday, 02/19/2026"
China,2026-02-19,6464649,INTWKLY,F29,SHIBOR Aggregation,UPDATE_NOTE,PLANNED,,"AUTOHOL: Holiday, 02/19/2026"
China,2026-02-19,6464651,INTDAILY,V59,Asian Stock Market -China Stock Indexes,UPDATE_NOTE,PLANNED,,"AUTOHOL: Holiday, 02/19/2026"
China,2026-02-19,6464694,INTWKLY,P81,China Weekly Steel Prices & Indexes,UPDATE_NOTE,PLANNED,,"AUTOHOL: Holiday, 02/19/2026"
China,2026-02-19,6464796,INTDAILY,P68,Wholesale Price Index,UPDATE_NOTE,PLANNED,,"AUTOHOL: Holiday, 02/19/2026"
China,2026-02-19,6464938,CMDTY,L75,Shanghai Gold Exchange Prices,UPDATE_NOTE,PLANNED,,"AUTOHOL: Holiday, 02/19/2026"
China,2026-02-19,6464984,CHINA,Various groups,China CEIC Check,UPDATE_NOTE,PLANNED,,"AUTOHOL: Holiday, 02/19/2026"
China,2026-02-19,6465059,INTDAILY,S99,PBC: OMO Zero,UPDATE_NOTE,PLANNED,,"AUTOHOL: Holiday, 02/19/2026"
China,2026-02-19,6465060,INTDAILY,V96,PBC: OMO Calculation,UPDATE_NOTE,PLANNED,,"AUTOHOL: Holiday, 02/19/2026"
China,2026-02-19,6465064,INTWKLY,S99,PBC: OMO Aggregation,UPDATE_NOTE,PLANNED,,"AUTOHOL: Holiday, 02/19/2026"
China,2026-02-19,6465089,CMDTY,L39,SHFE,UPDATE_NOTE,PLANNED,,"AUTOHOL: Holiday, 02/19/2026"
China,2026-02-19,6465102,EMERGEPR,Various,CHINA to EMERGEPR Compare,UPDATE_NOTE,PLANNED,,"AUTOHOL: Holiday, 02/19/2026"
China,2026-02-19,6465123,INTWKLY,R79,Aggregation: Exchange Rates,UPDATE_NOTE,PLANNED,,"AUTOHOL: Holiday, 02/19/2026"
China,2026-02-19,6465342,FMRCOIND,F21,OMO China Net Injection,UPDATE_NOTE,PLANNED,,"AUTOHOL: Holiday, 02/19/2026"
China,2026-02-19,6465348,CHINA,Various,China CEIC,UPDATE_NOTE,PLANNED,,"AUTOHOL: Holiday, 02/19/2026"
China,2026-02-19,6465539,TRANSPRT,"T96, T97, T98",Subway Passenger Volume for Selected Transit Agencies,UPDATE_NOTE,PLANNED,,"AUTOHOL: Holiday, 02/19/2026"
China,2026-02-19,6465541,TRANSPRT,"U02, U03, U04",Subway Passenger Volume for Selected Transit Agencies - Eviews,UPDATE_NOTE,PLANNED,,"AUTOHOL: Holiday, 02/19/2026"
China,2026-02-19,6465662,TRANSPRT,"B12, B13, B14",China Subway Volume,UPDATE_NOTE,PLANNED,,"AUTOHOL: Holiday, 02/19/2026"
China,2026-02-19,6465663,TRANSPRT,"U05, U06, U07",Baidu Congestion Index,UPDATE_NOTE,PLANNED,,"AUTOHOL: Holiday, 02/19/2026"
China,2026-02-19,6465672,GLSECTOR,"F65, F66, F67",Maoyan Box,UPDATE_NOTE,PLANNED,,"AUTOHOL: Holiday, 02/19/2026"
China,2026-02-19,6465674,CNSECTOR,"I65,I66,I67",Maoyan Box CMP to CNSECTOR,UPDATE_NOTE,PLANNED,,"AUTOHOL: Holiday, 02/19/2026"
China,2026-02-19,6465710,CHINA,Various groups,China CEIC Check,UPDATE_NOTE,PLANNED,,"AUTOHOL: Holiday, 02/19/2026"
China,2026-02-19,6465714,INTWKLY,W91,Interbank Repo Rates Aggregation,UPDATE_NOTE,PLANNED,,"AUTOHOL: Holiday, 02/19/2026"
China,2026-02-19,6465724,ENERGY,"O85, C50, C51",Coal Production and Inventory,UPDATE_NOTE,PLANNED,,"AUTOHOL: Holiday, 02/19/2026"
China,2026-02-19,6465725,INTDAILY,"C85, C86, C87",Coal Production and Inventory Transfer,UPDATE_NOTE,PLANNED,,"AUTOHOL: Holiday, 02/19/2026"
China,2026-02-19,6465730,INTDAILY,M18,Beijing Stock Exchange,UPDATE_NOTE,PLANNED,,"AUTOHOL: Holiday, 02/19/2026"
China,2026-02-19,6465732,INTDAILY,U74,Thermal Coal Futures,UPDATE_NOTE,PLANNED,,"AUTOHOL: Holiday, 02/19/2026"
China,2026-02-19,6465733,CMDTY,M51,Thermal Coal Futures Comp,UPDATE_NOTE,PLANNED,,"AUTOHOL: Holiday, 02/19/2026"
China,2026-02-19,6465734,INTDAILY,I71,Treasury Yields and Medium Term Notes,UPDATE_NOTE,PLANNED,,"AUTOHOL: Holiday, 02/19/2026"
China,2026-02-19,6465737,INTDAILY,G94,"Treasury Yields, Short Term Notes, Repo Rates",UPDATE_NOTE,PLANNED,,"AUTOHOL: Holiday, 02/19/2026"
China,2026-02-19,6465747,INTDAILY,P33,Wholesale Agricultural Prices,UPDATE_NOTE,PLANNED,,"AUTOHOL: Holiday, 02/19/2026"
China,2026-02-19,6465748,CMDTY,P41,Wholesale Agricultural Prices CMP,UPDATE_NOTE,PLANNED,,"AUTOHOL: Holiday, 02/19/2026"
China,2026-02-19,6465755,INTDAILY,"U17, U18, U19",Alipay Tianhong Yue Bao Fund,UPDATE_NOTE,PLANNED,,"AUTOHOL: Holiday, 02/19/2026"
China,2026-02-19,6465756,INTDAILY,M24,Parity Rates CFETS,UPDATE_NOTE,PLANNED,,"AUTOHOL: Holiday, 02/19/2026"
China,2026-02-19,6465758,INTDAILY,U59,Shanghai Stock Connect,UPDATE_NOTE,PLANNED,,"AUTOHOL: Holiday, 02/19/2026"
China,2026-02-19,6465759,INTDAILY,U40,Shanghai Stock Exchange Trading Statistics,UPDATE_NOTE,PLANNED,,"AUTOHOL: Holiday, 02/19/2026"
China,2026-02-19,6465782,INTDAILY,Various,BACKUP China CFETS to K,UPDATE_NOTE,PLANNED,,"AUTOHOL: Holiday, 02/19/2026"
China,2026-02-19,6465818,INTDAILY,D40,Central Bank Bill Yields,UPDATE_NOTE,PLANNED,,"AUTOHOL: Holiday, 02/19/2026"
China,2026-02-19,6465828,INTDAILY,D45,Corporate Bond Yields,UPDATE_NOTE,PLANNED,,"AUTOHOL: Holiday, 02/19/2026"
China,2026-02-19,6465843,INTDAILY,D48,NCDs,UPDATE_NOTE,PLANNED,,"AUTOHOL: Holiday, 02/19/2026"
China,2026-02-19,6465854,INTDAILY,D54,Government-sponsored Agency Bonds,UPDATE_NOTE,PLANNED,,"AUTOHOL: Holiday, 02/19/2026"
China,2026-02-19,6465857,INTDAILY,D57,Policy Bank Bonds by Rating,UPDATE_NOTE,PLANNED,,"AUTOHOL: Holiday, 02/19/2026"
China,2026-02-19,6465858,INTDAILY,D60,Corporate Bonds by Rating,UPDATE_NOTE,PLANNED,,"AUTOHOL: Holiday, 02/19/2026"
China,2026-02-19,6465863,INTDAILY,D63,Medium Term Notes by Rating,UPDATE_NOTE,PLANNED,,"AUTOHOL: Holiday, 02/19/2026"
China,2026-02-19,6465868,INTDAILY,D66,Local Government Bonds by Rating,UPDATE_NOTE,PLANNED,,"AUTOHOL: Holiday, 02/19/2026"
China,2026-02-19,6465873,INTDAILY,D69,Financial Bonds of Commercial Banks by Rating,UPDATE_NOTE,PLANNED,,"AUTOHOL: Holiday, 02/19/2026"
China,2026-02-19,6465883,INTDAILY,D72,Secondary Capital Bond of Commercial Banks,UPDATE_NOTE,PLANNED,,"AUTOHOL: Holiday, 02/19/2026"
China,2026-02-19,6465887,ENERGY,K52,Oil Commodity Prices Update,UPDATE_NOTE,PLANNED,,"AUTOHOL: Holiday, 02/19/2026"
China,2026-02-19,6465888,INTDAILY,P69,Oil Commodity Prices INTDAILY TRANSFER,UPDATE_NOTE,PLANNED,,"AUTOHOL: Holiday, 02/19/2026"
China,2026-02-19,6465893,INTDAILY,D75,Asset-Backed Securities by Rating,UPDATE_NOTE,PLANNED,,"AUTOHOL: Holiday, 02/19/2026"
China,2026-02-19,6465895,INTDAILY,D78,Commercial Paper of Securities Company by Rating,UPDATE_NOTE,PLANNED,,"AUTOHOL: Holiday, 02/19/2026"
China,2026-02-19,6465896,CNSECTOR,"U05, U06, U07",Baidu Congestion Index,UPDATE_NOTE,PLANNED,,"AUTOHOL: Holiday, 02/19/2026"
China,2026-02-19,6465897,CNSECTOR,"T96, T97, T98, U02, U03, U04",Subway Passenger Volume for Selected Transit Agencies CNSECTOR,UPDATE_NOTE,PLANNED,,"AUTOHOL: Holiday, 02/19/2026"
China,2026-02-19,6465898,CNSECTOR,"C85, C86, C87",Coal Production and Inventory,UPDATE_NOTE,PLANNED,,"AUTOHOL: Holiday, 02/19/2026"
China,2026-02-19,6465909,TRANSPRT,"U59, U66, U67",Baidu Migration Scale Index,UPDATE_NOTE,PLANNED,,"AUTOHOL: Holiday, 02/19/2026"
China,2026-02-19,6465910,CNSECTOR,"U59, U66, U67",Baidu Migration Scale Index Comp,UPDATE_NOTE,PLANNED,,"AUTOHOL: Holiday, 02/19/2026"
China,2026-02-19,6465964,CHINAR,D95,Air Quality Index [Province] Eviews,UPDATE_NOTE,PLANNED,,"AUTOHOL: Holiday, 02/19/2026"
China,2026-02-19,6465965,INTDAILY,V42,Air Quality Index COMP to INTDAILY,UPDATE_NOTE,PLANNED,,"AUTOHOL: Holiday, 02/19/2026"
China,2026-02-19,6465996,CHINAR,C97,Air Quality Index,UPDATE_NOTE,PLANNED,,"AUTOHOL: Holiday, 02/19/2026"
China,2026-02-19,6466004,INTDAILY,D84,Private Placement Notes (PPN),UPDATE_NOTE,PLANNED,,"AUTOHOL: Holiday, 02/19/2026"
China,2026-02-19,6466006,CMDTY,M59,SHFE Volume & Positions,UPDATE_NOTE,PLANNED,,"AUTOHOL: Holiday, 02/19/2026"
China,2026-02-19,6466036,TRANSPRT,"T62, T63, T72",Yangtze Water Level - AM Comp,UPDATE_NOTE,PLANNED,,"AUTOHOL: Holiday, 02/19/2026"
China,2026-02-19,6466037,GLSECTOR,"V61, V62, V63",Yangtze Water Level - PM,UPDATE_NOTE,PLANNED,,"AUTOHOL: Holiday, 02/19/2026"
China,2026-02-19,6466039,TRANSPRT,"W66, W67, W68",Yangtze Water Level - PM Comp,UPDATE_NOTE,PLANNED,,"AUTOHOL: Holiday, 02/19/2026"
China,2026-02-19,6466040,GLSECTOR,"V67, V68, V69",Yangtze Water Level - AM,UPDATE_NOTE,PLANNED,,"AUTOHOL: Holiday, 02/19/2026"
China,2026-02-19,6466051,INTDAILY,"D91, D92, D93",Forward Rates,UPDATE_NOTE,PLANNED,,"AUTOHOL: Holiday, 02/19/2026"
China,2026-02-19,6466202,INTDAILY,Various,CFETS Daily Bulletin Backup,UPDATE_NOTE,PLANNED,,"AUTOHOL: Holiday, 02/19/2026"
China,2026-02-19,6466217,CMDTY,L55,Shanghai Gold Exchange Benchmark,UPDATE_NOTE,PLANNED,,"AUTOHOL: Holiday, 02/19/2026"
China,2026-02-19,6466270,CMDTY,M30,Shanghai Metals Market Prices,UPDATE_NOTE,PLANNED,,"AUTOHOL: Holiday, 02/19/2026"
China,2026-02-19,6469754,TRANSPRT,"U83,U95,U96",LNY Passenger Volume,UPDATE_NOTE,PLANNED,,"AUTOHOL: Holiday, 02/19/2026"
China,2026-02-20,6462508,CHINA,Various,INDIA/CHINA QA Feedback,UPDATE_NOTE,PLANNED,,"AUTOHOL: Holiday, 02/20/2026"
China,2026-02-20,6462510,CHINA,Various groups,China CEIC,UPDATE_NOTE,PLANNED,,"AUTOHOL: Holiday, 02/20/2026"
China,2026-02-20,6462674,INTDAILY,V59,Asian Stock Market -China Stock Indexes,UPDATE_NOTE,PLANNED,,"AUTOHOL: Holiday, 02/20/2026"
China,2026-02-20,6462777,CMDTY,L40,SHFE Warehouse Stocks (FastMarkets) [CHECK],UPDATE_NOTE,PLANNED,,"AUTOHOL: Holiday, 02/20/2026"
China,2026-02-20,6462814,INTDAILY,P68,Wholesale Price Index,UPDATE_NOTE,PLANNED,,"AUTOHOL: Holiday, 02/20/2026"
China,2026-02-20,6462815,INTWKLY,P68,Wholesale Price Index Aggregaton,UPDATE_NOTE,PLANNED,,"AUTOHOL: Holiday, 02/20/2026"
China,2026-02-20,6462956,CMDTY,L75,Shanghai Gold Exchange Prices,UPDATE_NOTE,PLANNED,,"AUTOHOL: Holiday, 02/20/2026"
China,2026-02-20,6463024,CHINA,Various groups,China CEIC Check,UPDATE_NOTE,PLANNED,,"AUTOHOL: Holiday, 02/20/2026"
China,2026-02-20,6463157,INTWKLY,S93,Aggregation: Stock Market,UPDATE_NOTE,PLANNED,,"AUTOHOL: Holiday, 02/20/2026"
China,2026-02-20,6463167,INTWKLY,W04,Aggregation: Asian Stock Market Indices DJ,UPDATE_NOTE,PLANNED,,"AUTOHOL: Holiday, 02/20/2026"
China,2026-02-20,6463282,INTDAILY,W81,SH/SZ HK Connect BACKUP,UPDATE_NOTE,PLANNED,,"AUTOHOL: Holiday, 02/20/2026"
China,2026-02-20,6463414,FMRCOIND,F21,OMO China Net Injection,UPDATE_NOTE,PLANNED,,"AUTOHOL: Holiday, 02/20/2026"
China,2026-02-20,6463424,CHINA,Various,China CEIC,UPDATE_NOTE,PLANNED,,"AUTOHOL: Holiday, 02/20/2026"
China,2026-02-20,6463648,INTWKLY,V88,Bond Issuance (not in global must be forced manually),UPDATE_NOTE,PLANNED,,"AUTOHOL: Holiday, 02/20/2026"
China,2026-02-20,6463671,TRANSPRT,"T96, T97, T98",Subway Passenger Volume for Selected Transit Agencies,UPDATE_NOTE,PLANNED,,"AUTOHOL: Holiday, 02/20/2026"
China,2026-02-20,6463673,TRANSPRT,"U02, U03, U04",Subway Passenger Volume for Selected Transit Agencies - Eviews,UPDATE_NOTE,PLANNED,,"AUTOHOL: Holiday, 02/20/2026"
China,2026-02-20,6463710,INTWKLY,J75,China Government Bonds AGG,UPDATE_NOTE,PLANNED,,"AUTOHOL: Holiday, 02/20/2026"
China,2026-02-20,6463817,TRANSPRT,"B12, B13, B14",China Subway Volume,UPDATE_NOTE,PLANNED,,"AUTOHOL: Holiday, 02/20/2026"
China,2026-02-20,6463818,TRANSPRT,"U05, U06, U07",Baidu Congestion Index,UPDATE_NOTE,PLANNED,,"AUTOHOL: Holiday, 02/20/2026"
China,2026-02-20,6463826,GLSECTOR,"F65, F66, F67",Maoyan Box,UPDATE_NOTE,PLANNED,,"AUTOHOL: Holiday, 02/20/2026"
China,2026-02-20,6463828,CNSECTOR,"I65,I66,I67",Maoyan Box CMP to CNSECTOR,UPDATE_NOTE,PLANNED,,"AUTOHOL: Holiday, 02/20/2026"
China,2026-02-20,6463857,CHINA,Various groups,China CEIC Check,UPDATE_NOTE,PLANNED,,"AUTOHOL: Holiday, 02/20/2026"
China,2026-02-20,6463873,ENERGY,"O85, C50, C51",Coal Production and Inventory,UPDATE_NOTE,PLANNED,,"AUTOHOL: Holiday, 02/20/2026"
China,2026-02-20,6463874,INTDAILY,"C85, C86, C87",Coal Production and Inventory Transfer,UPDATE_NOTE,PLANNED,,"AUTOHOL: Holiday, 02/20/2026"
China,2026-02-20,6463878,INTDAILY,M18,Beijing Stock Exchange,UPDATE_NOTE,PLANNED,,"AUTOHOL: Holiday, 02/20/2026"
China,2026-02-20,6463879,INTWKLY,M28,Beijing Stock Exchange AGG,UPDATE_NOTE,PLANNED,,"AUTOHOL: Holiday, 02/20/2026"
China,2026-02-20,6463882,INTDAILY,U74,Thermal Coal Futures,UPDATE_NOTE,PLANNED,,"AUTOHOL: Holiday, 02/20/2026"
China,2026-02-20,6463883,CMDTY,M51,Thermal Coal Futures Comp,UPDATE_NOTE,PLANNED,,"AUTOHOL: Holiday, 02/20/2026"
China,2026-02-20,6463884,INTWKLY,C88,Thermal Coal Futures Aggregation,UPDATE_NOTE,PLANNED,,"AUTOHOL: Holiday, 02/20/2026"
China,2026-02-20,6463885,INTDAILY,I71,Treasury Yields and Medium Term Notes,UPDATE_NOTE,PLANNED,,"AUTOHOL: Holiday, 02/20/2026"
China,2026-02-20,6463886,INTWKLY,I74,AGG Treasury Yields and Medium Term Note,UPDATE_NOTE,PLANNED,,"AUTOHOL: Holiday, 02/20/2026"
China,2026-02-20,6463890,INTDAILY,G94,"Treasury Yields, Short Term Notes, Repo Rates",UPDATE_NOTE,PLANNED,,"AUTOHOL: Holiday, 02/20/2026"
China,2026-02-20,6463892,INTWKLY,I88,"AGG Treasury Yields, Short Term Notes, Repo Rates",UPDATE_NOTE,PLANNED,,"AUTOHOL: Holiday, 02/20/2026"
China,2026-02-20,6463902,INTWKLY,I52,Pledged Repo Agg,UPDATE_NOTE,PLANNED,,"AUTOHOL: Holiday, 02/20/2026"
China,2026-02-20,6463903,INTDAILY,P33,Wholesale Agricultural Prices,UPDATE_NOTE,PLANNED,,"AUTOHOL: Holiday, 02/20/2026"
China,2026-02-20,6463904,CMDTY,P41,Wholesale Agricultural Prices CMP,UPDATE_NOTE,PLANNED,,"AUTOHOL: Holiday, 02/20/2026"
China,2026-02-20,6463905,INTWKLY,X22,Wholesale Agricultural Prices AGG,UPDATE_NOTE,PLANNED,,"AUTOHOL: Holiday, 02/20/2026"
China,2026-02-20,6463911,INTDAILY,"U17, U18, U19",Alipay Tianhong Yue Bao Fund,UPDATE_NOTE,PLANNED,,"AUTOHOL: Holiday, 02/20/2026"
China,2026-02-20,6463912,INTDAILY,M24,Parity Rates CFETS,UPDATE_NOTE,PLANNED,,"AUTOHOL: Holiday, 02/20/2026"
China,2026-02-20,6463913,INTWKLY,M29,Parity Rates CFETS AGG,UPDATE_NOTE,PLANNED,,"AUTOHOL: Holiday, 02/20/2026"
China,2026-02-20,6463916,INTDAILY,U59,Shanghai Stock Connect,UPDATE_NOTE,PLANNED,,"AUTOHOL: Holiday, 02/20/2026"
China,2026-02-20,6463917,INTWKLY,W59,Shanghai Stock Connect AGG,UPDATE_NOTE,PLANNED,,"AUTOHOL: Holiday, 02/20/2026"
China,2026-02-20,6463918,INTDAILY,U40,Shanghai Stock Exchange Trading Statistics,UPDATE_NOTE,PLANNED,,"AUTOHOL: Holiday, 02/20/2026"
China,2026-02-20,6463919,INTWKLY,U40,Shanghai Stock Exchange Trading Statistics Aggregation,UPDATE_NOTE,PLANNED,,"AUTOHOL: Holiday, 02/20/2026"
China,2026-02-20,6463945,INTDAILY,Various,BACKUP China CFETS to K,UPDATE_NOTE,PLANNED,,"AUTOHOL: Holiday, 02/20/2026"
China,2026-02-20,6463976,INTDAILY,D40,Central Bank Bill Yields,UPDATE_NOTE,PLANNED,,"AUTOHOL: Holiday, 02/20/2026"
China,2026-02-20,6463977,INTWKLY,D40,Central Bank Bill Yields,UPDATE_NOTE,PLANNED,,"AUTOHOL: Holiday, 02/20/2026"
China,2026-02-20,6463984,INTWKLY,D45,Corporate Bond Yields AGG,UPDATE_NOTE,PLANNED,,"AUTOHOL: Holiday, 02/20/2026"
China,2026-02-20,6463985,INTDAILY,D45,Corporate Bond Yields,UPDATE_NOTE,PLANNED,,"AUTOHOL: Holiday, 02/20/2026"
China,2026-02-20,6463994,INTWKLY,U17,Alipay Tianhong Yue Bao Fund Agg,UPDATE_NOTE,PLANNED,,"AUTOHOL: Holiday, 02/20/2026"
China,2026-02-20,6463995,INTDAILY,D48,NCDs,UPDATE_NOTE,PLANNED,,"AUTOHOL: Holiday, 02/20/2026"
China,2026-02-20,6463996,INTWKLY,D46,NCDs Aggregation,UPDATE_NOTE,PLANNED,,"AUTOHOL: Holiday, 02/20/2026"
China,2026-02-20,6464012,INTDAILY,D54,Government-sponsored Agency Bonds,UPDATE_NOTE,PLANNED,,"AUTOHOL: Holiday, 02/20/2026"
China,2026-02-20,6464013,INTWKLY,D42,Government-sponsored Agency Bonds,UPDATE_NOTE,PLANNED,,"AUTOHOL: Holiday, 02/20/2026"
China,2026-02-20,6464018,INTDAILY,D57,Policy Bank Bonds by Rating,UPDATE_NOTE,PLANNED,,"AUTOHOL: Holiday, 02/20/2026"
China,2026-02-20,6464019,INTWKLY,D47,Policy Bank Bonds by Rating AGG,UPDATE_NOTE,PLANNED,,"AUTOHOL: Holiday, 02/20/2026"
China,2026-02-20,6464020,INTDAILY,D60,Corporate Bonds by Rating,UPDATE_NOTE,PLANNED,,"AUTOHOL: Holiday, 02/20/2026"
China,2026-02-20,6464021,INTWKLY,D48,Corporate Bonds by Rating AGG,UPDATE_NOTE,PLANNED,,"AUTOHOL: Holiday, 02/20/2026"
China,2026-02-20,6464025,INTDAILY,D63,Medium Term Notes by Rating,UPDATE_NOTE,PLANNED,,"AUTOHOL: Holiday, 02/20/2026"
China,2026-02-20,6464026,INTWKLY,D49,Medium Term Notes by Rating AGG,UPDATE_NOTE,PLANNED,,"AUTOHOL: Holiday, 02/20/2026"
China,2026-02-20,6464033,INTDAILY,D66,Local Government Bonds by Rating,UPDATE_NOTE,PLANNED,,"AUTOHOL: Holiday, 02/20/2026"
China,2026-02-20,6464034,INTWKLY,D50,Local Government Bonds by Rating AGG,UPDATE_NOTE,PLANNED,,"AUTOHOL: Holiday, 02/20/2026"
China,2026-02-20,6464035,CNSECTOR,A06,Capacity Utilization Rate in Energy Industry,UPDATE_NOTE,PLANNED,,"AUTOHOL: Holiday, 02/20/2026"
China,2026-02-20,6464040,INTDAILY,D69,Financial Bonds of Commercial Banks by Rating,UPDATE_NOTE,PLANNED,,"AUTOHOL: Holiday, 02/20/2026"
China,2026-02-20,6464041,INTWKLY,D51,Financial Bonds of Commercial Banks by Rating,UPDATE_NOTE,PLANNED,,"AUTOHOL: Holiday, 02/20/2026"
China,2026-02-20,6464051,INTDAILY,D72,Secondary Capital Bond of Commercial Banks,UPDATE_NOTE,PLANNED,,"AUTOHOL: Holiday, 02/20/2026"
China,2026-02-20,6464052,INTWKLY,D52,Secondary Capital Bond of Commercial Banks AGG,UPDATE_NOTE,PLANNED,,"AUTOHOL: Holiday, 02/20/2026"
China,2026-02-20,6464056,ENERGY,K52,Oil Commodity Prices Update,UPDATE_NOTE,PLANNED,,"AUTOHOL: Holiday, 02/20/2026"
China,2026-02-20,6464057,INTDAILY,P69,Oil Commodity Prices INTDAILY TRANSFER,UPDATE_NOTE,PLANNED,,"AUTOHOL: Holiday, 02/20/2026"
China,2026-02-20,6464062,INTDAILY,D75,Asset-Backed Securities by Rating,UPDATE_NOTE,PLANNED,,"AUTOHOL: Holiday, 02/20/2026"
China,2026-02-20,6464063,INTWKLY,D53,Asset-Backed Securities by Rating,UPDATE_NOTE,PLANNED,,"AUTOHOL: Holiday, 02/20/2026"
China,2026-02-20,6464066,INTDAILY,D78,Commercial Paper of Securities Company by Rating,UPDATE_NOTE,PLANNED,,"AUTOHOL: Holiday, 02/20/2026"
China,2026-02-20,6464067,INTWKLY,D54,Commercial Paper of Securities Company by Rating AGG,UPDATE_NOTE,PLANNED,,"AUTOHOL: Holiday, 02/20/2026"
China,2026-02-20,6464068,CNSECTOR,"U05, U06, U07",Baidu Congestion Index,UPDATE_NOTE,PLANNED,,"AUTOHOL: Holiday, 02/20/2026"
China,2026-02-20,6464069,CNSECTOR,"T96, T97, T98, U02, U03, U04",Subway Passenger Volume for Selected Transit Agencies CNSECTOR,UPDATE_NOTE,PLANNED,,"AUTOHOL: Holiday, 02/20/2026"
China,2026-02-20,6464070,CNSECTOR,"C85, C86, C87",Coal Production and Inventory,UPDATE_NOTE,PLANNED,,"AUTOHOL: Holiday, 02/20/2026"
China,2026-02-20,6464080,ENERGY,K63,Weekly Oil Commodity Prices,UPDATE_NOTE,PLANNED,,"AUTOHOL: Holiday, 02/20/2026"
China,2026-02-20,6464085,TRANSPRT,"U59, U66, U67",Baidu Migration Scale Index,UPDATE_NOTE,PLANNED,,"AUTOHOL: Holiday, 02/20/2026"
China,2026-02-20,6464086,CNSECTOR,"U59, U66, U67",Baidu Migration Scale Index Comp,UPDATE_NOTE,PLANNED,,"AUTOHOL: Holiday, 02/20/2026"
China,2026-02-20,6464142,CHINAR,D95,Air Quality Index [Province] Eviews,UPDATE_NOTE,PLANNED,,"AUTOHOL: Holiday, 02/20/2026"
China,2026-02-20,6464143,INTDAILY,V42,Air Quality Index COMP to INTDAILY,UPDATE_NOTE,PLANNED,,"AUTOHOL: Holiday, 02/20/2026"
China,2026-02-20,6464169,CHINAR,C97,Air Quality Index,UPDATE_NOTE,PLANNED,,"AUTOHOL: Holiday, 02/20/2026"
China,2026-02-20,6464177,INTDAILY,D84,Private Placement Notes (PPN),UPDATE_NOTE,PLANNED,,"AUTOHOL: Holiday, 02/20/2026"
China,2026-02-20,6464178,INTWKLY,D88,Private Placement Notes (PPN) AGG,UPDATE_NOTE,PLANNED,,"AUTOHOL: Holiday, 02/20/2026"
China,2026-02-20,6464182,CMDTY,M59,SHFE Volume & Positions,UPDATE_NOTE,PLANNED,,"AUTOHOL: Holiday, 02/20/2026"
China,2026-02-20,6464191,INTWKLY,W16,SSE Margin AGG,UPDATE_NOTE,PLANNED,,"AUTOHOL: Holiday, 02/20/2026"
China,2026-02-20,6464207,TRANSPRT,"T62, T63, T72",Yangtze Water Level - AM Comp,UPDATE_NOTE,PLANNED,,"AUTOHOL: Holiday, 02/20/2026"
China,2026-02-20,6464208,GLSECTOR,"V61, V62, V63",Yangtze Water Level - PM,UPDATE_NOTE,PLANNED,,"AUTOHOL: Holiday, 02/20/2026"
China,2026-02-20,6464211,TRANSPRT,"W66, W67, W68",Yangtze Water Level - PM Comp,UPDATE_NOTE,PLANNED,,"AUTOHOL: Holiday, 02/20/2026"
China,2026-02-20,6464212,GLSECTOR,"V67, V68, V69",Yangtze Water Level - AM,UPDATE_NOTE,PLANNED,,"AUTOHOL: Holiday, 02/20/2026"
China,2026-02-20,6464223,INTDAILY,"D91, D92, D93",Forward Rates,UPDATE_NOTE,PLANNED,,"AUTOHOL: Holiday, 02/20/2026"
China,2026-02-20,6464224,INTWKLY,D92,Forward Rates AGG,UPDATE_NOTE,PLANNED,,"AUTOHOL: Holiday, 02/20/2026"
China,2026-02-20,6464234,CMDTY,L40,SHFE Warehouse Stocks (SHFE),UPDATE_NOTE,PLANNED,,"AUTOHOL: Holiday, 02/20/2026"
China,2026-02-20,6464384,INTDAILY,Various,CFETS Daily Bulletin Backup,UPDATE_NOTE,PLANNED,,"AUTOHOL: Holiday, 02/20/2026"
China,2026-02-20,6464393,INTWKLY,K59,Interest Rate Swap AGG,UPDATE_NOTE,PLANNED,,"AUTOHOL: Holiday, 02/20/2026"
China,2026-02-20,6464397,CMDTY,L55,Shanghai Gold Exchange Benchmark,UPDATE_NOTE,PLANNED,,"AUTOHOL: Holiday, 02/20/2026"
China,2026-02-20,6464450,CMDTY,M30,Shanghai Metals Market Prices,UPDATE_NOTE,PLANNED,,"AUTOHOL: Holiday, 02/20/2026"
China,2026-02-20,6464473,INTWKLY,P96,Intwkly Oil Commodity Prices,UPDATE_NOTE,PLANNED,,"AUTOHOL: Holiday, 02/20/2026"
China,2026-02-20,6469753,TRANSPRT,"U83,U95,U96",LNY Passenger Volume,UPDATE_NOTE,PLANNED,,"AUTOHOL: Holiday, 02/20/2026"
China,2026-02-21,6472008,TRANSPRT,"B12, B13, B14",China Subway Volume,UPDATE_NOTE,PLANNED,,"AUTOHOL: Holiday, 02/21/2026"
China,2026-02-21,6472030,CHINAR,D96,Air Quality Index Provine SATURDAY[Eviews],UPDATE_NOTE,PLANNED,,"AUTOHOL: Holiday, 02/21/2026"
China,2026-02-21,6472031,INTDAILY,H95,Air Quality Index SATURDAY COMP to INTDAILY,UPDATE_NOTE,PLANNED,,"AUTOHOL: Holiday, 02/21/2026"
China,2026-02-21,6472035,CHINAR,D98,Air Quality Index SATURDAY,UPDATE_NOTE,PLANNED,,"AUTOHOL: Holiday, 02/21/2026"
China,2026-02-22,6471675,INTWKLY,T21,Margin Transactions Aggregation,UPDATE_NOTE,PLANNED,,"AUTOHOL: Holiday, 02/22/2026"
China,2026-02-22,6471681,INTDAILY,S99,PBC: OMO Zero,UPDATE_NOTE,PLANNED,,"AUTOHOL: Holiday, 02/22/2026"
China,2026-02-22,6471682,INTDAILY,V96,PBC: OMO Calculation,UPDATE_NOTE,PLANNED,,"AUTOHOL: Holiday, 02/22/2026"
China,2026-02-22,6471688,EMERGEPR,Various,CHINA to EMERGEPR Compare,UPDATE_NOTE,PLANNED,,"AUTOHOL: Holiday, 02/22/2026"
China,2026-02-22,6471741,TRANSPRT,"T96, T97, T98",Subway Passenger Volume for Selected Transit Agencies,UPDATE_NOTE,PLANNED,,"AUTOHOL: Holiday, 02/22/2026"
China,2026-02-22,6471742,TRANSPRT,"U02, U03, U04",Subway Passenger Volume for Selected Transit Agencies - Eviews,UPDATE_NOTE,PLANNED,,"AUTOHOL: Holiday, 02/22/2026"
China,2026-02-22,6471772,TRANSPRT,"B12, B13, B14",China Subway Volume,UPDATE_NOTE,PLANNED,,"AUTOHOL: Holiday, 02/22/2026"
China,2026-02-22,6471773,TRANSPRT,B15,China Subway Volume Aggregation,UPDATE_NOTE,PLANNED,,"AUTOHOL: Holiday, 02/22/2026"
China,2026-02-22,6471775,TRANSPRT,"U05, U06, U07",Baidu Congestion Index,UPDATE_NOTE,PLANNED,,"AUTOHOL: Holiday, 02/22/2026"
China,2026-02-22,6471780,GLSECTOR,"F65, F66, F67",Maoyan Box,UPDATE_NOTE,PLANNED,,"AUTOHOL: Holiday, 02/22/2026"
China,2026-02-22,6471781,CNSECTOR,"I65,I66,I67",Maoyan Box CMP to CNSECTOR,UPDATE_NOTE,PLANNED,,"AUTOHOL: Holiday, 02/22/2026"
China,2026-02-22,6471796,INTWKLY,R92,CFETS RMB Indexes,UPDATE_NOTE,PLANNED,,"AUTOHOL: Holiday, 02/22/2026"
China,2026-02-22,6471813,INTDAILY,"U17, U18, U19",Alipay Tianhong Yue Bao Fund,UPDATE_NOTE,PLANNED,,"AUTOHOL: Holiday, 02/22/2026"
China,2026-02-22,6471815,INTDAILY,"S99, V96, U01, U02, U23, U24",PBC: Open Market Operations - Sunday Check,UPDATE_NOTE,PLANNED,,"AUTOHOL: Holiday, 02/22/2026"
China,2026-02-22,6471861,CNSECTOR,"U05, U06, U07",Baidu Congestion Index,UPDATE_NOTE,PLANNED,,"AUTOHOL: Holiday, 02/22/2026"
China,2026-02-22,6471862,CNSECTOR,"T96, T97, T98, U02, U03, U04",Subway Passenger Volume for Selected Transit Agencies CNSECTOR,UPDATE_NOTE,PLANNED,,"AUTOHOL: Holiday, 02/22/2026"
China,2026-02-22,6471863,TRANSPRT,"U59, U66, U67",Baidu Migration Scale Index,UPDATE_NOTE,PLANNED,,"AUTOHOL: Holiday, 02/22/2026"
China,2026-02-22,6471864,CNSECTOR,"U59, U66, U67",Baidu Migration Scale Index Comp,UPDATE_NOTE,PLANNED,,"AUTOHOL: Holiday, 02/22/2026"
China,2026-02-22,6471877,CHINAR,D97,Air Quality Index Province SUNDAY[Eviews],UPDATE_NOTE,PLANNED,,"AUTOHOL: Holiday, 02/22/2026"
China,2026-02-22,6471878,INTDAILY,H96,Air Quality Index SUNDAY COMP to INTDAILY,UPDATE_NOTE,PLANNED,,"AUTOHOL: Holiday, 02/22/2026"
China,2026-02-22,6471885,CHINAR,D99,Air Quality Index SUNDAY,UPDATE_NOTE,PLANNED,,"AUTOHOL: Holiday, 02/22/2026"
China,2026-02-22,6471897,TRANSPRT,"T62, T63, T72",Yangtze Water Level - AM Comp,UPDATE_NOTE,PLANNED,,"AUTOHOL: Holiday, 02/22/2026"
China,2026-02-22,6471898,GLSECTOR,"V61, V62, V63",Yangtze Water Level - PM,UPDATE_NOTE,PLANNED,,"AUTOHOL: Holiday, 02/22/2026"
China,2026-02-22,6471899,TRANSPRT,"W66, W67, W68",Yangtze Water Level - PM Comp,UPDATE_NOTE,PLANNED,,"AUTOHOL: Holiday, 02/22/2026"
China,2026-02-22,6471900,GLSECTOR,"V67, V68, V69",Yangtze Water Level - AM,UPDATE_NOTE,PLANNED,,"AUTOHOL: Holiday, 02/22/2026"
Indonesia,2026-02-17,6468051,INTDAILY,R96,Exchange Rates,UPDATE_NOTE,PLANNED,,"AUTOHOL: Holiday, 02/17/2026"
Indonesia,2026-02-17,6468471,INTDAILY,V50,Asian Stock Market- Jakarta Composite,UPDATE_NOTE,PLANNED,,"AUTOHOL: Holiday, 02/17/2026"
Indonesia,2026-02-17,6468503,INTDAILY,V76,Holdings IDR Tradable Securities,UPDATE_NOTE,PLANNED,,"AUTOHOL: Holiday, 02/17/2026"
Indonesia,2026-02-17,6468533,INTDAILY,H17,Exchange Rate Mid-Rates,UPDATE_NOTE,PLANNED,,"AUTOHOL: Holiday, 02/17/2026"
Indonesia,2026-02-17,6468660,INTDAILY,G46,Daily Liquidity,UPDATE_NOTE,PLANNED,,"AUTOHOL: Holiday, 02/17/2026"
Indonesia,2026-02-17,6468662,INTDAILY,K98,Daily Liquidity Projection Eviews Calculation,UPDATE_NOTE,PLANNED,,"AUTOHOL: Holiday, 02/17/2026"
Indonesia,2026-02-17,6468689,INTDAILY,W87,Jakarta Interbank Reference Rate [JISDOR],UPDATE_NOTE,PLANNED,,"AUTOHOL: Holiday, 02/17/2026"
Indonesia,2026-02-17,6468766,INTDAILY,X48,Monetary Operations Positions,UPDATE_NOTE,PLANNED,,"AUTOHOL: Holiday, 02/17/2026"
Indonesia,2026-02-17,6468837,INTDAILY,J36,Indonia Rate,UPDATE_NOTE,PLANNED,,"AUTOHOL: Holiday, 02/17/2026"
Indonesia,2026-02-17,6468944,INTDAILY,P44,Food Prices,UPDATE_NOTE,PLANNED,,"AUTOHOL: Holiday, 02/17/2026"
Indonesia,2026-02-17,6469076,INTDAILY,J79,DNDF Afternoon,UPDATE_NOTE,PLANNED,,"AUTOHOL: Holiday, 02/17/2026"
Indonesia,2026-02-17,6469132,INTDAILY,H91,Reverse Repo,UPDATE_NOTE,PLANNED,,"AUTOHOL: Holiday, 02/17/2026"
Indonesia,2026-02-17,6469133,INTDAILY,H92,Term Deposits Morning,UPDATE_NOTE,PLANNED,,"AUTOHOL: Holiday, 02/17/2026"
Indonesia,2026-02-17,6469134,INTDAILY,H93,Term Deposits Afternoon,UPDATE_NOTE,PLANNED,,"AUTOHOL: Holiday, 02/17/2026"
Indonesia,2026-02-17,6469175,INTDAILY,G61,Government Securities Auction [SUSP],UPDATE_NOTE,PLANNED,,"AUTOHOL: Holiday, 02/17/2026"
Indonesia,2026-02-17,6469184,ASEANR,B53,Market Prices,UPDATE_NOTE,PLANNED,,"AUTOHOL: Holiday, 02/17/2026"
Indonesia,2026-02-17,6469317,ENERGY,K51,Indonesia Fuel Prices,UPDATE_NOTE,PLANNED,,"AUTOHOL: Holiday, 02/17/2026"
Indonesia,2026-02-17,6469318,INTDAILY,O99,Indonesia Fuel Prices TRANSFER,UPDATE_NOTE,PLANNED,,"AUTOHOL: Holiday, 02/17/2026"
Indonesia,2026-02-17,6469361,INTDAILY,F52,Indonia Rates & Index,UPDATE_NOTE,PLANNED,,"AUTOHOL: Holiday, 02/17/2026"
Indonesia,2026-02-17,6469366,INTDAILY,R28,Bank Indonesia Reference Rate,UPDATE_NOTE,PLANNED,,"AUTOHOL: Holiday, 02/17/2026"
Indonesia,2026-02-17,6469402,INTDAILY,Various,Indonesia OMO Check,UPDATE_NOTE,PLANNED,,"AUTOHOL: Holiday, 02/17/2026"
Indonesia,2026-02-17,6469407,INTDAILY,M69,FX Term Deposit Auction,UPDATE_NOTE,PLANNED,,"AUTOHOL: Holiday, 02/17/2026"
Indonesia,2026-02-17,6469482,ENERGY,D94,Indonesia Regional Fuel Price,UPDATE_NOTE,PLANNED,,"AUTOHOL: Holiday, 02/17/2026"
Indonesia,2026-02-17,6469496,INTDAILY,J68,Bank Indonesia SVBI auction,UPDATE_NOTE,PLANNED,,"AUTOHOL: Holiday, 02/17/2026"
Indonesia,2026-02-17,6469577,INTDAILY,N66,FX Swap,UPDATE_NOTE,PLANNED,,"AUTOHOL: Holiday, 02/17/2026"
Indonesia,2026-02-17,6469656,INTDAILY,N51,Government Bond Auction,UPDATE_NOTE,PLANNED,,"AUTOHOL: Holiday, 02/17/2026"
Indonesia,2026-02-17,6469657,INTDAILY,N53,Sharia Government Bond Auction,UPDATE_NOTE,PLANNED,,"AUTOHOL: Holiday, 02/17/2026"
Korea,2026-02-16,6453025,INTDAILY,I74,Korea KORIBOR,UPDATE_NOTE,PLANNED,,"AUTOHOL: Holiday, 02/16/2026"
Korea,2026-02-16,6453026,INTDAILY,I61,Interest Rates,UPDATE_NOTE,PLANNED,,"AUTOHOL: Holiday, 02/16/2026"
Korea,2026-02-16,6453027,INTDAILY,V56,Asian Stock - KOSPI/KOSDAQ Market,UPDATE_NOTE,PLANNED,R2D2 - errors in CSV2MODB output. Files on d:\intdaily\korea\kospi\auto [Az-AutoSrv1-Svc] Fri 02/13/2026 09:26:16.661 [Event ID: c3dc489e-08e5-11f1-9f2e-000d3a1a0faf],"R2D2 - errors in CSV2MODB output. Files on d:\intdaily\korea\kospi\auto [Az-AutoSrv1-Svc] Fri 02/13/2026 09:26:16.661 [Event ID: c3dc489e-08e5-11f1-9f2e-000d3a1a0faf] | AUTOHOL: Holiday, 02/16/2026"
Korea,2026-02-16,6453295,INTDAILY,J33,Government Bond Yields,UPDATE_NOTE,PLANNED,,"AUTOHOL: Holiday, 02/16/2026"
Korea,2026-02-16,6453299,INTDAILY,K11,Total Return Calculation,UPDATE_NOTE,PLANNED,,"AUTOHOL: Holiday, 02/16/2026"
Korea,2026-02-16,6453304,INTDAILY,R80,Exchange RATE,UPDATE_NOTE,PLANNED,,"AUTOHOL: Holiday, 02/16/2026"
Korea,2026-02-16,6453448,INTDAILY,K02,Breakeven Inflation,UPDATE_NOTE,PLANNED,,"AUTOHOL: Holiday, 02/16/2026"
Korea,2026-02-16,6453902,INTDAILY,S96,Asian Stock - KOSPI/KOSDAQ Market,UPDATE_NOTE,PLANNED,,"AUTOHOL: Holiday, 02/16/2026"
Korea,2026-02-16,6453916,INTDAILY,V74,KRX Market Transactions,UPDATE_NOTE,PLANNED,,"AUTOHOL: Holiday, 02/16/2026"
Korea,2026-02-16,6454008,INTDAILY,T28,US-Dollar Auctions CHECK,UPDATE_NOTE,PLANNED,,"AUTOHOL: Holiday, 02/16/2026"
Korea,2026-02-16,6454098,INTDAILY,R39,Exchange RATE Lag,UPDATE_NOTE,PLANNED,,"AUTOHOL: Holiday, 02/16/2026"
Korea,2026-02-16,6454195,INTDAILY,F65,Interest Rates and Yields,UPDATE_NOTE,PLANNED,,"AUTOHOL: Holiday, 02/16/2026"
Korea,2026-02-16,6454259,CMDTY,L56,Agricultral Products Wholesale Price,UPDATE_NOTE,PLANNED,,"AUTOHOL: Holiday, 02/16/2026"
Korea,2026-02-16,6454262,INTDAILY,Y58,KOFR Leading,UPDATE_NOTE,PLANNED,,"AUTOHOL: Holiday, 02/16/2026"
Korea,2026-02-16,6454265,INTDAILY,Y20,KOFR,UPDATE_NOTE,PLANNED,,"AUTOHOL: Holiday, 02/16/2026"
Korea,2026-02-16,6454266,INTWKLY,W20,KOFR Aggregation,UPDATE_NOTE,PLANNED,,"AUTOHOL: Holiday, 02/16/2026"
Korea,2026-02-16,6454293,INTDAILY,U31,INTL Securities Activity,UPDATE_NOTE,PLANNED,,"AUTOHOL: Holiday, 02/16/2026"
Korea,2026-02-16,6454294,INTDAILY,U32,INTL Securities Activity EVIEWS,UPDATE_NOTE,PLANNED,,"AUTOHOL: Holiday, 02/16/2026"
Korea,2026-02-16,6454295,INTDAILY,U33,INTL Securities Custody,UPDATE_NOTE,PLANNED,,"AUTOHOL: Holiday, 02/16/2026"
Korea,2026-02-16,6454304,INTWKLY,K50,Change in Credit Card Expenditure,UPDATE_NOTE,PLANNED,,"AUTOHOL: Holiday, 02/16/2026"
Korea,2026-02-16,6454312,INTDAILY,K20,Equity Flows,UPDATE_NOTE,PLANNED,,"AUTOHOL: Holiday, 02/16/2026"
Korea,2026-02-16,6454313,INTDAILY,K10,Bond Flows,UPDATE_NOTE,PLANNED,,"AUTOHOL: Holiday, 02/16/2026"
Korea,2026-02-16,6454322,INTDAILY,K90,KOFR Interest Rate Distribution,UPDATE_NOTE,PLANNED,,"AUTOHOL: Holiday, 02/16/2026"
Korea,2026-02-16,6454323,INTWKLY,K70,KOFR Interest Rate Distribution AGG,UPDATE_NOTE,PLANNED,,"AUTOHOL: Holiday, 02/16/2026"
Korea,2026-02-16,6454383,INTDAILY,V99,KRX Foreign Ownership,UPDATE_NOTE,PLANNED,,"AUTOHOL: Holiday, 02/16/2026"
Korea,2026-02-16,6454455,INTDAILY,U29,KOSPI Volatility 200 Index,UPDATE_NOTE,PLANNED,,"AUTOHOL: Holiday, 02/16/2026"
Korea,2026-02-16,6454547,INTDAILY,M28,Korea Money Market Fund AUM,UPDATE_NOTE,PLANNED,,"AUTOHOL: Holiday, 02/16/2026"
Korea,2026-02-16,6454548,INTWKLY,M14,Korea Money Market Fund AUM [AGG],UPDATE_NOTE,PLANNED,,"AUTOHOL: Holiday, 02/16/2026"
Korea,2026-02-16,6454618,INTDAILY,O08,[COMP] Agricultral Products Wholesale Price,UPDATE_NOTE,PLANNED,,"AUTOHOL: Holiday, 02/16/2026"
Korea,2026-02-16,6454626,INTDAILY,A09,News Psychology Index,UPDATE_NOTE,PLANNED,,"AUTOHOL: Holiday, 02/16/2026"
Korea,2026-02-16,6454693,GLSECTOR,V36,Semiconductor Prices,UPDATE_NOTE,PLANNED,,"AUTOHOL: Holiday, 02/16/2026"
Korea,2026-02-16,6454736,ENERGY,"P66, P67, P68",Korea Fuel Prices,UPDATE_NOTE,PLANNED,,"AUTOHOL: Holiday, 02/16/2026"
Korea,2026-02-16,6454737,INTDAILY,"B66, B67, B68",Korea Fuel Prices TRANSFER,UPDATE_NOTE,PLANNED,,"AUTOHOL: Holiday, 02/16/2026"
Korea,2026-02-16,6454740,INTDAILY,E60,Interest Rates on Loans & Deposits,UPDATE_NOTE,PLANNED,,"AUTOHOL: Holiday, 02/16/2026"
Korea,2026-02-16,6454785,INTDAILY,E53,Korea OMO: RP Purchases of Government Securities,UPDATE_NOTE,PLANNED,,"AUTOHOL: Holiday, 02/16/2026"
Korea,2026-02-16,6454786,INTDAILY,E52,Korea OMO: RP Sales of Government Securities,UPDATE_NOTE,PLANNED,,"AUTOHOL: Holiday, 02/16/2026"
Korea,2026-02-16,6454787,INTDAILY,E46,Korea OMO: Monetary Stabilization Account Operations,UPDATE_NOTE,PLANNED,,"AUTOHOL: Holiday, 02/16/2026"
Korea,2026-02-16,6454788,INTDAILY,E61,Korea OMO: Monetary Stabilization Bond Operations,UPDATE_NOTE,PLANNED,,"AUTOHOL: Holiday, 02/16/2026"
Korea,2026-02-17,6468054,INTDAILY,I74,Korea KORIBOR,UPDATE_NOTE,PLANNED,,"AUTOHOL: Holiday, 02/17/2026"
Korea,2026-02-17,6468055,INTDAILY,I61,Interest Rates,UPDATE_NOTE,PLANNED,,"AUTOHOL: Holiday, 02/17/2026"
Korea,2026-02-17,6468056,INTDAILY,V56,Asian Stock - KOSPI/KOSDAQ Market,UPDATE_NOTE,PLANNED,,"AUTOHOL: Holiday, 02/17/2026"
Korea,2026-02-17,6468314,INTDAILY,J33,Government Bond Yields,UPDATE_NOTE,PLANNED,,"AUTOHOL: Holiday, 02/17/2026"
Korea,2026-02-17,6468318,INTDAILY,K11,Total Return Calculation,UPDATE_NOTE,PLANNED,,"AUTOHOL: Holiday, 02/17/2026"
Korea,2026-02-17,6468323,INTDAILY,R80,Exchange RATE,UPDATE_NOTE,PLANNED,,"AUTOHOL: Holiday, 02/17/2026"
Korea,2026-02-17,6468455,INTDAILY,K02,Breakeven Inflation,UPDATE_NOTE,PLANNED,,"AUTOHOL: Holiday, 02/17/2026"
Korea,2026-02-17,6468873,INTDAILY,S96,Asian Stock - KOSPI/KOSDAQ Market,UPDATE_NOTE,PLANNED,,"AUTOHOL: Holiday, 02/17/2026"
Korea,2026-02-17,6468885,INTDAILY,V74,KRX Market Transactions,UPDATE_NOTE,PLANNED,,"AUTOHOL: Holiday, 02/17/2026"
Korea,2026-02-17,6468967,INTDAILY,T28,US-Dollar Auctions CHECK,UPDATE_NOTE,PLANNED,,"AUTOHOL: Holiday, 02/17/2026"
Korea,2026-02-17,6469052,INTDAILY,R39,Exchange RATE Lag,UPDATE_NOTE,PLANNED,,"AUTOHOL: Holiday, 02/17/2026"
Korea,2026-02-17,6469122,INTDAILY,F65,Interest Rates and Yields,UPDATE_NOTE,PLANNED,,"AUTOHOL: Holiday, 02/17/2026"
Korea,2026-02-17,6469180,CMDTY,L56,Agricultral Products Wholesale Price,UPDATE_NOTE,PLANNED,,"AUTOHOL: Holiday, 02/17/2026"
Korea,2026-02-17,6469183,INTDAILY,Y58,KOFR Leading,UPDATE_NOTE,PLANNED,,"AUTOHOL: Holiday, 02/17/2026"
Korea,2026-02-17,6469185,INTDAILY,Y20,KOFR,UPDATE_NOTE,PLANNED,,"AUTOHOL: Holiday, 02/17/2026"
Korea,2026-02-17,6469211,INTDAILY,U31,INTL Securities Activity,UPDATE_NOTE,PLANNED,,"AUTOHOL: Holiday, 02/17/2026"
Korea,2026-02-17,6469212,INTDAILY,U32,INTL Securities Activity EVIEWS,UPDATE_NOTE,PLANNED,,"AUTOHOL: Holiday, 02/17/2026"
Korea,2026-02-17,6469213,INTDAILY,U33,INTL Securities Custody,UPDATE_NOTE,PLANNED,,"AUTOHOL: Holiday, 02/17/2026"
Korea,2026-02-17,6469214,INTWKLY,W33,INTL Securities Custody AGG,UPDATE_NOTE,PLANNED,,"AUTOHOL: Holiday, 02/17/2026"
Korea,2026-02-17,6469228,INTDAILY,K20,Equity Flows,UPDATE_NOTE,PLANNED,,"AUTOHOL: Holiday, 02/17/2026"
Korea,2026-02-17,6469229,INTDAILY,K10,Bond Flows,UPDATE_NOTE,PLANNED,,"AUTOHOL: Holiday, 02/17/2026"
Korea,2026-02-17,6469237,INTDAILY,K90,KOFR Interest Rate Distribution,UPDATE_NOTE,PLANNED,,"AUTOHOL: Holiday, 02/17/2026"
Korea,2026-02-17,6469289,INTDAILY,V99,KRX Foreign Ownership,UPDATE_NOTE,PLANNED,,"AUTOHOL: Holiday, 02/17/2026"
Korea,2026-02-17,6469368,INTDAILY,U29,KOSPI Volatility 200 Index,UPDATE_NOTE,PLANNED,,"AUTOHOL: Holiday, 02/17/2026"
Korea,2026-02-17,6469455,INTDAILY,M28,Korea Money Market Fund AUM,UPDATE_NOTE,PLANNED,,"AUTOHOL: Holiday, 02/17/2026"
Korea,2026-02-17,6469531,INTDAILY,O08,[COMP] Agricultral Products Wholesale Price,UPDATE_NOTE,PLANNED,,"AUTOHOL: Holiday, 02/17/2026"
Korea,2026-02-17,6469599,GLSECTOR,V36,Semiconductor Prices,UPDATE_NOTE,PLANNED,,"AUTOHOL: Holiday, 02/17/2026"
Korea,2026-02-17,6469636,ENERGY,"P66, P67, P68",Korea Fuel Prices,UPDATE_NOTE,PLANNED,,"AUTOHOL: Holiday, 02/17/2026"
Korea,2026-02-17,6469637,INTDAILY,"B66, B67, B68",Korea Fuel Prices TRANSFER,UPDATE_NOTE,PLANNED,,"AUTOHOL: Holiday, 02/17/2026"
Korea,2026-02-17,6469639,INTDAILY,E60,Interest Rates on Loans & Deposits,UPDATE_NOTE,PLANNED,,"AUTOHOL: Holiday, 02/17/2026"
Korea,2026-02-17,6469682,INTDAILY,E53,Korea OMO: RP Purchases of Government Securities,UPDATE_NOTE,PLANNED,,"AUTOHOL: Holiday, 02/17/2026"
Korea,2026-02-17,6469683,INTDAILY,E52,Korea OMO: RP Sales of Government Securities,UPDATE_NOTE,PLANNED,,"AUTOHOL: Holiday, 02/17/2026"
Korea,2026-02-17,6469684,INTDAILY,E46,Korea OMO: Monetary Stabilization Account Operations,UPDATE_NOTE,PLANNED,,"AUTOHOL: Holiday, 02/17/2026"
Korea,2026-02-17,6469685,INTDAILY,E61,Korea OMO: Monetary Stabilization Bond Operations,UPDATE_NOTE,PLANNED,,"AUTOHOL: Holiday, 02/17/2026"
Korea,2026-02-18,6466329,INTDAILY,I74,Korea KORIBOR,UPDATE_NOTE,PLANNED,,"AUTOHOL: Holiday, 02/18/2026"
Korea,2026-02-18,6466330,INTDAILY,I61,Interest Rates,UPDATE_NOTE,PLANNED,,"AUTOHOL: Holiday, 02/18/2026"
Korea,2026-02-18,6466331,INTDAILY,V56,Asian Stock - KOSPI/KOSDAQ Market,UPDATE_NOTE,PLANNED,,"AUTOHOL: Holiday, 02/18/2026"
Korea,2026-02-18,6466589,INTDAILY,J33,Government Bond Yields,UPDATE_NOTE,PLANNED,,"AUTOHOL: Holiday, 02/18/2026"
Korea,2026-02-18,6466594,INTDAILY,K11,Total Return Calculation,UPDATE_NOTE,PLANNED,,"AUTOHOL: Holiday, 02/18/2026"
Korea,2026-02-18,6466599,INTDAILY,R80,Exchange RATE,UPDATE_NOTE,PLANNED,,"AUTOHOL: Holiday, 02/18/2026"
Korea,2026-02-18,6466739,INTDAILY,K02,Breakeven Inflation,UPDATE_NOTE,PLANNED,,"AUTOHOL: Holiday, 02/18/2026"
Korea,2026-02-18,6467154,INTDAILY,S96,Asian Stock - KOSPI/KOSDAQ Market,UPDATE_NOTE,PLANNED,,"AUTOHOL: Holiday, 02/18/2026"
Korea,2026-02-18,6467169,INTDAILY,V74,KRX Market Transactions,UPDATE_NOTE,PLANNED,,"AUTOHOL: Holiday, 02/18/2026"
Korea,2026-02-18,6467184,INTWKLY,P50,HPI and MKT Trends  from (REB),UPDATE_NOTE,PLANNED,R2D2 - Data for 1260216 not out. CSVDATE=1260209. Files on d:\intwkly\korea\housing [Az-AutoSrv1-Svc] Thu 02/12/2026 22:29:06.573 [Event ID: bee9fe12-0885-11f1-85b3-000d3a1a0faf],"R2D2 - Data for 1260216 not out. CSVDATE=1260209. Files on d:\intwkly\korea\housing [Az-AutoSrv1-Svc] Thu 02/12/2026 22:29:06.573 [Event ID: bee9fe12-0885-11f1-85b3-000d3a1a0faf] | AUTOHOL: Holiday, 0"
Korea,2026-02-18,6467252,INTDAILY,T28,US-Dollar Auctions CHECK,UPDATE_NOTE,PLANNED,,"AUTOHOL: Holiday, 02/18/2026"
Korea,2026-02-18,6467338,INTDAILY,R39,Exchange RATE Lag,UPDATE_NOTE,PLANNED,,"AUTOHOL: Holiday, 02/18/2026"
Korea,2026-02-18,6467414,INTDAILY,F65,Interest Rates and Yields,UPDATE_NOTE,PLANNED,,"AUTOHOL: Holiday, 02/18/2026"
Korea,2026-02-18,6467444,INTDAILY,Y59,Treasury Bill Auctions,UPDATE_NOTE,PLANNED,,"AUTOHOL: Holiday, 02/18/2026"
Korea,2026-02-18,6467480,CMDTY,L56,Agricultral Products Wholesale Price,UPDATE_NOTE,PLANNED,,"AUTOHOL: Holiday, 02/18/2026"
Korea,2026-02-18,6467483,INTDAILY,Y58,KOFR Leading,UPDATE_NOTE,PLANNED,,"AUTOHOL: Holiday, 02/18/2026"
Korea,2026-02-18,6467485,INTDAILY,Y20,KOFR,UPDATE_NOTE,PLANNED,,"AUTOHOL: Holiday, 02/18/2026"
Korea,2026-02-18,6467513,INTDAILY,U31,INTL Securities Activity,UPDATE_NOTE,PLANNED,,"AUTOHOL: Holiday, 02/18/2026"
Korea,2026-02-18,6467514,INTDAILY,U32,INTL Securities Activity EVIEWS,UPDATE_NOTE,PLANNED,,"AUTOHOL: Holiday, 02/18/2026"
Korea,2026-02-18,6467515,INTDAILY,U33,INTL Securities Custody,UPDATE_NOTE,PLANNED,,"AUTOHOL: Holiday, 02/18/2026"
Korea,2026-02-18,6467531,INTDAILY,K20,Equity Flows,UPDATE_NOTE,PLANNED,,"AUTOHOL: Holiday, 02/18/2026"
Korea,2026-02-18,6467532,INTDAILY,K10,Bond Flows,UPDATE_NOTE,PLANNED,,"AUTOHOL: Holiday, 02/18/2026"
Korea,2026-02-18,6467541,INTDAILY,K90,KOFR Interest Rate Distribution,UPDATE_NOTE,PLANNED,,"AUTOHOL: Holiday, 02/18/2026"
Korea,2026-02-18,6467596,INTDAILY,V99,KRX Foreign Ownership,UPDATE_NOTE,PLANNED,,"AUTOHOL: Holiday, 02/18/2026"
Korea,2026-02-18,6467657,INTDAILY,U29,KOSPI Volatility 200 Index,UPDATE_NOTE,PLANNED,,"AUTOHOL: Holiday, 02/18/2026"
Korea,2026-02-18,6467755,INTDAILY,M28,Korea Money Market Fund AUM,UPDATE_NOTE,PLANNED,,"AUTOHOL: Holiday, 02/18/2026"
Korea,2026-02-18,6467833,INTDAILY,O08,[COMP] Agricultral Products Wholesale Price,UPDATE_NOTE,PLANNED,,"AUTOHOL: Holiday, 02/18/2026"
Korea,2026-02-18,6467906,GLSECTOR,V36,Semiconductor Prices,UPDATE_NOTE,PLANNED,,"AUTOHOL: Holiday, 02/18/2026"
Korea,2026-02-18,6467940,ASIAER,D48,HPI and MKT Trends  from (REB) [COMP],UPDATE_NOTE,PLANNED,,"AUTOHOL: Holiday, 02/18/2026"
Korea,2026-02-18,6467946,ENERGY,"P66, P67, P68",Korea Fuel Prices,UPDATE_NOTE,PLANNED,,"AUTOHOL: Holiday, 02/18/2026"
Korea,2026-02-18,6467947,INTDAILY,"B66, B67, B68",Korea Fuel Prices TRANSFER,UPDATE_NOTE,PLANNED,,"AUTOHOL: Holiday, 02/18/2026"
Korea,2026-02-18,6467951,INTDAILY,E60,Interest Rates on Loans & Deposits,UPDATE_NOTE,PLANNED,,"AUTOHOL: Holiday, 02/18/2026"
Korea,2026-02-18,6467991,INTDAILY,E53,Korea OMO: RP Purchases of Government Securities,UPDATE_NOTE,PLANNED,,"AUTOHOL: Holiday, 02/18/2026"
Korea,2026-02-18,6467992,INTDAILY,E52,Korea OMO: RP Sales of Government Securities,UPDATE_NOTE,PLANNED,,"AUTOHOL: Holiday, 02/18/2026"
Korea,2026-02-18,6467993,INTDAILY,E46,Korea OMO: Monetary Stabilization Account Operations,UPDATE_NOTE,PLANNED,,"AUTOHOL: Holiday, 02/18/2026"
Korea,2026-02-18,6467994,INTDAILY,E61,Korea OMO: Monetary Stabilization Bond Operations,UPDATE_NOTE,PLANNED,,"AUTOHOL: Holiday, 02/18/2026"
Malaysia,2026-02-17,6468057,INTDAILY,S74,Market Indices,UPDATE_NOTE,PLANNED,,"AUTOHOL: Holiday, 02/17/2026"
Malaysia,2026-02-17,6468058,INTDAILY,R51,Exchange Rates,UPDATE_NOTE,PLANNED,,"AUTOHOL: Holiday, 02/17/2026"
Malaysia,2026-02-17,6468059,INTDAILY,W15,Overall Operations Rates & Volumes,UPDATE_NOTE,PLANNED,,"AUTOHOL: Holiday, 02/17/2026"
Malaysia,2026-02-17,6468453,CMDTY,L81,Crude Palm Oil,UPDATE_NOTE,PLANNED,,"AUTOHOL: Holiday, 02/17/2026"
Malaysia,2026-02-17,6468473,INTDAILY,V52,Asian Stock Market- KLSE,UPDATE_NOTE,PLANNED,,"AUTOHOL: Holiday, 02/17/2026"
Malaysia,2026-02-17,6468527,INTDAILY,P82,Closing Rubber,UPDATE_NOTE,PLANNED,,"AUTOHOL: Holiday, 02/17/2026"
Malaysia,2026-02-17,6468528,CMDTY,L82,Closing Rubber  CMDTY Transfer,UPDATE_NOTE,PLANNED,,"AUTOHOL: Holiday, 02/17/2026"
Malaysia,2026-02-17,6468535,INTDAILY,G72,Government Bonds,UPDATE_NOTE,PLANNED,,"AUTOHOL: Holiday, 02/17/2026"
Malaysia,2026-02-17,6468596,INTDAILY,W10,Money Market Operations Rates & Volumes,UPDATE_NOTE,PLANNED,,"AUTOHOL: Holiday, 02/17/2026"
Malaysia,2026-02-17,6468692,INTDAILY,W94,Kuala Lumpur USD/MYR Reference Rate,UPDATE_NOTE,PLANNED,,"AUTOHOL: Holiday, 02/17/2026"
Malaysia,2026-02-17,6468706,INTDAILY,W49,Gold Bullion Prices,UPDATE_NOTE,PLANNED,,"AUTOHOL: Holiday, 02/17/2026"
Malaysia,2026-02-17,6468707,INTDAILY,H49,Gold Prices MID-RATE,UPDATE_NOTE,PLANNED,,"AUTOHOL: Holiday, 02/17/2026"
Malaysia,2026-02-17,6468713,CMDTY,L67,Gold Bullion Prices Comp,UPDATE_NOTE,PLANNED,,"AUTOHOL: Holiday, 02/17/2026"
Malaysia,2026-02-17,6468717,INTDAILY,W21,Malaysia Islamic Interbank,UPDATE_NOTE,PLANNED,,"AUTOHOL: Holiday, 02/17/2026"
Malaysia,2026-02-17,6468780,CMDTY,M02,Malaysia Crude Palm Oil Transfer,UPDATE_NOTE,PLANNED,,"AUTOHOL: Holiday, 02/17/2026"
Malaysia,2026-02-17,6468781,INTDAILY,X70,Malaysia Crude Palm Oil Price,UPDATE_NOTE,PLANNED,,"AUTOHOL: Holiday, 02/17/2026"
Malaysia,2026-02-17,6469051,INTDAILY,T95,KLIBOR Rates,UPDATE_NOTE,PLANNED,,"AUTOHOL: Holiday, 02/17/2026"
Malaysia,2026-02-17,6469058,INTDAILY,W14,Interbank Swaps,UPDATE_NOTE,PLANNED,,"AUTOHOL: Holiday, 02/17/2026"
Malaysia,2026-02-17,6469059,INTDAILY,W12,Interbank Volume and Rate,UPDATE_NOTE,PLANNED,,"AUTOHOL: Holiday, 02/17/2026"
Malaysia,2026-02-17,6469060,INTDAILY,W11,Bond Volume,UPDATE_NOTE,PLANNED,,"AUTOHOL: Holiday, 02/17/2026"
Malaysia,2026-02-17,6469061,INTDAILY,W13,Malaysia Bond FX,UPDATE_NOTE,PLANNED,,"AUTOHOL: Holiday, 02/17/2026"
Malaysia,2026-02-17,6469217,INTDAILY,C66,Malaysia Overnight Rate (MYOR),UPDATE_NOTE,PLANNED,,"AUTOHOL: Holiday, 02/17/2026"
Malaysia,2026-02-17,6469220,INTDAILY,C67,Islamic Overnight Rate,UPDATE_NOTE,PLANNED,,"AUTOHOL: Holiday, 02/17/2026"
Malaysia,2026-02-17,6469613,INTDAILY,E38,Central Bank Liquidity Positions,UPDATE_NOTE,PLANNED,,"AUTOHOL: Holiday, 02/17/2026"
Malaysia,2026-02-17,6469614,INTDAILY,E37,Central Bank OMOs,UPDATE_NOTE,PLANNED,,"AUTOHOL: Holiday, 02/17/2026"
Malaysia,2026-02-17,6469694,INTDAILY,O06,Non-Resident Bond Holdings,UPDATE_NOTE,PLANNED,,"AUTOHOL: Holiday, 02/17/2026"
Malaysia,2026-02-18,6466332,INTDAILY,S74,Market Indices,UPDATE_NOTE,PLANNED,,"AUTOHOL: Holiday, 02/18/2026"
Malaysia,2026-02-18,6466333,INTDAILY,R51,Exchange Rates,UPDATE_NOTE,PLANNED,,"AUTOHOL: Holiday, 02/18/2026"
Malaysia,2026-02-18,6466334,INTDAILY,W15,Overall Operations Rates & Volumes,UPDATE_NOTE,PLANNED,,"AUTOHOL: Holiday, 02/18/2026"
Malaysia,2026-02-18,6466736,CMDTY,L81,Crude Palm Oil,UPDATE_NOTE,PLANNED,,"AUTOHOL: Holiday, 02/18/2026"
Malaysia,2026-02-18,6466755,INTDAILY,V52,Asian Stock Market- KLSE,UPDATE_NOTE,PLANNED,,"AUTOHOL: Holiday, 02/18/2026"
Malaysia,2026-02-18,6466809,INTDAILY,P82,Closing Rubber,UPDATE_NOTE,PLANNED,,"AUTOHOL: Holiday, 02/18/2026"
Malaysia,2026-02-18,6466810,CMDTY,L82,Closing Rubber  CMDTY Transfer,UPDATE_NOTE,PLANNED,,"AUTOHOL: Holiday, 02/18/2026"
Malaysia,2026-02-18,6466815,INTDAILY,G72,Government Bonds,UPDATE_NOTE,PLANNED,,"AUTOHOL: Holiday, 02/18/2026"
Malaysia,2026-02-18,6466872,INTDAILY,W10,Money Market Operations Rates & Volumes,UPDATE_NOTE,PLANNED,,"AUTOHOL: Holiday, 02/18/2026"
Malaysia,2026-02-18,6466966,INTDAILY,W94,Kuala Lumpur USD/MYR Reference Rate,UPDATE_NOTE,PLANNED,,"AUTOHOL: Holiday, 02/18/2026"
Malaysia,2026-02-18,6466980,INTDAILY,W49,Gold Bullion Prices,UPDATE_NOTE,PLANNED,,"AUTOHOL: Holiday, 02/18/2026"
Malaysia,2026-02-18,6466981,INTDAILY,H49,Gold Prices MID-RATE,UPDATE_NOTE,PLANNED,,"AUTOHOL: Holiday, 02/18/2026"
Malaysia,2026-02-18,6466986,CMDTY,L67,Gold Bullion Prices Comp,UPDATE_NOTE,PLANNED,,"AUTOHOL: Holiday, 02/18/2026"
Malaysia,2026-02-18,6466990,INTDAILY,W21,Malaysia Islamic Interbank,UPDATE_NOTE,PLANNED,,"AUTOHOL: Holiday, 02/18/2026"
Malaysia,2026-02-18,6467002,INTWKLY,P32,Retail Pump Prices COMP [Press],UPDATE_NOTE,PLANNED,,"AUTOHOL: Holiday, 02/18/2026"
Malaysia,2026-02-18,6467019,CMDTY,L24,Retail Pump Prices COMP [Press],UPDATE_NOTE,PLANNED,,"AUTOHOL: Holiday, 02/18/2026"
Malaysia,2026-02-18,6467058,CMDTY,M02,Malaysia Crude Palm Oil Transfer,UPDATE_NOTE,PLANNED,,"AUTOHOL: Holiday, 02/18/2026"
Malaysia,2026-02-18,6467059,INTDAILY,X70,Malaysia Crude Palm Oil Price,UPDATE_NOTE,PLANNED,,"AUTOHOL: Holiday, 02/18/2026"
Malaysia,2026-02-18,6467337,INTDAILY,T95,KLIBOR Rates,UPDATE_NOTE,PLANNED,,"AUTOHOL: Holiday, 02/18/2026"
Malaysia,2026-02-18,6467344,INTDAILY,W14,Interbank Swaps,UPDATE_NOTE,PLANNED,,"AUTOHOL: Holiday, 02/18/2026"
Malaysia,2026-02-18,6467345,INTDAILY,W12,Interbank Volume and Rate,UPDATE_NOTE,PLANNED,,"AUTOHOL: Holiday, 02/18/2026"
Malaysia,2026-02-18,6467346,INTDAILY,W11,Bond Volume,UPDATE_NOTE,PLANNED,,"AUTOHOL: Holiday, 02/18/2026"
Malaysia,2026-02-18,6467347,INTDAILY,W13,Malaysia Bond FX,UPDATE_NOTE,PLANNED,,"AUTOHOL: Holiday, 02/18/2026"
Malaysia,2026-02-18,6467394,INTDAILY,C58,Malaysia MTB/MITB Auction Data,UPDATE_NOTE,PLANNED,,"AUTOHOL: Holiday, 02/18/2026"
Malaysia,2026-02-18,6467396,ENERGY,K43,Retail Pump Prices [Press],UPDATE_NOTE,PLANNED,,"AUTOHOL: Holiday, 02/18/2026"
Malaysia,2026-02-18,6467518,INTDAILY,C66,Malaysia Overnight Rate (MYOR),UPDATE_NOTE,PLANNED,,"AUTOHOL: Holiday, 02/18/2026"
Malaysia,2026-02-18,6467522,INTDAILY,C67,Islamic Overnight Rate,UPDATE_NOTE,PLANNED,,"AUTOHOL: Holiday, 02/18/2026"
Malaysia,2026-02-18,6467920,INTDAILY,E38,Central Bank Liquidity Positions,UPDATE_NOTE,PLANNED,,"AUTOHOL: Holiday, 02/18/2026"
Malaysia,2026-02-18,6467921,INTDAILY,E37,Central Bank OMOs,UPDATE_NOTE,PLANNED,,"AUTOHOL: Holiday, 02/18/2026"
Malaysia,2026-02-18,6468003,INTDAILY,O06,Non-Resident Bond Holdings,UPDATE_NOTE,PLANNED,,"AUTOHOL: Holiday, 02/18/2026"
Philippines,2026-02-17,6468076,INTDAILY,N56,Interest & Commodity Prices,UPDATE_NOTE,PLANNED,,"AUTOHOL: Holiday, 02/17/2026"
Philippines,2026-02-17,6468328,INTDAILY,F64,Exchange Rates,UPDATE_NOTE,PLANNED,,"AUTOHOL: Holiday, 02/17/2026"
Philippines,2026-02-17,6468474,INTDAILY,V53,Asian Stock Market- Manila Composite,UPDATE_NOTE,PLANNED,,"AUTOHOL: Holiday, 02/17/2026"
Philippines,2026-02-17,6468741,INTWKLY,G58,Term Deposit Facility Auctions,UPDATE_NOTE,PLANNED,,"AUTOHOL: Holiday, 02/17/2026"
Philippines,2026-02-17,6469088,CMDTY,L26,Agricultural Prices,UPDATE_NOTE,PLANNED,,"AUTOHOL: Holiday, 02/17/2026"
Philippines,2026-02-17,6469261,CMDTY,L04,Agricultural Prices (Average Calculation),UPDATE_NOTE,PLANNED,,"AUTOHOL: Holiday, 02/17/2026"
Philippines,2026-02-17,6469371,INTDAILY,F66,Commodity Prices,UPDATE_NOTE,PLANNED,,"AUTOHOL: Holiday, 02/17/2026"
Philippines,2026-02-17,6469399,ASEANR,D13,Daily Minimum Wages,UPDATE_NOTE,PLANNED,,"AUTOHOL: Holiday, 02/17/2026"
Philippines,2026-02-17,6469530,INTDAILY,N35,Agricultural Prices - Transfer to INTDAILY,UPDATE_NOTE,PLANNED,,"AUTOHOL: Holiday, 02/17/2026"
Russia,2026-02-21,6471998,INTDAILY,P93,Russia VIX (NEW),UPDATE_NOTE,PLANNED,,"AUTOHOL: Holiday, 02/21/2026"
Russia,2026-02-22,6471614,INTDAILY,"P88, A98, A99",Deposit Accounts,UPDATE_NOTE,PLANNED,,"AUTOHOL: Holiday, 02/22/2026"
Russia,2026-02-22,6471619,INTDAILY,"P87, P40, P80",RTS Indexes Mkt,UPDATE_NOTE,PLANNED,,"AUTOHOL: Holiday, 02/22/2026"
Russia,2026-02-22,6471625,INTDAILY,"J26, D98, D99",Fixed Repo,UPDATE_NOTE,PLANNED,,"AUTOHOL: Holiday, 02/22/2026"
Russia,2026-02-22,6471630,INTDAILY,"G14, B78, B79",Ruble Overnight Average,UPDATE_NOTE,PLANNED,,"AUTOHOL: Holiday, 02/22/2026"
Russia,2026-02-22,6471634,INTDAILY,"G17, A95, A96",Loan Debt,UPDATE_NOTE,PLANNED,,"AUTOHOL: Holiday, 02/22/2026"
Russia,2026-02-22,6471637,INTDAILY,"V27, B53, B54",Factors Affectiing Banking Sector Liquidity,UPDATE_NOTE,PLANNED,,"AUTOHOL: Holiday, 02/22/2026"
Russia,2026-02-22,6471638,INTDAILY,P93,Russia VIX (NEW),UPDATE_NOTE,PLANNED,,"AUTOHOL: Holiday, 02/22/2026"
Russia,2026-02-22,6471639,INTDAILY,"I58, A13, A19",Deposit Rates,UPDATE_NOTE,PLANNED,,"AUTOHOL: Holiday, 02/22/2026"
Russia,2026-02-22,6471658,INTDAILY,J85,Repo Auctions,UPDATE_NOTE,PLANNED,,"AUTOHOL: Holiday, 02/22/2026"
Russia,2026-02-22,6471668,INTDAILY,"J94, K95, K96",Repo Transactions,UPDATE_NOTE,PLANNED,,"AUTOHOL: Holiday, 02/22/2026"
Russia,2026-02-22,6471673,INTDAILY,V89,ROISfix,UPDATE_NOTE,PLANNED,,"AUTOHOL: Holiday, 02/22/2026"
Russia,2026-02-22,6471708,INTDAILY,"G38, A11, A12",Banking Sector Structural Liquidity,UPDATE_NOTE,PLANNED,,"AUTOHOL: Holiday, 02/22/2026"
Russia,2026-02-22,6471726,INTDAILY,"G08, A21, A22",Intraday Loans,UPDATE_NOTE,PLANNED,,"AUTOHOL: Holiday, 02/22/2026"
Russia,2026-02-22,6471748,INTDAILY,"P77, A93, A79",Correspondent Accounts,UPDATE_NOTE,PLANNED,,"AUTOHOL: Holiday, 02/22/2026"
Russia,2026-02-22,6471886,INTDAILY,"I26, N27, N28",RUONIA Index,UPDATE_NOTE,PLANNED,,"AUTOHOL: Holiday, 02/22/2026"
Russia,2026-02-22,6471992,INTDAILY,"C32, C33, C34",RUSFAR Accrued Yield Index,UPDATE_NOTE,PLANNED,,"AUTOHOL: Holiday, 02/22/2026"
Russia,2026-02-22,6471993,INTDAILY,"B95, B96, B97",RUSFAR,UPDATE_NOTE,PLANNED,,"AUTOHOL: Holiday, 02/22/2026"
Serbia,2026-02-16,6453056,INTDAILY,R60,Exchange Rates,UPDATE_NOTE,PLANNED,,"AUTOHOL: Holiday, 02/16/2026"
Serbia,2026-02-16,6453221,INTDAILY,G92,Belex Stock,UPDATE_NOTE,PLANNED,,"AUTOHOL: Holiday, 02/16/2026"
Serbia,2026-02-16,6453353,INTDAILY,J57,BEONIA,UPDATE_NOTE,PLANNED,,"AUTOHOL: Holiday, 02/16/2026"
Serbia,2026-02-16,6453355,INTWKLY,J58,BEONIA Aggregation,UPDATE_NOTE,PLANNED,,"AUTOHOL: Holiday, 02/16/2026"
Serbia,2026-02-16,6454116,INTDAILY,T85,FX Transactions,UPDATE_NOTE,PLANNED,,"AUTOHOL: Holiday, 02/16/2026"
Serbia,2026-02-16,6454495,INTDAILY,J58,BELIBOR,UPDATE_NOTE,PLANNED,,"AUTOHOL: Holiday, 02/16/2026"
Serbia,2026-02-16,6454698,INTDAILY,L40,Serbia Secondary Trading Maturities,UPDATE_NOTE,PLANNED,,"AUTOHOL: Holiday, 02/16/2026"
Serbia,2026-02-16,6454699,INTWKLY,L41,Serbia Secondary Trading Maturities Aggregation,UPDATE_NOTE,PLANNED,,"AUTOHOL: Holiday, 02/16/2026"
Serbia,2026-02-17,6468083,INTDAILY,R60,Exchange Rates,UPDATE_NOTE,PLANNED,,"AUTOHOL: Holiday, 02/17/2026"
Serbia,2026-02-17,6468243,INTDAILY,G92,Belex Stock,UPDATE_NOTE,PLANNED,,"AUTOHOL: Holiday, 02/17/2026"
Serbia,2026-02-17,6468367,INTDAILY,J57,BEONIA,UPDATE_NOTE,PLANNED,,"AUTOHOL: Holiday, 02/17/2026"
Serbia,2026-02-17,6469065,INTDAILY,T85,FX Transactions,UPDATE_NOTE,PLANNED,,"AUTOHOL: Holiday, 02/17/2026"
Serbia,2026-02-17,6469066,INTWKLY,M55,FX Transactions Agg,UPDATE_NOTE,PLANNED,,"AUTOHOL: Holiday, 02/17/2026"
Serbia,2026-02-17,6469406,INTDAILY,J58,BELIBOR,UPDATE_NOTE,PLANNED,,"AUTOHOL: Holiday, 02/17/2026"
Serbia,2026-02-17,6469603,INTDAILY,L40,Serbia Secondary Trading Maturities,UPDATE_NOTE,PLANNED,,"AUTOHOL: Holiday, 02/17/2026"
Singapore,2026-02-17,6468084,INTDAILY,I44,Bond Yields,UPDATE_NOTE,PLANNED,,"AUTOHOL: Holiday, 02/17/2026"
Singapore,2026-02-17,6468138,INTDAILY,R52,Exchange Rate,UPDATE_NOTE,PLANNED,,"AUTOHOL: Holiday, 02/17/2026"
Singapore,2026-02-17,6468475,INTDAILY,V54,Asian Stock Market- Straits Times,UPDATE_NOTE,PLANNED,,"AUTOHOL: Holiday, 02/17/2026"
Singapore,2026-02-17,6468515,INTDAILY,V79,Pollution Index,UPDATE_NOTE,PLANNED,,"AUTOHOL: Holiday, 02/17/2026"
Singapore,2026-02-17,6468536,INTDAILY,H16,Pollution Index EVIEWS Calculation,UPDATE_NOTE,PLANNED,,"AUTOHOL: Holiday, 02/17/2026"
Singapore,2026-02-17,6469004,INTDAILY,I02,Interest Rates,UPDATE_NOTE,PLANNED,,"AUTOHOL: Holiday, 02/17/2026"
Singapore,2026-02-17,6469005,INTDAILY,T35,SORA Rates,UPDATE_NOTE,PLANNED,,"AUTOHOL: Holiday, 02/17/2026"
Singapore,2026-02-17,6469071,INTDAILY,T36,Overnight Rate,UPDATE_NOTE,PLANNED,,"AUTOHOL: Holiday, 02/17/2026"
Singapore,2026-02-17,6469150,INTDAILY,T90,MAS Bills,UPDATE_NOTE,PLANNED,,"AUTOHOL: Holiday, 02/17/2026"
Singapore,2026-02-17,6469391,INTDAILY,K28,Singapore MAS Bills Auction,UPDATE_NOTE,PLANNED,,"AUTOHOL: Holiday, 02/17/2026"
Singapore,2026-02-18,6466359,INTDAILY,I44,Bond Yields,UPDATE_NOTE,PLANNED,,"AUTOHOL: Holiday, 02/18/2026"
Singapore,2026-02-18,6466414,INTDAILY,R52,Exchange Rate,UPDATE_NOTE,PLANNED,,"AUTOHOL: Holiday, 02/18/2026"
Singapore,2026-02-18,6466757,INTDAILY,V54,Asian Stock Market- Straits Times,UPDATE_NOTE,PLANNED,,"AUTOHOL: Holiday, 02/18/2026"
Singapore,2026-02-18,6466797,INTDAILY,V79,Pollution Index,UPDATE_NOTE,PLANNED,,"AUTOHOL: Holiday, 02/18/2026"
Singapore,2026-02-18,6466816,INTDAILY,H16,Pollution Index EVIEWS Calculation,UPDATE_NOTE,PLANNED,,"AUTOHOL: Holiday, 02/18/2026"
Singapore,2026-02-18,6467294,INTDAILY,I02,Interest Rates,UPDATE_NOTE,PLANNED,,"AUTOHOL: Holiday, 02/18/2026"
Singapore,2026-02-18,6467295,INTDAILY,T35,SORA Rates,UPDATE_NOTE,PLANNED,,"AUTOHOL: Holiday, 02/18/2026"
Singapore,2026-02-18,6467358,INTDAILY,T36,Overnight Rate,UPDATE_NOTE,PLANNED,,"AUTOHOL: Holiday, 02/18/2026"
Singapore,2026-02-18,6467449,INTDAILY,T90,MAS Bills,UPDATE_NOTE,PLANNED,,"AUTOHOL: Holiday, 02/18/2026"
Venezuela,2026-02-16,6453106,INTDAILY,R53,Exchange Rates,UPDATE_NOTE,PLANNED,,"AUTOHOL: Holiday, 02/16/2026"
Venezuela,2026-02-16,6453303,INTDAILY,W38,Caracas Stock Market Index,UPDATE_NOTE,PLANNED,,"AUTOHOL: Holiday, 02/16/2026"
Venezuela,2026-02-16,6453396,INTDAILY,H30,Mid-Rate Calculation,UPDATE_NOTE,PLANNED,,"AUTOHOL: Holiday, 02/16/2026"
Venezuela,2026-02-16,6453407,INTDAILY,J78,International Reserves,UPDATE_NOTE,PLANNED,,"AUTOHOL: Holiday, 02/16/2026"
Venezuela,2026-02-16,6453610,INTWKLY,J81,International Reserves AGG,UPDATE_NOTE,PLANNED,,"AUTOHOL: Holiday, 02/16/2026"
Venezuela,2026-02-16,6453666,INTDAILY,W68,Venezuela Overnight Rates,UPDATE_NOTE,PLANNED,,"AUTOHOL: Holiday, 02/16/2026"
Venezuela,2026-02-16,6453927,INTDAILY,Y35,Reference Exchange Rates,UPDATE_NOTE,PLANNED,,"AUTOHOL: Holiday, 02/16/2026"
Venezuela,2026-02-16,6453928,INTDAILY,Y33,Reference Exchange Mid Rates,UPDATE_NOTE,PLANNED,,"AUTOHOL: Holiday, 02/16/2026"
Venezuela,2026-02-16,6453929,INTWKLY,"Y37, Y38",Reference Exchange Rates AGG,UPDATE_NOTE,PLANNED,,"AUTOHOL: Holiday, 02/16/2026"
Venezuela,2026-02-17,6468124,INTDAILY,R53,Exchange Rates,UPDATE_NOTE,PLANNED,,"AUTOHOL: Holiday, 02/17/2026"
Venezuela,2026-02-17,6468322,INTDAILY,W38,Caracas Stock Market Index,UPDATE_NOTE,PLANNED,,"AUTOHOL: Holiday, 02/17/2026"
Venezuela,2026-02-17,6468409,INTDAILY,H30,Mid-Rate Calculation,UPDATE_NOTE,PLANNED,,"AUTOHOL: Holiday, 02/17/2026"
Venezuela,2026-02-17,6468416,INTDAILY,J78,International Reserves,UPDATE_NOTE,PLANNED,,"AUTOHOL: Holiday, 02/17/2026"
Venezuela,2026-02-17,6468664,INTDAILY,W68,Venezuela Overnight Rates,UPDATE_NOTE,PLANNED,,"AUTOHOL: Holiday, 02/17/2026"
Venezuela,2026-02-17,6468901,INTDAILY,Y35,Reference Exchange Rates,UPDATE_NOTE,PLANNED,,"AUTOHOL: Holiday, 02/17/2026"
Venezuela,2026-02-17,6468902,INTDAILY,Y33,Reference Exchange Mid Rates,UPDATE_NOTE,PLANNED,,"AUTOHOL: Holiday, 02/17/2026"
Vietnam,2026-02-16,6453107,INTDAILY,R76,Exchange Rate,UPDATE_NOTE,BLOCKED_MAX_UPDATES,AUTOHOL: Holiday — 2026-02-16,"AUTOHOL: Holiday, 02/16/2026"
Vietnam,2026-02-16,6453276,INTDAILY,G96,VI Index,UPDATE_NOTE,BLOCKED_MAX_UPDATES,AUTOHOL: Holiday — 2026-02-16,"AUTOHOL: Holiday, 02/16/2026"
Vietnam,2026-02-16,6453397,INTDAILY,H14,[ Mid-Rate Calculation] Exchange Rates,UPDATE_NOTE,BLOCKED_MAX_UPDATES,AUTOHOL: Holiday — 2026-02-16,"AUTOHOL: Holiday, 02/16/2026"
Vietnam,2026-02-16,6453491,INTDAILY,V69,3 Month Deposit Rate,UPDATE_NOTE,BLOCKED_MAX_UPDATES,AUTOHOL: Holiday — 2026-02-16,"AUTOHOL: Holiday, 02/16/2026"
Vietnam,2026-02-16,6453595,INTDAILY,"W19, W20",State Bank Exchange Rates,UPDATE_NOTE,BLOCKED_MAX_UPDATES,AUTOHOL: Holiday — 2026-02-16,"AUTOHOL: Holiday, 02/16/2026"
Vietnam,2026-02-16,6453596,INTDAILY,W23,Vietnam Interbank Rate,UPDATE_NOTE,BLOCKED_MAX_UPDATES,AUTOHOL: Holiday — 2026-02-16,"AUTOHOL: Holiday, 02/16/2026"
Vietnam,2026-02-16,6453597,INTDAILY,H07,State Bank Exchange Rates Mid-Rates Calculation,UPDATE_NOTE,BLOCKED_MAX_UPDATES,AUTOHOL: Holiday — 2026-02-16,"AUTOHOL: Holiday, 02/16/2026"
Vietnam,2026-02-16,6454142,INTWKLY,H66,Interbank Rate Agg,UPDATE_NOTE,BLOCKED_MAX_UPDATES,AUTOHOL: Holiday — 2026-02-16,"AUTOHOL: Holiday, 02/16/2026"
Vietnam,2026-02-16,6454208,INTDAILY,H94,Government Bond Auctions,UPDATE_NOTE,BLOCKED_MAX_UPDATES,AUTOHOL: Holiday — 2026-02-16,"AUTOHOL: Holiday, 02/16/2026"
Vietnam,2026-02-16,6454508,ENERGY,K11,Vietnam Pump Prices,UPDATE_NOTE,BLOCKED_MAX_UPDATES,AUTOHOL: Holiday — 2026-02-16,"AUTOHOL: Holiday, 02/16/2026"
Vietnam,2026-02-16,6454509,INTDAILY,P61,Vietnam Pump Prices - INTD Transfer,UPDATE_NOTE,BLOCKED_MAX_UPDATES,AUTOHOL: Holiday — 2026-02-16,"AUTOHOL: Holiday, 02/16/2026"
Vietnam,2026-02-16,6454639,INTDAILY,K61,Open Market Operations,UPDATE_NOTE,BLOCKED_MAX_UPDATES,AUTOHOL: Holiday — 2026-02-16,"AUTOHOL: Holiday, 02/16/2026"
Vietnam,2026-02-17,6468125,INTDAILY,R76,Exchange Rate,UPDATE_NOTE,BLOCKED_MAX_UPDATES,AUTOHOL: Holiday — 2026-02-17,"AUTOHOL: Holiday, 02/17/2026"
Vietnam,2026-02-17,6468297,INTDAILY,G96,VI Index,UPDATE_NOTE,BLOCKED_MAX_UPDATES,AUTOHOL: Holiday — 2026-02-17,"AUTOHOL: Holiday, 02/17/2026"
Vietnam,2026-02-17,6468410,INTDAILY,H14,[ Mid-Rate Calculation] Exchange Rates,UPDATE_NOTE,BLOCKED_MAX_UPDATES,AUTOHOL: Holiday — 2026-02-17,"AUTOHOL: Holiday, 02/17/2026"
Vietnam,2026-02-17,6468496,INTDAILY,V69,3 Month Deposit Rate,UPDATE_NOTE,BLOCKED_MAX_UPDATES,AUTOHOL: Holiday — 2026-02-17,"AUTOHOL: Holiday, 02/17/2026"
Vietnam,2026-02-17,6468607,INTDAILY,"W19, W20",State Bank Exchange Rates,UPDATE_NOTE,BLOCKED_MAX_UPDATES,AUTOHOL: Holiday — 2026-02-17,"AUTOHOL: Holiday, 02/17/2026"
Vietnam,2026-02-17,6468608,INTDAILY,W23,Vietnam Interbank Rate,UPDATE_NOTE,BLOCKED_MAX_UPDATES,AUTOHOL: Holiday — 2026-02-17,"AUTOHOL: Holiday, 02/17/2026"
Vietnam,2026-02-17,6468609,INTDAILY,H07,State Bank Exchange Rates Mid-Rates Calculation,UPDATE_NOTE,BLOCKED_MAX_UPDATES,AUTOHOL: Holiday — 2026-02-17,"AUTOHOL: Holiday, 02/17/2026"
Vietnam,2026-02-17,6469135,INTDAILY,H94,Government Bond Auctions,UPDATE_NOTE,BLOCKED_MAX_UPDATES,AUTOHOL: Holiday — 2026-02-17,"AUTOHOL: Holiday, 02/17/2026"
Vietnam,2026-02-17,6469416,ENERGY,K11,Vietnam Pump Prices,UPDATE_NOTE,BLOCKED_MAX_UPDATES,AUTOHOL: Holiday — 2026-02-17,"AUTOHOL: Holiday, 02/17/2026"
Vietnam,2026-02-17,6469417,INTDAILY,P61,Vietnam Pump Prices - INTD Transfer,UPDATE_NOTE,BLOCKED_MAX_UPDATES,AUTOHOL: Holiday — 2026-02-17,"AUTOHOL: Holiday, 02/17/2026"
Vietnam,2026-02-17,6469550,INTDAILY,K61,Open Market Operations,UPDATE_NOTE,BLOCKED_MAX_UPDATES,AUTOHOL: Holiday — 2026-02-17,"AUTOHOL: Holiday, 02/17/2026"
Vietnam,2026-02-18,6466400,INTDAILY,R76,Exchange Rate,UPDATE_NOTE,BLOCKED_MAX_UPDATES,AUTOHOL: Holiday — 2026-02-18,"AUTOHOL: Holiday, 02/18/2026"
Vietnam,2026-02-18,6466573,INTDAILY,G96,VI Index,UPDATE_NOTE,BLOCKED_MAX_UPDATES,AUTOHOL: Holiday — 2026-02-18,"AUTOHOL: Holiday, 02/18/2026"
Vietnam,2026-02-18,6466688,INTDAILY,H14,[ Mid-Rate Calculation] Exchange Rates,UPDATE_NOTE,BLOCKED_MAX_UPDATES,AUTOHOL: Holiday — 2026-02-18,"AUTOHOL: Holiday, 02/18/2026"
Vietnam,2026-02-18,6466778,INTDAILY,V69,3 Month Deposit Rate,UPDATE_NOTE,BLOCKED_MAX_UPDATES,AUTOHOL: Holiday — 2026-02-18,"AUTOHOL: Holiday, 02/18/2026"
Vietnam,2026-02-18,6466883,INTDAILY,"W19, W20",State Bank Exchange Rates,UPDATE_NOTE,BLOCKED_MAX_UPDATES,AUTOHOL: Holiday — 2026-02-18,"AUTOHOL: Holiday, 02/18/2026"
Vietnam,2026-02-18,6466884,INTDAILY,W23,Vietnam Interbank Rate,UPDATE_NOTE,BLOCKED_MAX_UPDATES,AUTOHOL: Holiday — 2026-02-18,"AUTOHOL: Holiday, 02/18/2026"
Vietnam,2026-02-18,6466885,INTDAILY,H07,State Bank Exchange Rates Mid-Rates Calculation,UPDATE_NOTE,BLOCKED_MAX_UPDATES,AUTOHOL: Holiday — 2026-02-18,"AUTOHOL: Holiday, 02/18/2026"
Vietnam,2026-02-18,6467430,INTDAILY,H94,Government Bond Auctions,UPDATE_NOTE,BLOCKED_MAX_UPDATES,AUTOHOL: Holiday — 2026-02-18,"AUTOHOL: Holiday, 02/18/2026"
Vietnam,2026-02-18,6467716,ENERGY,K11,Vietnam Pump Prices,UPDATE_NOTE,BLOCKED_MAX_UPDATES,AUTOHOL: Holiday — 2026-02-18,"AUTOHOL: Holiday, 02/18/2026"
Vietnam,2026-02-18,6467717,INTDAILY,P61,Vietnam Pump Prices - INTD Transfer,UPDATE_NOTE,BLOCKED_MAX_UPDATES,AUTOHOL: Holiday — 2026-02-18,"AUTOHOL: Holiday, 02/18/2026"
Vietnam,2026-02-18,6467856,INTDAILY,K61,Open Market Operations,UPDATE_NOTE,BLOCKED_MAX_UPDATES,AUTOHOL: Holiday — 2026-02-18,"AUTOHOL: Holiday, 02/18/2026"
Vietnam,2026-02-19,6464600,INTDAILY,R76,Exchange Rate,UPDATE_NOTE,BLOCKED_MAX_UPDATES,AUTOHOL: Holiday — 2026-02-19,"AUTOHOL: Holiday, 02/19/2026"
Vietnam,2026-02-19,6464780,INTDAILY,G96,VI Index,UPDATE_NOTE,BLOCKED_MAX_UPDATES,AUTOHOL: Holiday — 2026-02-19,"AUTOHOL: Holiday, 02/19/2026"
Vietnam,2026-02-19,6464907,INTDAILY,H14,[ Mid-Rate Calculation] Exchange Rates,UPDATE_NOTE,BLOCKED_MAX_UPDATES,AUTOHOL: Holiday — 2026-02-19,"AUTOHOL: Holiday, 02/19/2026"
Vietnam,2026-02-19,6464993,INTDAILY,V69,3 Month Deposit Rate,UPDATE_NOTE,BLOCKED_MAX_UPDATES,AUTOHOL: Holiday — 2026-02-19,"AUTOHOL: Holiday, 02/19/2026"
Vietnam,2026-02-19,6465103,INTDAILY,"W19, W20",State Bank Exchange Rates,UPDATE_NOTE,BLOCKED_MAX_UPDATES,AUTOHOL: Holiday — 2026-02-19,"AUTOHOL: Holiday, 02/19/2026"
Vietnam,2026-02-19,6465104,INTDAILY,W23,Vietnam Interbank Rate,UPDATE_NOTE,BLOCKED_MAX_UPDATES,AUTOHOL: Holiday — 2026-02-19,"AUTOHOL: Holiday, 02/19/2026"
Vietnam,2026-02-19,6465105,INTDAILY,H07,State Bank Exchange Rates Mid-Rates Calculation,UPDATE_NOTE,BLOCKED_MAX_UPDATES,AUTOHOL: Holiday — 2026-02-19,"AUTOHOL: Holiday, 02/19/2026"
Vietnam,2026-02-19,6465106,INTWKLY,H88,Exchange Rate Aggregation,UPDATE_NOTE,BLOCKED_MAX_UPDATES,AUTOHOL: Holiday — 2026-02-19,"AUTOHOL: Holiday, 02/19/2026"
Vietnam,2026-02-19,6465687,INTDAILY,H94,Government Bond Auctions,UPDATE_NOTE,BLOCKED_MAX_UPDATES,AUTOHOL: Holiday — 2026-02-19,"AUTOHOL: Holiday, 02/19/2026"
Vietnam,2026-02-19,6465983,ENERGY,K11,Vietnam Pump Prices,UPDATE_NOTE,BLOCKED_MAX_UPDATES,AUTOHOL: Holiday — 2026-02-19,"AUTOHOL: Holiday, 02/19/2026"
Vietnam,2026-02-19,6465984,INTDAILY,P61,Vietnam Pump Prices - INTD Transfer,UPDATE_NOTE,BLOCKED_MAX_UPDATES,AUTOHOL: Holiday — 2026-02-19,"AUTOHOL: Holiday, 02/19/2026"
Vietnam,2026-02-19,6466121,INTDAILY,K61,Open Market Operations,UPDATE_NOTE,BLOCKED_MAX_UPDATES,AUTOHOL: Holiday — 2026-02-19,"AUTOHOL: Holiday, 02/19/2026"
Vietnam,2026-02-20,6462604,INTDAILY,R76,Exchange Rate,UPDATE_NOTE,BLOCKED_MAX_UPDATES,AUTOHOL: Holiday — 2026-02-20,"AUTOHOL: Holiday, 02/20/2026"
Vietnam,2026-02-20,6462663,INTWKLY,"R76, V09",Aggregation: Exchange Rates,UPDATE_NOTE,BLOCKED_MAX_UPDATES,AUTOHOL: Holiday — 2026-02-20,"AUTOHOL: Holiday, 02/20/2026"
Vietnam,2026-02-20,6462802,INTDAILY,G96,VI Index,UPDATE_NOTE,BLOCKED_MAX_UPDATES,AUTOHOL: Holiday — 2026-02-20,"AUTOHOL: Holiday, 02/20/2026"
Vietnam,2026-02-20,6462803,INTWKLY,G97,Aggregation: VI Index,UPDATE_NOTE,BLOCKED_MAX_UPDATES,AUTOHOL: Holiday — 2026-02-20,"AUTOHOL: Holiday, 02/20/2026"
Vietnam,2026-02-20,6462933,INTDAILY,H14,[ Mid-Rate Calculation] Exchange Rates,UPDATE_NOTE,BLOCKED_MAX_UPDATES,AUTOHOL: Holiday — 2026-02-20,"AUTOHOL: Holiday, 02/20/2026"
Vietnam,2026-02-20,6463032,INTDAILY,V69,3 Month Deposit Rate,UPDATE_NOTE,BLOCKED_MAX_UPDATES,AUTOHOL: Holiday — 2026-02-20,"AUTOHOL: Holiday, 02/20/2026"
Vietnam,2026-02-20,6463142,INTDAILY,W23,Vietnam Interbank Rate,UPDATE_NOTE,BLOCKED_MAX_UPDATES,AUTOHOL: Holiday — 2026-02-20,"AUTOHOL: Holiday, 02/20/2026"
Vietnam,2026-02-20,6463525,INTWKLY,J10,3 Month Deposit Rate Aggregation,UPDATE_NOTE,BLOCKED_MAX_UPDATES,AUTOHOL: Holiday — 2026-02-20,"AUTOHOL: Holiday, 02/20/2026"
Vietnam,2026-02-20,6463583,INTDAILY,I90,Vietnam Zero Coupon Yields,UPDATE_NOTE,BLOCKED_MAX_UPDATES,AUTOHOL: Holiday — 2026-02-20,"AUTOHOL: Holiday, 02/20/2026"
Vietnam,2026-02-20,6464156,ENERGY,K11,Vietnam Pump Prices,UPDATE_NOTE,BLOCKED_MAX_UPDATES,AUTOHOL: Holiday — 2026-02-20,"AUTOHOL: Holiday, 02/20/2026"
Vietnam,2026-02-20,6464157,INTDAILY,P61,Vietnam Pump Prices - INTD Transfer,UPDATE_NOTE,BLOCKED_MAX_UPDATES,AUTOHOL: Holiday — 2026-02-20,"AUTOHOL: Holiday, 02/20/2026"
Vietnam,2026-02-20,6464158,INTWKLY,Q61,Vietnam Pump Prices - INTW AGG,UPDATE_NOTE,BLOCKED_MAX_UPDATES,AUTOHOL: Holiday — 2026-02-20,"AUTOHOL: Holiday, 02/20/2026"
Vietnam,2026-02-20,6464307,INTDAILY,K61,Open Market Operations,UPDATE_NOTE,BLOCKED_MAX_UPDATES,AUTOHOL: Holiday — 2026-02-20,"AUTOHOL: Holiday, 02/20/2026"
Vietnam,2026-02-22,6471689,INTDAILY,"W19, W20",State Bank Exchange Rates,UPDATE_NOTE,BLOCKED_MAX_UPDATES,,"AUTOHOL: Holiday, 02/22/2026"
Vietnam,2026-02-22,6471690,INTDAILY,H07,State Bank Exchange Rates Mid-Rates Calculation,UPDATE_NOTE,BLOCKED_MAX_UPDATES,,"AUTOHOL: Holiday, 02/22/2026"
Vietnam,2026-02-22,6471789,INTDAILY,H94,Government Bond Auctions,UPDATE_NOTE,BLOCKED_MAX_UPDATES,,"AUTOHOL: Holiday, 02/22/2026"
Hong Kong,2026-02-17,6468132,INTDAILY,P64,Platinum Prices (HK),UPDATE_NOTE,PLANNED,,"AUTOHOL: Holiday, 02/17/2026"
Hong Kong,2026-02-17,6468158,INTDAILY,J08,Official Interest Rates,UPDATE_NOTE,PLANNED,,"AUTOHOL: Holiday, 02/17/2026"
Hong Kong,2026-02-17,6468186,INTDAILY,S90,Hang Seng --,UPDATE_NOTE,PLANNED,,"AUTOHOL: Holiday, 02/17/2026"
Hong Kong,2026-02-17,6468196,INTDAILY,J07,Interest Settlement Rates,UPDATE_NOTE,PLANNED,,"AUTOHOL: Holiday, 02/17/2026"
Hong Kong,2026-02-17,6468319,INTDAILY,H03,10 Year Bond Yield Total Return Calculation,UPDATE_NOTE,PLANNED,,"AUTOHOL: Holiday, 02/17/2026"
Hong Kong,2026-02-17,6468611,INTDAILY,W25,Interbank Liquidity,UPDATE_NOTE,PLANNED,,"AUTOHOL: Holiday, 02/17/2026"
Hong Kong,2026-02-17,6468614,INTDAILY,G70,Monetary Base,UPDATE_NOTE,PLANNED,,"AUTOHOL: Holiday, 02/17/2026"
Hong Kong,2026-02-17,6468615,INTDAILY,T50,Trade Weighted Index,UPDATE_NOTE,PLANNED,,"AUTOHOL: Holiday, 02/17/2026"
Hong Kong,2026-02-17,6468691,INTDAILY,W89,Renminbi Liquidity Facility,UPDATE_NOTE,PLANNED,,"AUTOHOL: Holiday, 02/17/2026"
Hong Kong,2026-02-17,6468808,INTDAILY,X91,HSI Volatility Index,UPDATE_NOTE,PLANNED,,"AUTOHOL: Holiday, 02/17/2026"
Hong Kong,2026-02-17,6468926,INTDAILY,J37,Exchange Fund Bills & Notes Fixings,UPDATE_NOTE,PLANNED,,"AUTOHOL: Holiday, 02/17/2026"
Hong Kong,2026-02-17,6469048,CMDTY,L09,Platinum Prices (HK) - Transfer to CMDTY,UPDATE_NOTE,PLANNED,,"AUTOHOL: Holiday, 02/17/2026"
Hong Kong,2026-02-17,6469179,INTDAILY,V95,HKEX Daily Transactions,UPDATE_NOTE,PLANNED,,"AUTOHOL: Holiday, 02/17/2026"
Hong Kong,2026-02-17,6469490,TOURISM,"W48, W49, W50",Hong Kong Passenger Traffic,UPDATE_NOTE,PLANNED,,"AUTOHOL: Holiday, 02/17/2026"
Hong Kong,2026-02-17,6469552,INTDAILY,E30,HK Infrastructure_Sustainable Bond Closing Reference Yields,UPDATE_NOTE,PLANNED,,"AUTOHOL: Holiday, 02/17/2026"
Hong Kong,2026-02-17,6469553,INTDAILY,E28,HK Infrastructure_Sustainable Bond Indicative Yields,UPDATE_NOTE,PLANNED,,"AUTOHOL: Holiday, 02/17/2026"
Hong Kong,2026-02-17,6469607,ENERGY,"D58, D59, D60",Pump Prices,UPDATE_NOTE,PLANNED,,"AUTOHOL: Holiday, 02/17/2026"
Hong Kong,2026-02-17,6469608,INTDAILY,"B75, B76, B77",Pump Prices TRANSFER,UPDATE_NOTE,PLANNED,,"AUTOHOL: Holiday, 02/17/2026"
Hong Kong,2026-02-18,6466407,INTDAILY,P64,Platinum Prices (HK),UPDATE_NOTE,PLANNED,,"AUTOHOL: Holiday, 02/18/2026"
Hong Kong,2026-02-18,6466431,INTDAILY,J08,Official Interest Rates,UPDATE_NOTE,PLANNED,,"AUTOHOL: Holiday, 02/18/2026"
Hong Kong,2026-02-18,6466458,INTDAILY,S90,Hang Seng --,UPDATE_NOTE,PLANNED,,"AUTOHOL: Holiday, 02/18/2026"
Hong Kong,2026-02-18,6466467,INTDAILY,J07,Interest Settlement Rates,UPDATE_NOTE,PLANNED,,"AUTOHOL: Holiday, 02/18/2026"
Hong Kong,2026-02-18,6466595,INTDAILY,H03,10 Year Bond Yield Total Return Calculation,UPDATE_NOTE,PLANNED,,"AUTOHOL: Holiday, 02/18/2026"
Hong Kong,2026-02-18,6466887,INTDAILY,W25,Interbank Liquidity,UPDATE_NOTE,PLANNED,,"AUTOHOL: Holiday, 02/18/2026"
Hong Kong,2026-02-18,6466889,INTDAILY,G70,Monetary Base,UPDATE_NOTE,PLANNED,,"AUTOHOL: Holiday, 02/18/2026"
Hong Kong,2026-02-18,6466890,INTDAILY,T50,Trade Weighted Index,UPDATE_NOTE,PLANNED,,"AUTOHOL: Holiday, 02/18/2026"
Hong Kong,2026-02-18,6466965,INTDAILY,W89,Renminbi Liquidity Facility,UPDATE_NOTE,PLANNED,,"AUTOHOL: Holiday, 02/18/2026"
Hong Kong,2026-02-18,6467087,INTDAILY,X91,HSI Volatility Index,UPDATE_NOTE,PLANNED,,"AUTOHOL: Holiday, 02/18/2026"
Hong Kong,2026-02-18,6467207,INTDAILY,J37,Exchange Fund Bills & Notes Fixings,UPDATE_NOTE,PLANNED,,"AUTOHOL: Holiday, 02/18/2026"
Hong Kong,2026-02-18,6467333,CMDTY,L09,Platinum Prices (HK) - Transfer to CMDTY,UPDATE_NOTE,PLANNED,,"AUTOHOL: Holiday, 02/18/2026"
Hong Kong,2026-02-18,6467479,INTDAILY,V95,HKEX Daily Transactions,UPDATE_NOTE,PLANNED,,"AUTOHOL: Holiday, 02/18/2026"
Hong Kong,2026-02-18,6467676,INTWKLY,O93,HK Centaline Salesman Index,UPDATE_NOTE,PLANNED,,"AUTOHOL: Holiday, 02/18/2026"
Hong Kong,2026-02-18,6467799,TOURISM,"W48, W49, W50",Hong Kong Passenger Traffic,UPDATE_NOTE,PLANNED,,"AUTOHOL: Holiday, 02/18/2026"
Hong Kong,2026-02-18,6467858,INTDAILY,E30,HK Infrastructure_Sustainable Bond Closing Reference Yields,UPDATE_NOTE,PLANNED,,"AUTOHOL: Holiday, 02/18/2026"
Hong Kong,2026-02-18,6467859,INTDAILY,E28,HK Infrastructure_Sustainable Bond Indicative Yields,UPDATE_NOTE,PLANNED,,"AUTOHOL: Holiday, 02/18/2026"
Hong Kong,2026-02-18,6467913,ENERGY,"D58, D59, D60",Pump Prices,UPDATE_NOTE,PLANNED,,"AUTOHOL: Holiday, 02/18/2026"
Hong Kong,2026-02-18,6467914,INTDAILY,"B75, B76, B77",Pump Prices TRANSFER,UPDATE_NOTE,PLANNED,,"AUTOHOL: Holiday, 02/18/2026"
Hong Kong,2026-02-18,6468007,INTDAILY,E68,Exchange Fund Bills Tender,UPDATE_NOTE,PLANNED,,"AUTOHOL: Holiday, 02/18/2026"
Hong Kong,2026-02-19,6464608,INTDAILY,P64,Platinum Prices (HK),UPDATE_NOTE,PLANNED,,"AUTOHOL: Holiday, 02/19/2026"
Hong Kong,2026-02-19,6464633,INTDAILY,J08,Official Interest Rates,UPDATE_NOTE,PLANNED,,"AUTOHOL: Holiday, 02/19/2026"
Hong Kong,2026-02-19,6464664,INTDAILY,S90,Hang Seng --,UPDATE_NOTE,PLANNED,,"AUTOHOL: Holiday, 02/19/2026"
Hong Kong,2026-02-19,6464674,INTDAILY,J07,Interest Settlement Rates,UPDATE_NOTE,PLANNED,,"AUTOHOL: Holiday, 02/19/2026"
Hong Kong,2026-02-19,6464773,INTWKLY,J02,Interest Settlement Rates Aggregation,UPDATE_NOTE,PLANNED,,"AUTOHOL: Holiday, 02/19/2026"
Hong Kong,2026-02-19,6464809,INTDAILY,H03,10 Year Bond Yield Total Return Calculation,UPDATE_NOTE,PLANNED,,"AUTOHOL: Holiday, 02/19/2026"
Hong Kong,2026-02-19,6465108,INTDAILY,W25,Interbank Liquidity,UPDATE_NOTE,PLANNED,,"AUTOHOL: Holiday, 02/19/2026"
Hong Kong,2026-02-19,6465111,INTDAILY,G70,Monetary Base,UPDATE_NOTE,PLANNED,,"AUTOHOL: Holiday, 02/19/2026"
Hong Kong,2026-02-19,6465112,INTDAILY,T50,Trade Weighted Index,UPDATE_NOTE,PLANNED,,"AUTOHOL: Holiday, 02/19/2026"
Hong Kong,2026-02-19,6465206,INTDAILY,W89,Renminbi Liquidity Facility,UPDATE_NOTE,PLANNED,,"AUTOHOL: Holiday, 02/19/2026"
Hong Kong,2026-02-19,6465347,INTDAILY,X91,HSI Volatility Index,UPDATE_NOTE,PLANNED,,"AUTOHOL: Holiday, 02/19/2026"
Hong Kong,2026-02-19,6465469,INTDAILY,J37,Exchange Fund Bills & Notes Fixings,UPDATE_NOTE,PLANNED,,"AUTOHOL: Holiday, 02/19/2026"
Hong Kong,2026-02-19,6465587,CMDTY,L09,Platinum Prices (HK) - Transfer to CMDTY,UPDATE_NOTE,PLANNED,,"AUTOHOL: Holiday, 02/19/2026"
Hong Kong,2026-02-19,6465735,INTDAILY,V95,HKEX Daily Transactions,UPDATE_NOTE,PLANNED,,"AUTOHOL: Holiday, 02/19/2026"
Hong Kong,2026-02-19,6465947,INTWKLY,O94,HK Centaline Valuation Index,UPDATE_NOTE,PLANNED,,"AUTOHOL: Holiday, 02/19/2026"
Hong Kong,2026-02-19,6466065,TOURISM,"W48, W49, W50",Hong Kong Passenger Traffic,UPDATE_NOTE,PLANNED,,"AUTOHOL: Holiday, 02/19/2026"
Hong Kong,2026-02-19,6466124,INTDAILY,E30,HK Infrastructure_Sustainable Bond Closing Reference Yields,UPDATE_NOTE,PLANNED,,"AUTOHOL: Holiday, 02/19/2026"
Hong Kong,2026-02-19,6466125,INTDAILY,E28,HK Infrastructure_Sustainable Bond Indicative Yields,UPDATE_NOTE,PLANNED,,"AUTOHOL: Holiday, 02/19/2026"
Hong Kong,2026-02-19,6466190,ENERGY,"D58, D59, D60",Pump Prices,UPDATE_NOTE,PLANNED,,"AUTOHOL: Holiday, 02/19/2026"
Hong Kong,2026-02-19,6466191,INTDAILY,"B75, B76, B77",Pump Prices TRANSFER,UPDATE_NOTE,PLANNED,,"AUTOHOL: Holiday, 02/19/2026"
Argentina,2026-02-16,6453151,INTDAILY,I50,International Reserves,UPDATE_NOTE,PLANNED,,"AUTOHOL: Holiday, 02/16/2026"
Argentina,2026-02-16,6453212,INTDAILY,R67,Exchange Rates,UPDATE_NOTE,PLANNED,,"AUTOHOL: Holiday, 02/16/2026"
Argentina,2026-02-16,6453279,INTDAILY,V18,Merval Indexes,UPDATE_NOTE,PLANNED,,"AUTOHOL: Holiday, 02/16/2026"
Argentina,2026-02-16,6453347,INTDAILY,J56,Interest Rate on Time Deposits,UPDATE_NOTE,PLANNED,,"AUTOHOL: Holiday, 02/16/2026"
Argentina,2026-02-16,6453349,INTDAILY,I52,BADLAR Rates,UPDATE_NOTE,PLANNED,,"AUTOHOL: Holiday, 02/16/2026"
Argentina,2026-02-16,6453350,INTWKLY,J57,BADLAR Rates Agg,UPDATE_NOTE,PLANNED,,"AUTOHOL: Holiday, 02/16/2026"
Argentina,2026-02-16,6453404,INTDAILY,J72,BAIBAR Interest Rates,UPDATE_NOTE,PLANNED,,"AUTOHOL: Holiday, 02/16/2026"
Argentina,2026-02-16,6453405,INTWKLY,J74,BAIBAR Interest Rates Agg,UPDATE_NOTE,PLANNED,,"AUTOHOL: Holiday, 02/16/2026"
Argentina,2026-02-16,6453574,INTDAILY,P22,Dolar Blue [AMBITO],UPDATE_NOTE,PLANNED,,"AUTOHOL: Holiday, 02/16/2026"
Argentina,2026-02-16,6453588,INTDAILY,H66,Dolar Blue [AMBITO] Mid,UPDATE_NOTE,PLANNED,,"AUTOHOL: Holiday, 02/16/2026"
Argentina,2026-02-16,6453611,INTWKLY,J76,Interest rate on Time Deposits Agg,UPDATE_NOTE,PLANNED,,"AUTOHOL: Holiday, 02/16/2026"
Argentina,2026-02-16,6453674,INTDAILY,J64,Policy Instruments,UPDATE_NOTE,PLANNED,,"AUTOHOL: Holiday, 02/16/2026"
Argentina,2026-02-16,6453675,INTWKLY,J56,Policy Instruments Aggregation,UPDATE_NOTE,PLANNED,,"AUTOHOL: Holiday, 02/16/2026"
Argentina,2026-02-16,6453806,INTDAILY,X74,Main Assets of Financial Institutions,UPDATE_NOTE,PLANNED,,"AUTOHOL: Holiday, 02/16/2026"
Argentina,2026-02-16,6453808,INTDAILY,X78,Main Liabilities of Financial Institutions,UPDATE_NOTE,PLANNED,,"AUTOHOL: Holiday, 02/16/2026"
Argentina,2026-02-16,6453836,INTDAILY,Y01,Effective Exchange Rate,UPDATE_NOTE,PLANNED,,"AUTOHOL: Holiday, 02/16/2026"
Argentina,2026-02-16,6453842,INTDAILY,Y04,Daily Monetary Report,UPDATE_NOTE,PLANNED,,"AUTOHOL: Holiday, 02/16/2026"
Argentina,2026-02-16,6453864,INTDAILY,Y05,Daily Monetary Report Calc [LELIQ],UPDATE_NOTE,PLANNED,,"AUTOHOL: Holiday, 02/16/2026"
Argentina,2026-02-16,6453906,INTDAILY,Y19,Non-Financial Loans,UPDATE_NOTE,PLANNED,,"AUTOHOL: Holiday, 02/16/2026"
Argentina,2026-02-16,6453909,INTWKLY,Y21,Non-Financial Loans agg,UPDATE_NOTE,PLANNED,,"AUTOHOL: Holiday, 02/16/2026"
Argentina,2026-02-16,6453943,INTDAILY,P28,Dolar CCL [AMBITO],UPDATE_NOTE,PLANNED,,"AUTOHOL: Holiday, 02/16/2026"
Argentina,2026-02-16,6454076,INTDAILY,I11,Policy Rate Check,UPDATE_NOTE,PLANNED,,"AUTOHOL: Holiday, 02/16/2026"
Argentina,2026-02-16,6454080,INTDAILY,H60,Dolar MEP [AMBITO],UPDATE_NOTE,PLANNED,,"AUTOHOL: Holiday, 02/16/2026"
Argentina,2026-02-16,6454081,INTDAILY,H61,Dolar Turista [AMBITO],UPDATE_NOTE,PLANNED,,"AUTOHOL: Holiday, 02/16/2026"
Argentina,2026-02-16,6454082,INTDAILY,H62,US$ [AMBITO] Mid,UPDATE_NOTE,PLANNED,,"AUTOHOL: Holiday, 02/16/2026"
Argentina,2026-02-16,6454083,INTDAILY,H63,US$ [AMBITO],UPDATE_NOTE,PLANNED,,"AUTOHOL: Holiday, 02/16/2026"
Argentina,2026-02-16,6454084,INTDAILY,H64,Dolar Mayorista [AMBITO] Mid,UPDATE_NOTE,PLANNED,,"AUTOHOL: Holiday, 02/16/2026"
Argentina,2026-02-16,6454085,INTDAILY,H65,Dolar Mayorista [AMBITO],UPDATE_NOTE,PLANNED,,"AUTOHOL: Holiday, 02/16/2026"
Argentina,2026-02-16,6454099,INTDAILY,T80,Interest Rates on Personal Loans,UPDATE_NOTE,PLANNED,,"AUTOHOL: Holiday, 02/16/2026"
Argentina,2026-02-16,6454100,INTWKLY,W81,Interest Rates on Personal Loans Aggregation,UPDATE_NOTE,PLANNED,,"AUTOHOL: Holiday, 02/16/2026"
Argentina,2026-02-16,6454113,INTDAILY,M71,Market Rates,UPDATE_NOTE,PLANNED,,"AUTOHOL: Holiday, 02/16/2026"
Argentina,2026-02-16,6454114,INTWKLY,M61,Market Rates AGG,UPDATE_NOTE,PLANNED,,"AUTOHOL: Holiday, 02/16/2026"
Argentina,2026-02-16,6454130,INTDAILY,P75,Commodity Price Index,UPDATE_NOTE,PLANNED,,"AUTOHOL: Holiday, 02/16/2026"
Argentina,2026-02-16,6454131,INTDAILY,P76,Commodity Price Index Weights,UPDATE_NOTE,PLANNED,,"AUTOHOL: Holiday, 02/16/2026"
Argentina,2026-02-16,6454132,CMDTY,P75,Commodity Price Index Comp,UPDATE_NOTE,PLANNED,,"AUTOHOL: Holiday, 02/16/2026"
Argentina,2026-02-16,6454133,INTWKLY,O75,Commodity Price Index Agg,UPDATE_NOTE,PLANNED,,"AUTOHOL: Holiday, 02/16/2026"
Argentina,2026-02-16,6454134,INTWKLY,O76,Commodity Price Index Weights Agg,UPDATE_NOTE,PLANNED,,"AUTOHOL: Holiday, 02/16/2026"
Argentina,2026-02-16,6454155,CMDTY,P76,Commodity Price Index Weights Comp,UPDATE_NOTE,PLANNED,,"AUTOHOL: Holiday, 02/16/2026"
Argentina,2026-02-16,6454368,INTDAILY,H42,Dolar Lujo [AMBITO],UPDATE_NOTE,PLANNED,,"AUTOHOL: Holiday, 02/16/2026"
Argentina,2026-02-16,6454369,INTDAILY,H43,Dolar Banco Nacion [AMBITO],UPDATE_NOTE,PLANNED,,"AUTOHOL: Holiday, 02/16/2026"
Argentina,2026-02-16,6454370,INTDAILY,H44,Dolar Banco Nacion [AMBITO] Mid,UPDATE_NOTE,PLANNED,,"AUTOHOL: Holiday, 02/16/2026"
Argentina,2026-02-16,6454460,INTDAILY,H09,Dolar Cripto [AMBITO],UPDATE_NOTE,PLANNED,,"AUTOHOL: Holiday, 02/16/2026"
Argentina,2026-02-16,6454461,INTDAILY,H41,Euro Blue [AMBITO],UPDATE_NOTE,PLANNED,,"AUTOHOL: Holiday, 02/16/2026"
Argentina,2026-02-16,6454462,INTDAILY,H47,Euro Blue [AMBITO] Mid,UPDATE_NOTE,PLANNED,,"AUTOHOL: Holiday, 02/16/2026"
Argentina,2026-02-16,6454463,INTDAILY,H48,Euro [AMBITO],UPDATE_NOTE,PLANNED,,"AUTOHOL: Holiday, 02/16/2026"
Argentina,2026-02-16,6454464,INTDAILY,H79,Euro [AMBITO] Mid,UPDATE_NOTE,PLANNED,,"AUTOHOL: Holiday, 02/16/2026"
Argentina,2026-02-16,6454779,INTDAILY,L06,Exchange Rate Band Check,UPDATE_NOTE,PLANNED,,"AUTOHOL: Holiday, 02/16/2026"
Argentina,2026-02-17,6468173,INTDAILY,I50,International Reserves,UPDATE_NOTE,PLANNED,,"AUTOHOL: Holiday, 02/17/2026"
Argentina,2026-02-17,6468234,INTDAILY,R67,Exchange Rates,UPDATE_NOTE,PLANNED,,"AUTOHOL: Holiday, 02/17/2026"
Argentina,2026-02-17,6468300,INTDAILY,V18,Merval Indexes,UPDATE_NOTE,PLANNED,,"AUTOHOL: Holiday, 02/17/2026"
Argentina,2026-02-17,6468363,INTDAILY,J56,Interest Rate on Time Deposits,UPDATE_NOTE,PLANNED,,"AUTOHOL: Holiday, 02/17/2026"
Argentina,2026-02-17,6468365,INTDAILY,I52,BADLAR Rates,UPDATE_NOTE,PLANNED,,"AUTOHOL: Holiday, 02/17/2026"
Argentina,2026-02-17,6468415,INTDAILY,J72,BAIBAR Interest Rates,UPDATE_NOTE,PLANNED,,"AUTOHOL: Holiday, 02/17/2026"
Argentina,2026-02-17,6468584,INTDAILY,P22,Dolar Blue [AMBITO],UPDATE_NOTE,PLANNED,,"AUTOHOL: Holiday, 02/17/2026"
Argentina,2026-02-17,6468602,INTDAILY,H66,Dolar Blue [AMBITO] Mid,UPDATE_NOTE,PLANNED,,"AUTOHOL: Holiday, 02/17/2026"
Argentina,2026-02-17,6468613,INTWKLY,M75,International Reserves AGG,UPDATE_NOTE,PLANNED,,"AUTOHOL: Holiday, 02/17/2026"
Argentina,2026-02-17,6468672,INTDAILY,J64,Policy Instruments,UPDATE_NOTE,PLANNED,,"AUTOHOL: Holiday, 02/17/2026"
Argentina,2026-02-17,6468791,INTDAILY,X74,Main Assets of Financial Institutions,UPDATE_NOTE,PLANNED,,"AUTOHOL: Holiday, 02/17/2026"
Argentina,2026-02-17,6468792,INTWKLY,T55,Main Assets of Financial Institutions Agg,UPDATE_NOTE,PLANNED,,"AUTOHOL: Holiday, 02/17/2026"
Argentina,2026-02-17,6468794,INTDAILY,X78,Main Liabilities of Financial Institutions,UPDATE_NOTE,PLANNED,,"AUTOHOL: Holiday, 02/17/2026"
Argentina,2026-02-17,6468795,INTWKLY,T54,Main Liabilities of Financial Institutions Agg,UPDATE_NOTE,PLANNED,,"AUTOHOL: Holiday, 02/17/2026"
Argentina,2026-02-17,6468817,INTDAILY,Y01,Effective Exchange Rate,UPDATE_NOTE,PLANNED,,"AUTOHOL: Holiday, 02/17/2026"
Argentina,2026-02-17,6468823,INTDAILY,Y04,Daily Monetary Report,UPDATE_NOTE,PLANNED,,"AUTOHOL: Holiday, 02/17/2026"
Argentina,2026-02-17,6468841,INTDAILY,Y05,Daily Monetary Report Calc [LELIQ],UPDATE_NOTE,PLANNED,,"AUTOHOL: Holiday, 02/17/2026"
Argentina,2026-02-17,6468876,INTDAILY,Y19,Non-Financial Loans,UPDATE_NOTE,PLANNED,,"AUTOHOL: Holiday, 02/17/2026"
Argentina,2026-02-17,6468911,INTDAILY,P28,Dolar CCL [AMBITO],UPDATE_NOTE,PLANNED,,"AUTOHOL: Holiday, 02/17/2026"
Argentina,2026-02-17,6469030,INTDAILY,I11,Policy Rate Check,UPDATE_NOTE,PLANNED,,"AUTOHOL: Holiday, 02/17/2026"
Argentina,2026-02-17,6469035,INTDAILY,H60,Dolar MEP [AMBITO],UPDATE_NOTE,PLANNED,,"AUTOHOL: Holiday, 02/17/2026"
Argentina,2026-02-17,6469036,INTDAILY,H61,Dolar Turista [AMBITO],UPDATE_NOTE,PLANNED,,"AUTOHOL: Holiday, 02/17/2026"
Argentina,2026-02-17,6469037,INTDAILY,H62,US$ [AMBITO] Mid,UPDATE_NOTE,PLANNED,,"AUTOHOL: Holiday, 02/17/2026"
Argentina,2026-02-17,6469038,INTDAILY,H63,US$ [AMBITO],UPDATE_NOTE,PLANNED,,"AUTOHOL: Holiday, 02/17/2026"
Argentina,2026-02-17,6469039,INTDAILY,H64,Dolar Mayorista [AMBITO] Mid,UPDATE_NOTE,PLANNED,,"AUTOHOL: Holiday, 02/17/2026"
Argentina,2026-02-17,6469040,INTDAILY,H65,Dolar Mayorista [AMBITO],UPDATE_NOTE,PLANNED,,"AUTOHOL: Holiday, 02/17/2026"
Argentina,2026-02-17,6469053,INTDAILY,T80,Interest Rates on Personal Loans,UPDATE_NOTE,PLANNED,,"AUTOHOL: Holiday, 02/17/2026"
Argentina,2026-02-17,6469064,INTDAILY,M71,Market Rates,UPDATE_NOTE,PLANNED,,"AUTOHOL: Holiday, 02/17/2026"
Argentina,2026-02-17,6469073,INTDAILY,P75,Commodity Price Index,UPDATE_NOTE,PLANNED,,"AUTOHOL: Holiday, 02/17/2026"
Argentina,2026-02-17,6469074,INTDAILY,P76,Commodity Price Index Weights,UPDATE_NOTE,PLANNED,,"AUTOHOL: Holiday, 02/17/2026"
Argentina,2026-02-17,6469075,CMDTY,P75,Commodity Price Index Comp,UPDATE_NOTE,PLANNED,,"AUTOHOL: Holiday, 02/17/2026"
Argentina,2026-02-17,6469087,CMDTY,P76,Commodity Price Index Weights Comp,UPDATE_NOTE,PLANNED,,"AUTOHOL: Holiday, 02/17/2026"
Argentina,2026-02-17,6469275,INTDAILY,H42,Dolar Lujo [AMBITO],UPDATE_NOTE,PLANNED,,"AUTOHOL: Holiday, 02/17/2026"
Argentina,2026-02-17,6469276,INTDAILY,H43,Dolar Banco Nacion [AMBITO],UPDATE_NOTE,PLANNED,,"AUTOHOL: Holiday, 02/17/2026"
Argentina,2026-02-17,6469277,INTDAILY,H44,Dolar Banco Nacion [AMBITO] Mid,UPDATE_NOTE,PLANNED,,"AUTOHOL: Holiday, 02/17/2026"
Argentina,2026-02-17,6469374,INTDAILY,H09,Dolar Cripto [AMBITO],UPDATE_NOTE,PLANNED,,"AUTOHOL: Holiday, 02/17/2026"
Argentina,2026-02-17,6469375,INTDAILY,H41,Euro Blue [AMBITO],UPDATE_NOTE,PLANNED,,"AUTOHOL: Holiday, 02/17/2026"
Argentina,2026-02-17,6469376,INTDAILY,H47,Euro Blue [AMBITO] Mid,UPDATE_NOTE,PLANNED,,"AUTOHOL: Holiday, 02/17/2026"
Argentina,2026-02-17,6469377,INTDAILY,H48,Euro [AMBITO],UPDATE_NOTE,PLANNED,,"AUTOHOL: Holiday, 02/17/2026"
Argentina,2026-02-17,6469378,INTDAILY,H79,Euro [AMBITO] Mid,UPDATE_NOTE,PLANNED,,"AUTOHOL: Holiday, 02/17/2026"
Argentina,2026-02-17,6469676,INTDAILY,L06,Exchange Rate Band Check,UPDATE_NOTE,PLANNED,,"AUTOHOL: Holiday, 02/17/2026"
Uganda,2026-02-16,6453192,INTDAILY,V13,Stock Indicators,UPDATE_NOTE,PLANNED,,"AUTOHOL: Holiday, 02/16/2026"
Uganda,2026-02-16,6453270,INTDAILY,V17,Exchange Rates,UPDATE_NOTE,PLANNED,,"AUTOHOL: Holiday, 02/16/2026"
Uganda,2026-02-16,6453388,INTDAILY,H15,[ Mid-Rate Calculation] Exchange Rates,UPDATE_NOTE,PLANNED,,"AUTOHOL: Holiday, 02/16/2026"
Uganda,2026-02-16,6454227,INTDAILY,H89,Uganda Bond Yields,UPDATE_NOTE,PLANNED,"R2D2 Running... [Retry 9/10, wait=600s] 2/13/2026 12:02:43 [Az-AutoSrv1-Svc]","R2D2 Running... [Retry 9/10, wait=600s] 2/13/2026 12:02:43 [Az-AutoSrv1-Svc] | AUTOHOL: Holiday, 02/16/2026"
Uganda,2026-02-16,6454228,INTWKLY,C86,Uganda Bond Yields Agg,UPDATE_NOTE,PLANNED,,"AUTOHOL: Holiday, 02/16/2026"
Uganda,2026-02-16,6454506,INTDAILY,A81,Interbank Rates,UPDATE_NOTE,PLANNED,,"AUTOHOL: Holiday, 02/16/2026"
Uganda,2026-02-16,6454507,INTWKLY,A81,Interbank Rates Agg,UPDATE_NOTE,PLANNED,,"AUTOHOL: Holiday, 02/16/2026"
Taiwan,2026-02-16,6453231,INTDAILY,J13,3 Month Deposit Rate,UPDATE_NOTE,PLANNED,,"AUTOHOL: Holiday, 02/16/2026"
Taiwan,2026-02-16,6453470,INTDAILY,V57,Asian Stock Market - TAIEX,UPDATE_NOTE,PLANNED,,"AUTOHOL: Holiday, 02/16/2026"
Taiwan,2026-02-16,6453626,INTDAILY,W47,US Exchange Rates,UPDATE_NOTE,PLANNED,,"AUTOHOL: Holiday, 02/16/2026"
Taiwan,2026-02-16,6453627,INTDAILY,W48,Interbank Overnight Rate,UPDATE_NOTE,PLANNED,,"AUTOHOL: Holiday, 02/16/2026"
Taiwan,2026-02-16,6453785,INTDAILY,X60,Taiwan Interbank Rates [TAIBOR],UPDATE_NOTE,PLANNED,,"AUTOHOL: Holiday, 02/16/2026"
Taiwan,2026-02-16,6454039,INTDAILY,J90,TAIBIR,UPDATE_NOTE,PLANNED,,"AUTOHOL: Holiday, 02/16/2026"
Taiwan,2026-02-17,6468255,INTDAILY,J13,3 Month Deposit Rate,UPDATE_NOTE,PLANNED,,"AUTOHOL: Holiday, 02/17/2026"
Taiwan,2026-02-17,6468477,INTDAILY,V57,Asian Stock Market - TAIEX,UPDATE_NOTE,PLANNED,,"AUTOHOL: Holiday, 02/17/2026"
Taiwan,2026-02-17,6468632,INTDAILY,W47,US Exchange Rates,UPDATE_NOTE,PLANNED,,"AUTOHOL: Holiday, 02/17/2026"
Taiwan,2026-02-17,6468633,INTDAILY,W48,Interbank Overnight Rate,UPDATE_NOTE,PLANNED,,"AUTOHOL: Holiday, 02/17/2026"
Taiwan,2026-02-17,6468772,INTDAILY,X60,Taiwan Interbank Rates [TAIBOR],UPDATE_NOTE,PLANNED,,"AUTOHOL: Holiday, 02/17/2026"
Taiwan,2026-02-17,6468993,INTDAILY,J90,TAIBIR,UPDATE_NOTE,PLANNED,,"AUTOHOL: Holiday, 02/17/2026"
Taiwan,2026-02-18,6466528,INTDAILY,J13,3 Month Deposit Rate,UPDATE_NOTE,PLANNED,,"AUTOHOL: Holiday, 02/18/2026"
Taiwan,2026-02-18,6466759,INTDAILY,V57,Asian Stock Market - TAIEX,UPDATE_NOTE,PLANNED,,"AUTOHOL: Holiday, 02/18/2026"
Taiwan,2026-02-18,6466907,INTDAILY,W47,US Exchange Rates,UPDATE_NOTE,PLANNED,,"AUTOHOL: Holiday, 02/18/2026"
Taiwan,2026-02-18,6466908,INTDAILY,W48,Interbank Overnight Rate,UPDATE_NOTE,PLANNED,,"AUTOHOL: Holiday, 02/18/2026"
Taiwan,2026-02-18,6467050,INTDAILY,X60,Taiwan Interbank Rates [TAIBOR],UPDATE_NOTE,PLANNED,,"AUTOHOL: Holiday, 02/18/2026"
Taiwan,2026-02-18,6467278,INTDAILY,J90,TAIBIR,UPDATE_NOTE,PLANNED,,"AUTOHOL: Holiday, 02/18/2026"
Taiwan,2026-02-19,6464732,INTDAILY,J13,3 Month Deposit Rate,UPDATE_NOTE,PLANNED,,"AUTOHOL: Holiday, 02/19/2026"
Taiwan,2026-02-19,6464735,INTWKLY,J11,3 Month Deposit Rate Agg,UPDATE_NOTE,PLANNED,,"AUTOHOL: Holiday, 02/19/2026"
Taiwan,2026-02-19,6464972,INTDAILY,V57,Asian Stock Market - TAIEX,UPDATE_NOTE,PLANNED,,"AUTOHOL: Holiday, 02/19/2026"
Taiwan,2026-02-19,6465135,INTDAILY,W47,US Exchange Rates,UPDATE_NOTE,PLANNED,,"AUTOHOL: Holiday, 02/19/2026"
Taiwan,2026-02-19,6465136,INTDAILY,W48,Interbank Overnight Rate,UPDATE_NOTE,PLANNED,,"AUTOHOL: Holiday, 02/19/2026"
Taiwan,2026-02-19,6465305,INTDAILY,X60,Taiwan Interbank Rates [TAIBOR],UPDATE_NOTE,PLANNED,,"AUTOHOL: Holiday, 02/19/2026"
Taiwan,2026-02-19,6465306,INTWKLY,T89,Taiwan Interbank Rates [TAIBOR] Aggregation,UPDATE_NOTE,PLANNED,,"AUTOHOL: Holiday, 02/19/2026"
Taiwan,2026-02-19,6465536,INTDAILY,J90,TAIBIR,UPDATE_NOTE,PLANNED,,"AUTOHOL: Holiday, 02/19/2026"
Taiwan,2026-02-19,6465537,INTWKLY,J90,TAIBIR Aggregation,UPDATE_NOTE,PLANNED,,"AUTOHOL: Holiday, 02/19/2026"
Taiwan,2026-02-20,6463012,INTDAILY,V57,Asian Stock Market - TAIEX,UPDATE_NOTE,PLANNED,,"AUTOHOL: Holiday, 02/20/2026"
Taiwan,2026-02-20,6463191,INTDAILY,W47,US Exchange Rates,UPDATE_NOTE,PLANNED,,"AUTOHOL: Holiday, 02/20/2026"
Taiwan,2026-02-20,6463192,INTDAILY,W48,Interbank Overnight Rate,UPDATE_NOTE,PLANNED,,"AUTOHOL: Holiday, 02/20/2026"
Taiwan,2026-02-20,6463193,INTWKLY,T28,Aggregation: Taiwan US Exchange Rates,UPDATE_NOTE,PLANNED,,"AUTOHOL: Holiday, 02/20/2026"
Taiwan,2026-02-20,6463201,INTWKLY,T29,Aggregation: Taiwan Interbank Rate,UPDATE_NOTE,PLANNED,,"AUTOHOL: Holiday, 02/20/2026"
Taiwan,2026-02-20,6463676,INTWKLY,W01,Asian Stock Market - TAIEX Aggregation,UPDATE_NOTE,PLANNED,,"AUTOHOL: Holiday, 02/20/2026"
Taiwan,2026-02-22,6471616,INTDAILY,J13,3 Month Deposit Rate,UPDATE_NOTE,PLANNED,,"AUTOHOL: Holiday, 02/22/2026"
Taiwan,2026-02-22,6471710,INTDAILY,X60,Taiwan Interbank Rates [TAIBOR],UPDATE_NOTE,PLANNED,,"AUTOHOL: Holiday, 02/22/2026"
Taiwan,2026-02-22,6471738,INTDAILY,J90,TAIBIR,UPDATE_NOTE,PLANNED,,"AUTOHOL: Holiday, 02/22/2026"
Taiwan,2026-02-22,6471918,ENERGY,K77,Taiwan Fuel Prices,UPDATE_NOTE,PLANNED,,"AUTOHOL: Holiday, 02/22/2026"
Taiwan,2026-02-22,6471929,INTWKLY,K77,Taiwan Fuel Prices Transfer,UPDATE_NOTE,PLANNED,,"AUTOHOL: Holiday, 02/22/2026"
Macao,2026-02-17,6468258,INTDAILY,J14,Interbank Rates,UPDATE_NOTE,PLANNED,,"AUTOHOL: Holiday, 02/17/2026"
Macao,2026-02-17,6468259,INTDAILY,R31,Exchange Rates,UPDATE_NOTE,PLANNED,,"AUTOHOL: Holiday, 02/17/2026"
Macao,2026-02-17,6469069,INTDAILY,T60,MONIA,UPDATE_NOTE,PLANNED,,"AUTOHOL: Holiday, 02/17/2026"
Macao,2026-02-18,6466531,INTDAILY,J14,Interbank Rates,UPDATE_NOTE,PLANNED,,"AUTOHOL: Holiday, 02/18/2026"
Macao,2026-02-18,6466532,INTDAILY,R31,Exchange Rates,UPDATE_NOTE,PLANNED,,"AUTOHOL: Holiday, 02/18/2026"
Macao,2026-02-18,6467356,INTDAILY,T60,MONIA,UPDATE_NOTE,PLANNED,,"AUTOHOL: Holiday, 02/18/2026"
Macao,2026-02-19,6464736,INTDAILY,J14,Interbank Rates,UPDATE_NOTE,PLANNED,,"AUTOHOL: Holiday, 02/19/2026"
Macao,2026-02-19,6464737,INTDAILY,R31,Exchange Rates,UPDATE_NOTE,PLANNED,,"AUTOHOL: Holiday, 02/19/2026"
Macao,2026-02-19,6464740,INTWKLY,R77,Exchange Rates Aggregation,UPDATE_NOTE,PLANNED,,"AUTOHOL: Holiday, 02/19/2026"
Macao,2026-02-19,6465428,INTWKLY,J12,Interbank Rates Aggreagation,UPDATE_NOTE,PLANNED,,"AUTOHOL: Holiday, 02/19/2026"
Macao,2026-02-19,6465610,INTDAILY,T60,MONIA,UPDATE_NOTE,PLANNED,,"AUTOHOL: Holiday, 02/19/2026"
Ecuador,2026-02-17,6468432,INTWKLY,G03,Monetary Bulletin: IMS2,UPDATE_NOTE,PLANNED,,"AUTOHOL: Holiday, 02/17/2026"
Ecuador,2026-02-17,6468929,INTWKLY,O86,Monetary Bulletin: IMS13,UPDATE_NOTE,PLANNED,,"AUTOHOL: Holiday, 02/17/2026"
Ecuador,2026-02-17,6469348,INTWKLY,O74,Monetary Bulletin: IMS3,UPDATE_NOTE,PLANNED,,"AUTOHOL: Holiday, 02/17/2026"
Ecuador,2026-02-17,6469349,INTWKLY,O78,Monetary Bulletin: IMS4,UPDATE_NOTE,PLANNED,,"AUTOHOL: Holiday, 02/17/2026"
Ecuador,2026-02-17,6469350,INTWKLY,O87,Monetary Bulletin: IMS5,UPDATE_NOTE,PLANNED,,"AUTOHOL: Holiday, 02/17/2026"
Ecuador,2026-02-17,6469351,INTWKLY,O79,Monetary Bulletin: IMS6,UPDATE_NOTE,PLANNED,,"AUTOHOL: Holiday, 02/17/2026"
Ecuador,2026-02-17,6469352,INTWKLY,O80,Monetary Bulletin: IMS7,UPDATE_NOTE,PLANNED,,"AUTOHOL: Holiday, 02/17/2026"
Ecuador,2026-02-17,6469353,INTWKLY,O81,Monetary Bulletin: IMS8,UPDATE_NOTE,PLANNED,,"AUTOHOL: Holiday, 02/17/2026"
Ecuador,2026-02-17,6469354,INTWKLY,O82,Monetary Bulletin: IMS9,UPDATE_NOTE,PLANNED,,"AUTOHOL: Holiday, 02/17/2026"
Ecuador,2026-02-17,6469355,INTWKLY,O83,Monetary Bulletin: IMS10,UPDATE_NOTE,PLANNED,,"AUTOHOL: Holiday, 02/17/2026"
Ecuador,2026-02-17,6469356,INTWKLY,O84,Monetary Bulletin: IMS11,UPDATE_NOTE,PLANNED,,"AUTOHOL: Holiday, 02/17/2026"
Ecuador,2026-02-17,6469357,INTWKLY,O85,Monetary Bulletin: IMS12,UPDATE_NOTE,PLANNED,,"AUTOHOL: Holiday, 02/17/2026"
Ecuador,2026-02-17,6469436,INTWKLY,Y77,Monetary Bulletin: IMS14,UPDATE_NOTE,PLANNED,,"AUTOHOL: Holiday, 02/17/2026"
Mongolia,2026-02-18,6466879,INTDAILY,W16,Exchange Rates,UPDATE_NOTE,PLANNED,,"AUTOHOL: Holiday, 02/18/2026"
Mongolia,2026-02-18,6466954,INTDAILY,W74,Mongolia Stock Exchange Index,UPDATE_NOTE,PLANNED,,"AUTOHOL: Holiday, 02/18/2026"
Mongolia,2026-02-19,6465099,INTDAILY,W16,Exchange Rates,UPDATE_NOTE,PLANNED,,"AUTOHOL: Holiday, 02/19/2026"
Mongolia,2026-02-19,6465194,INTDAILY,W74,Mongolia Stock Exchange Index,UPDATE_NOTE,PLANNED,,"AUTOHOL: Holiday, 02/19/2026"
Mongolia,2026-02-20,6463136,INTDAILY,W16,Exchange Rates,UPDATE_NOTE,PLANNED,,"AUTOHOL: Holiday, 02/20/2026"
Mongolia,2026-02-20,6463274,INTDAILY,W74,Mongolia Stock Exchange Index,UPDATE_NOTE,PLANNED,,"AUTOHOL: Holiday, 02/20/2026"
Mongolia,2026-02-20,6463275,INTWKLY,T65,Mongolia Stock Exchange Aggregation,UPDATE_NOTE,PLANNED,,"AUTOHOL: Holiday, 02/20/2026"
Mongolia,2026-02-20,6463770,INTWKLY,H86,Exchange Rates Aggregation,UPDATE_NOTE,PLANNED,,"AUTOHOL: Holiday, 02/20/2026"
Saudi Arabia,2026-02-22,6471801,INTDAILY,T82,Stock Market (Full File),UPDATE_NOTE,PLANNED,,"AUTOHOL: Holiday, 02/22/2026"
Mauritius,2026-02-17,6468651,INTDAILY,W57,Mauritius Stock,UPDATE_NOTE,PLANNED,,"AUTOHOL: Holiday, 02/17/2026"
Mauritius,2026-02-17,6468652,INTDAILY,W59,Mauritius Exchange Rates,UPDATE_NOTE,PLANNED,,"AUTOHOL: Holiday, 02/17/2026"
Mauritius,2026-02-17,6468653,INTDAILY,H10,[ Mid-Rate Calculation] Mauritius Exchange Rates,UPDATE_NOTE,PLANNED,,"AUTOHOL: Holiday, 02/17/2026"
Mauritius,2026-02-17,6468661,INTDAILY,W65,Mauritius PLIBOR,UPDATE_NOTE,PLANNED,,"AUTOHOL: Holiday, 02/17/2026"
Jamaica,2026-02-18,6466976,INTDAILY,V10,Jamaica Stock Exchange,UPDATE_NOTE,PLANNED,,"AUTOHOL: Holiday, 02/18/2026"
Jamaica,2026-02-18,6466988,INTDAILY,G36,Jamaica Exchange Rates,UPDATE_NOTE,PLANNED,,"AUTOHOL: Holiday, 02/18/2026"
Jamaica,2026-02-18,6466989,INTDAILY,H36,Mid Rates: Jamaica Exchange Rates,UPDATE_NOTE,PLANNED,,"AUTOHOL: Holiday, 02/18/2026"
Jamaica,2026-02-18,6466996,INTDAILY,X04,Jamaica USD Reference Rate,UPDATE_NOTE,PLANNED,,"AUTOHOL: Holiday, 02/18/2026"
Myanmar,2026-02-16,6453764,INTDAILY,X39,Stock Market Indicators,UPDATE_NOTE,PLANNED,,"AUTOHOL: Holiday, 02/16/2026"
Myanmar,2026-02-16,6453767,INTDAILY,X38,Exchange,UPDATE_NOTE,PLANNED,,"AUTOHOL: Holiday, 02/16/2026"
Myanmar,2026-02-16,6454498,INTDAILY,N15,Forex Market Trade Rates & Volume,UPDATE_NOTE,PLANNED,,"AUTOHOL: Holiday, 02/16/2026"
Myanmar,2026-02-16,6454572,INTDAILY,O10,Daily Activities of FX Market,UPDATE_NOTE,PLANNED,,"AUTOHOL: Holiday, 02/16/2026"
Myanmar,2026-02-17,6468751,INTDAILY,X39,Stock Market Indicators,UPDATE_NOTE,PLANNED,,"AUTOHOL: Holiday, 02/17/2026"
Myanmar,2026-02-17,6468754,INTDAILY,X38,Exchange,UPDATE_NOTE,PLANNED,,"AUTOHOL: Holiday, 02/17/2026"
Myanmar,2026-02-17,6469409,INTDAILY,N15,Forex Market Trade Rates & Volume,UPDATE_NOTE,PLANNED,,"AUTOHOL: Holiday, 02/17/2026"
Myanmar,2026-02-17,6469478,INTDAILY,O10,Daily Activities of FX Market,UPDATE_NOTE,PLANNED,,"AUTOHOL: Holiday, 02/17/2026"
Angola,2026-02-16,6453856,INTDAILY,V09,Exchange Rates,UPDATE_NOTE,PLANNED,,"AUTOHOL: Holiday, 02/16/2026"
Angola,2026-02-16,6454596,INTDAILY,A23,Parallel Exchange Rates,UPDATE_NOTE,PLANNED,,"AUTOHOL: Holiday, 02/16/2026"
Angola,2026-02-16,6454597,INTDAILY,A24,Parallel Exchange Mid Rates,UPDATE_NOTE,PLANNED,,"AUTOHOL: Holiday, 02/16/2026"
Angola,2026-02-17,6468835,INTDAILY,V09,Exchange Rates,UPDATE_NOTE,PLANNED,,"AUTOHOL: Holiday, 02/17/2026"
Angola,2026-02-17,6469063,INTDAILY,C88,International Reserves,UPDATE_NOTE,PLANNED,,"AUTOHOL: Holiday, 02/17/2026"
Angola,2026-02-17,6469509,INTDAILY,A23,Parallel Exchange Rates,UPDATE_NOTE,PLANNED,,"AUTOHOL: Holiday, 02/17/2026"
Angola,2026-02-17,6469510,INTDAILY,A24,Parallel Exchange Mid Rates,UPDATE_NOTE,PLANNED,,"AUTOHOL: Holiday, 02/17/2026"
Suriname,2026-02-17,6468903,INTDAILY,Y36,Exchange Rates,UPDATE_NOTE,PLANNED,,"AUTOHOL: Holiday, 02/17/2026"
Suriname,2026-02-17,6468904,INTDAILY,Y37,Exchange Rates [Mid],UPDATE_NOTE,PLANNED,,"AUTOHOL: Holiday, 02/17/2026"
Nepal,2026-02-18,6467377,INTDAILY,M72,Nepal Stock Exchange,UPDATE_NOTE,PLANNED,,"AUTOHOL: Holiday, 02/18/2026"
Nepal,2026-02-18,6467384,INTDAILY,M78,Exchange Rates,UPDATE_NOTE,PLANNED,,"AUTOHOL: Holiday, 02/18/2026"
Nepal,2026-02-18,6467385,INTDAILY,M79,Exchange Rates MID,UPDATE_NOTE,PLANNED,,"AUTOHOL: Holiday, 02/18/2026"
Nepal,2026-02-19,6465638,INTDAILY,M72,Nepal Stock Exchange,UPDATE_NOTE,PLANNED,,"AUTOHOL: Holiday, 02/19/2026"
Nepal,2026-02-19,6465639,INTWKLY,M78,Nepal Stock Exchange AGG,UPDATE_NOTE,PLANNED,,"AUTOHOL: Holiday, 02/19/2026"
Nepal,2026-02-19,6465649,INTDAILY,M78,Exchange Rates,UPDATE_NOTE,PLANNED,,"AUTOHOL: Holiday, 02/19/2026"
Nepal,2026-02-19,6465650,INTDAILY,M79,Exchange Rates MID,UPDATE_NOTE,PLANNED,,"AUTOHOL: Holiday, 02/19/2026"
Maldives,2026-02-18,6467549,INTDAILY,U05,Exchange Rates,UPDATE_NOTE,PLANNED,,"AUTOHOL: Holiday, 02/18/2026"
Maldives,2026-02-18,6467597,TOURISM,"C75, C76, C77",Maldives Daily Tourists,UPDATE_NOTE,PLANNED,,"AUTOHOL: Holiday, 02/18/2026"
Panama,2026-02-17,6469385,TRANSPRT,"P48, P49, P50",Gatun Lake Water Level,UPDATE_NOTE,PLANNED,,"AUTOHOL: Holiday, 02/17/2026"
Panama,2026-02-17,6469483,GLSECTOR,"W70, W59, W69",Gatun Lake Water Level Transfer,UPDATE_NOTE,PLANNED,,"AUTOHOL: Holiday, 02/17/2026"
Libya,2026-02-17,6469715,INTDAILY,"B43, B44, B45",Parallel Exchange Rate,UPDATE_NOTE,PLANNED,,"AUTOHOL: Holiday, 02/17/2026"
Libya,2026-02-17,6469587,INTDAILY,"E10, E11, E12",Exchange Rates,UPDATE_NOTE,PLANNED,,"AUTOHOL: Holiday, 02/17/2026"
Libya,2026-02-17,6469725,INTDAILY,"E27, E29, E39",LY Black Parallel Exchange Rate,UPDATE_NOTE,PLANNED,,"AUTOHOL: Holiday, 02/17/2026"
Sierra Leone,2026-02-18,6467952,INTDAILY,A04,Exchange Rates,UPDATE_NOTE,PLANNED,,"AUTOHOL: Holiday, 02/18/2026"
Bolivia,2026-02-16,6452995,INTDAILY,R97,Exchange Rates,UPDATE_NOTE,FILTERED_OUT,,"AUTOHOL: Holiday, 02/16/2026"
Bolivia,2026-02-16,6453398,INTDAILY,Y53,Exchange Rates Mid-Rates Calculation,UPDATE_NOTE,FILTERED_OUT,,"AUTOHOL: Holiday, 02/16/2026"
Bolivia,2026-02-17,6468024,INTDAILY,R97,Exchange Rates,UPDATE_NOTE,FILTERED_OUT,,"AUTOHOL: Holiday, 02/17/2026"
Bolivia,2026-02-17,6468411,INTDAILY,Y53,Exchange Rates Mid-Rates Calculation,UPDATE_NOTE,FILTERED_OUT,,"AUTOHOL: Holiday, 02/17/2026"
China,2026-02-16,6453002,CHINA,Various,INDIA/CHINA QA Feedback,UPDATE_NOTE,FILTERED_OUT,,"AUTOHOL: Holiday, 02/16/2026"
China,2026-02-16,6453005,CHINA,Various groups,China CEIC,UPDATE_NOTE,FILTERED_OUT,,"AUTOHOL: Holiday, 02/16/2026"
China,2026-02-16,6453153,INTDAILY,V59,Asian Stock Market -China Stock Indexes,UPDATE_NOTE,FILTERED_OUT,,"AUTOHOL: Holiday, 02/16/2026"
China,2026-02-16,6453290,INTDAILY,P68,Wholesale Price Index,UPDATE_NOTE,FILTERED_OUT,,"AUTOHOL: Holiday, 02/16/2026"
China,2026-02-16,6453430,CMDTY,L75,Shanghai Gold Exchange Prices,UPDATE_NOTE,FILTERED_OUT,,"AUTOHOL: Holiday, 02/16/2026"
China,2026-02-16,6453484,CHINA,Various groups,China CEIC Check,UPDATE_NOTE,FILTERED_OUT,,"AUTOHOL: Holiday, 02/16/2026"
China,2026-02-16,6453554,INTDAILY,S99,PBC: OMO Zero,UPDATE_NOTE,FILTERED_OUT,,"AUTOHOL: Holiday, 02/16/2026"
China,2026-02-16,6453555,INTDAILY,V96,PBC: OMO Calculation,UPDATE_NOTE,FILTERED_OUT,,"AUTOHOL: Holiday, 02/16/2026"
China,2026-02-16,6453578,CMDTY,L39,SHFE,UPDATE_NOTE,FILTERED_OUT,,"AUTOHOL: Holiday, 02/16/2026"
China,2026-02-16,6453593,EMERGEPR,Various,CHINA to EMERGEPR Compare,UPDATE_NOTE,FILTERED_OUT,,"AUTOHOL: Holiday, 02/16/2026"
China,2026-02-16,6453751,INTDAILY,S99/X95,PBoC Operations/HK CMU CHECK,UPDATE_NOTE,FILTERED_OUT,check 2/14 data,"check 2/14 data | AUTOHOL: Holiday, 02/16/2026"
China,2026-02-16,6453816,FMRCOIND,F21,OMO China Net Injection,UPDATE_NOTE,FILTERED_OUT,,"AUTOHOL: Holiday, 02/16/2026"
China,2026-02-16,6453824,CHINA,Various,China CEIC,UPDATE_NOTE,FILTERED_OUT,,"AUTOHOL: Holiday, 02/16/2026"
China,2026-02-16,6453873,CMDTY,M44,Oil Prices CMDTY,UPDATE_NOTE,FILTERED_OUT,,"AUTOHOL: Holiday, 02/16/2026"
China,2026-02-16,6454020,INTDAILY,V67,Bond Issuance,UPDATE_NOTE,FILTERED_OUT,may have 2/14 data?,"may have 2/14 data? | AUTOHOL: Holiday, 02/16/2026"
China,2026-02-16,6456436,INTWKLY,V88,Bond Issuance (not in global must be forced manually),UPDATE_NOTE,FILTERED_OUT,,"AUTOHOL: Holiday, 02/16/2026"
China,2026-02-16,6454041,TRANSPRT,"T96, T97, T98",Subway Passenger Volume for Selected Transit Agencies,UPDATE_NOTE,FILTERED_OUT,,"AUTOHOL: Holiday, 02/16/2026"
China,2026-02-16,6454043,TRANSPRT,"U02, U03, U04",Subway Passenger Volume for Selected Transit Agencies - Eviews,UPDATE_NOTE,FILTERED_OUT,,"AUTOHOL: Holiday, 02/16/2026"
China,2026-02-16,6454077,INTDAILY,G74,China Government Bonds,UPDATE_NOTE,FILTERED_OUT,update 2/14 data,"update 2/14 data | AUTOHOL: Holiday, 02/16/2026"
China,2026-02-16,6454180,TRANSPRT,"B12, B13, B14",China Subway Volume,UPDATE_NOTE,FILTERED_OUT,,"AUTOHOL: Holiday, 02/16/2026"
China,2026-02-16,6454181,TRANSPRT,"U05, U06, U07",Baidu Congestion Index,UPDATE_NOTE,FILTERED_OUT,,"AUTOHOL: Holiday, 02/16/2026"
China,2026-02-16,6454191,GLSECTOR,"F65, F66, F67",Maoyan Box,UPDATE_NOTE,FILTERED_OUT,,"AUTOHOL: Holiday, 02/16/2026"
China,2026-02-16,6454194,CNSECTOR,"I65,I66,I67",Maoyan Box CMP to CNSECTOR,UPDATE_NOTE,FILTERED_OUT,,"AUTOHOL: Holiday, 02/16/2026"
China,2026-02-16,6454231,INTDAILY,T86,Repeating Term Lending Facility,UPDATE_NOTE,FILTERED_OUT,,"AUTOHOL: Holiday, 02/16/2026"
China,2026-02-16,6454232,CHINA,Various groups,China CEIC Check,UPDATE_NOTE,FILTERED_OUT,,"AUTOHOL: Holiday, 02/16/2026"
China,2026-02-16,6454247,ENERGY,"O85, C50, C51",Coal Production and Inventory,UPDATE_NOTE,FILTERED_OUT,,"AUTOHOL: Holiday, 02/16/2026"
China,2026-02-16,6454248,INTDAILY,"C85, C86, C87",Coal Production and Inventory Transfer,UPDATE_NOTE,FILTERED_OUT,,"AUTOHOL: Holiday, 02/16/2026"
China,2026-02-16,6454251,INTDAILY,M18,Beijing Stock Exchange,UPDATE_NOTE,FILTERED_OUT,,"AUTOHOL: Holiday, 02/16/2026"
China,2026-02-16,6454255,INTDAILY,U74,Thermal Coal Futures,UPDATE_NOTE,FILTERED_OUT,,"AUTOHOL: Holiday, 02/16/2026"
China,2026-02-16,6454256,CMDTY,M51,Thermal Coal Futures Comp,UPDATE_NOTE,FILTERED_OUT,,"AUTOHOL: Holiday, 02/16/2026"
China,2026-02-16,6454257,INTDAILY,I71,Treasury Yields and Medium Term Notes,UPDATE_NOTE,FILTERED_OUT,,"AUTOHOL: Holiday, 02/16/2026"
China,2026-02-16,6454260,INTDAILY,G94,"Treasury Yields, Short Term Notes, Repo Rates",UPDATE_NOTE,FILTERED_OUT,,"AUTOHOL: Holiday, 02/16/2026"
China,2026-02-16,6454271,INTDAILY,U60,Pledged Repo,UPDATE_NOTE,FILTERED_OUT,update 2/14 data,"update 2/14 data | AUTOHOL: Holiday, 02/16/2026"
China,2026-02-16,6454272,INTDAILY,P33,Wholesale Agricultural Prices,UPDATE_NOTE,FILTERED_OUT,,"AUTOHOL: Holiday, 02/16/2026"
China,2026-02-16,6454273,CMDTY,P41,Wholesale Agricultural Prices CMP,UPDATE_NOTE,FILTERED_OUT,,"AUTOHOL: Holiday, 02/16/2026"
China,2026-02-16,6454279,INTDAILY,"U17, U18, U19",Alipay Tianhong Yue Bao Fund,UPDATE_NOTE,FILTERED_OUT,,"AUTOHOL: Holiday, 02/16/2026"
China,2026-02-16,6454280,INTDAILY,M24,Parity Rates CFETS,UPDATE_NOTE,FILTERED_OUT,,"AUTOHOL: Holiday, 02/16/2026"
China,2026-02-16,6454282,INTDAILY,U59,Shanghai Stock Connect,UPDATE_NOTE,FILTERED_OUT,,"AUTOHOL: Holiday, 02/16/2026"
China,2026-02-16,6454283,INTDAILY,U40,Shanghai Stock Exchange Trading Statistics,UPDATE_NOTE,FILTERED_OUT,,"AUTOHOL: Holiday, 02/16/2026"
China,2026-02-16,6454303,INTDAILY,Various,BACKUP China CFETS to K,UPDATE_NOTE,FILTERED_OUT,,"AUTOHOL: Holiday, 02/16/2026"
China,2026-02-16,6454342,INTDAILY,D40,Central Bank Bill Yields,UPDATE_NOTE,FILTERED_OUT,,"AUTOHOL: Holiday, 02/16/2026"
China,2026-02-16,6454354,INTDAILY,D45,Corporate Bond Yields,UPDATE_NOTE,FILTERED_OUT,,"AUTOHOL: Holiday, 02/16/2026"
China,2026-02-16,6454367,INTDAILY,D48,NCDs,UPDATE_NOTE,FILTERED_OUT,,"AUTOHOL: Holiday, 02/16/2026"
China,2026-02-16,6454378,INTDAILY,D54,Government-sponsored Agency Bonds,UPDATE_NOTE,FILTERED_OUT,,"AUTOHOL: Holiday, 02/16/2026"
China,2026-02-16,6454381,INTDAILY,D57,Policy Bank Bonds by Rating,UPDATE_NOTE,FILTERED_OUT,,"AUTOHOL: Holiday, 02/16/2026"
China,2026-02-16,6454382,INTDAILY,D60,Corporate Bonds by Rating,UPDATE_NOTE,FILTERED_OUT,,"AUTOHOL: Holiday, 02/16/2026"
China,2026-02-16,6454385,INTDAILY,D63,Medium Term Notes by Rating,UPDATE_NOTE,FILTERED_OUT,,"AUTOHOL: Holiday, 02/16/2026"
China,2026-02-16,6454392,INTDAILY,D66,Local Government Bonds by Rating,UPDATE_NOTE,FILTERED_OUT,,"AUTOHOL: Holiday, 02/16/2026"
China,2026-02-16,6454398,INTDAILY,D69,Financial Bonds of Commercial Banks by Rating,UPDATE_NOTE,FILTERED_OUT,,"AUTOHOL: Holiday, 02/16/2026"
China,2026-02-16,6454407,INTDAILY,D72,Secondary Capital Bond of Commercial Banks,UPDATE_NOTE,FILTERED_OUT,,"AUTOHOL: Holiday, 02/16/2026"
China,2026-02-16,6454413,ENERGY,K52,Oil Commodity Prices Update,UPDATE_NOTE,FILTERED_OUT,,"AUTOHOL: Holiday, 02/16/2026"
China,2026-02-16,6454414,INTDAILY,P69,Oil Commodity Prices INTDAILY TRANSFER,UPDATE_NOTE,FILTERED_OUT,,"AUTOHOL: Holiday, 02/16/2026"
China,2026-02-16,6454419,INTDAILY,D75,Asset-Backed Securities by Rating,UPDATE_NOTE,FILTERED_OUT,,"AUTOHOL: Holiday, 02/16/2026"
China,2026-02-16,6454422,INTDAILY,D78,Commercial Paper of Securities Company by Rating,UPDATE_NOTE,FILTERED_OUT,,"AUTOHOL: Holiday, 02/16/2026"
China,2026-02-16,6454423,CNSECTOR,"U05, U06, U07",Baidu Congestion Index,UPDATE_NOTE,FILTERED_OUT,,"AUTOHOL: Holiday, 02/16/2026"
China,2026-02-16,6454424,CNSECTOR,"T96, T97, T98, U02, U03, U04",Subway Passenger Volume for Selected Transit Agencies CNSECTOR,UPDATE_NOTE,FILTERED_OUT,,"AUTOHOL: Holiday, 02/16/2026"
China,2026-02-16,6454425,CNSECTOR,"C85, C86, C87",Coal Production and Inventory,UPDATE_NOTE,FILTERED_OUT,,"AUTOHOL: Holiday, 02/16/2026"
China,2026-02-16,6454438,TRANSPRT,"U59, U66, U67",Baidu Migration Scale Index,UPDATE_NOTE,FILTERED_OUT,,"AUTOHOL: Holiday, 02/16/2026"
China,2026-02-16,6454439,CNSECTOR,"U59, U66, U67",Baidu Migration Scale Index Comp,UPDATE_NOTE,FILTERED_OUT,,"AUTOHOL: Holiday, 02/16/2026"
China,2026-02-16,6454486,CHINAR,D95,Air Quality Index [Province] Eviews,UPDATE_NOTE,FILTERED_OUT,,"AUTOHOL: Holiday, 02/16/2026"
China,2026-02-16,6454487,INTDAILY,V42,Air Quality Index COMP to INTDAILY,UPDATE_NOTE,FILTERED_OUT,,"AUTOHOL: Holiday, 02/16/2026"
China,2026-02-16,6454522,CHINAR,C97,Air Quality Index,UPDATE_NOTE,FILTERED_OUT,,"AUTOHOL: Holiday, 02/16/2026"
China,2026-02-16,6454529,INTDAILY,D84,Private Placement Notes (PPN),UPDATE_NOTE,FILTERED_OUT,,"AUTOHOL: Holiday, 02/16/2026"
China,2026-02-16,6454531,CMDTY,M59,SHFE Volume & Positions,UPDATE_NOTE,FILTERED_OUT,,"AUTOHOL: Holiday, 02/16/2026"
China,2026-02-16,6454560,TRANSPRT,"T62, T63, T72",Yangtze Water Level - AM Comp,UPDATE_NOTE,FILTERED_OUT,,"AUTOHOL: Holiday, 02/16/2026"
China,2026-02-16,6454561,GLSECTOR,"V61, V62, V63",Yangtze Water Level - PM,UPDATE_NOTE,FILTERED_OUT,,"AUTOHOL: Holiday, 02/16/2026"
China,2026-02-16,6454563,TRANSPRT,"W66, W67, W68",Yangtze Water Level - PM Comp,UPDATE_NOTE,FILTERED_OUT,,"AUTOHOL: Holiday, 02/16/2026"
China,2026-02-16,6454564,GLSECTOR,"V67, V68, V69",Yangtze Water Level - AM,UPDATE_NOTE,FILTERED_OUT,,"AUTOHOL: Holiday, 02/16/2026"
China,2026-02-16,6454573,INTDAILY,"D91, D92, D93",Forward Rates,UPDATE_NOTE,FILTERED_OUT,,"AUTOHOL: Holiday, 02/16/2026"
China,2026-02-16,6454629,TRANSPRT,C83,Selected Weekly Transportation Indicators,UPDATE_NOTE,FILTERED_OUT,,"AUTOHOL: Holiday, 02/16/2026"
China,2026-02-16,6454714,INTDAILY,Various,CFETS Daily Bulletin Backup,UPDATE_NOTE,FILTERED_OUT,,"AUTOHOL: Holiday, 02/16/2026"
China,2026-02-16,6454723,INTDAILY,"K59, K76, K77",Interest Rate Swap,UPDATE_NOTE,FILTERED_OUT,update 2/14 data,"update 2/14 data | AUTOHOL: Holiday, 02/16/2026"
China,2026-02-16,6454731,CMDTY,L55,Shanghai Gold Exchange Benchmark,UPDATE_NOTE,FILTERED_OUT,,"AUTOHOL: Holiday, 02/16/2026"
China,2026-02-16,6454764,INTDAILY,K97,Margin Trading Transaction,UPDATE_NOTE,FILTERED_OUT,,"AUTOHOL: Holiday, 02/16/2026"
China,2026-02-16,6454765,INTWKLY,K97,Margin Trading Transaction AGG,UPDATE_NOTE,FILTERED_OUT,,"AUTOHOL: Holiday, 02/16/2026"
China,2026-02-16,6454783,CMDTY,M30,Shanghai Metals Market Prices,UPDATE_NOTE,FILTERED_OUT,,"AUTOHOL: Holiday, 02/16/2026"
China,2026-02-16,6469757,TRANSPRT,"U83,U95,U96",LNY Passenger Volume,UPDATE_NOTE,FILTERED_OUT,,"AUTOHOL: Holiday, 02/16/2026"
China,2026-02-17,6468031,CHINA,Various,INDIA/CHINA QA Feedback,UPDATE_NOTE,FILTERED_OUT,,"AUTOHOL: Holiday, 02/17/2026"
China,2026-02-17,6468034,CHINA,Various groups,China CEIC,UPDATE_NOTE,FILTERED_OUT,,"AUTOHOL: Holiday, 02/17/2026"
China,2026-02-17,6468175,INTDAILY,V59,Asian Stock Market -China Stock Indexes,UPDATE_NOTE,FILTERED_OUT,,"AUTOHOL: Holiday, 02/17/2026"
China,2026-02-17,6468311,INTDAILY,P68,Wholesale Price Index,UPDATE_NOTE,FILTERED_OUT,,"AUTOHOL: Holiday, 02/17/2026"
China,2026-02-17,6468440,CMDTY,L75,Shanghai Gold Exchange Prices,UPDATE_NOTE,FILTERED_OUT,,"AUTOHOL: Holiday, 02/17/2026"
China,2026-02-17,6468489,CHINA,Various groups,China CEIC Check,UPDATE_NOTE,FILTERED_OUT,,"AUTOHOL: Holiday, 02/17/2026"
China,2026-02-17,6468563,INTDAILY,S99,PBC: OMO Zero,UPDATE_NOTE,FILTERED_OUT,,"AUTOHOL: Holiday, 02/17/2026"
China,2026-02-17,6468564,INTDAILY,V96,PBC: OMO Calculation,UPDATE_NOTE,FILTERED_OUT,,"AUTOHOL: Holiday, 02/17/2026"
China,2026-02-17,6468592,CMDTY,L39,SHFE,UPDATE_NOTE,FILTERED_OUT,,"AUTOHOL: Holiday, 02/17/2026"
China,2026-02-17,6468606,EMERGEPR,Various,CHINA to EMERGEPR Compare,UPDATE_NOTE,FILTERED_OUT,,"AUTOHOL: Holiday, 02/17/2026"
China,2026-02-17,6468686,INTWKLY,T66,China Agricultural Food Prices,UPDATE_NOTE,FILTERED_OUT,,"AUTOHOL: Holiday, 02/17/2026"
China,2026-02-17,6468803,FMRCOIND,F21,OMO China Net Injection,UPDATE_NOTE,FILTERED_OUT,,"AUTOHOL: Holiday, 02/17/2026"
China,2026-02-17,6468809,CHINA,Various,China CEIC,UPDATE_NOTE,FILTERED_OUT,,"AUTOHOL: Holiday, 02/17/2026"
China,2026-02-17,6468995,TRANSPRT,"T96, T97, T98",Subway Passenger Volume for Selected Transit Agencies,UPDATE_NOTE,FILTERED_OUT,,"AUTOHOL: Holiday, 02/17/2026"
China,2026-02-17,6468999,TRANSPRT,"U02, U03, U04",Subway Passenger Volume for Selected Transit Agencies - Eviews,UPDATE_NOTE,FILTERED_OUT,,"AUTOHOL: Holiday, 02/17/2026"
China,2026-02-17,6469109,TRANSPRT,"B12, B13, B14",China Subway Volume,UPDATE_NOTE,FILTERED_OUT,,"AUTOHOL: Holiday, 02/17/2026"
China,2026-02-17,6469110,TRANSPRT,"U05, U06, U07",Baidu Congestion Index,UPDATE_NOTE,FILTERED_OUT,,"AUTOHOL: Holiday, 02/17/2026"
China,2026-02-17,6469119,GLSECTOR,"F65, F66, F67",Maoyan Box,UPDATE_NOTE,FILTERED_OUT,,"AUTOHOL: Holiday, 02/17/2026"
China,2026-02-17,6469121,CNSECTOR,"I65,I66,I67",Maoyan Box CMP to CNSECTOR,UPDATE_NOTE,FILTERED_OUT,,"AUTOHOL: Holiday, 02/17/2026"
China,2026-02-17,6469155,INTDAILY,T86,Repeating Term Lending Facility,UPDATE_NOTE,FILTERED_OUT,,"AUTOHOL: Holiday, 02/17/2026"
China,2026-02-17,6469156,CHINA,Various groups,China CEIC Check,UPDATE_NOTE,FILTERED_OUT,,"AUTOHOL: Holiday, 02/17/2026"
China,2026-02-17,6469167,ENERGY,"O85, C50, C51",Coal Production and Inventory,UPDATE_NOTE,FILTERED_OUT,,"AUTOHOL: Holiday, 02/17/2026"
China,2026-02-17,6469168,INTDAILY,"C85, C86, C87",Coal Production and Inventory Transfer,UPDATE_NOTE,FILTERED_OUT,,"AUTOHOL: Holiday, 02/17/2026"
China,2026-02-17,6469173,INTDAILY,M18,Beijing Stock Exchange,UPDATE_NOTE,FILTERED_OUT,,"AUTOHOL: Holiday, 02/17/2026"
China,2026-02-17,6469176,INTDAILY,U74,Thermal Coal Futures,UPDATE_NOTE,FILTERED_OUT,,"AUTOHOL: Holiday, 02/17/2026"
China,2026-02-17,6469177,CMDTY,M51,Thermal Coal Futures Comp,UPDATE_NOTE,FILTERED_OUT,,"AUTOHOL: Holiday, 02/17/2026"
China,2026-02-17,6469178,INTDAILY,I71,Treasury Yields and Medium Term Notes,UPDATE_NOTE,FILTERED_OUT,,"AUTOHOL: Holiday, 02/17/2026"
China,2026-02-17,6469181,INTDAILY,G94,"Treasury Yields, Short Term Notes, Repo Rates",UPDATE_NOTE,FILTERED_OUT,,"AUTOHOL: Holiday, 02/17/2026"
China,2026-02-17,6469190,INTDAILY,P33,Wholesale Agricultural Prices,UPDATE_NOTE,FILTERED_OUT,,"AUTOHOL: Holiday, 02/17/2026"
China,2026-02-17,6469191,CMDTY,P41,Wholesale Agricultural Prices CMP,UPDATE_NOTE,FILTERED_OUT,,"AUTOHOL: Holiday, 02/17/2026"
China,2026-02-17,6469197,INTDAILY,"U17, U18, U19",Alipay Tianhong Yue Bao Fund,UPDATE_NOTE,FILTERED_OUT,,"AUTOHOL: Holiday, 02/17/2026"
China,2026-02-17,6469198,INTDAILY,M24,Parity Rates CFETS,UPDATE_NOTE,FILTERED_OUT,,"AUTOHOL: Holiday, 02/17/2026"
China,2026-02-17,6469200,INTDAILY,U59,Shanghai Stock Connect,UPDATE_NOTE,FILTERED_OUT,,"AUTOHOL: Holiday, 02/17/2026"
China,2026-02-17,6469201,INTDAILY,U40,Shanghai Stock Exchange Trading Statistics,UPDATE_NOTE,FILTERED_OUT,,"AUTOHOL: Holiday, 02/17/2026"
China,2026-02-17,6469222,INTDAILY,Various,BACKUP China CFETS to K,UPDATE_NOTE,FILTERED_OUT,,"AUTOHOL: Holiday, 02/17/2026"
China,2026-02-17,6469253,INTDAILY,D40,Central Bank Bill Yields,UPDATE_NOTE,FILTERED_OUT,,"AUTOHOL: Holiday, 02/17/2026"
China,2026-02-17,6469262,INTDAILY,D45,Corporate Bond Yields,UPDATE_NOTE,FILTERED_OUT,,"AUTOHOL: Holiday, 02/17/2026"
China,2026-02-17,6469274,INTDAILY,D48,NCDs,UPDATE_NOTE,FILTERED_OUT,,"AUTOHOL: Holiday, 02/17/2026"
China,2026-02-17,6469284,INTDAILY,D54,Government-sponsored Agency Bonds,UPDATE_NOTE,FILTERED_OUT,,"AUTOHOL: Holiday, 02/17/2026"
China,2026-02-17,6469287,INTDAILY,D57,Policy Bank Bonds by Rating,UPDATE_NOTE,FILTERED_OUT,,"AUTOHOL: Holiday, 02/17/2026"
China,2026-02-17,6469288,INTDAILY,D60,Corporate Bonds by Rating,UPDATE_NOTE,FILTERED_OUT,,"AUTOHOL: Holiday, 02/17/2026"
China,2026-02-17,6469292,INTDAILY,D63,Medium Term Notes by Rating,UPDATE_NOTE,FILTERED_OUT,,"AUTOHOL: Holiday, 02/17/2026"
China,2026-02-17,6469299,INTDAILY,D66,Local Government Bonds by Rating,UPDATE_NOTE,FILTERED_OUT,,"AUTOHOL: Holiday, 02/17/2026"
China,2026-02-17,6469304,INTWKLY,K85,Coal Production and Inventory Agg,UPDATE_NOTE,FILTERED_OUT,,"AUTOHOL: Holiday, 02/17/2026"
China,2026-02-17,6469308,INTDAILY,D69,Financial Bonds of Commercial Banks by Rating,UPDATE_NOTE,FILTERED_OUT,,"AUTOHOL: Holiday, 02/17/2026"
China,2026-02-17,6469321,INTDAILY,D72,Secondary Capital Bond of Commercial Banks,UPDATE_NOTE,FILTERED_OUT,,"AUTOHOL: Holiday, 02/17/2026"
China,2026-02-17,6469325,ENERGY,K52,Oil Commodity Prices Update,UPDATE_NOTE,FILTERED_OUT,,"AUTOHOL: Holiday, 02/17/2026"
China,2026-02-17,6469326,INTDAILY,P69,Oil Commodity Prices INTDAILY TRANSFER,UPDATE_NOTE,FILTERED_OUT,,"AUTOHOL: Holiday, 02/17/2026"
China,2026-02-17,6469331,INTDAILY,D75,Asset-Backed Securities by Rating,UPDATE_NOTE,FILTERED_OUT,,"AUTOHOL: Holiday, 02/17/2026"
China,2026-02-17,6469333,INTDAILY,D78,Commercial Paper of Securities Company by Rating,UPDATE_NOTE,FILTERED_OUT,,"AUTOHOL: Holiday, 02/17/2026"
China,2026-02-17,6469334,CNSECTOR,"U05, U06, U07",Baidu Congestion Index,UPDATE_NOTE,FILTERED_OUT,,"AUTOHOL: Holiday, 02/17/2026"
China,2026-02-17,6469335,CNSECTOR,"T96, T97, T98, U02, U03, U04",Subway Passenger Volume for Selected Transit Agencies CNSECTOR,UPDATE_NOTE,FILTERED_OUT,,"AUTOHOL: Holiday, 02/17/2026"
China,2026-02-17,6469336,CNSECTOR,"C85, C86, C87",Coal Production and Inventory,UPDATE_NOTE,FILTERED_OUT,,"AUTOHOL: Holiday, 02/17/2026"
China,2026-02-17,6469346,TRANSPRT,"U59, U66, U67",Baidu Migration Scale Index,UPDATE_NOTE,FILTERED_OUT,,"AUTOHOL: Holiday, 02/17/2026"
China,2026-02-17,6469347,CNSECTOR,"U59, U66, U67",Baidu Migration Scale Index Comp,UPDATE_NOTE,FILTERED_OUT,,"AUTOHOL: Holiday, 02/17/2026"
China,2026-02-17,6469400,CHINAR,D95,Air Quality Index [Province] Eviews,UPDATE_NOTE,FILTERED_OUT,,"AUTOHOL: Holiday, 02/17/2026"
China,2026-02-17,6469401,INTDAILY,V42,Air Quality Index COMP to INTDAILY,UPDATE_NOTE,FILTERED_OUT,,"AUTOHOL: Holiday, 02/17/2026"
China,2026-02-17,6469428,CHINAR,C97,Air Quality Index,UPDATE_NOTE,FILTERED_OUT,,"AUTOHOL: Holiday, 02/17/2026"
China,2026-02-17,6469435,INTDAILY,D84,Private Placement Notes (PPN),UPDATE_NOTE,FILTERED_OUT,,"AUTOHOL: Holiday, 02/17/2026"
China,2026-02-17,6469438,CMDTY,M59,SHFE Volume & Positions,UPDATE_NOTE,FILTERED_OUT,,"AUTOHOL: Holiday, 02/17/2026"
China,2026-02-17,6469465,TRANSPRT,"T62, T63, T72",Yangtze Water Level - AM Comp,UPDATE_NOTE,FILTERED_OUT,,"AUTOHOL: Holiday, 02/17/2026"
China,2026-02-17,6469466,GLSECTOR,"V61, V62, V63",Yangtze Water Level - PM,UPDATE_NOTE,FILTERED_OUT,,"AUTOHOL: Holiday, 02/17/2026"
China,2026-02-17,6469468,TRANSPRT,"W66, W67, W68",Yangtze Water Level - PM Comp,UPDATE_NOTE,FILTERED_OUT,,"AUTOHOL: Holiday, 02/17/2026"
China,2026-02-17,6469469,GLSECTOR,"V67, V68, V69",Yangtze Water Level - AM,UPDATE_NOTE,FILTERED_OUT,,"AUTOHOL: Holiday, 02/17/2026"
China,2026-02-17,6469479,INTDAILY,"D91, D92, D93",Forward Rates,UPDATE_NOTE,FILTERED_OUT,,"AUTOHOL: Holiday, 02/17/2026"
China,2026-02-17,6469619,INTDAILY,Various,CFETS Daily Bulletin Backup,UPDATE_NOTE,FILTERED_OUT,,"AUTOHOL: Holiday, 02/17/2026"
China,2026-02-17,6469632,CMDTY,L55,Shanghai Gold Exchange Benchmark,UPDATE_NOTE,FILTERED_OUT,,"AUTOHOL: Holiday, 02/17/2026"
China,2026-02-17,6469679,CMDTY,M30,Shanghai Metals Market Prices,UPDATE_NOTE,FILTERED_OUT,,"AUTOHOL: Holiday, 02/17/2026"
China,2026-02-17,6469756,TRANSPRT,"U83,U95,U96",LNY Passenger Volume,UPDATE_NOTE,FILTERED_OUT,,"AUTOHOL: Holiday, 02/17/2026"
China,2026-02-18,6466305,CHINA,Various,INDIA/CHINA QA Feedback,UPDATE_NOTE,FILTERED_OUT,,"AUTOHOL: Holiday, 02/18/2026"
China,2026-02-18,6466308,CHINA,Various groups,China CEIC,UPDATE_NOTE,FILTERED_OUT,,"AUTOHOL: Holiday, 02/18/2026"
China,2026-02-18,6466447,INTDAILY,V59,Asian Stock Market -China Stock Indexes,UPDATE_NOTE,FILTERED_OUT,,"AUTOHOL: Holiday, 02/18/2026"
China,2026-02-18,6466586,INTDAILY,P68,Wholesale Price Index,UPDATE_NOTE,FILTERED_OUT,,"AUTOHOL: Holiday, 02/18/2026"
China,2026-02-18,6466719,CMDTY,L75,Shanghai Gold Exchange Prices,UPDATE_NOTE,FILTERED_OUT,,"AUTOHOL: Holiday, 02/18/2026"
China,2026-02-18,6466771,CHINA,Various groups,China CEIC Check,UPDATE_NOTE,FILTERED_OUT,,"AUTOHOL: Holiday, 02/18/2026"
China,2026-02-18,6466841,INTDAILY,S99,PBC: OMO Zero,UPDATE_NOTE,FILTERED_OUT,,"AUTOHOL: Holiday, 02/18/2026"
China,2026-02-18,6466842,INTDAILY,V96,PBC: OMO Calculation,UPDATE_NOTE,FILTERED_OUT,,"AUTOHOL: Holiday, 02/18/2026"
China,2026-02-18,6466868,CMDTY,L39,SHFE,UPDATE_NOTE,FILTERED_OUT,,"AUTOHOL: Holiday, 02/18/2026"
China,2026-02-18,6466882,EMERGEPR,Various,CHINA to EMERGEPR Compare,UPDATE_NOTE,FILTERED_OUT,,"AUTOHOL: Holiday, 02/18/2026"
China,2026-02-18,6467082,FMRCOIND,F21,OMO China Net Injection,UPDATE_NOTE,FILTERED_OUT,,"AUTOHOL: Holiday, 02/18/2026"
China,2026-02-18,6467088,CHINA,Various,China CEIC,UPDATE_NOTE,FILTERED_OUT,,"AUTOHOL: Holiday, 02/18/2026"
China,2026-02-18,6467225,ENERGY,O06,Import Price of LNG,UPDATE_NOTE,FILTERED_OUT,,"AUTOHOL: Holiday, 02/18/2026"
China,2026-02-18,6467280,TRANSPRT,"T96, T97, T98",Subway Passenger Volume for Selected Transit Agencies,UPDATE_NOTE,FILTERED_OUT,,"AUTOHOL: Holiday, 02/18/2026"
China,2026-02-18,6467287,TRANSPRT,"U02, U03, U04",Subway Passenger Volume for Selected Transit Agencies - Eviews,UPDATE_NOTE,FILTERED_OUT,,"AUTOHOL: Holiday, 02/18/2026"
China,2026-02-18,6467398,TRANSPRT,"B12, B13, B14",China Subway Volume,UPDATE_NOTE,FILTERED_OUT,,"AUTOHOL: Holiday, 02/18/2026"
China,2026-02-18,6467399,TRANSPRT,"U05, U06, U07",Baidu Congestion Index,UPDATE_NOTE,FILTERED_OUT,,"AUTOHOL: Holiday, 02/18/2026"
China,2026-02-18,6467410,GLSECTOR,"F65, F66, F67",Maoyan Box,UPDATE_NOTE,FILTERED_OUT,,"AUTOHOL: Holiday, 02/18/2026"
China,2026-02-18,6467412,CNSECTOR,"I65,I66,I67",Maoyan Box CMP to CNSECTOR,UPDATE_NOTE,FILTERED_OUT,,"AUTOHOL: Holiday, 02/18/2026"
China,2026-02-18,6467457,INTDAILY,T86,Repeating Term Lending Facility,UPDATE_NOTE,FILTERED_OUT,,"AUTOHOL: Holiday, 02/18/2026"
China,2026-02-18,6467458,CHINA,Various groups,China CEIC Check,UPDATE_NOTE,FILTERED_OUT,,"AUTOHOL: Holiday, 02/18/2026"
China,2026-02-18,6467470,ENERGY,"O85, C50, C51",Coal Production and Inventory,UPDATE_NOTE,FILTERED_OUT,,"AUTOHOL: Holiday, 02/18/2026"
China,2026-02-18,6467471,INTDAILY,"C85, C86, C87",Coal Production and Inventory Transfer,UPDATE_NOTE,FILTERED_OUT,,"AUTOHOL: Holiday, 02/18/2026"
China,2026-02-18,6467474,INTDAILY,M18,Beijing Stock Exchange,UPDATE_NOTE,FILTERED_OUT,,"AUTOHOL: Holiday, 02/18/2026"
China,2026-02-18,6467476,INTDAILY,U74,Thermal Coal Futures,UPDATE_NOTE,FILTERED_OUT,,"AUTOHOL: Holiday, 02/18/2026"
China,2026-02-18,6467477,CMDTY,M51,Thermal Coal Futures Comp,UPDATE_NOTE,FILTERED_OUT,,"AUTOHOL: Holiday, 02/18/2026"
China,2026-02-18,6467478,INTDAILY,I71,Treasury Yields and Medium Term Notes,UPDATE_NOTE,FILTERED_OUT,,"AUTOHOL: Holiday, 02/18/2026"
China,2026-02-18,6467481,INTDAILY,G94,"Treasury Yields, Short Term Notes, Repo Rates",UPDATE_NOTE,FILTERED_OUT,,"AUTOHOL: Holiday, 02/18/2026"
China,2026-02-18,6467491,INTDAILY,P33,Wholesale Agricultural Prices,UPDATE_NOTE,FILTERED_OUT,,"AUTOHOL: Holiday, 02/18/2026"
China,2026-02-18,6467492,CMDTY,P41,Wholesale Agricultural Prices CMP,UPDATE_NOTE,FILTERED_OUT,,"AUTOHOL: Holiday, 02/18/2026"
China,2026-02-18,6467498,INTDAILY,"U17, U18, U19",Alipay Tianhong Yue Bao Fund,UPDATE_NOTE,FILTERED_OUT,,"AUTOHOL: Holiday, 02/18/2026"
China,2026-02-18,6467499,INTDAILY,M24,Parity Rates CFETS,UPDATE_NOTE,FILTERED_OUT,,"AUTOHOL: Holiday, 02/18/2026"
China,2026-02-18,6467501,INTDAILY,U59,Shanghai Stock Connect,UPDATE_NOTE,FILTERED_OUT,,"AUTOHOL: Holiday, 02/18/2026"
China,2026-02-18,6467502,INTDAILY,U40,Shanghai Stock Exchange Trading Statistics,UPDATE_NOTE,FILTERED_OUT,,"AUTOHOL: Holiday, 02/18/2026"
China,2026-02-18,6467525,INTDAILY,Various,BACKUP China CFETS to K,UPDATE_NOTE,FILTERED_OUT,,"AUTOHOL: Holiday, 02/18/2026"
China,2026-02-18,6467558,INTDAILY,D40,Central Bank Bill Yields,UPDATE_NOTE,FILTERED_OUT,,"AUTOHOL: Holiday, 02/18/2026"
China,2026-02-18,6467568,INTDAILY,D45,Corporate Bond Yields,UPDATE_NOTE,FILTERED_OUT,,"AUTOHOL: Holiday, 02/18/2026"
China,2026-02-18,6467580,INTDAILY,D48,NCDs,UPDATE_NOTE,FILTERED_OUT,,"AUTOHOL: Holiday, 02/18/2026"
China,2026-02-18,6467591,INTDAILY,D54,Government-sponsored Agency Bonds,UPDATE_NOTE,FILTERED_OUT,,"AUTOHOL: Holiday, 02/18/2026"
China,2026-02-18,6467594,INTDAILY,D57,Policy Bank Bonds by Rating,UPDATE_NOTE,FILTERED_OUT,,"AUTOHOL: Holiday, 02/18/2026"
China,2026-02-18,6467595,INTDAILY,D60,Corporate Bonds by Rating,UPDATE_NOTE,FILTERED_OUT,,"AUTOHOL: Holiday, 02/18/2026"
China,2026-02-18,6467599,INTDAILY,D63,Medium Term Notes by Rating,UPDATE_NOTE,FILTERED_OUT,,"AUTOHOL: Holiday, 02/18/2026"
China,2026-02-18,6467604,INTDAILY,D66,Local Government Bonds by Rating,UPDATE_NOTE,FILTERED_OUT,,"AUTOHOL: Holiday, 02/18/2026"
China,2026-02-18,6467609,INTDAILY,D69,Financial Bonds of Commercial Banks by Rating,UPDATE_NOTE,FILTERED_OUT,,"AUTOHOL: Holiday, 02/18/2026"
China,2026-02-18,6467617,INTDAILY,D72,Secondary Capital Bond of Commercial Banks,UPDATE_NOTE,FILTERED_OUT,,"AUTOHOL: Holiday, 02/18/2026"
China,2026-02-18,6467621,ENERGY,K52,Oil Commodity Prices Update,UPDATE_NOTE,FILTERED_OUT,,"AUTOHOL: Holiday, 02/18/2026"
China,2026-02-18,6467622,INTDAILY,P69,Oil Commodity Prices INTDAILY TRANSFER,UPDATE_NOTE,FILTERED_OUT,,"AUTOHOL: Holiday, 02/18/2026"
China,2026-02-18,6467627,INTDAILY,D75,Asset-Backed Securities by Rating,UPDATE_NOTE,FILTERED_OUT,,"AUTOHOL: Holiday, 02/18/2026"
China,2026-02-18,6467629,INTDAILY,D78,Commercial Paper of Securities Company by Rating,UPDATE_NOTE,FILTERED_OUT,,"AUTOHOL: Holiday, 02/18/2026"
China,2026-02-18,6467630,CNSECTOR,"U05, U06, U07",Baidu Congestion Index,UPDATE_NOTE,FILTERED_OUT,,"AUTOHOL: Holiday, 02/18/2026"
China,2026-02-18,6467631,CNSECTOR,"T96, T97, T98, U02, U03, U04",Subway Passenger Volume for Selected Transit Agencies CNSECTOR,UPDATE_NOTE,FILTERED_OUT,,"AUTOHOL: Holiday, 02/18/2026"
China,2026-02-18,6467632,CNSECTOR,"C85, C86, C87",Coal Production and Inventory,UPDATE_NOTE,FILTERED_OUT,,"AUTOHOL: Holiday, 02/18/2026"
China,2026-02-18,6467642,TRANSPRT,"U59, U66, U67",Baidu Migration Scale Index,UPDATE_NOTE,FILTERED_OUT,,"AUTOHOL: Holiday, 02/18/2026"
China,2026-02-18,6467643,CNSECTOR,"U59, U66, U67",Baidu Migration Scale Index Comp,UPDATE_NOTE,FILTERED_OUT,,"AUTOHOL: Holiday, 02/18/2026"
China,2026-02-18,6467690,CHINAR,D95,Air Quality Index [Province] Eviews,UPDATE_NOTE,FILTERED_OUT,,"AUTOHOL: Holiday, 02/18/2026"
China,2026-02-18,6467691,INTDAILY,V42,Air Quality Index COMP to INTDAILY,UPDATE_NOTE,FILTERED_OUT,,"AUTOHOL: Holiday, 02/18/2026"
China,2026-02-18,6467729,CHINAR,C97,Air Quality Index,UPDATE_NOTE,FILTERED_OUT,,"AUTOHOL: Holiday, 02/18/2026"
China,2026-02-18,6467738,INTDAILY,D84,Private Placement Notes (PPN),UPDATE_NOTE,FILTERED_OUT,,"AUTOHOL: Holiday, 02/18/2026"
China,2026-02-18,6467740,CMDTY,M59,SHFE Volume & Positions,UPDATE_NOTE,FILTERED_OUT,,"AUTOHOL: Holiday, 02/18/2026"
China,2026-02-18,6467764,TRANSPRT,"T62, T63, T72",Yangtze Water Level - AM Comp,UPDATE_NOTE,FILTERED_OUT,,"AUTOHOL: Holiday, 02/18/2026"
China,2026-02-18,6467765,GLSECTOR,"V61, V62, V63",Yangtze Water Level - PM,UPDATE_NOTE,FILTERED_OUT,,"AUTOHOL: Holiday, 02/18/2026"
China,2026-02-18,6467767,TRANSPRT,"W66, W67, W68",Yangtze Water Level - PM Comp,UPDATE_NOTE,FILTERED_OUT,,"AUTOHOL: Holiday, 02/18/2026"
China,2026-02-18,6467768,GLSECTOR,"V67, V68, V69",Yangtze Water Level - AM,UPDATE_NOTE,FILTERED_OUT,,"AUTOHOL: Holiday, 02/18/2026"
China,2026-02-18,6467779,INTDAILY,"D91, D92, D93",Forward Rates,UPDATE_NOTE,FILTERED_OUT,,"AUTOHOL: Holiday, 02/18/2026"
China,2026-02-18,6467926,INTDAILY,Various,CFETS Daily Bulletin Backup,UPDATE_NOTE,FILTERED_OUT,,"AUTOHOL: Holiday, 02/18/2026"
China,2026-02-18,6467941,CMDTY,L55,Shanghai Gold Exchange Benchmark,UPDATE_NOTE,FILTERED_OUT,,"AUTOHOL: Holiday, 02/18/2026"
China,2026-02-18,6467989,CMDTY,M30,Shanghai Metals Market Prices,UPDATE_NOTE,FILTERED_OUT,,"AUTOHOL: Holiday, 02/18/2026"
China,2026-02-18,6469755,TRANSPRT,"U83,U95,U96",LNY Passenger Volume,UPDATE_NOTE,FILTERED_OUT,,"AUTOHOL: Holiday, 02/18/2026"
China,2026-02-19,6464492,CHINA,Various,INDIA/CHINA QA Feedback,UPDATE_NOTE,FILTERED_OUT,,"AUTOHOL: Holiday, 02/19/2026"
China,2026-02-19,6464495,CHINA,Various groups,China CEIC,UPDATE_NOTE,FILTERED_OUT,,"AUTOHOL: Holiday, 02/19/2026"
China,2026-02-19,6464649,INTWKLY,F29,SHIBOR Aggregation,UPDATE_NOTE,FILTERED_OUT,,"AUTOHOL: Holiday, 02/19/2026"
China,2026-02-19,6464651,INTDAILY,V59,Asian Stock Market -China Stock Indexes,UPDATE_NOTE,FILTERED_OUT,,"AUTOHOL: Holiday, 02/19/2026"
China,2026-02-19,6464694,INTWKLY,P81,China Weekly Steel Prices & Indexes,UPDATE_NOTE,FILTERED_OUT,,"AUTOHOL: Holiday, 02/19/2026"
China,2026-02-19,6464796,INTDAILY,P68,Wholesale Price Index,UPDATE_NOTE,FILTERED_OUT,,"AUTOHOL: Holiday, 02/19/2026"
China,2026-02-19,6464938,CMDTY,L75,Shanghai Gold Exchange Prices,UPDATE_NOTE,FILTERED_OUT,,"AUTOHOL: Holiday, 02/19/2026"
China,2026-02-19,6464984,CHINA,Various groups,China CEIC Check,UPDATE_NOTE,FILTERED_OUT,,"AUTOHOL: Holiday, 02/19/2026"
China,2026-02-19,6465059,INTDAILY,S99,PBC: OMO Zero,UPDATE_NOTE,FILTERED_OUT,,"AUTOHOL: Holiday, 02/19/2026"
China,2026-02-19,6465060,INTDAILY,V96,PBC: OMO Calculation,UPDATE_NOTE,FILTERED_OUT,,"AUTOHOL: Holiday, 02/19/2026"
China,2026-02-19,6465064,INTWKLY,S99,PBC: OMO Aggregation,UPDATE_NOTE,FILTERED_OUT,,"AUTOHOL: Holiday, 02/19/2026"
China,2026-02-19,6465089,CMDTY,L39,SHFE,UPDATE_NOTE,FILTERED_OUT,,"AUTOHOL: Holiday, 02/19/2026"
China,2026-02-19,6465102,EMERGEPR,Various,CHINA to EMERGEPR Compare,UPDATE_NOTE,FILTERED_OUT,,"AUTOHOL: Holiday, 02/19/2026"
China,2026-02-19,6465123,INTWKLY,R79,Aggregation: Exchange Rates,UPDATE_NOTE,FILTERED_OUT,,"AUTOHOL: Holiday, 02/19/2026"
China,2026-02-19,6465342,FMRCOIND,F21,OMO China Net Injection,UPDATE_NOTE,FILTERED_OUT,,"AUTOHOL: Holiday, 02/19/2026"
China,2026-02-19,6465348,CHINA,Various,China CEIC,UPDATE_NOTE,FILTERED_OUT,,"AUTOHOL: Holiday, 02/19/2026"
China,2026-02-19,6465539,TRANSPRT,"T96, T97, T98",Subway Passenger Volume for Selected Transit Agencies,UPDATE_NOTE,FILTERED_OUT,,"AUTOHOL: Holiday, 02/19/2026"
China,2026-02-19,6465541,TRANSPRT,"U02, U03, U04",Subway Passenger Volume for Selected Transit Agencies - Eviews,UPDATE_NOTE,FILTERED_OUT,,"AUTOHOL: Holiday, 02/19/2026"
China,2026-02-19,6465662,TRANSPRT,"B12, B13, B14",China Subway Volume,UPDATE_NOTE,FILTERED_OUT,,"AUTOHOL: Holiday, 02/19/2026"
China,2026-02-19,6465663,TRANSPRT,"U05, U06, U07",Baidu Congestion Index,UPDATE_NOTE,FILTERED_OUT,,"AUTOHOL: Holiday, 02/19/2026"
China,2026-02-19,6465672,GLSECTOR,"F65, F66, F67",Maoyan Box,UPDATE_NOTE,FILTERED_OUT,,"AUTOHOL: Holiday, 02/19/2026"
China,2026-02-19,6465674,CNSECTOR,"I65,I66,I67",Maoyan Box CMP to CNSECTOR,UPDATE_NOTE,FILTERED_OUT,,"AUTOHOL: Holiday, 02/19/2026"
China,2026-02-19,6465710,CHINA,Various groups,China CEIC Check,UPDATE_NOTE,FILTERED_OUT,,"AUTOHOL: Holiday, 02/19/2026"
China,2026-02-19,6465714,INTWKLY,W91,Interbank Repo Rates Aggregation,UPDATE_NOTE,FILTERED_OUT,,"AUTOHOL: Holiday, 02/19/2026"
China,2026-02-19,6465724,ENERGY,"O85, C50, C51",Coal Production and Inventory,UPDATE_NOTE,FILTERED_OUT,,"AUTOHOL: Holiday, 02/19/2026"
China,2026-02-19,6465725,INTDAILY,"C85, C86, C87",Coal Production and Inventory Transfer,UPDATE_NOTE,FILTERED_OUT,,"AUTOHOL: Holiday, 02/19/2026"
China,2026-02-19,6465730,INTDAILY,M18,Beijing Stock Exchange,UPDATE_NOTE,FILTERED_OUT,,"AUTOHOL: Holiday, 02/19/2026"
China,2026-02-19,6465732,INTDAILY,U74,Thermal Coal Futures,UPDATE_NOTE,FILTERED_OUT,,"AUTOHOL: Holiday, 02/19/2026"
China,2026-02-19,6465733,CMDTY,M51,Thermal Coal Futures Comp,UPDATE_NOTE,FILTERED_OUT,,"AUTOHOL: Holiday, 02/19/2026"
China,2026-02-19,6465734,INTDAILY,I71,Treasury Yields and Medium Term Notes,UPDATE_NOTE,FILTERED_OUT,,"AUTOHOL: Holiday, 02/19/2026"
China,2026-02-19,6465737,INTDAILY,G94,"Treasury Yields, Short Term Notes, Repo Rates",UPDATE_NOTE,FILTERED_OUT,,"AUTOHOL: Holiday, 02/19/2026"
China,2026-02-19,6465747,INTDAILY,P33,Wholesale Agricultural Prices,UPDATE_NOTE,FILTERED_OUT,,"AUTOHOL: Holiday, 02/19/2026"
China,2026-02-19,6465748,CMDTY,P41,Wholesale Agricultural Prices CMP,UPDATE_NOTE,FILTERED_OUT,,"AUTOHOL: Holiday, 02/19/2026"
China,2026-02-19,6465755,INTDAILY,"U17, U18, U19",Alipay Tianhong Yue Bao Fund,UPDATE_NOTE,FILTERED_OUT,,"AUTOHOL: Holiday, 02/19/2026"
China,2026-02-19,6465756,INTDAILY,M24,Parity Rates CFETS,UPDATE_NOTE,FILTERED_OUT,,"AUTOHOL: Holiday, 02/19/2026"
China,2026-02-19,6465758,INTDAILY,U59,Shanghai Stock Connect,UPDATE_NOTE,FILTERED_OUT,,"AUTOHOL: Holiday, 02/19/2026"
China,2026-02-19,6465759,INTDAILY,U40,Shanghai Stock Exchange Trading Statistics,UPDATE_NOTE,FILTERED_OUT,,"AUTOHOL: Holiday, 02/19/2026"
China,2026-02-19,6465782,INTDAILY,Various,BACKUP China CFETS to K,UPDATE_NOTE,FILTERED_OUT,,"AUTOHOL: Holiday, 02/19/2026"
China,2026-02-19,6465818,INTDAILY,D40,Central Bank Bill Yields,UPDATE_NOTE,FILTERED_OUT,,"AUTOHOL: Holiday, 02/19/2026"
China,2026-02-19,6465828,INTDAILY,D45,Corporate Bond Yields,UPDATE_NOTE,FILTERED_OUT,,"AUTOHOL: Holiday, 02/19/2026"
China,2026-02-19,6465843,INTDAILY,D48,NCDs,UPDATE_NOTE,FILTERED_OUT,,"AUTOHOL: Holiday, 02/19/2026"
China,2026-02-19,6465854,INTDAILY,D54,Government-sponsored Agency Bonds,UPDATE_NOTE,FILTERED_OUT,,"AUTOHOL: Holiday, 02/19/2026"
China,2026-02-19,6465857,INTDAILY,D57,Policy Bank Bonds by Rating,UPDATE_NOTE,FILTERED_OUT,,"AUTOHOL: Holiday, 02/19/2026"
China,2026-02-19,6465858,INTDAILY,D60,Corporate Bonds by Rating,UPDATE_NOTE,FILTERED_OUT,,"AUTOHOL: Holiday, 02/19/2026"
China,2026-02-19,6465863,INTDAILY,D63,Medium Term Notes by Rating,UPDATE_NOTE,FILTERED_OUT,,"AUTOHOL: Holiday, 02/19/2026"
China,2026-02-19,6465868,INTDAILY,D66,Local Government Bonds by Rating,UPDATE_NOTE,FILTERED_OUT,,"AUTOHOL: Holiday, 02/19/2026"
China,2026-02-19,6465873,INTDAILY,D69,Financial Bonds of Commercial Banks by Rating,UPDATE_NOTE,FILTERED_OUT,,"AUTOHOL: Holiday, 02/19/2026"
China,2026-02-19,6465883,INTDAILY,D72,Secondary Capital Bond of Commercial Banks,UPDATE_NOTE,FILTERED_OUT,,"AUTOHOL: Holiday, 02/19/2026"
China,2026-02-19,6465887,ENERGY,K52,Oil Commodity Prices Update,UPDATE_NOTE,FILTERED_OUT,,"AUTOHOL: Holiday, 02/19/2026"
China,2026-02-19,6465888,INTDAILY,P69,Oil Commodity Prices INTDAILY TRANSFER,UPDATE_NOTE,FILTERED_OUT,,"AUTOHOL: Holiday, 02/19/2026"
China,2026-02-19,6465893,INTDAILY,D75,Asset-Backed Securities by Rating,UPDATE_NOTE,FILTERED_OUT,,"AUTOHOL: Holiday, 02/19/2026"
China,2026-02-19,6465895,INTDAILY,D78,Commercial Paper of Securities Company by Rating,UPDATE_NOTE,FILTERED_OUT,,"AUTOHOL: Holiday, 02/19/2026"
China,2026-02-19,6465896,CNSECTOR,"U05, U06, U07",Baidu Congestion Index,UPDATE_NOTE,FILTERED_OUT,,"AUTOHOL: Holiday, 02/19/2026"
China,2026-02-19,6465897,CNSECTOR,"T96, T97, T98, U02, U03, U04",Subway Passenger Volume for Selected Transit Agencies CNSECTOR,UPDATE_NOTE,FILTERED_OUT,,"AUTOHOL: Holiday, 02/19/2026"
China,2026-02-19,6465898,CNSECTOR,"C85, C86, C87",Coal Production and Inventory,UPDATE_NOTE,FILTERED_OUT,,"AUTOHOL: Holiday, 02/19/2026"
China,2026-02-19,6465909,TRANSPRT,"U59, U66, U67",Baidu Migration Scale Index,UPDATE_NOTE,FILTERED_OUT,,"AUTOHOL: Holiday, 02/19/2026"
China,2026-02-19,6465910,CNSECTOR,"U59, U66, U67",Baidu Migration Scale Index Comp,UPDATE_NOTE,FILTERED_OUT,,"AUTOHOL: Holiday, 02/19/2026"
China,2026-02-19,6465964,CHINAR,D95,Air Quality Index [Province] Eviews,UPDATE_NOTE,FILTERED_OUT,,"AUTOHOL: Holiday, 02/19/2026"
China,2026-02-19,6465965,INTDAILY,V42,Air Quality Index COMP to INTDAILY,UPDATE_NOTE,FILTERED_OUT,,"AUTOHOL: Holiday, 02/19/2026"
China,2026-02-19,6465996,CHINAR,C97,Air Quality Index,UPDATE_NOTE,FILTERED_OUT,,"AUTOHOL: Holiday, 02/19/2026"
China,2026-02-19,6466004,INTDAILY,D84,Private Placement Notes (PPN),UPDATE_NOTE,FILTERED_OUT,,"AUTOHOL: Holiday, 02/19/2026"
China,2026-02-19,6466006,CMDTY,M59,SHFE Volume & Positions,UPDATE_NOTE,FILTERED_OUT,,"AUTOHOL: Holiday, 02/19/2026"
China,2026-02-19,6466036,TRANSPRT,"T62, T63, T72",Yangtze Water Level - AM Comp,UPDATE_NOTE,FILTERED_OUT,,"AUTOHOL: Holiday, 02/19/2026"
China,2026-02-19,6466037,GLSECTOR,"V61, V62, V63",Yangtze Water Level - PM,UPDATE_NOTE,FILTERED_OUT,,"AUTOHOL: Holiday, 02/19/2026"
China,2026-02-19,6466039,TRANSPRT,"W66, W67, W68",Yangtze Water Level - PM Comp,UPDATE_NOTE,FILTERED_OUT,,"AUTOHOL: Holiday, 02/19/2026"
China,2026-02-19,6466040,GLSECTOR,"V67, V68, V69",Yangtze Water Level - AM,UPDATE_NOTE,FILTERED_OUT,,"AUTOHOL: Holiday, 02/19/2026"
China,2026-02-19,6466051,INTDAILY,"D91, D92, D93",Forward Rates,UPDATE_NOTE,FILTERED_OUT,,"AUTOHOL: Holiday, 02/19/2026"
China,2026-02-19,6466202,INTDAILY,Various,CFETS Daily Bulletin Backup,UPDATE_NOTE,FILTERED_OUT,,"AUTOHOL: Holiday, 02/19/2026"
China,2026-02-19,6466217,CMDTY,L55,Shanghai Gold Exchange Benchmark,UPDATE_NOTE,FILTERED_OUT,,"AUTOHOL: Holiday, 02/19/2026"
China,2026-02-19,6466270,CMDTY,M30,Shanghai Metals Market Prices,UPDATE_NOTE,FILTERED_OUT,,"AUTOHOL: Holiday, 02/19/2026"
China,2026-02-19,6469754,TRANSPRT,"U83,U95,U96",LNY Passenger Volume,UPDATE_NOTE,FILTERED_OUT,,"AUTOHOL: Holiday, 02/19/2026"
China,2026-02-20,6462508,CHINA,Various,INDIA/CHINA QA Feedback,UPDATE_NOTE,FILTERED_OUT,,"AUTOHOL: Holiday, 02/20/2026"
China,2026-02-20,6462510,CHINA,Various groups,China CEIC,UPDATE_NOTE,FILTERED_OUT,,"AUTOHOL: Holiday, 02/20/2026"
China,2026-02-20,6462674,INTDAILY,V59,Asian Stock Market -China Stock Indexes,UPDATE_NOTE,FILTERED_OUT,,"AUTOHOL: Holiday, 02/20/2026"
China,2026-02-20,6462777,CMDTY,L40,SHFE Warehouse Stocks (FastMarkets) [CHECK],UPDATE_NOTE,FILTERED_OUT,,"AUTOHOL: Holiday, 02/20/2026"
China,2026-02-20,6462814,INTDAILY,P68,Wholesale Price Index,UPDATE_NOTE,FILTERED_OUT,,"AUTOHOL: Holiday, 02/20/2026"
China,2026-02-20,6462815,INTWKLY,P68,Wholesale Price Index Aggregaton,UPDATE_NOTE,FILTERED_OUT,,"AUTOHOL: Holiday, 02/20/2026"
China,2026-02-20,6462956,CMDTY,L75,Shanghai Gold Exchange Prices,UPDATE_NOTE,FILTERED_OUT,,"AUTOHOL: Holiday, 02/20/2026"
China,2026-02-20,6463024,CHINA,Various groups,China CEIC Check,UPDATE_NOTE,FILTERED_OUT,,"AUTOHOL: Holiday, 02/20/2026"
China,2026-02-20,6463157,INTWKLY,S93,Aggregation: Stock Market,UPDATE_NOTE,FILTERED_OUT,,"AUTOHOL: Holiday, 02/20/2026"
China,2026-02-20,6463167,INTWKLY,W04,Aggregation: Asian Stock Market Indices DJ,UPDATE_NOTE,FILTERED_OUT,,"AUTOHOL: Holiday, 02/20/2026"
China,2026-02-20,6463282,INTDAILY,W81,SH/SZ HK Connect BACKUP,UPDATE_NOTE,FILTERED_OUT,,"AUTOHOL: Holiday, 02/20/2026"
China,2026-02-20,6463414,FMRCOIND,F21,OMO China Net Injection,UPDATE_NOTE,FILTERED_OUT,,"AUTOHOL: Holiday, 02/20/2026"
China,2026-02-20,6463424,CHINA,Various,China CEIC,UPDATE_NOTE,FILTERED_OUT,,"AUTOHOL: Holiday, 02/20/2026"
China,2026-02-20,6463648,INTWKLY,V88,Bond Issuance (not in global must be forced manually),UPDATE_NOTE,FILTERED_OUT,,"AUTOHOL: Holiday, 02/20/2026"
China,2026-02-20,6463671,TRANSPRT,"T96, T97, T98",Subway Passenger Volume for Selected Transit Agencies,UPDATE_NOTE,FILTERED_OUT,,"AUTOHOL: Holiday, 02/20/2026"
China,2026-02-20,6463673,TRANSPRT,"U02, U03, U04",Subway Passenger Volume for Selected Transit Agencies - Eviews,UPDATE_NOTE,FILTERED_OUT,,"AUTOHOL: Holiday, 02/20/2026"
China,2026-02-20,6463710,INTWKLY,J75,China Government Bonds AGG,UPDATE_NOTE,FILTERED_OUT,,"AUTOHOL: Holiday, 02/20/2026"
China,2026-02-20,6463817,TRANSPRT,"B12, B13, B14",China Subway Volume,UPDATE_NOTE,FILTERED_OUT,,"AUTOHOL: Holiday, 02/20/2026"
China,2026-02-20,6463818,TRANSPRT,"U05, U06, U07",Baidu Congestion Index,UPDATE_NOTE,FILTERED_OUT,,"AUTOHOL: Holiday, 02/20/2026"
China,2026-02-20,6463826,GLSECTOR,"F65, F66, F67",Maoyan Box,UPDATE_NOTE,FILTERED_OUT,,"AUTOHOL: Holiday, 02/20/2026"
China,2026-02-20,6463828,CNSECTOR,"I65,I66,I67",Maoyan Box CMP to CNSECTOR,UPDATE_NOTE,FILTERED_OUT,,"AUTOHOL: Holiday, 02/20/2026"
China,2026-02-20,6463857,CHINA,Various groups,China CEIC Check,UPDATE_NOTE,FILTERED_OUT,,"AUTOHOL: Holiday, 02/20/2026"
China,2026-02-20,6463873,ENERGY,"O85, C50, C51",Coal Production and Inventory,UPDATE_NOTE,FILTERED_OUT,,"AUTOHOL: Holiday, 02/20/2026"
China,2026-02-20,6463874,INTDAILY,"C85, C86, C87",Coal Production and Inventory Transfer,UPDATE_NOTE,FILTERED_OUT,,"AUTOHOL: Holiday, 02/20/2026"
China,2026-02-20,6463878,INTDAILY,M18,Beijing Stock Exchange,UPDATE_NOTE,FILTERED_OUT,,"AUTOHOL: Holiday, 02/20/2026"
China,2026-02-20,6463879,INTWKLY,M28,Beijing Stock Exchange AGG,UPDATE_NOTE,FILTERED_OUT,,"AUTOHOL: Holiday, 02/20/2026"
China,2026-02-20,6463882,INTDAILY,U74,Thermal Coal Futures,UPDATE_NOTE,FILTERED_OUT,,"AUTOHOL: Holiday, 02/20/2026"
China,2026-02-20,6463883,CMDTY,M51,Thermal Coal Futures Comp,UPDATE_NOTE,FILTERED_OUT,,"AUTOHOL: Holiday, 02/20/2026"
China,2026-02-20,6463884,INTWKLY,C88,Thermal Coal Futures Aggregation,UPDATE_NOTE,FILTERED_OUT,,"AUTOHOL: Holiday, 02/20/2026"
China,2026-02-20,6463885,INTDAILY,I71,Treasury Yields and Medium Term Notes,UPDATE_NOTE,FILTERED_OUT,,"AUTOHOL: Holiday, 02/20/2026"
China,2026-02-20,6463886,INTWKLY,I74,AGG Treasury Yields and Medium Term Note,UPDATE_NOTE,FILTERED_OUT,,"AUTOHOL: Holiday, 02/20/2026"
China,2026-02-20,6463890,INTDAILY,G94,"Treasury Yields, Short Term Notes, Repo Rates",UPDATE_NOTE,FILTERED_OUT,,"AUTOHOL: Holiday, 02/20/2026"
China,2026-02-20,6463892,INTWKLY,I88,"AGG Treasury Yields, Short Term Notes, Repo Rates",UPDATE_NOTE,FILTERED_OUT,,"AUTOHOL: Holiday, 02/20/2026"
China,2026-02-20,6463902,INTWKLY,I52,Pledged Repo Agg,UPDATE_NOTE,FILTERED_OUT,,"AUTOHOL: Holiday, 02/20/2026"
China,2026-02-20,6463903,INTDAILY,P33,Wholesale Agricultural Prices,UPDATE_NOTE,FILTERED_OUT,,"AUTOHOL: Holiday, 02/20/2026"
China,2026-02-20,6463904,CMDTY,P41,Wholesale Agricultural Prices CMP,UPDATE_NOTE,FILTERED_OUT,,"AUTOHOL: Holiday, 02/20/2026"
China,2026-02-20,6463905,INTWKLY,X22,Wholesale Agricultural Prices AGG,UPDATE_NOTE,FILTERED_OUT,,"AUTOHOL: Holiday, 02/20/2026"
China,2026-02-20,6463911,INTDAILY,"U17, U18, U19",Alipay Tianhong Yue Bao Fund,UPDATE_NOTE,FILTERED_OUT,,"AUTOHOL: Holiday, 02/20/2026"
China,2026-02-20,6463912,INTDAILY,M24,Parity Rates CFETS,UPDATE_NOTE,FILTERED_OUT,,"AUTOHOL: Holiday, 02/20/2026"
China,2026-02-20,6463913,INTWKLY,M29,Parity Rates CFETS AGG,UPDATE_NOTE,FILTERED_OUT,,"AUTOHOL: Holiday, 02/20/2026"
China,2026-02-20,6463916,INTDAILY,U59,Shanghai Stock Connect,UPDATE_NOTE,FILTERED_OUT,,"AUTOHOL: Holiday, 02/20/2026"
China,2026-02-20,6463917,INTWKLY,W59,Shanghai Stock Connect AGG,UPDATE_NOTE,FILTERED_OUT,,"AUTOHOL: Holiday, 02/20/2026"
China,2026-02-20,6463918,INTDAILY,U40,Shanghai Stock Exchange Trading Statistics,UPDATE_NOTE,FILTERED_OUT,,"AUTOHOL: Holiday, 02/20/2026"
China,2026-02-20,6463919,INTWKLY,U40,Shanghai Stock Exchange Trading Statistics Aggregation,UPDATE_NOTE,FILTERED_OUT,,"AUTOHOL: Holiday, 02/20/2026"
China,2026-02-20,6463945,INTDAILY,Various,BACKUP China CFETS to K,UPDATE_NOTE,FILTERED_OUT,,"AUTOHOL: Holiday, 02/20/2026"
China,2026-02-20,6463976,INTDAILY,D40,Central Bank Bill Yields,UPDATE_NOTE,FILTERED_OUT,,"AUTOHOL: Holiday, 02/20/2026"
China,2026-02-20,6463977,INTWKLY,D40,Central Bank Bill Yields,UPDATE_NOTE,FILTERED_OUT,,"AUTOHOL: Holiday, 02/20/2026"
China,2026-02-20,6463984,INTWKLY,D45,Corporate Bond Yields AGG,UPDATE_NOTE,FILTERED_OUT,,"AUTOHOL: Holiday, 02/20/2026"
China,2026-02-20,6463985,INTDAILY,D45,Corporate Bond Yields,UPDATE_NOTE,FILTERED_OUT,,"AUTOHOL: Holiday, 02/20/2026"
China,2026-02-20,6463994,INTWKLY,U17,Alipay Tianhong Yue Bao Fund Agg,UPDATE_NOTE,FILTERED_OUT,,"AUTOHOL: Holiday, 02/20/2026"
China,2026-02-20,6463995,INTDAILY,D48,NCDs,UPDATE_NOTE,FILTERED_OUT,,"AUTOHOL: Holiday, 02/20/2026"
China,2026-02-20,6463996,INTWKLY,D46,NCDs Aggregation,UPDATE_NOTE,FILTERED_OUT,,"AUTOHOL: Holiday, 02/20/2026"
China,2026-02-20,6464012,INTDAILY,D54,Government-sponsored Agency Bonds,UPDATE_NOTE,FILTERED_OUT,,"AUTOHOL: Holiday, 02/20/2026"
China,2026-02-20,6464013,INTWKLY,D42,Government-sponsored Agency Bonds,UPDATE_NOTE,FILTERED_OUT,,"AUTOHOL: Holiday, 02/20/2026"
China,2026-02-20,6464018,INTDAILY,D57,Policy Bank Bonds by Rating,UPDATE_NOTE,FILTERED_OUT,,"AUTOHOL: Holiday, 02/20/2026"
China,2026-02-20,6464019,INTWKLY,D47,Policy Bank Bonds by Rating AGG,UPDATE_NOTE,FILTERED_OUT,,"AUTOHOL: Holiday, 02/20/2026"
China,2026-02-20,6464020,INTDAILY,D60,Corporate Bonds by Rating,UPDATE_NOTE,FILTERED_OUT,,"AUTOHOL: Holiday, 02/20/2026"
China,2026-02-20,6464021,INTWKLY,D48,Corporate Bonds by Rating AGG,UPDATE_NOTE,FILTERED_OUT,,"AUTOHOL: Holiday, 02/20/2026"
China,2026-02-20,6464025,INTDAILY,D63,Medium Term Notes by Rating,UPDATE_NOTE,FILTERED_OUT,,"AUTOHOL: Holiday, 02/20/2026"
China,2026-02-20,6464026,INTWKLY,D49,Medium Term Notes by Rating AGG,UPDATE_NOTE,FILTERED_OUT,,"AUTOHOL: Holiday, 02/20/2026"
China,2026-02-20,6464033,INTDAILY,D66,Local Government Bonds by Rating,UPDATE_NOTE,FILTERED_OUT,,"AUTOHOL: Holiday, 02/20/2026"
China,2026-02-20,6464034,INTWKLY,D50,Local Government Bonds by Rating AGG,UPDATE_NOTE,FILTERED_OUT,,"AUTOHOL: Holiday, 02/20/2026"
China,2026-02-20,6464035,CNSECTOR,A06,Capacity Utilization Rate in Energy Industry,UPDATE_NOTE,FILTERED_OUT,,"AUTOHOL: Holiday, 02/20/2026"
China,2026-02-20,6464040,INTDAILY,D69,Financial Bonds of Commercial Banks by Rating,UPDATE_NOTE,FILTERED_OUT,,"AUTOHOL: Holiday, 02/20/2026"
China,2026-02-20,6464041,INTWKLY,D51,Financial Bonds of Commercial Banks by Rating,UPDATE_NOTE,FILTERED_OUT,,"AUTOHOL: Holiday, 02/20/2026"
China,2026-02-20,6464051,INTDAILY,D72,Secondary Capital Bond of Commercial Banks,UPDATE_NOTE,FILTERED_OUT,,"AUTOHOL: Holiday, 02/20/2026"
China,2026-02-20,6464052,INTWKLY,D52,Secondary Capital Bond of Commercial Banks AGG,UPDATE_NOTE,FILTERED_OUT,,"AUTOHOL: Holiday, 02/20/2026"
China,2026-02-20,6464056,ENERGY,K52,Oil Commodity Prices Update,UPDATE_NOTE,FILTERED_OUT,,"AUTOHOL: Holiday, 02/20/2026"
China,2026-02-20,6464057,INTDAILY,P69,Oil Commodity Prices INTDAILY TRANSFER,UPDATE_NOTE,FILTERED_OUT,,"AUTOHOL: Holiday, 02/20/2026"
China,2026-02-20,6464062,INTDAILY,D75,Asset-Backed Securities by Rating,UPDATE_NOTE,FILTERED_OUT,,"AUTOHOL: Holiday, 02/20/2026"
China,2026-02-20,6464063,INTWKLY,D53,Asset-Backed Securities by Rating,UPDATE_NOTE,FILTERED_OUT,,"AUTOHOL: Holiday, 02/20/2026"
China,2026-02-20,6464066,INTDAILY,D78,Commercial Paper of Securities Company by Rating,UPDATE_NOTE,FILTERED_OUT,,"AUTOHOL: Holiday, 02/20/2026"
China,2026-02-20,6464067,INTWKLY,D54,Commercial Paper of Securities Company by Rating AGG,UPDATE_NOTE,FILTERED_OUT,,"AUTOHOL: Holiday, 02/20/2026"
China,2026-02-20,6464068,CNSECTOR,"U05, U06, U07",Baidu Congestion Index,UPDATE_NOTE,FILTERED_OUT,,"AUTOHOL: Holiday, 02/20/2026"
China,2026-02-20,6464069,CNSECTOR,"T96, T97, T98, U02, U03, U04",Subway Passenger Volume for Selected Transit Agencies CNSECTOR,UPDATE_NOTE,FILTERED_OUT,,"AUTOHOL: Holiday, 02/20/2026"
China,2026-02-20,6464070,CNSECTOR,"C85, C86, C87",Coal Production and Inventory,UPDATE_NOTE,FILTERED_OUT,,"AUTOHOL: Holiday, 02/20/2026"
China,2026-02-20,6464080,ENERGY,K63,Weekly Oil Commodity Prices,UPDATE_NOTE,FILTERED_OUT,,"AUTOHOL: Holiday, 02/20/2026"
China,2026-02-20,6464085,TRANSPRT,"U59, U66, U67",Baidu Migration Scale Index,UPDATE_NOTE,FILTERED_OUT,,"AUTOHOL: Holiday, 02/20/2026"
China,2026-02-20,6464086,CNSECTOR,"U59, U66, U67",Baidu Migration Scale Index Comp,UPDATE_NOTE,FILTERED_OUT,,"AUTOHOL: Holiday, 02/20/2026"
China,2026-02-20,6464142,CHINAR,D95,Air Quality Index [Province] Eviews,UPDATE_NOTE,FILTERED_OUT,,"AUTOHOL: Holiday, 02/20/2026"
China,2026-02-20,6464143,INTDAILY,V42,Air Quality Index COMP to INTDAILY,UPDATE_NOTE,FILTERED_OUT,,"AUTOHOL: Holiday, 02/20/2026"
China,2026-02-20,6464169,CHINAR,C97,Air Quality Index,UPDATE_NOTE,FILTERED_OUT,,"AUTOHOL: Holiday, 02/20/2026"
China,2026-02-20,6464177,INTDAILY,D84,Private Placement Notes (PPN),UPDATE_NOTE,FILTERED_OUT,,"AUTOHOL: Holiday, 02/20/2026"
China,2026-02-20,6464178,INTWKLY,D88,Private Placement Notes (PPN) AGG,UPDATE_NOTE,FILTERED_OUT,,"AUTOHOL: Holiday, 02/20/2026"
China,2026-02-20,6464182,CMDTY,M59,SHFE Volume & Positions,UPDATE_NOTE,FILTERED_OUT,,"AUTOHOL: Holiday, 02/20/2026"
China,2026-02-20,6464191,INTWKLY,W16,SSE Margin AGG,UPDATE_NOTE,FILTERED_OUT,,"AUTOHOL: Holiday, 02/20/2026"
China,2026-02-20,6464207,TRANSPRT,"T62, T63, T72",Yangtze Water Level - AM Comp,UPDATE_NOTE,FILTERED_OUT,,"AUTOHOL: Holiday, 02/20/2026"
China,2026-02-20,6464208,GLSECTOR,"V61, V62, V63",Yangtze Water Level - PM,UPDATE_NOTE,FILTERED_OUT,,"AUTOHOL: Holiday, 02/20/2026"
China,2026-02-20,6464211,TRANSPRT,"W66, W67, W68",Yangtze Water Level - PM Comp,UPDATE_NOTE,FILTERED_OUT,,"AUTOHOL: Holiday, 02/20/2026"
China,2026-02-20,6464212,GLSECTOR,"V67, V68, V69",Yangtze Water Level - AM,UPDATE_NOTE,FILTERED_OUT,,"AUTOHOL: Holiday, 02/20/2026"
China,2026-02-20,6464223,INTDAILY,"D91, D92, D93",Forward Rates,UPDATE_NOTE,FILTERED_OUT,,"AUTOHOL: Holiday, 02/20/2026"
China,2026-02-20,6464224,INTWKLY,D92,Forward Rates AGG,UPDATE_NOTE,FILTERED_OUT,,"AUTOHOL: Holiday, 02/20/2026"
China,2026-02-20,6464234,CMDTY,L40,SHFE Warehouse Stocks (SHFE),UPDATE_NOTE,FILTERED_OUT,,"AUTOHOL: Holiday, 02/20/2026"
China,2026-02-20,6464384,INTDAILY,Various,CFETS Daily Bulletin Backup,UPDATE_NOTE,FILTERED_OUT,,"AUTOHOL: Holiday, 02/20/2026"
China,2026-02-20,6464393,INTWKLY,K59,Interest Rate Swap AGG,UPDATE_NOTE,FILTERED_OUT,,"AUTOHOL: Holiday, 02/20/2026"
China,2026-02-20,6464397,CMDTY,L55,Shanghai Gold Exchange Benchmark,UPDATE_NOTE,FILTERED_OUT,,"AUTOHOL: Holiday, 02/20/2026"
China,2026-02-20,6464450,CMDTY,M30,Shanghai Metals Market Prices,UPDATE_NOTE,FILTERED_OUT,,"AUTOHOL: Holiday, 02/20/2026"
China,2026-02-20,6464473,INTWKLY,P96,Intwkly Oil Commodity Prices,UPDATE_NOTE,FILTERED_OUT,,"AUTOHOL: Holiday, 02/20/2026"
China,2026-02-20,6469753,TRANSPRT,"U83,U95,U96",LNY Passenger Volume,UPDATE_NOTE,FILTERED_OUT,,"AUTOHOL: Holiday, 02/20/2026"
China,2026-02-21,6472008,TRANSPRT,"B12, B13, B14",China Subway Volume,UPDATE_NOTE,FILTERED_OUT,,"AUTOHOL: Holiday, 02/21/2026"
China,2026-02-21,6472030,CHINAR,D96,Air Quality Index Provine SATURDAY[Eviews],UPDATE_NOTE,FILTERED_OUT,,"AUTOHOL: Holiday, 02/21/2026"
China,2026-02-21,6472031,INTDAILY,H95,Air Quality Index SATURDAY COMP to INTDAILY,UPDATE_NOTE,FILTERED_OUT,,"AUTOHOL: Holiday, 02/21/2026"
China,2026-02-21,6472035,CHINAR,D98,Air Quality Index SATURDAY,UPDATE_NOTE,FILTERED_OUT,,"AUTOHOL: Holiday, 02/21/2026"
China,2026-02-22,6471675,INTWKLY,T21,Margin Transactions Aggregation,UPDATE_NOTE,FILTERED_OUT,,"AUTOHOL: Holiday, 02/22/2026"
China,2026-02-22,6471681,INTDAILY,S99,PBC: OMO Zero,UPDATE_NOTE,FILTERED_OUT,,"AUTOHOL: Holiday, 02/22/2026"
China,2026-02-22,6471682,INTDAILY,V96,PBC: OMO Calculation,UPDATE_NOTE,FILTERED_OUT,,"AUTOHOL: Holiday, 02/22/2026"
China,2026-02-22,6471688,EMERGEPR,Various,CHINA to EMERGEPR Compare,UPDATE_NOTE,FILTERED_OUT,,"AUTOHOL: Holiday, 02/22/2026"
China,2026-02-22,6471741,TRANSPRT,"T96, T97, T98",Subway Passenger Volume for Selected Transit Agencies,UPDATE_NOTE,FILTERED_OUT,,"AUTOHOL: Holiday, 02/22/2026"
China,2026-02-22,6471742,TRANSPRT,"U02, U03, U04",Subway Passenger Volume for Selected Transit Agencies - Eviews,UPDATE_NOTE,FILTERED_OUT,,"AUTOHOL: Holiday, 02/22/2026"
China,2026-02-22,6471772,TRANSPRT,"B12, B13, B14",China Subway Volume,UPDATE_NOTE,FILTERED_OUT,,"AUTOHOL: Holiday, 02/22/2026"
China,2026-02-22,6471773,TRANSPRT,B15,China Subway Volume Aggregation,UPDATE_NOTE,FILTERED_OUT,,"AUTOHOL: Holiday, 02/22/2026"
China,2026-02-22,6471775,TRANSPRT,"U05, U06, U07",Baidu Congestion Index,UPDATE_NOTE,FILTERED_OUT,,"AUTOHOL: Holiday, 02/22/2026"
China,2026-02-22,6471780,GLSECTOR,"F65, F66, F67",Maoyan Box,UPDATE_NOTE,FILTERED_OUT,,"AUTOHOL: Holiday, 02/22/2026"
China,2026-02-22,6471781,CNSECTOR,"I65,I66,I67",Maoyan Box CMP to CNSECTOR,UPDATE_NOTE,FILTERED_OUT,,"AUTOHOL: Holiday, 02/22/2026"
China,2026-02-22,6471796,INTWKLY,R92,CFETS RMB Indexes,UPDATE_NOTE,FILTERED_OUT,,"AUTOHOL: Holiday, 02/22/2026"
China,2026-02-22,6471813,INTDAILY,"U17, U18, U19",Alipay Tianhong Yue Bao Fund,UPDATE_NOTE,FILTERED_OUT,,"AUTOHOL: Holiday, 02/22/2026"
China,2026-02-22,6471815,INTDAILY,"S99, V96, U01, U02, U23, U24",PBC: Open Market Operations - Sunday Check,UPDATE_NOTE,FILTERED_OUT,,"AUTOHOL: Holiday, 02/22/2026"
China,2026-02-22,6471861,CNSECTOR,"U05, U06, U07",Baidu Congestion Index,UPDATE_NOTE,FILTERED_OUT,,"AUTOHOL: Holiday, 02/22/2026"
China,2026-02-22,6471862,CNSECTOR,"T96, T97, T98, U02, U03, U04",Subway Passenger Volume for Selected Transit Agencies CNSECTOR,UPDATE_NOTE,FILTERED_OUT,,"AUTOHOL: Holiday, 02/22/2026"
China,2026-02-22,6471863,TRANSPRT,"U59, U66, U67",Baidu Migration Scale Index,UPDATE_NOTE,FILTERED_OUT,,"AUTOHOL: Holiday, 02/22/2026"
China,2026-02-22,6471864,CNSECTOR,"U59, U66, U67",Baidu Migration Scale Index Comp,UPDATE_NOTE,FILTERED_OUT,,"AUTOHOL: Holiday, 02/22/2026"
China,2026-02-22,6471877,CHINAR,D97,Air Quality Index Province SUNDAY[Eviews],UPDATE_NOTE,FILTERED_OUT,,"AUTOHOL: Holiday, 02/22/2026"
China,2026-02-22,6471878,INTDAILY,H96,Air Quality Index SUNDAY COMP to INTDAILY,UPDATE_NOTE,FILTERED_OUT,,"AUTOHOL: Holiday, 02/22/2026"
China,2026-02-22,6471885,CHINAR,D99,Air Quality Index SUNDAY,UPDATE_NOTE,FILTERED_OUT,,"AUTOHOL: Holiday, 02/22/2026"
China,2026-02-22,6471897,TRANSPRT,"T62, T63, T72",Yangtze Water Level - AM Comp,UPDATE_NOTE,FILTERED_OUT,,"AUTOHOL: Holiday, 02/22/2026"
China,2026-02-22,6471898,GLSECTOR,"V61, V62, V63",Yangtze Water Level - PM,UPDATE_NOTE,FILTERED_OUT,,"AUTOHOL: Holiday, 02/22/2026"
China,2026-02-22,6471899,TRANSPRT,"W66, W67, W68",Yangtze Water Level - PM Comp,UPDATE_NOTE,FILTERED_OUT,,"AUTOHOL: Holiday, 02/22/2026"
China,2026-02-22,6471900,GLSECTOR,"V67, V68, V69",Yangtze Water Level - AM,UPDATE_NOTE,FILTERED_OUT,,"AUTOHOL: Holiday, 02/22/2026"
Indonesia,2026-02-17,6468051,INTDAILY,R96,Exchange Rates,UPDATE_NOTE,FILTERED_OUT,,"AUTOHOL: Holiday, 02/17/2026"
Indonesia,2026-02-17,6468471,INTDAILY,V50,Asian Stock Market- Jakarta Composite,UPDATE_NOTE,FILTERED_OUT,,"AUTOHOL: Holiday, 02/17/2026"
Indonesia,2026-02-17,6468503,INTDAILY,V76,Holdings IDR Tradable Securities,UPDATE_NOTE,FILTERED_OUT,,"AUTOHOL: Holiday, 02/17/2026"
Indonesia,2026-02-17,6468533,INTDAILY,H17,Exchange Rate Mid-Rates,UPDATE_NOTE,FILTERED_OUT,,"AUTOHOL: Holiday, 02/17/2026"
Indonesia,2026-02-17,6468660,INTDAILY,G46,Daily Liquidity,UPDATE_NOTE,FILTERED_OUT,,"AUTOHOL: Holiday, 02/17/2026"
Indonesia,2026-02-17,6468662,INTDAILY,K98,Daily Liquidity Projection Eviews Calculation,UPDATE_NOTE,FILTERED_OUT,,"AUTOHOL: Holiday, 02/17/2026"
Indonesia,2026-02-17,6468689,INTDAILY,W87,Jakarta Interbank Reference Rate [JISDOR],UPDATE_NOTE,FILTERED_OUT,,"AUTOHOL: Holiday, 02/17/2026"
Indonesia,2026-02-17,6468766,INTDAILY,X48,Monetary Operations Positions,UPDATE_NOTE,FILTERED_OUT,,"AUTOHOL: Holiday, 02/17/2026"
Indonesia,2026-02-17,6468837,INTDAILY,J36,Indonia Rate,UPDATE_NOTE,FILTERED_OUT,,"AUTOHOL: Holiday, 02/17/2026"
Indonesia,2026-02-17,6468944,INTDAILY,P44,Food Prices,UPDATE_NOTE,FILTERED_OUT,,"AUTOHOL: Holiday, 02/17/2026"
Indonesia,2026-02-17,6469076,INTDAILY,J79,DNDF Afternoon,UPDATE_NOTE,FILTERED_OUT,,"AUTOHOL: Holiday, 02/17/2026"
Indonesia,2026-02-17,6469132,INTDAILY,H91,Reverse Repo,UPDATE_NOTE,FILTERED_OUT,,"AUTOHOL: Holiday, 02/17/2026"
Indonesia,2026-02-17,6469133,INTDAILY,H92,Term Deposits Morning,UPDATE_NOTE,FILTERED_OUT,,"AUTOHOL: Holiday, 02/17/2026"
Indonesia,2026-02-17,6469134,INTDAILY,H93,Term Deposits Afternoon,UPDATE_NOTE,FILTERED_OUT,,"AUTOHOL: Holiday, 02/17/2026"
Indonesia,2026-02-17,6469175,INTDAILY,G61,Government Securities Auction [SUSP],UPDATE_NOTE,FILTERED_OUT,,"AUTOHOL: Holiday, 02/17/2026"
Indonesia,2026-02-17,6469184,ASEANR,B53,Market Prices,UPDATE_NOTE,FILTERED_OUT,,"AUTOHOL: Holiday, 02/17/2026"
Indonesia,2026-02-17,6469317,ENERGY,K51,Indonesia Fuel Prices,UPDATE_NOTE,FILTERED_OUT,,"AUTOHOL: Holiday, 02/17/2026"
Indonesia,2026-02-17,6469318,INTDAILY,O99,Indonesia Fuel Prices TRANSFER,UPDATE_NOTE,FILTERED_OUT,,"AUTOHOL: Holiday, 02/17/2026"
Indonesia,2026-02-17,6469361,INTDAILY,F52,Indonia Rates & Index,UPDATE_NOTE,FILTERED_OUT,,"AUTOHOL: Holiday, 02/17/2026"
Indonesia,2026-02-17,6469366,INTDAILY,R28,Bank Indonesia Reference Rate,UPDATE_NOTE,FILTERED_OUT,,"AUTOHOL: Holiday, 02/17/2026"
Indonesia,2026-02-17,6469402,INTDAILY,Various,Indonesia OMO Check,UPDATE_NOTE,FILTERED_OUT,,"AUTOHOL: Holiday, 02/17/2026"
Indonesia,2026-02-17,6469407,INTDAILY,M69,FX Term Deposit Auction,UPDATE_NOTE,FILTERED_OUT,,"AUTOHOL: Holiday, 02/17/2026"
Indonesia,2026-02-17,6469482,ENERGY,D94,Indonesia Regional Fuel Price,UPDATE_NOTE,FILTERED_OUT,,"AUTOHOL: Holiday, 02/17/2026"
Indonesia,2026-02-17,6469496,INTDAILY,J68,Bank Indonesia SVBI auction,UPDATE_NOTE,FILTERED_OUT,,"AUTOHOL: Holiday, 02/17/2026"
Indonesia,2026-02-17,6469577,INTDAILY,N66,FX Swap,UPDATE_NOTE,FILTERED_OUT,,"AUTOHOL: Holiday, 02/17/2026"
Indonesia,2026-02-17,6469656,INTDAILY,N51,Government Bond Auction,UPDATE_NOTE,FILTERED_OUT,,"AUTOHOL: Holiday, 02/17/2026"
Indonesia,2026-02-17,6469657,INTDAILY,N53,Sharia Government Bond Auction,UPDATE_NOTE,FILTERED_OUT,,"AUTOHOL: Holiday, 02/17/2026"
Korea,2026-02-16,6453025,INTDAILY,I74,Korea KORIBOR,UPDATE_NOTE,FILTERED_OUT,,"AUTOHOL: Holiday, 02/16/2026"
Korea,2026-02-16,6453026,INTDAILY,I61,Interest Rates,UPDATE_NOTE,FILTERED_OUT,,"AUTOHOL: Holiday, 02/16/2026"
Korea,2026-02-16,6453027,INTDAILY,V56,Asian Stock - KOSPI/KOSDAQ Market,UPDATE_NOTE,FILTERED_OUT,R2D2 - errors in CSV2MODB output. Files on d:\intdaily\korea\kospi\auto [Az-AutoSrv1-Svc] Fri 02/13/2026 09:26:16.661 [Event ID: c3dc489e-08e5-11f1-9f2e-000d3a1a0faf],"R2D2 - errors in CSV2MODB output. Files on d:\intdaily\korea\kospi\auto [Az-AutoSrv1-Svc] Fri 02/13/2026 09:26:16.661 [Event ID: c3dc489e-08e5-11f1-9f2e-000d3a1a0faf] | AUTOHOL: Holiday, 02/16/2026"
Korea,2026-02-16,6453295,INTDAILY,J33,Government Bond Yields,UPDATE_NOTE,FILTERED_OUT,,"AUTOHOL: Holiday, 02/16/2026"
Korea,2026-02-16,6453299,INTDAILY,K11,Total Return Calculation,UPDATE_NOTE,FILTERED_OUT,,"AUTOHOL: Holiday, 02/16/2026"
Korea,2026-02-16,6453304,INTDAILY,R80,Exchange RATE,UPDATE_NOTE,FILTERED_OUT,,"AUTOHOL: Holiday, 02/16/2026"
Korea,2026-02-16,6453448,INTDAILY,K02,Breakeven Inflation,UPDATE_NOTE,FILTERED_OUT,,"AUTOHOL: Holiday, 02/16/2026"
Korea,2026-02-16,6453902,INTDAILY,S96,Asian Stock - KOSPI/KOSDAQ Market,UPDATE_NOTE,FILTERED_OUT,,"AUTOHOL: Holiday, 02/16/2026"
Korea,2026-02-16,6453916,INTDAILY,V74,KRX Market Transactions,UPDATE_NOTE,FILTERED_OUT,,"AUTOHOL: Holiday, 02/16/2026"
Korea,2026-02-16,6454008,INTDAILY,T28,US-Dollar Auctions CHECK,UPDATE_NOTE,FILTERED_OUT,,"AUTOHOL: Holiday, 02/16/2026"
Korea,2026-02-16,6454098,INTDAILY,R39,Exchange RATE Lag,UPDATE_NOTE,FILTERED_OUT,,"AUTOHOL: Holiday, 02/16/2026"
Korea,2026-02-16,6454195,INTDAILY,F65,Interest Rates and Yields,UPDATE_NOTE,FILTERED_OUT,,"AUTOHOL: Holiday, 02/16/2026"
Korea,2026-02-16,6454259,CMDTY,L56,Agricultral Products Wholesale Price,UPDATE_NOTE,FILTERED_OUT,,"AUTOHOL: Holiday, 02/16/2026"
Korea,2026-02-16,6454262,INTDAILY,Y58,KOFR Leading,UPDATE_NOTE,FILTERED_OUT,,"AUTOHOL: Holiday, 02/16/2026"
Korea,2026-02-16,6454265,INTDAILY,Y20,KOFR,UPDATE_NOTE,FILTERED_OUT,,"AUTOHOL: Holiday, 02/16/2026"
Korea,2026-02-16,6454266,INTWKLY,W20,KOFR Aggregation,UPDATE_NOTE,FILTERED_OUT,,"AUTOHOL: Holiday, 02/16/2026"
Korea,2026-02-16,6454293,INTDAILY,U31,INTL Securities Activity,UPDATE_NOTE,FILTERED_OUT,,"AUTOHOL: Holiday, 02/16/2026"
Korea,2026-02-16,6454294,INTDAILY,U32,INTL Securities Activity EVIEWS,UPDATE_NOTE,FILTERED_OUT,,"AUTOHOL: Holiday, 02/16/2026"
Korea,2026-02-16,6454295,INTDAILY,U33,INTL Securities Custody,UPDATE_NOTE,FILTERED_OUT,,"AUTOHOL: Holiday, 02/16/2026"
Korea,2026-02-16,6454304,INTWKLY,K50,Change in Credit Card Expenditure,UPDATE_NOTE,FILTERED_OUT,,"AUTOHOL: Holiday, 02/16/2026"
Korea,2026-02-16,6454312,INTDAILY,K20,Equity Flows,UPDATE_NOTE,FILTERED_OUT,,"AUTOHOL: Holiday, 02/16/2026"
Korea,2026-02-16,6454313,INTDAILY,K10,Bond Flows,UPDATE_NOTE,FILTERED_OUT,,"AUTOHOL: Holiday, 02/16/2026"
Korea,2026-02-16,6454322,INTDAILY,K90,KOFR Interest Rate Distribution,UPDATE_NOTE,FILTERED_OUT,,"AUTOHOL: Holiday, 02/16/2026"
Korea,2026-02-16,6454323,INTWKLY,K70,KOFR Interest Rate Distribution AGG,UPDATE_NOTE,FILTERED_OUT,,"AUTOHOL: Holiday, 02/16/2026"
Korea,2026-02-16,6454383,INTDAILY,V99,KRX Foreign Ownership,UPDATE_NOTE,FILTERED_OUT,,"AUTOHOL: Holiday, 02/16/2026"
Korea,2026-02-16,6454455,INTDAILY,U29,KOSPI Volatility 200 Index,UPDATE_NOTE,FILTERED_OUT,,"AUTOHOL: Holiday, 02/16/2026"
Korea,2026-02-16,6454547,INTDAILY,M28,Korea Money Market Fund AUM,UPDATE_NOTE,FILTERED_OUT,,"AUTOHOL: Holiday, 02/16/2026"
Korea,2026-02-16,6454548,INTWKLY,M14,Korea Money Market Fund AUM [AGG],UPDATE_NOTE,FILTERED_OUT,,"AUTOHOL: Holiday, 02/16/2026"
Korea,2026-02-16,6454618,INTDAILY,O08,[COMP] Agricultral Products Wholesale Price,UPDATE_NOTE,FILTERED_OUT,,"AUTOHOL: Holiday, 02/16/2026"
Korea,2026-02-16,6454626,INTDAILY,A09,News Psychology Index,UPDATE_NOTE,FILTERED_OUT,,"AUTOHOL: Holiday, 02/16/2026"
Korea,2026-02-16,6454693,GLSECTOR,V36,Semiconductor Prices,UPDATE_NOTE,FILTERED_OUT,,"AUTOHOL: Holiday, 02/16/2026"
Korea,2026-02-16,6454736,ENERGY,"P66, P67, P68",Korea Fuel Prices,UPDATE_NOTE,FILTERED_OUT,,"AUTOHOL: Holiday, 02/16/2026"
Korea,2026-02-16,6454737,INTDAILY,"B66, B67, B68",Korea Fuel Prices TRANSFER,UPDATE_NOTE,FILTERED_OUT,,"AUTOHOL: Holiday, 02/16/2026"
Korea,2026-02-16,6454740,INTDAILY,E60,Interest Rates on Loans & Deposits,UPDATE_NOTE,FILTERED_OUT,,"AUTOHOL: Holiday, 02/16/2026"
Korea,2026-02-16,6454785,INTDAILY,E53,Korea OMO: RP Purchases of Government Securities,UPDATE_NOTE,FILTERED_OUT,,"AUTOHOL: Holiday, 02/16/2026"
Korea,2026-02-16,6454786,INTDAILY,E52,Korea OMO: RP Sales of Government Securities,UPDATE_NOTE,FILTERED_OUT,,"AUTOHOL: Holiday, 02/16/2026"
Korea,2026-02-16,6454787,INTDAILY,E46,Korea OMO: Monetary Stabilization Account Operations,UPDATE_NOTE,FILTERED_OUT,,"AUTOHOL: Holiday, 02/16/2026"
Korea,2026-02-16,6454788,INTDAILY,E61,Korea OMO: Monetary Stabilization Bond Operations,UPDATE_NOTE,FILTERED_OUT,,"AUTOHOL: Holiday, 02/16/2026"
Korea,2026-02-17,6468054,INTDAILY,I74,Korea KORIBOR,UPDATE_NOTE,FILTERED_OUT,,"AUTOHOL: Holiday, 02/17/2026"
Korea,2026-02-17,6468055,INTDAILY,I61,Interest Rates,UPDATE_NOTE,FILTERED_OUT,,"AUTOHOL: Holiday, 02/17/2026"
Korea,2026-02-17,6468056,INTDAILY,V56,Asian Stock - KOSPI/KOSDAQ Market,UPDATE_NOTE,FILTERED_OUT,,"AUTOHOL: Holiday, 02/17/2026"
Korea,2026-02-17,6468314,INTDAILY,J33,Government Bond Yields,UPDATE_NOTE,FILTERED_OUT,,"AUTOHOL: Holiday, 02/17/2026"
Korea,2026-02-17,6468318,INTDAILY,K11,Total Return Calculation,UPDATE_NOTE,FILTERED_OUT,,"AUTOHOL: Holiday, 02/17/2026"
Korea,2026-02-17,6468323,INTDAILY,R80,Exchange RATE,UPDATE_NOTE,FILTERED_OUT,,"AUTOHOL: Holiday, 02/17/2026"
Korea,2026-02-17,6468455,INTDAILY,K02,Breakeven Inflation,UPDATE_NOTE,FILTERED_OUT,,"AUTOHOL: Holiday, 02/17/2026"
Korea,2026-02-17,6468873,INTDAILY,S96,Asian Stock - KOSPI/KOSDAQ Market,UPDATE_NOTE,FILTERED_OUT,,"AUTOHOL: Holiday, 02/17/2026"
Korea,2026-02-17,6468885,INTDAILY,V74,KRX Market Transactions,UPDATE_NOTE,FILTERED_OUT,,"AUTOHOL: Holiday, 02/17/2026"
Korea,2026-02-17,6468967,INTDAILY,T28,US-Dollar Auctions CHECK,UPDATE_NOTE,FILTERED_OUT,,"AUTOHOL: Holiday, 02/17/2026"
Korea,2026-02-17,6469052,INTDAILY,R39,Exchange RATE Lag,UPDATE_NOTE,FILTERED_OUT,,"AUTOHOL: Holiday, 02/17/2026"
Korea,2026-02-17,6469122,INTDAILY,F65,Interest Rates and Yields,UPDATE_NOTE,FILTERED_OUT,,"AUTOHOL: Holiday, 02/17/2026"
Korea,2026-02-17,6469180,CMDTY,L56,Agricultral Products Wholesale Price,UPDATE_NOTE,FILTERED_OUT,,"AUTOHOL: Holiday, 02/17/2026"
Korea,2026-02-17,6469183,INTDAILY,Y58,KOFR Leading,UPDATE_NOTE,FILTERED_OUT,,"AUTOHOL: Holiday, 02/17/2026"
Korea,2026-02-17,6469185,INTDAILY,Y20,KOFR,UPDATE_NOTE,FILTERED_OUT,,"AUTOHOL: Holiday, 02/17/2026"
Korea,2026-02-17,6469211,INTDAILY,U31,INTL Securities Activity,UPDATE_NOTE,FILTERED_OUT,,"AUTOHOL: Holiday, 02/17/2026"
Korea,2026-02-17,6469212,INTDAILY,U32,INTL Securities Activity EVIEWS,UPDATE_NOTE,FILTERED_OUT,,"AUTOHOL: Holiday, 02/17/2026"
Korea,2026-02-17,6469213,INTDAILY,U33,INTL Securities Custody,UPDATE_NOTE,FILTERED_OUT,,"AUTOHOL: Holiday, 02/17/2026"
Korea,2026-02-17,6469214,INTWKLY,W33,INTL Securities Custody AGG,UPDATE_NOTE,FILTERED_OUT,,"AUTOHOL: Holiday, 02/17/2026"
Korea,2026-02-17,6469228,INTDAILY,K20,Equity Flows,UPDATE_NOTE,FILTERED_OUT,,"AUTOHOL: Holiday, 02/17/2026"
Korea,2026-02-17,6469229,INTDAILY,K10,Bond Flows,UPDATE_NOTE,FILTERED_OUT,,"AUTOHOL: Holiday, 02/17/2026"
Korea,2026-02-17,6469237,INTDAILY,K90,KOFR Interest Rate Distribution,UPDATE_NOTE,FILTERED_OUT,,"AUTOHOL: Holiday, 02/17/2026"
Korea,2026-02-17,6469289,INTDAILY,V99,KRX Foreign Ownership,UPDATE_NOTE,FILTERED_OUT,,"AUTOHOL: Holiday, 02/17/2026"
Korea,2026-02-17,6469368,INTDAILY,U29,KOSPI Volatility 200 Index,UPDATE_NOTE,FILTERED_OUT,,"AUTOHOL: Holiday, 02/17/2026"
Korea,2026-02-17,6469455,INTDAILY,M28,Korea Money Market Fund AUM,UPDATE_NOTE,FILTERED_OUT,,"AUTOHOL: Holiday, 02/17/2026"
Korea,2026-02-17,6469531,INTDAILY,O08,[COMP] Agricultral Products Wholesale Price,UPDATE_NOTE,FILTERED_OUT,,"AUTOHOL: Holiday, 02/17/2026"
Korea,2026-02-17,6469599,GLSECTOR,V36,Semiconductor Prices,UPDATE_NOTE,FILTERED_OUT,,"AUTOHOL: Holiday, 02/17/2026"
Korea,2026-02-17,6469636,ENERGY,"P66, P67, P68",Korea Fuel Prices,UPDATE_NOTE,FILTERED_OUT,,"AUTOHOL: Holiday, 02/17/2026"
Korea,2026-02-17,6469637,INTDAILY,"B66, B67, B68",Korea Fuel Prices TRANSFER,UPDATE_NOTE,FILTERED_OUT,,"AUTOHOL: Holiday, 02/17/2026"
Korea,2026-02-17,6469639,INTDAILY,E60,Interest Rates on Loans & Deposits,UPDATE_NOTE,FILTERED_OUT,,"AUTOHOL: Holiday, 02/17/2026"
Korea,2026-02-17,6469682,INTDAILY,E53,Korea OMO: RP Purchases of Government Securities,UPDATE_NOTE,FILTERED_OUT,,"AUTOHOL: Holiday, 02/17/2026"
Korea,2026-02-17,6469683,INTDAILY,E52,Korea OMO: RP Sales of Government Securities,UPDATE_NOTE,FILTERED_OUT,,"AUTOHOL: Holiday, 02/17/2026"
Korea,2026-02-17,6469684,INTDAILY,E46,Korea OMO: Monetary Stabilization Account Operations,UPDATE_NOTE,FILTERED_OUT,,"AUTOHOL: Holiday, 02/17/2026"
Korea,2026-02-17,6469685,INTDAILY,E61,Korea OMO: Monetary Stabilization Bond Operations,UPDATE_NOTE,FILTERED_OUT,,"AUTOHOL: Holiday, 02/17/2026"
Korea,2026-02-18,6466329,INTDAILY,I74,Korea KORIBOR,UPDATE_NOTE,FILTERED_OUT,,"AUTOHOL: Holiday, 02/18/2026"
Korea,2026-02-18,6466330,INTDAILY,I61,Interest Rates,UPDATE_NOTE,FILTERED_OUT,,"AUTOHOL: Holiday, 02/18/2026"
Korea,2026-02-18,6466331,INTDAILY,V56,Asian Stock - KOSPI/KOSDAQ Market,UPDATE_NOTE,FILTERED_OUT,,"AUTOHOL: Holiday, 02/18/2026"
Korea,2026-02-18,6466589,INTDAILY,J33,Government Bond Yields,UPDATE_NOTE,FILTERED_OUT,,"AUTOHOL: Holiday, 02/18/2026"
Korea,2026-02-18,6466594,INTDAILY,K11,Total Return Calculation,UPDATE_NOTE,FILTERED_OUT,,"AUTOHOL: Holiday, 02/18/2026"
Korea,2026-02-18,6466599,INTDAILY,R80,Exchange RATE,UPDATE_NOTE,FILTERED_OUT,,"AUTOHOL: Holiday, 02/18/2026"
Korea,2026-02-18,6466739,INTDAILY,K02,Breakeven Inflation,UPDATE_NOTE,FILTERED_OUT,,"AUTOHOL: Holiday, 02/18/2026"
Korea,2026-02-18,6467154,INTDAILY,S96,Asian Stock - KOSPI/KOSDAQ Market,UPDATE_NOTE,FILTERED_OUT,,"AUTOHOL: Holiday, 02/18/2026"
Korea,2026-02-18,6467169,INTDAILY,V74,KRX Market Transactions,UPDATE_NOTE,FILTERED_OUT,,"AUTOHOL: Holiday, 02/18/2026"
Korea,2026-02-18,6467184,INTWKLY,P50,HPI and MKT Trends  from (REB),UPDATE_NOTE,FILTERED_OUT,R2D2 - Data for 1260216 not out. CSVDATE=1260209. Files on d:\intwkly\korea\housing [Az-AutoSrv1-Svc] Thu 02/12/2026 22:29:06.573 [Event ID: bee9fe12-0885-11f1-85b3-000d3a1a0faf],"R2D2 - Data for 1260216 not out. CSVDATE=1260209. Files on d:\intwkly\korea\housing [Az-AutoSrv1-Svc] Thu 02/12/2026 22:29:06.573 [Event ID: bee9fe12-0885-11f1-85b3-000d3a1a0faf] | AUTOHOL: Holiday, 0"
Korea,2026-02-18,6467252,INTDAILY,T28,US-Dollar Auctions CHECK,UPDATE_NOTE,FILTERED_OUT,,"AUTOHOL: Holiday, 02/18/2026"
Korea,2026-02-18,6467338,INTDAILY,R39,Exchange RATE Lag,UPDATE_NOTE,FILTERED_OUT,,"AUTOHOL: Holiday, 02/18/2026"
Korea,2026-02-18,6467414,INTDAILY,F65,Interest Rates and Yields,UPDATE_NOTE,FILTERED_OUT,,"AUTOHOL: Holiday, 02/18/2026"
Korea,2026-02-18,6467444,INTDAILY,Y59,Treasury Bill Auctions,UPDATE_NOTE,FILTERED_OUT,,"AUTOHOL: Holiday, 02/18/2026"
Korea,2026-02-18,6467480,CMDTY,L56,Agricultral Products Wholesale Price,UPDATE_NOTE,FILTERED_OUT,,"AUTOHOL: Holiday, 02/18/2026"
Korea,2026-02-18,6467483,INTDAILY,Y58,KOFR Leading,UPDATE_NOTE,FILTERED_OUT,,"AUTOHOL: Holiday, 02/18/2026"
Korea,2026-02-18,6467485,INTDAILY,Y20,KOFR,UPDATE_NOTE,FILTERED_OUT,,"AUTOHOL: Holiday, 02/18/2026"
Korea,2026-02-18,6467513,INTDAILY,U31,INTL Securities Activity,UPDATE_NOTE,FILTERED_OUT,,"AUTOHOL: Holiday, 02/18/2026"
Korea,2026-02-18,6467514,INTDAILY,U32,INTL Securities Activity EVIEWS,UPDATE_NOTE,FILTERED_OUT,,"AUTOHOL: Holiday, 02/18/2026"
Korea,2026-02-18,6467515,INTDAILY,U33,INTL Securities Custody,UPDATE_NOTE,FILTERED_OUT,,"AUTOHOL: Holiday, 02/18/2026"
Korea,2026-02-18,6467531,INTDAILY,K20,Equity Flows,UPDATE_NOTE,FILTERED_OUT,,"AUTOHOL: Holiday, 02/18/2026"
Korea,2026-02-18,6467532,INTDAILY,K10,Bond Flows,UPDATE_NOTE,FILTERED_OUT,,"AUTOHOL: Holiday, 02/18/2026"
Korea,2026-02-18,6467541,INTDAILY,K90,KOFR Interest Rate Distribution,UPDATE_NOTE,FILTERED_OUT,,"AUTOHOL: Holiday, 02/18/2026"
Korea,2026-02-18,6467596,INTDAILY,V99,KRX Foreign Ownership,UPDATE_NOTE,FILTERED_OUT,,"AUTOHOL: Holiday, 02/18/2026"
Korea,2026-02-18,6467657,INTDAILY,U29,KOSPI Volatility 200 Index,UPDATE_NOTE,FILTERED_OUT,,"AUTOHOL: Holiday, 02/18/2026"
Korea,2026-02-18,6467755,INTDAILY,M28,Korea Money Market Fund AUM,UPDATE_NOTE,FILTERED_OUT,,"AUTOHOL: Holiday, 02/18/2026"
Korea,2026-02-18,6467833,INTDAILY,O08,[COMP] Agricultral Products Wholesale Price,UPDATE_NOTE,FILTERED_OUT,,"AUTOHOL: Holiday, 02/18/2026"
Korea,2026-02-18,6467906,GLSECTOR,V36,Semiconductor Prices,UPDATE_NOTE,FILTERED_OUT,,"AUTOHOL: Holiday, 02/18/2026"
Korea,2026-02-18,6467940,ASIAER,D48,HPI and MKT Trends  from (REB) [COMP],UPDATE_NOTE,FILTERED_OUT,,"AUTOHOL: Holiday, 02/18/2026"
Korea,2026-02-18,6467946,ENERGY,"P66, P67, P68",Korea Fuel Prices,UPDATE_NOTE,FILTERED_OUT,,"AUTOHOL: Holiday, 02/18/2026"
Korea,2026-02-18,6467947,INTDAILY,"B66, B67, B68",Korea Fuel Prices TRANSFER,UPDATE_NOTE,FILTERED_OUT,,"AUTOHOL: Holiday, 02/18/2026"
Korea,2026-02-18,6467951,INTDAILY,E60,Interest Rates on Loans & Deposits,UPDATE_NOTE,FILTERED_OUT,,"AUTOHOL: Holiday, 02/18/2026"
Korea,2026-02-18,6467991,INTDAILY,E53,Korea OMO: RP Purchases of Government Securities,UPDATE_NOTE,FILTERED_OUT,,"AUTOHOL: Holiday, 02/18/2026"
Korea,2026-02-18,6467992,INTDAILY,E52,Korea OMO: RP Sales of Government Securities,UPDATE_NOTE,FILTERED_OUT,,"AUTOHOL: Holiday, 02/18/2026"
Korea,2026-02-18,6467993,INTDAILY,E46,Korea OMO: Monetary Stabilization Account Operations,UPDATE_NOTE,FILTERED_OUT,,"AUTOHOL: Holiday, 02/18/2026"
Korea,2026-02-18,6467994,INTDAILY,E61,Korea OMO: Monetary Stabilization Bond Operations,UPDATE_NOTE,FILTERED_OUT,,"AUTOHOL: Holiday, 02/18/2026"
Malaysia,2026-02-17,6468057,INTDAILY,S74,Market Indices,UPDATE_NOTE,FILTERED_OUT,,"AUTOHOL: Holiday, 02/17/2026"
Malaysia,2026-02-17,6468058,INTDAILY,R51,Exchange Rates,UPDATE_NOTE,FILTERED_OUT,,"AUTOHOL: Holiday, 02/17/2026"
Malaysia,2026-02-17,6468059,INTDAILY,W15,Overall Operations Rates & Volumes,UPDATE_NOTE,FILTERED_OUT,,"AUTOHOL: Holiday, 02/17/2026"
Malaysia,2026-02-17,6468453,CMDTY,L81,Crude Palm Oil,UPDATE_NOTE,FILTERED_OUT,,"AUTOHOL: Holiday, 02/17/2026"
Malaysia,2026-02-17,6468473,INTDAILY,V52,Asian Stock Market- KLSE,UPDATE_NOTE,FILTERED_OUT,,"AUTOHOL: Holiday, 02/17/2026"
Malaysia,2026-02-17,6468527,INTDAILY,P82,Closing Rubber,UPDATE_NOTE,FILTERED_OUT,,"AUTOHOL: Holiday, 02/17/2026"
Malaysia,2026-02-17,6468528,CMDTY,L82,Closing Rubber  CMDTY Transfer,UPDATE_NOTE,FILTERED_OUT,,"AUTOHOL: Holiday, 02/17/2026"
Malaysia,2026-02-17,6468535,INTDAILY,G72,Government Bonds,UPDATE_NOTE,FILTERED_OUT,,"AUTOHOL: Holiday, 02/17/2026"
Malaysia,2026-02-17,6468596,INTDAILY,W10,Money Market Operations Rates & Volumes,UPDATE_NOTE,FILTERED_OUT,,"AUTOHOL: Holiday, 02/17/2026"
Malaysia,2026-02-17,6468692,INTDAILY,W94,Kuala Lumpur USD/MYR Reference Rate,UPDATE_NOTE,FILTERED_OUT,,"AUTOHOL: Holiday, 02/17/2026"
Malaysia,2026-02-17,6468706,INTDAILY,W49,Gold Bullion Prices,UPDATE_NOTE,FILTERED_OUT,,"AUTOHOL: Holiday, 02/17/2026"
Malaysia,2026-02-17,6468707,INTDAILY,H49,Gold Prices MID-RATE,UPDATE_NOTE,FILTERED_OUT,,"AUTOHOL: Holiday, 02/17/2026"
Malaysia,2026-02-17,6468713,CMDTY,L67,Gold Bullion Prices Comp,UPDATE_NOTE,FILTERED_OUT,,"AUTOHOL: Holiday, 02/17/2026"
Malaysia,2026-02-17,6468717,INTDAILY,W21,Malaysia Islamic Interbank,UPDATE_NOTE,FILTERED_OUT,,"AUTOHOL: Holiday, 02/17/2026"
Malaysia,2026-02-17,6468780,CMDTY,M02,Malaysia Crude Palm Oil Transfer,UPDATE_NOTE,FILTERED_OUT,,"AUTOHOL: Holiday, 02/17/2026"
Malaysia,2026-02-17,6468781,INTDAILY,X70,Malaysia Crude Palm Oil Price,UPDATE_NOTE,FILTERED_OUT,,"AUTOHOL: Holiday, 02/17/2026"
Malaysia,2026-02-17,6469051,INTDAILY,T95,KLIBOR Rates,UPDATE_NOTE,FILTERED_OUT,,"AUTOHOL: Holiday, 02/17/2026"
Malaysia,2026-02-17,6469058,INTDAILY,W14,Interbank Swaps,UPDATE_NOTE,FILTERED_OUT,,"AUTOHOL: Holiday, 02/17/2026"
Malaysia,2026-02-17,6469059,INTDAILY,W12,Interbank Volume and Rate,UPDATE_NOTE,FILTERED_OUT,,"AUTOHOL: Holiday, 02/17/2026"
Malaysia,2026-02-17,6469060,INTDAILY,W11,Bond Volume,UPDATE_NOTE,FILTERED_OUT,,"AUTOHOL: Holiday, 02/17/2026"
Malaysia,2026-02-17,6469061,INTDAILY,W13,Malaysia Bond FX,UPDATE_NOTE,FILTERED_OUT,,"AUTOHOL: Holiday, 02/17/2026"
Malaysia,2026-02-17,6469217,INTDAILY,C66,Malaysia Overnight Rate (MYOR),UPDATE_NOTE,FILTERED_OUT,,"AUTOHOL: Holiday, 02/17/2026"
Malaysia,2026-02-17,6469220,INTDAILY,C67,Islamic Overnight Rate,UPDATE_NOTE,FILTERED_OUT,,"AUTOHOL: Holiday, 02/17/2026"
Malaysia,2026-02-17,6469613,INTDAILY,E38,Central Bank Liquidity Positions,UPDATE_NOTE,FILTERED_OUT,,"AUTOHOL: Holiday, 02/17/2026"
Malaysia,2026-02-17,6469614,INTDAILY,E37,Central Bank OMOs,UPDATE_NOTE,FILTERED_OUT,,"AUTOHOL: Holiday, 02/17/2026"
Malaysia,2026-02-17,6469694,INTDAILY,O06,Non-Resident Bond Holdings,UPDATE_NOTE,FILTERED_OUT,,"AUTOHOL: Holiday, 02/17/2026"
Malaysia,2026-02-18,6466332,INTDAILY,S74,Market Indices,UPDATE_NOTE,FILTERED_OUT,,"AUTOHOL: Holiday, 02/18/2026"
Malaysia,2026-02-18,6466333,INTDAILY,R51,Exchange Rates,UPDATE_NOTE,FILTERED_OUT,,"AUTOHOL: Holiday, 02/18/2026"
Malaysia,2026-02-18,6466334,INTDAILY,W15,Overall Operations Rates & Volumes,UPDATE_NOTE,FILTERED_OUT,,"AUTOHOL: Holiday, 02/18/2026"
Malaysia,2026-02-18,6466736,CMDTY,L81,Crude Palm Oil,UPDATE_NOTE,FILTERED_OUT,,"AUTOHOL: Holiday, 02/18/2026"
Malaysia,2026-02-18,6466755,INTDAILY,V52,Asian Stock Market- KLSE,UPDATE_NOTE,FILTERED_OUT,,"AUTOHOL: Holiday, 02/18/2026"
Malaysia,2026-02-18,6466809,INTDAILY,P82,Closing Rubber,UPDATE_NOTE,FILTERED_OUT,,"AUTOHOL: Holiday, 02/18/2026"
Malaysia,2026-02-18,6466810,CMDTY,L82,Closing Rubber  CMDTY Transfer,UPDATE_NOTE,FILTERED_OUT,,"AUTOHOL: Holiday, 02/18/2026"
Malaysia,2026-02-18,6466815,INTDAILY,G72,Government Bonds,UPDATE_NOTE,FILTERED_OUT,,"AUTOHOL: Holiday, 02/18/2026"
Malaysia,2026-02-18,6466872,INTDAILY,W10,Money Market Operations Rates & Volumes,UPDATE_NOTE,FILTERED_OUT,,"AUTOHOL: Holiday, 02/18/2026"
Malaysia,2026-02-18,6466966,INTDAILY,W94,Kuala Lumpur USD/MYR Reference Rate,UPDATE_NOTE,FILTERED_OUT,,"AUTOHOL: Holiday, 02/18/2026"
Malaysia,2026-02-18,6466980,INTDAILY,W49,Gold Bullion Prices,UPDATE_NOTE,FILTERED_OUT,,"AUTOHOL: Holiday, 02/18/2026"
Malaysia,2026-02-18,6466981,INTDAILY,H49,Gold Prices MID-RATE,UPDATE_NOTE,FILTERED_OUT,,"AUTOHOL: Holiday, 02/18/2026"
Malaysia,2026-02-18,6466986,CMDTY,L67,Gold Bullion Prices Comp,UPDATE_NOTE,FILTERED_OUT,,"AUTOHOL: Holiday, 02/18/2026"
Malaysia,2026-02-18,6466990,INTDAILY,W21,Malaysia Islamic Interbank,UPDATE_NOTE,FILTERED_OUT,,"AUTOHOL: Holiday, 02/18/2026"
Malaysia,2026-02-18,6467002,INTWKLY,P32,Retail Pump Prices COMP [Press],UPDATE_NOTE,FILTERED_OUT,,"AUTOHOL: Holiday, 02/18/2026"
Malaysia,2026-02-18,6467019,CMDTY,L24,Retail Pump Prices COMP [Press],UPDATE_NOTE,FILTERED_OUT,,"AUTOHOL: Holiday, 02/18/2026"
Malaysia,2026-02-18,6467058,CMDTY,M02,Malaysia Crude Palm Oil Transfer,UPDATE_NOTE,FILTERED_OUT,,"AUTOHOL: Holiday, 02/18/2026"
Malaysia,2026-02-18,6467059,INTDAILY,X70,Malaysia Crude Palm Oil Price,UPDATE_NOTE,FILTERED_OUT,,"AUTOHOL: Holiday, 02/18/2026"
Malaysia,2026-02-18,6467337,INTDAILY,T95,KLIBOR Rates,UPDATE_NOTE,FILTERED_OUT,,"AUTOHOL: Holiday, 02/18/2026"
Malaysia,2026-02-18,6467344,INTDAILY,W14,Interbank Swaps,UPDATE_NOTE,FILTERED_OUT,,"AUTOHOL: Holiday, 02/18/2026"
Malaysia,2026-02-18,6467345,INTDAILY,W12,Interbank Volume and Rate,UPDATE_NOTE,FILTERED_OUT,,"AUTOHOL: Holiday, 02/18/2026"
Malaysia,2026-02-18,6467346,INTDAILY,W11,Bond Volume,UPDATE_NOTE,FILTERED_OUT,,"AUTOHOL: Holiday, 02/18/2026"
Malaysia,2026-02-18,6467347,INTDAILY,W13,Malaysia Bond FX,UPDATE_NOTE,FILTERED_OUT,,"AUTOHOL: Holiday, 02/18/2026"
Malaysia,2026-02-18,6467394,INTDAILY,C58,Malaysia MTB/MITB Auction Data,UPDATE_NOTE,FILTERED_OUT,,"AUTOHOL: Holiday, 02/18/2026"
Malaysia,2026-02-18,6467396,ENERGY,K43,Retail Pump Prices [Press],UPDATE_NOTE,FILTERED_OUT,,"AUTOHOL: Holiday, 02/18/2026"
Malaysia,2026-02-18,6467518,INTDAILY,C66,Malaysia Overnight Rate (MYOR),UPDATE_NOTE,FILTERED_OUT,,"AUTOHOL: Holiday, 02/18/2026"
Malaysia,2026-02-18,6467522,INTDAILY,C67,Islamic Overnight Rate,UPDATE_NOTE,FILTERED_OUT,,"AUTOHOL: Holiday, 02/18/2026"
Malaysia,2026-02-18,6467920,INTDAILY,E38,Central Bank Liquidity Positions,UPDATE_NOTE,FILTERED_OUT,,"AUTOHOL: Holiday, 02/18/2026"
Malaysia,2026-02-18,6467921,INTDAILY,E37,Central Bank OMOs,UPDATE_NOTE,FILTERED_OUT,,"AUTOHOL: Holiday, 02/18/2026"
Malaysia,2026-02-18,6468003,INTDAILY,O06,Non-Resident Bond Holdings,UPDATE_NOTE,FILTERED_OUT,,"AUTOHOL: Holiday, 02/18/2026"
Philippines,2026-02-17,6468076,INTDAILY,N56,Interest & Commodity Prices,UPDATE_NOTE,FILTERED_OUT,,"AUTOHOL: Holiday, 02/17/2026"
Philippines,2026-02-17,6468328,INTDAILY,F64,Exchange Rates,UPDATE_NOTE,FILTERED_OUT,,"AUTOHOL: Holiday, 02/17/2026"
Philippines,2026-02-17,6468474,INTDAILY,V53,Asian Stock Market- Manila Composite,UPDATE_NOTE,FILTERED_OUT,,"AUTOHOL: Holiday, 02/17/2026"
Philippines,2026-02-17,6468741,INTWKLY,G58,Term Deposit Facility Auctions,UPDATE_NOTE,FILTERED_OUT,,"AUTOHOL: Holiday, 02/17/2026"
Philippines,2026-02-17,6469088,CMDTY,L26,Agricultural Prices,UPDATE_NOTE,FILTERED_OUT,,"AUTOHOL: Holiday, 02/17/2026"
Philippines,2026-02-17,6469261,CMDTY,L04,Agricultural Prices (Average Calculation),UPDATE_NOTE,FILTERED_OUT,,"AUTOHOL: Holiday, 02/17/2026"
Philippines,2026-02-17,6469371,INTDAILY,F66,Commodity Prices,UPDATE_NOTE,FILTERED_OUT,,"AUTOHOL: Holiday, 02/17/2026"
Philippines,2026-02-17,6469399,ASEANR,D13,Daily Minimum Wages,UPDATE_NOTE,FILTERED_OUT,,"AUTOHOL: Holiday, 02/17/2026"
Philippines,2026-02-17,6469530,INTDAILY,N35,Agricultural Prices - Transfer to INTDAILY,UPDATE_NOTE,FILTERED_OUT,,"AUTOHOL: Holiday, 02/17/2026"
Russia,2026-02-21,6471998,INTDAILY,P93,Russia VIX (NEW),UPDATE_NOTE,FILTERED_OUT,,"AUTOHOL: Holiday, 02/21/2026"
Russia,2026-02-22,6471614,INTDAILY,"P88, A98, A99",Deposit Accounts,UPDATE_NOTE,FILTERED_OUT,,"AUTOHOL: Holiday, 02/22/2026"
Russia,2026-02-22,6471619,INTDAILY,"P87, P40, P80",RTS Indexes Mkt,UPDATE_NOTE,FILTERED_OUT,,"AUTOHOL: Holiday, 02/22/2026"
Russia,2026-02-22,6471625,INTDAILY,"J26, D98, D99",Fixed Repo,UPDATE_NOTE,FILTERED_OUT,,"AUTOHOL: Holiday, 02/22/2026"
Russia,2026-02-22,6471630,INTDAILY,"G14, B78, B79",Ruble Overnight Average,UPDATE_NOTE,FILTERED_OUT,,"AUTOHOL: Holiday, 02/22/2026"
Russia,2026-02-22,6471634,INTDAILY,"G17, A95, A96",Loan Debt,UPDATE_NOTE,FILTERED_OUT,,"AUTOHOL: Holiday, 02/22/2026"
Russia,2026-02-22,6471637,INTDAILY,"V27, B53, B54",Factors Affectiing Banking Sector Liquidity,UPDATE_NOTE,FILTERED_OUT,,"AUTOHOL: Holiday, 02/22/2026"
Russia,2026-02-22,6471638,INTDAILY,P93,Russia VIX (NEW),UPDATE_NOTE,FILTERED_OUT,,"AUTOHOL: Holiday, 02/22/2026"
Russia,2026-02-22,6471639,INTDAILY,"I58, A13, A19",Deposit Rates,UPDATE_NOTE,FILTERED_OUT,,"AUTOHOL: Holiday, 02/22/2026"
Russia,2026-02-22,6471658,INTDAILY,J85,Repo Auctions,UPDATE_NOTE,FILTERED_OUT,,"AUTOHOL: Holiday, 02/22/2026"
Russia,2026-02-22,6471668,INTDAILY,"J94, K95, K96",Repo Transactions,UPDATE_NOTE,FILTERED_OUT,,"AUTOHOL: Holiday, 02/22/2026"
Russia,2026-02-22,6471673,INTDAILY,V89,ROISfix,UPDATE_NOTE,FILTERED_OUT,,"AUTOHOL: Holiday, 02/22/2026"
Russia,2026-02-22,6471708,INTDAILY,"G38, A11, A12",Banking Sector Structural Liquidity,UPDATE_NOTE,FILTERED_OUT,,"AUTOHOL: Holiday, 02/22/2026"
Russia,2026-02-22,6471726,INTDAILY,"G08, A21, A22",Intraday Loans,UPDATE_NOTE,FILTERED_OUT,,"AUTOHOL: Holiday, 02/22/2026"
Russia,2026-02-22,6471748,INTDAILY,"P77, A93, A79",Correspondent Accounts,UPDATE_NOTE,FILTERED_OUT,,"AUTOHOL: Holiday, 02/22/2026"
Russia,2026-02-22,6471886,INTDAILY,"I26, N27, N28",RUONIA Index,UPDATE_NOTE,FILTERED_OUT,,"AUTOHOL: Holiday, 02/22/2026"
Russia,2026-02-22,6471992,INTDAILY,"C32, C33, C34",RUSFAR Accrued Yield Index,UPDATE_NOTE,FILTERED_OUT,,"AUTOHOL: Holiday, 02/22/2026"
Russia,2026-02-22,6471993,INTDAILY,"B95, B96, B97",RUSFAR,UPDATE_NOTE,FILTERED_OUT,,"AUTOHOL: Holiday, 02/22/2026"
Serbia,2026-02-16,6453056,INTDAILY,R60,Exchange Rates,UPDATE_NOTE,FILTERED_OUT,,"AUTOHOL: Holiday, 02/16/2026"
Serbia,2026-02-16,6453221,INTDAILY,G92,Belex Stock,UPDATE_NOTE,FILTERED_OUT,,"AUTOHOL: Holiday, 02/16/2026"
Serbia,2026-02-16,6453353,INTDAILY,J57,BEONIA,UPDATE_NOTE,FILTERED_OUT,,"AUTOHOL: Holiday, 02/16/2026"
Serbia,2026-02-16,6453355,INTWKLY,J58,BEONIA Aggregation,UPDATE_NOTE,FILTERED_OUT,,"AUTOHOL: Holiday, 02/16/2026"
Serbia,2026-02-16,6454116,INTDAILY,T85,FX Transactions,UPDATE_NOTE,FILTERED_OUT,,"AUTOHOL: Holiday, 02/16/2026"
Serbia,2026-02-16,6454495,INTDAILY,J58,BELIBOR,UPDATE_NOTE,FILTERED_OUT,,"AUTOHOL: Holiday, 02/16/2026"
Serbia,2026-02-16,6454698,INTDAILY,L40,Serbia Secondary Trading Maturities,UPDATE_NOTE,FILTERED_OUT,,"AUTOHOL: Holiday, 02/16/2026"
Serbia,2026-02-16,6454699,INTWKLY,L41,Serbia Secondary Trading Maturities Aggregation,UPDATE_NOTE,FILTERED_OUT,,"AUTOHOL: Holiday, 02/16/2026"
Serbia,2026-02-17,6468083,INTDAILY,R60,Exchange Rates,UPDATE_NOTE,FILTERED_OUT,,"AUTOHOL: Holiday, 02/17/2026"
Serbia,2026-02-17,6468243,INTDAILY,G92,Belex Stock,UPDATE_NOTE,FILTERED_OUT,,"AUTOHOL: Holiday, 02/17/2026"
Serbia,2026-02-17,6468367,INTDAILY,J57,BEONIA,UPDATE_NOTE,FILTERED_OUT,,"AUTOHOL: Holiday, 02/17/2026"
Serbia,2026-02-17,6469065,INTDAILY,T85,FX Transactions,UPDATE_NOTE,FILTERED_OUT,,"AUTOHOL: Holiday, 02/17/2026"
Serbia,2026-02-17,6469066,INTWKLY,M55,FX Transactions Agg,UPDATE_NOTE,FILTERED_OUT,,"AUTOHOL: Holiday, 02/17/2026"
Serbia,2026-02-17,6469406,INTDAILY,J58,BELIBOR,UPDATE_NOTE,FILTERED_OUT,,"AUTOHOL: Holiday, 02/17/2026"
Serbia,2026-02-17,6469603,INTDAILY,L40,Serbia Secondary Trading Maturities,UPDATE_NOTE,FILTERED_OUT,,"AUTOHOL: Holiday, 02/17/2026"
Singapore,2026-02-17,6468084,INTDAILY,I44,Bond Yields,UPDATE_NOTE,FILTERED_OUT,,"AUTOHOL: Holiday, 02/17/2026"
Singapore,2026-02-17,6468138,INTDAILY,R52,Exchange Rate,UPDATE_NOTE,FILTERED_OUT,,"AUTOHOL: Holiday, 02/17/2026"
Singapore,2026-02-17,6468475,INTDAILY,V54,Asian Stock Market- Straits Times,UPDATE_NOTE,FILTERED_OUT,,"AUTOHOL: Holiday, 02/17/2026"
Singapore,2026-02-17,6468515,INTDAILY,V79,Pollution Index,UPDATE_NOTE,FILTERED_OUT,,"AUTOHOL: Holiday, 02/17/2026"
Singapore,2026-02-17,6468536,INTDAILY,H16,Pollution Index EVIEWS Calculation,UPDATE_NOTE,FILTERED_OUT,,"AUTOHOL: Holiday, 02/17/2026"
Singapore,2026-02-17,6469004,INTDAILY,I02,Interest Rates,UPDATE_NOTE,FILTERED_OUT,,"AUTOHOL: Holiday, 02/17/2026"
Singapore,2026-02-17,6469005,INTDAILY,T35,SORA Rates,UPDATE_NOTE,FILTERED_OUT,,"AUTOHOL: Holiday, 02/17/2026"
Singapore,2026-02-17,6469071,INTDAILY,T36,Overnight Rate,UPDATE_NOTE,FILTERED_OUT,,"AUTOHOL: Holiday, 02/17/2026"
Singapore,2026-02-17,6469150,INTDAILY,T90,MAS Bills,UPDATE_NOTE,FILTERED_OUT,,"AUTOHOL: Holiday, 02/17/2026"
Singapore,2026-02-17,6469391,INTDAILY,K28,Singapore MAS Bills Auction,UPDATE_NOTE,FILTERED_OUT,,"AUTOHOL: Holiday, 02/17/2026"
Singapore,2026-02-18,6466359,INTDAILY,I44,Bond Yields,UPDATE_NOTE,FILTERED_OUT,,"AUTOHOL: Holiday, 02/18/2026"
Singapore,2026-02-18,6466414,INTDAILY,R52,Exchange Rate,UPDATE_NOTE,FILTERED_OUT,,"AUTOHOL: Holiday, 02/18/2026"
Singapore,2026-02-18,6466757,INTDAILY,V54,Asian Stock Market- Straits Times,UPDATE_NOTE,FILTERED_OUT,,"AUTOHOL: Holiday, 02/18/2026"
Singapore,2026-02-18,6466797,INTDAILY,V79,Pollution Index,UPDATE_NOTE,FILTERED_OUT,,"AUTOHOL: Holiday, 02/18/2026"
Singapore,2026-02-18,6466816,INTDAILY,H16,Pollution Index EVIEWS Calculation,UPDATE_NOTE,FILTERED_OUT,,"AUTOHOL: Holiday, 02/18/2026"
Singapore,2026-02-18,6467294,INTDAILY,I02,Interest Rates,UPDATE_NOTE,FILTERED_OUT,,"AUTOHOL: Holiday, 02/18/2026"
Singapore,2026-02-18,6467295,INTDAILY,T35,SORA Rates,UPDATE_NOTE,FILTERED_OUT,,"AUTOHOL: Holiday, 02/18/2026"
Singapore,2026-02-18,6467358,INTDAILY,T36,Overnight Rate,UPDATE_NOTE,FILTERED_OUT,,"AUTOHOL: Holiday, 02/18/2026"
Singapore,2026-02-18,6467449,INTDAILY,T90,MAS Bills,UPDATE_NOTE,FILTERED_OUT,,"AUTOHOL: Holiday, 02/18/2026"
Venezuela,2026-02-16,6453106,INTDAILY,R53,Exchange Rates,UPDATE_NOTE,FILTERED_OUT,,"AUTOHOL: Holiday, 02/16/2026"
Venezuela,2026-02-16,6453303,INTDAILY,W38,Caracas Stock Market Index,UPDATE_NOTE,FILTERED_OUT,,"AUTOHOL: Holiday, 02/16/2026"
Venezuela,2026-02-16,6453396,INTDAILY,H30,Mid-Rate Calculation,UPDATE_NOTE,FILTERED_OUT,,"AUTOHOL: Holiday, 02/16/2026"
Venezuela,2026-02-16,6453407,INTDAILY,J78,International Reserves,UPDATE_NOTE,FILTERED_OUT,,"AUTOHOL: Holiday, 02/16/2026"
Venezuela,2026-02-16,6453610,INTWKLY,J81,International Reserves AGG,UPDATE_NOTE,FILTERED_OUT,,"AUTOHOL: Holiday, 02/16/2026"
Venezuela,2026-02-16,6453666,INTDAILY,W68,Venezuela Overnight Rates,UPDATE_NOTE,FILTERED_OUT,,"AUTOHOL: Holiday, 02/16/2026"
Venezuela,2026-02-16,6453927,INTDAILY,Y35,Reference Exchange Rates,UPDATE_NOTE,FILTERED_OUT,,"AUTOHOL: Holiday, 02/16/2026"
Venezuela,2026-02-16,6453928,INTDAILY,Y33,Reference Exchange Mid Rates,UPDATE_NOTE,FILTERED_OUT,,"AUTOHOL: Holiday, 02/16/2026"
Venezuela,2026-02-16,6453929,INTWKLY,"Y37, Y38",Reference Exchange Rates AGG,UPDATE_NOTE,FILTERED_OUT,,"AUTOHOL: Holiday, 02/16/2026"
Venezuela,2026-02-17,6468124,INTDAILY,R53,Exchange Rates,UPDATE_NOTE,FILTERED_OUT,,"AUTOHOL: Holiday, 02/17/2026"
Venezuela,2026-02-17,6468322,INTDAILY,W38,Caracas Stock Market Index,UPDATE_NOTE,FILTERED_OUT,,"AUTOHOL: Holiday, 02/17/2026"
Venezuela,2026-02-17,6468409,INTDAILY,H30,Mid-Rate Calculation,UPDATE_NOTE,FILTERED_OUT,,"AUTOHOL: Holiday, 02/17/2026"
Venezuela,2026-02-17,6468416,INTDAILY,J78,International Reserves,UPDATE_NOTE,FILTERED_OUT,,"AUTOHOL: Holiday, 02/17/2026"
Venezuela,2026-02-17,6468664,INTDAILY,W68,Venezuela Overnight Rates,UPDATE_NOTE,FILTERED_OUT,,"AUTOHOL: Holiday, 02/17/2026"
Venezuela,2026-02-17,6468901,INTDAILY,Y35,Reference Exchange Rates,UPDATE_NOTE,FILTERED_OUT,,"AUTOHOL: Holiday, 02/17/2026"
Venezuela,2026-02-17,6468902,INTDAILY,Y33,Reference Exchange Mid Rates,UPDATE_NOTE,FILTERED_OUT,,"AUTOHOL: Holiday, 02/17/2026"
Vietnam,2026-02-16,6453107,INTDAILY,R76,Exchange Rate,UPDATE_NOTE,WROTE,AUTOHOL: Holiday — 2026-02-16,"AUTOHOL: Holiday, 02/16/2026"
Vietnam,2026-02-16,6453276,INTDAILY,G96,VI Index,UPDATE_NOTE,WROTE,AUTOHOL: Holiday — 2026-02-16,"AUTOHOL: Holiday, 02/16/2026"
Vietnam,2026-02-16,6453397,INTDAILY,H14,[ Mid-Rate Calculation] Exchange Rates,UPDATE_NOTE,WROTE,AUTOHOL: Holiday — 2026-02-16,"AUTOHOL: Holiday, 02/16/2026"
Vietnam,2026-02-16,6453491,INTDAILY,V69,3 Month Deposit Rate,UPDATE_NOTE,WROTE,AUTOHOL: Holiday — 2026-02-16,"AUTOHOL: Holiday, 02/16/2026"
Vietnam,2026-02-16,6453595,INTDAILY,"W19, W20",State Bank Exchange Rates,UPDATE_NOTE,WROTE,AUTOHOL: Holiday — 2026-02-16,"AUTOHOL: Holiday, 02/16/2026"
Vietnam,2026-02-16,6453596,INTDAILY,W23,Vietnam Interbank Rate,UPDATE_NOTE,WROTE,AUTOHOL: Holiday — 2026-02-16,"AUTOHOL: Holiday, 02/16/2026"
Vietnam,2026-02-16,6453597,INTDAILY,H07,State Bank Exchange Rates Mid-Rates Calculation,UPDATE_NOTE,WROTE,AUTOHOL: Holiday — 2026-02-16,"AUTOHOL: Holiday, 02/16/2026"
Vietnam,2026-02-16,6454142,INTWKLY,H66,Interbank Rate Agg,UPDATE_NOTE,WROTE,AUTOHOL: Holiday — 2026-02-16,"AUTOHOL: Holiday, 02/16/2026"
Vietnam,2026-02-16,6454208,INTDAILY,H94,Government Bond Auctions,UPDATE_NOTE,WROTE,AUTOHOL: Holiday — 2026-02-16,"AUTOHOL: Holiday, 02/16/2026"
Vietnam,2026-02-16,6454508,ENERGY,K11,Vietnam Pump Prices,UPDATE_NOTE,WROTE,AUTOHOL: Holiday — 2026-02-16,"AUTOHOL: Holiday, 02/16/2026"
Vietnam,2026-02-16,6454509,INTDAILY,P61,Vietnam Pump Prices - INTD Transfer,UPDATE_NOTE,WROTE,AUTOHOL: Holiday — 2026-02-16,"AUTOHOL: Holiday, 02/16/2026"
Vietnam,2026-02-16,6454639,INTDAILY,K61,Open Market Operations,UPDATE_NOTE,WROTE,AUTOHOL: Holiday — 2026-02-16,"AUTOHOL: Holiday, 02/16/2026"
Vietnam,2026-02-17,6468125,INTDAILY,R76,Exchange Rate,UPDATE_NOTE,WROTE,AUTOHOL: Holiday — 2026-02-17,"AUTOHOL: Holiday, 02/17/2026"
Vietnam,2026-02-17,6468297,INTDAILY,G96,VI Index,UPDATE_NOTE,WROTE,AUTOHOL: Holiday — 2026-02-17,"AUTOHOL: Holiday, 02/17/2026"
Vietnam,2026-02-17,6468410,INTDAILY,H14,[ Mid-Rate Calculation] Exchange Rates,UPDATE_NOTE,WROTE,AUTOHOL: Holiday — 2026-02-17,"AUTOHOL: Holiday, 02/17/2026"
Vietnam,2026-02-17,6468496,INTDAILY,V69,3 Month Deposit Rate,UPDATE_NOTE,WROTE,AUTOHOL: Holiday — 2026-02-17,"AUTOHOL: Holiday, 02/17/2026"
Vietnam,2026-02-17,6468607,INTDAILY,"W19, W20",State Bank Exchange Rates,UPDATE_NOTE,WROTE,AUTOHOL: Holiday — 2026-02-17,"AUTOHOL: Holiday, 02/17/2026"
Vietnam,2026-02-17,6468608,INTDAILY,W23,Vietnam Interbank Rate,UPDATE_NOTE,WROTE,AUTOHOL: Holiday — 2026-02-17,"AUTOHOL: Holiday, 02/17/2026"
Vietnam,2026-02-17,6468609,INTDAILY,H07,State Bank Exchange Rates Mid-Rates Calculation,UPDATE_NOTE,WROTE,AUTOHOL: Holiday — 2026-02-17,"AUTOHOL: Holiday, 02/17/2026"
Vietnam,2026-02-17,6469135,INTDAILY,H94,Government Bond Auctions,UPDATE_NOTE,WROTE,AUTOHOL: Holiday — 2026-02-17,"AUTOHOL: Holiday, 02/17/2026"
Vietnam,2026-02-17,6469416,ENERGY,K11,Vietnam Pump Prices,UPDATE_NOTE,WROTE,AUTOHOL: Holiday — 2026-02-17,"AUTOHOL: Holiday, 02/17/2026"
Vietnam,2026-02-17,6469417,INTDAILY,P61,Vietnam Pump Prices - INTD Transfer,UPDATE_NOTE,WROTE,AUTOHOL: Holiday — 2026-02-17,"AUTOHOL: Holiday, 02/17/2026"
Vietnam,2026-02-17,6469550,INTDAILY,K61,Open Market Operations,UPDATE_NOTE,WROTE,AUTOHOL: Holiday — 2026-02-17,"AUTOHOL: Holiday, 02/17/2026"
Vietnam,2026-02-18,6466400,INTDAILY,R76,Exchange Rate,UPDATE_NOTE,WROTE,AUTOHOL: Holiday — 2026-02-18,"AUTOHOL: Holiday, 02/18/2026"
Vietnam,2026-02-18,6466573,INTDAILY,G96,VI Index,UPDATE_NOTE,WROTE,AUTOHOL: Holiday — 2026-02-18,"AUTOHOL: Holiday, 02/18/2026"
Vietnam,2026-02-18,6466688,INTDAILY,H14,[ Mid-Rate Calculation] Exchange Rates,UPDATE_NOTE,WROTE,AUTOHOL: Holiday — 2026-02-18,"AUTOHOL: Holiday, 02/18/2026"
Vietnam,2026-02-18,6466778,INTDAILY,V69,3 Month Deposit Rate,UPDATE_NOTE,WROTE,AUTOHOL: Holiday — 2026-02-18,"AUTOHOL: Holiday, 02/18/2026"
Vietnam,2026-02-18,6466883,INTDAILY,"W19, W20",State Bank Exchange Rates,UPDATE_NOTE,WROTE,AUTOHOL: Holiday — 2026-02-18,"AUTOHOL: Holiday, 02/18/2026"
Vietnam,2026-02-18,6466884,INTDAILY,W23,Vietnam Interbank Rate,UPDATE_NOTE,WROTE,AUTOHOL: Holiday — 2026-02-18,"AUTOHOL: Holiday, 02/18/2026"
Vietnam,2026-02-18,6466885,INTDAILY,H07,State Bank Exchange Rates Mid-Rates Calculation,UPDATE_NOTE,WROTE,AUTOHOL: Holiday — 2026-02-18,"AUTOHOL: Holiday, 02/18/2026"
Vietnam,2026-02-18,6467430,INTDAILY,H94,Government Bond Auctions,UPDATE_NOTE,WROTE,AUTOHOL: Holiday — 2026-02-18,"AUTOHOL: Holiday, 02/18/2026"
Vietnam,2026-02-18,6467716,ENERGY,K11,Vietnam Pump Prices,UPDATE_NOTE,WROTE,AUTOHOL: Holiday — 2026-02-18,"AUTOHOL: Holiday, 02/18/2026"
Vietnam,2026-02-18,6467717,INTDAILY,P61,Vietnam Pump Prices - INTD Transfer,UPDATE_NOTE,WROTE,AUTOHOL: Holiday — 2026-02-18,"AUTOHOL: Holiday, 02/18/2026"
Vietnam,2026-02-18,6467856,INTDAILY,K61,Open Market Operations,UPDATE_NOTE,WROTE,AUTOHOL: Holiday — 2026-02-18,"AUTOHOL: Holiday, 02/18/2026"
Vietnam,2026-02-19,6464600,INTDAILY,R76,Exchange Rate,UPDATE_NOTE,WROTE,AUTOHOL: Holiday — 2026-02-19,"AUTOHOL: Holiday, 02/19/2026"
Vietnam,2026-02-19,6464780,INTDAILY,G96,VI Index,UPDATE_NOTE,WROTE,AUTOHOL: Holiday — 2026-02-19,"AUTOHOL: Holiday, 02/19/2026"
Vietnam,2026-02-19,6464907,INTDAILY,H14,[ Mid-Rate Calculation] Exchange Rates,UPDATE_NOTE,WROTE,AUTOHOL: Holiday — 2026-02-19,"AUTOHOL: Holiday, 02/19/2026"
Vietnam,2026-02-19,6464993,INTDAILY,V69,3 Month Deposit Rate,UPDATE_NOTE,WROTE,AUTOHOL: Holiday — 2026-02-19,"AUTOHOL: Holiday, 02/19/2026"
Vietnam,2026-02-19,6465103,INTDAILY,"W19, W20",State Bank Exchange Rates,UPDATE_NOTE,WROTE,AUTOHOL: Holiday — 2026-02-19,"AUTOHOL: Holiday, 02/19/2026"
Vietnam,2026-02-19,6465104,INTDAILY,W23,Vietnam Interbank Rate,UPDATE_NOTE,WROTE,AUTOHOL: Holiday — 2026-02-19,"AUTOHOL: Holiday, 02/19/2026"
Vietnam,2026-02-19,6465105,INTDAILY,H07,State Bank Exchange Rates Mid-Rates Calculation,UPDATE_NOTE,WROTE,AUTOHOL: Holiday — 2026-02-19,"AUTOHOL: Holiday, 02/19/2026"
Vietnam,2026-02-19,6465106,INTWKLY,H88,Exchange Rate Aggregation,UPDATE_NOTE,WROTE,AUTOHOL: Holiday — 2026-02-19,"AUTOHOL: Holiday, 02/19/2026"
Vietnam,2026-02-19,6465687,INTDAILY,H94,Government Bond Auctions,UPDATE_NOTE,WROTE,AUTOHOL: Holiday — 2026-02-19,"AUTOHOL: Holiday, 02/19/2026"
Vietnam,2026-02-19,6465983,ENERGY,K11,Vietnam Pump Prices,UPDATE_NOTE,WROTE,AUTOHOL: Holiday — 2026-02-19,"AUTOHOL: Holiday, 02/19/2026"
Vietnam,2026-02-19,6465984,INTDAILY,P61,Vietnam Pump Prices - INTD Transfer,UPDATE_NOTE,WROTE,AUTOHOL: Holiday — 2026-02-19,"AUTOHOL: Holiday, 02/19/2026"
Vietnam,2026-02-19,6466121,INTDAILY,K61,Open Market Operations,UPDATE_NOTE,WROTE,AUTOHOL: Holiday — 2026-02-19,"AUTOHOL: Holiday, 02/19/2026"
Vietnam,2026-02-20,6462604,INTDAILY,R76,Exchange Rate,UPDATE_NOTE,WROTE,AUTOHOL: Holiday — 2026-02-20,"AUTOHOL: Holiday, 02/20/2026"
Vietnam,2026-02-20,6462663,INTWKLY,"R76, V09",Aggregation: Exchange Rates,UPDATE_NOTE,WROTE,AUTOHOL: Holiday — 2026-02-20,"AUTOHOL: Holiday, 02/20/2026"
Vietnam,2026-02-20,6462802,INTDAILY,G96,VI Index,UPDATE_NOTE,WROTE,AUTOHOL: Holiday — 2026-02-20,"AUTOHOL: Holiday, 02/20/2026"
Vietnam,2026-02-20,6462803,INTWKLY,G97,Aggregation: VI Index,UPDATE_NOTE,WROTE,AUTOHOL: Holiday — 2026-02-20,"AUTOHOL: Holiday, 02/20/2026"
Vietnam,2026-02-20,6462933,INTDAILY,H14,[ Mid-Rate Calculation] Exchange Rates,UPDATE_NOTE,WROTE,AUTOHOL: Holiday — 2026-02-20,"AUTOHOL: Holiday, 02/20/2026"
Vietnam,2026-02-20,6463032,INTDAILY,V69,3 Month Deposit Rate,UPDATE_NOTE,WROTE,AUTOHOL: Holiday — 2026-02-20,"AUTOHOL: Holiday, 02/20/2026"
Vietnam,2026-02-20,6463142,INTDAILY,W23,Vietnam Interbank Rate,UPDATE_NOTE,WROTE,AUTOHOL: Holiday — 2026-02-20,"AUTOHOL: Holiday, 02/20/2026"
Vietnam,2026-02-20,6463525,INTWKLY,J10,3 Month Deposit Rate Aggregation,UPDATE_NOTE,WROTE,AUTOHOL: Holiday — 2026-02-20,"AUTOHOL: Holiday, 02/20/2026"
Vietnam,2026-02-20,6463583,INTDAILY,I90,Vietnam Zero Coupon Yields,UPDATE_NOTE,WROTE,AUTOHOL: Holiday — 2026-02-20,"AUTOHOL: Holiday, 02/20/2026"
Vietnam,2026-02-20,6464156,ENERGY,K11,Vietnam Pump Prices,UPDATE_NOTE,WROTE,AUTOHOL: Holiday — 2026-02-20,"AUTOHOL: Holiday, 02/20/2026"
Vietnam,2026-02-20,6464157,INTDAILY,P61,Vietnam Pump Prices - INTD Transfer,UPDATE_NOTE,WROTE,AUTOHOL: Holiday — 2026-02-20,"AUTOHOL: Holiday, 02/20/2026"
Vietnam,2026-02-20,6464158,INTWKLY,Q61,Vietnam Pump Prices - INTW AGG,UPDATE_NOTE,WROTE,AUTOHOL: Holiday — 2026-02-20,"AUTOHOL: Holiday, 02/20/2026"
Vietnam,2026-02-20,6464307,INTDAILY,K61,Open Market Operations,UPDATE_NOTE,WROTE,AUTOHOL: Holiday — 2026-02-20,"AUTOHOL: Holiday, 02/20/2026"
Vietnam,2026-02-22,6471689,INTDAILY,"W19, W20",State Bank Exchange Rates,UPDATE_NOTE,WROTE,,"AUTOHOL: Holiday, 02/22/2026"
Vietnam,2026-02-22,6471690,INTDAILY,H07,State Bank Exchange Rates Mid-Rates Calculation,UPDATE_NOTE,WROTE,,"AUTOHOL: Holiday, 02/22/2026"
Vietnam,2026-02-22,6471789,INTDAILY,H94,Government Bond Auctions,UPDATE_NOTE,WROTE,,"AUTOHOL: Holiday, 02/22/2026"
Hong Kong,2026-02-17,6468132,INTDAILY,P64,Platinum Prices (HK),UPDATE_NOTE,FILTERED_OUT,,"AUTOHOL: Holiday, 02/17/2026"
Hong Kong,2026-02-17,6468158,INTDAILY,J08,Official Interest Rates,UPDATE_NOTE,FILTERED_OUT,,"AUTOHOL: Holiday, 02/17/2026"
Hong Kong,2026-02-17,6468186,INTDAILY,S90,Hang Seng --,UPDATE_NOTE,FILTERED_OUT,,"AUTOHOL: Holiday, 02/17/2026"
Hong Kong,2026-02-17,6468196,INTDAILY,J07,Interest Settlement Rates,UPDATE_NOTE,FILTERED_OUT,,"AUTOHOL: Holiday, 02/17/2026"
Hong Kong,2026-02-17,6468319,INTDAILY,H03,10 Year Bond Yield Total Return Calculation,UPDATE_NOTE,FILTERED_OUT,,"AUTOHOL: Holiday, 02/17/2026"
Hong Kong,2026-02-17,6468611,INTDAILY,W25,Interbank Liquidity,UPDATE_NOTE,FILTERED_OUT,,"AUTOHOL: Holiday, 02/17/2026"
Hong Kong,2026-02-17,6468614,INTDAILY,G70,Monetary Base,UPDATE_NOTE,FILTERED_OUT,,"AUTOHOL: Holiday, 02/17/2026"
Hong Kong,2026-02-17,6468615,INTDAILY,T50,Trade Weighted Index,UPDATE_NOTE,FILTERED_OUT,,"AUTOHOL: Holiday, 02/17/2026"
Hong Kong,2026-02-17,6468691,INTDAILY,W89,Renminbi Liquidity Facility,UPDATE_NOTE,FILTERED_OUT,,"AUTOHOL: Holiday, 02/17/2026"
Hong Kong,2026-02-17,6468808,INTDAILY,X91,HSI Volatility Index,UPDATE_NOTE,FILTERED_OUT,,"AUTOHOL: Holiday, 02/17/2026"
Hong Kong,2026-02-17,6468926,INTDAILY,J37,Exchange Fund Bills & Notes Fixings,UPDATE_NOTE,FILTERED_OUT,,"AUTOHOL: Holiday, 02/17/2026"
Hong Kong,2026-02-17,6469048,CMDTY,L09,Platinum Prices (HK) - Transfer to CMDTY,UPDATE_NOTE,FILTERED_OUT,,"AUTOHOL: Holiday, 02/17/2026"
Hong Kong,2026-02-17,6469179,INTDAILY,V95,HKEX Daily Transactions,UPDATE_NOTE,FILTERED_OUT,,"AUTOHOL: Holiday, 02/17/2026"
Hong Kong,2026-02-17,6469490,TOURISM,"W48, W49, W50",Hong Kong Passenger Traffic,UPDATE_NOTE,FILTERED_OUT,,"AUTOHOL: Holiday, 02/17/2026"
Hong Kong,2026-02-17,6469552,INTDAILY,E30,HK Infrastructure_Sustainable Bond Closing Reference Yields,UPDATE_NOTE,FILTERED_OUT,,"AUTOHOL: Holiday, 02/17/2026"
Hong Kong,2026-02-17,6469553,INTDAILY,E28,HK Infrastructure_Sustainable Bond Indicative Yields,UPDATE_NOTE,FILTERED_OUT,,"AUTOHOL: Holiday, 02/17/2026"
Hong Kong,2026-02-17,6469607,ENERGY,"D58, D59, D60",Pump Prices,UPDATE_NOTE,FILTERED_OUT,,"AUTOHOL: Holiday, 02/17/2026"
Hong Kong,2026-02-17,6469608,INTDAILY,"B75, B76, B77",Pump Prices TRANSFER,UPDATE_NOTE,FILTERED_OUT,,"AUTOHOL: Holiday, 02/17/2026"
Hong Kong,2026-02-18,6466407,INTDAILY,P64,Platinum Prices (HK),UPDATE_NOTE,FILTERED_OUT,,"AUTOHOL: Holiday, 02/18/2026"
Hong Kong,2026-02-18,6466431,INTDAILY,J08,Official Interest Rates,UPDATE_NOTE,FILTERED_OUT,,"AUTOHOL: Holiday, 02/18/2026"
Hong Kong,2026-02-18,6466458,INTDAILY,S90,Hang Seng --,UPDATE_NOTE,FILTERED_OUT,,"AUTOHOL: Holiday, 02/18/2026"
Hong Kong,2026-02-18,6466467,INTDAILY,J07,Interest Settlement Rates,UPDATE_NOTE,FILTERED_OUT,,"AUTOHOL: Holiday, 02/18/2026"
Hong Kong,2026-02-18,6466595,INTDAILY,H03,10 Year Bond Yield Total Return Calculation,UPDATE_NOTE,FILTERED_OUT,,"AUTOHOL: Holiday, 02/18/2026"
Hong Kong,2026-02-18,6466887,INTDAILY,W25,Interbank Liquidity,UPDATE_NOTE,FILTERED_OUT,,"AUTOHOL: Holiday, 02/18/2026"
Hong Kong,2026-02-18,6466889,INTDAILY,G70,Monetary Base,UPDATE_NOTE,FILTERED_OUT,,"AUTOHOL: Holiday, 02/18/2026"
Hong Kong,2026-02-18,6466890,INTDAILY,T50,Trade Weighted Index,UPDATE_NOTE,FILTERED_OUT,,"AUTOHOL: Holiday, 02/18/2026"
Hong Kong,2026-02-18,6466965,INTDAILY,W89,Renminbi Liquidity Facility,UPDATE_NOTE,FILTERED_OUT,,"AUTOHOL: Holiday, 02/18/2026"
Hong Kong,2026-02-18,6467087,INTDAILY,X91,HSI Volatility Index,UPDATE_NOTE,FILTERED_OUT,,"AUTOHOL: Holiday, 02/18/2026"
Hong Kong,2026-02-18,6467207,INTDAILY,J37,Exchange Fund Bills & Notes Fixings,UPDATE_NOTE,FILTERED_OUT,,"AUTOHOL: Holiday, 02/18/2026"
Hong Kong,2026-02-18,6467333,CMDTY,L09,Platinum Prices (HK) - Transfer to CMDTY,UPDATE_NOTE,FILTERED_OUT,,"AUTOHOL: Holiday, 02/18/2026"
Hong Kong,2026-02-18,6467479,INTDAILY,V95,HKEX Daily Transactions,UPDATE_NOTE,FILTERED_OUT,,"AUTOHOL: Holiday, 02/18/2026"
Hong Kong,2026-02-18,6467676,INTWKLY,O93,HK Centaline Salesman Index,UPDATE_NOTE,FILTERED_OUT,,"AUTOHOL: Holiday, 02/18/2026"
Hong Kong,2026-02-18,6467799,TOURISM,"W48, W49, W50",Hong Kong Passenger Traffic,UPDATE_NOTE,FILTERED_OUT,,"AUTOHOL: Holiday, 02/18/2026"
Hong Kong,2026-02-18,6467858,INTDAILY,E30,HK Infrastructure_Sustainable Bond Closing Reference Yields,UPDATE_NOTE,FILTERED_OUT,,"AUTOHOL: Holiday, 02/18/2026"
Hong Kong,2026-02-18,6467859,INTDAILY,E28,HK Infrastructure_Sustainable Bond Indicative Yields,UPDATE_NOTE,FILTERED_OUT,,"AUTOHOL: Holiday, 02/18/2026"
Hong Kong,2026-02-18,6467913,ENERGY,"D58, D59, D60",Pump Prices,UPDATE_NOTE,FILTERED_OUT,,"AUTOHOL: Holiday, 02/18/2026"
Hong Kong,2026-02-18,6467914,INTDAILY,"B75, B76, B77",Pump Prices TRANSFER,UPDATE_NOTE,FILTERED_OUT,,"AUTOHOL: Holiday, 02/18/2026"
Hong Kong,2026-02-18,6468007,INTDAILY,E68,Exchange Fund Bills Tender,UPDATE_NOTE,FILTERED_OUT,,"AUTOHOL: Holiday, 02/18/2026"
Hong Kong,2026-02-19,6464608,INTDAILY,P64,Platinum Prices (HK),UPDATE_NOTE,FILTERED_OUT,,"AUTOHOL: Holiday, 02/19/2026"
Hong Kong,2026-02-19,6464633,INTDAILY,J08,Official Interest Rates,UPDATE_NOTE,FILTERED_OUT,,"AUTOHOL: Holiday, 02/19/2026"
Hong Kong,2026-02-19,6464664,INTDAILY,S90,Hang Seng --,UPDATE_NOTE,FILTERED_OUT,,"AUTOHOL: Holiday, 02/19/2026"
Hong Kong,2026-02-19,6464674,INTDAILY,J07,Interest Settlement Rates,UPDATE_NOTE,FILTERED_OUT,,"AUTOHOL: Holiday, 02/19/2026"
Hong Kong,2026-02-19,6464773,INTWKLY,J02,Interest Settlement Rates Aggregation,UPDATE_NOTE,FILTERED_OUT,,"AUTOHOL: Holiday, 02/19/2026"
Hong Kong,2026-02-19,6464809,INTDAILY,H03,10 Year Bond Yield Total Return Calculation,UPDATE_NOTE,FILTERED_OUT,,"AUTOHOL: Holiday, 02/19/2026"
Hong Kong,2026-02-19,6465108,INTDAILY,W25,Interbank Liquidity,UPDATE_NOTE,FILTERED_OUT,,"AUTOHOL: Holiday, 02/19/2026"
Hong Kong,2026-02-19,6465111,INTDAILY,G70,Monetary Base,UPDATE_NOTE,FILTERED_OUT,,"AUTOHOL: Holiday, 02/19/2026"
Hong Kong,2026-02-19,6465112,INTDAILY,T50,Trade Weighted Index,UPDATE_NOTE,FILTERED_OUT,,"AUTOHOL: Holiday, 02/19/2026"
Hong Kong,2026-02-19,6465206,INTDAILY,W89,Renminbi Liquidity Facility,UPDATE_NOTE,FILTERED_OUT,,"AUTOHOL: Holiday, 02/19/2026"
Hong Kong,2026-02-19,6465347,INTDAILY,X91,HSI Volatility Index,UPDATE_NOTE,FILTERED_OUT,,"AUTOHOL: Holiday, 02/19/2026"
Hong Kong,2026-02-19,6465469,INTDAILY,J37,Exchange Fund Bills & Notes Fixings,UPDATE_NOTE,FILTERED_OUT,,"AUTOHOL: Holiday, 02/19/2026"
Hong Kong,2026-02-19,6465587,CMDTY,L09,Platinum Prices (HK) - Transfer to CMDTY,UPDATE_NOTE,FILTERED_OUT,,"AUTOHOL: Holiday, 02/19/2026"
Hong Kong,2026-02-19,6465735,INTDAILY,V95,HKEX Daily Transactions,UPDATE_NOTE,FILTERED_OUT,,"AUTOHOL: Holiday, 02/19/2026"
Hong Kong,2026-02-19,6465947,INTWKLY,O94,HK Centaline Valuation Index,UPDATE_NOTE,FILTERED_OUT,,"AUTOHOL: Holiday, 02/19/2026"
Hong Kong,2026-02-19,6466065,TOURISM,"W48, W49, W50",Hong Kong Passenger Traffic,UPDATE_NOTE,FILTERED_OUT,,"AUTOHOL: Holiday, 02/19/2026"
Hong Kong,2026-02-19,6466124,INTDAILY,E30,HK Infrastructure_Sustainable Bond Closing Reference Yields,UPDATE_NOTE,FILTERED_OUT,,"AUTOHOL: Holiday, 02/19/2026"
Hong Kong,2026-02-19,6466125,INTDAILY,E28,HK Infrastructure_Sustainable Bond Indicative Yields,UPDATE_NOTE,FILTERED_OUT,,"AUTOHOL: Holiday, 02/19/2026"
Hong Kong,2026-02-19,6466190,ENERGY,"D58, D59, D60",Pump Prices,UPDATE_NOTE,FILTERED_OUT,,"AUTOHOL: Holiday, 02/19/2026"
Hong Kong,2026-02-19,6466191,INTDAILY,"B75, B76, B77",Pump Prices TRANSFER,UPDATE_NOTE,FILTERED_OUT,,"AUTOHOL: Holiday, 02/19/2026"
Argentina,2026-02-16,6453151,INTDAILY,I50,International Reserves,UPDATE_NOTE,FILTERED_OUT,,"AUTOHOL: Holiday, 02/16/2026"
Argentina,2026-02-16,6453212,INTDAILY,R67,Exchange Rates,UPDATE_NOTE,FILTERED_OUT,,"AUTOHOL: Holiday, 02/16/2026"
Argentina,2026-02-16,6453279,INTDAILY,V18,Merval Indexes,UPDATE_NOTE,FILTERED_OUT,,"AUTOHOL: Holiday, 02/16/2026"
Argentina,2026-02-16,6453347,INTDAILY,J56,Interest Rate on Time Deposits,UPDATE_NOTE,FILTERED_OUT,,"AUTOHOL: Holiday, 02/16/2026"
Argentina,2026-02-16,6453349,INTDAILY,I52,BADLAR Rates,UPDATE_NOTE,FILTERED_OUT,,"AUTOHOL: Holiday, 02/16/2026"
Argentina,2026-02-16,6453350,INTWKLY,J57,BADLAR Rates Agg,UPDATE_NOTE,FILTERED_OUT,,"AUTOHOL: Holiday, 02/16/2026"
Argentina,2026-02-16,6453404,INTDAILY,J72,BAIBAR Interest Rates,UPDATE_NOTE,FILTERED_OUT,,"AUTOHOL: Holiday, 02/16/2026"
Argentina,2026-02-16,6453405,INTWKLY,J74,BAIBAR Interest Rates Agg,UPDATE_NOTE,FILTERED_OUT,,"AUTOHOL: Holiday, 02/16/2026"
Argentina,2026-02-16,6453574,INTDAILY,P22,Dolar Blue [AMBITO],UPDATE_NOTE,FILTERED_OUT,,"AUTOHOL: Holiday, 02/16/2026"
Argentina,2026-02-16,6453588,INTDAILY,H66,Dolar Blue [AMBITO] Mid,UPDATE_NOTE,FILTERED_OUT,,"AUTOHOL: Holiday, 02/16/2026"
Argentina,2026-02-16,6453611,INTWKLY,J76,Interest rate on Time Deposits Agg,UPDATE_NOTE,FILTERED_OUT,,"AUTOHOL: Holiday, 02/16/2026"
Argentina,2026-02-16,6453674,INTDAILY,J64,Policy Instruments,UPDATE_NOTE,FILTERED_OUT,,"AUTOHOL: Holiday, 02/16/2026"
Argentina,2026-02-16,6453675,INTWKLY,J56,Policy Instruments Aggregation,UPDATE_NOTE,FILTERED_OUT,,"AUTOHOL: Holiday, 02/16/2026"
Argentina,2026-02-16,6453806,INTDAILY,X74,Main Assets of Financial Institutions,UPDATE_NOTE,FILTERED_OUT,,"AUTOHOL: Holiday, 02/16/2026"
Argentina,2026-02-16,6453808,INTDAILY,X78,Main Liabilities of Financial Institutions,UPDATE_NOTE,FILTERED_OUT,,"AUTOHOL: Holiday, 02/16/2026"
Argentina,2026-02-16,6453836,INTDAILY,Y01,Effective Exchange Rate,UPDATE_NOTE,FILTERED_OUT,,"AUTOHOL: Holiday, 02/16/2026"
Argentina,2026-02-16,6453842,INTDAILY,Y04,Daily Monetary Report,UPDATE_NOTE,FILTERED_OUT,,"AUTOHOL: Holiday, 02/16/2026"
Argentina,2026-02-16,6453864,INTDAILY,Y05,Daily Monetary Report Calc [LELIQ],UPDATE_NOTE,FILTERED_OUT,,"AUTOHOL: Holiday, 02/16/2026"
Argentina,2026-02-16,6453906,INTDAILY,Y19,Non-Financial Loans,UPDATE_NOTE,FILTERED_OUT,,"AUTOHOL: Holiday, 02/16/2026"
Argentina,2026-02-16,6453909,INTWKLY,Y21,Non-Financial Loans agg,UPDATE_NOTE,FILTERED_OUT,,"AUTOHOL: Holiday, 02/16/2026"
Argentina,2026-02-16,6453943,INTDAILY,P28,Dolar CCL [AMBITO],UPDATE_NOTE,FILTERED_OUT,,"AUTOHOL: Holiday, 02/16/2026"
Argentina,2026-02-16,6454076,INTDAILY,I11,Policy Rate Check,UPDATE_NOTE,FILTERED_OUT,,"AUTOHOL: Holiday, 02/16/2026"
Argentina,2026-02-16,6454080,INTDAILY,H60,Dolar MEP [AMBITO],UPDATE_NOTE,FILTERED_OUT,,"AUTOHOL: Holiday, 02/16/2026"
Argentina,2026-02-16,6454081,INTDAILY,H61,Dolar Turista [AMBITO],UPDATE_NOTE,FILTERED_OUT,,"AUTOHOL: Holiday, 02/16/2026"
Argentina,2026-02-16,6454082,INTDAILY,H62,US$ [AMBITO] Mid,UPDATE_NOTE,FILTERED_OUT,,"AUTOHOL: Holiday, 02/16/2026"
Argentina,2026-02-16,6454083,INTDAILY,H63,US$ [AMBITO],UPDATE_NOTE,FILTERED_OUT,,"AUTOHOL: Holiday, 02/16/2026"
Argentina,2026-02-16,6454084,INTDAILY,H64,Dolar Mayorista [AMBITO] Mid,UPDATE_NOTE,FILTERED_OUT,,"AUTOHOL: Holiday, 02/16/2026"
Argentina,2026-02-16,6454085,INTDAILY,H65,Dolar Mayorista [AMBITO],UPDATE_NOTE,FILTERED_OUT,,"AUTOHOL: Holiday, 02/16/2026"
Argentina,2026-02-16,6454099,INTDAILY,T80,Interest Rates on Personal Loans,UPDATE_NOTE,FILTERED_OUT,,"AUTOHOL: Holiday, 02/16/2026"
Argentina,2026-02-16,6454100,INTWKLY,W81,Interest Rates on Personal Loans Aggregation,UPDATE_NOTE,FILTERED_OUT,,"AUTOHOL: Holiday, 02/16/2026"
Argentina,2026-02-16,6454113,INTDAILY,M71,Market Rates,UPDATE_NOTE,FILTERED_OUT,,"AUTOHOL: Holiday, 02/16/2026"
Argentina,2026-02-16,6454114,INTWKLY,M61,Market Rates AGG,UPDATE_NOTE,FILTERED_OUT,,"AUTOHOL: Holiday, 02/16/2026"
Argentina,2026-02-16,6454130,INTDAILY,P75,Commodity Price Index,UPDATE_NOTE,FILTERED_OUT,,"AUTOHOL: Holiday, 02/16/2026"
Argentina,2026-02-16,6454131,INTDAILY,P76,Commodity Price Index Weights,UPDATE_NOTE,FILTERED_OUT,,"AUTOHOL: Holiday, 02/16/2026"
Argentina,2026-02-16,6454132,CMDTY,P75,Commodity Price Index Comp,UPDATE_NOTE,FILTERED_OUT,,"AUTOHOL: Holiday, 02/16/2026"
Argentina,2026-02-16,6454133,INTWKLY,O75,Commodity Price Index Agg,UPDATE_NOTE,FILTERED_OUT,,"AUTOHOL: Holiday, 02/16/2026"
Argentina,2026-02-16,6454134,INTWKLY,O76,Commodity Price Index Weights Agg,UPDATE_NOTE,FILTERED_OUT,,"AUTOHOL: Holiday, 02/16/2026"
Argentina,2026-02-16,6454155,CMDTY,P76,Commodity Price Index Weights Comp,UPDATE_NOTE,FILTERED_OUT,,"AUTOHOL: Holiday, 02/16/2026"
Argentina,2026-02-16,6454368,INTDAILY,H42,Dolar Lujo [AMBITO],UPDATE_NOTE,FILTERED_OUT,,"AUTOHOL: Holiday, 02/16/2026"
Argentina,2026-02-16,6454369,INTDAILY,H43,Dolar Banco Nacion [AMBITO],UPDATE_NOTE,FILTERED_OUT,,"AUTOHOL: Holiday, 02/16/2026"
Argentina,2026-02-16,6454370,INTDAILY,H44,Dolar Banco Nacion [AMBITO] Mid,UPDATE_NOTE,FILTERED_OUT,,"AUTOHOL: Holiday, 02/16/2026"
Argentina,2026-02-16,6454460,INTDAILY,H09,Dolar Cripto [AMBITO],UPDATE_NOTE,FILTERED_OUT,,"AUTOHOL: Holiday, 02/16/2026"
Argentina,2026-02-16,6454461,INTDAILY,H41,Euro Blue [AMBITO],UPDATE_NOTE,FILTERED_OUT,,"AUTOHOL: Holiday, 02/16/2026"
Argentina,2026-02-16,6454462,INTDAILY,H47,Euro Blue [AMBITO] Mid,UPDATE_NOTE,FILTERED_OUT,,"AUTOHOL: Holiday, 02/16/2026"
Argentina,2026-02-16,6454463,INTDAILY,H48,Euro [AMBITO],UPDATE_NOTE,FILTERED_OUT,,"AUTOHOL: Holiday, 02/16/2026"
Argentina,2026-02-16,6454464,INTDAILY,H79,Euro [AMBITO] Mid,UPDATE_NOTE,FILTERED_OUT,,"AUTOHOL: Holiday, 02/16/2026"
Argentina,2026-02-16,6454779,INTDAILY,L06,Exchange Rate Band Check,UPDATE_NOTE,FILTERED_OUT,,"AUTOHOL: Holiday, 02/16/2026"
Argentina,2026-02-17,6468173,INTDAILY,I50,International Reserves,UPDATE_NOTE,FILTERED_OUT,,"AUTOHOL: Holiday, 02/17/2026"
Argentina,2026-02-17,6468234,INTDAILY,R67,Exchange Rates,UPDATE_NOTE,FILTERED_OUT,,"AUTOHOL: Holiday, 02/17/2026"
Argentina,2026-02-17,6468300,INTDAILY,V18,Merval Indexes,UPDATE_NOTE,FILTERED_OUT,,"AUTOHOL: Holiday, 02/17/2026"
Argentina,2026-02-17,6468363,INTDAILY,J56,Interest Rate on Time Deposits,UPDATE_NOTE,FILTERED_OUT,,"AUTOHOL: Holiday, 02/17/2026"
Argentina,2026-02-17,6468365,INTDAILY,I52,BADLAR Rates,UPDATE_NOTE,FILTERED_OUT,,"AUTOHOL: Holiday, 02/17/2026"
Argentina,2026-02-17,6468415,INTDAILY,J72,BAIBAR Interest Rates,UPDATE_NOTE,FILTERED_OUT,,"AUTOHOL: Holiday, 02/17/2026"
Argentina,2026-02-17,6468584,INTDAILY,P22,Dolar Blue [AMBITO],UPDATE_NOTE,FILTERED_OUT,,"AUTOHOL: Holiday, 02/17/2026"
Argentina,2026-02-17,6468602,INTDAILY,H66,Dolar Blue [AMBITO] Mid,UPDATE_NOTE,FILTERED_OUT,,"AUTOHOL: Holiday, 02/17/2026"
Argentina,2026-02-17,6468613,INTWKLY,M75,International Reserves AGG,UPDATE_NOTE,FILTERED_OUT,,"AUTOHOL: Holiday, 02/17/2026"
Argentina,2026-02-17,6468672,INTDAILY,J64,Policy Instruments,UPDATE_NOTE,FILTERED_OUT,,"AUTOHOL: Holiday, 02/17/2026"
Argentina,2026-02-17,6468791,INTDAILY,X74,Main Assets of Financial Institutions,UPDATE_NOTE,FILTERED_OUT,,"AUTOHOL: Holiday, 02/17/2026"
Argentina,2026-02-17,6468792,INTWKLY,T55,Main Assets of Financial Institutions Agg,UPDATE_NOTE,FILTERED_OUT,,"AUTOHOL: Holiday, 02/17/2026"
Argentina,2026-02-17,6468794,INTDAILY,X78,Main Liabilities of Financial Institutions,UPDATE_NOTE,FILTERED_OUT,,"AUTOHOL: Holiday, 02/17/2026"
Argentina,2026-02-17,6468795,INTWKLY,T54,Main Liabilities of Financial Institutions Agg,UPDATE_NOTE,FILTERED_OUT,,"AUTOHOL: Holiday, 02/17/2026"
Argentina,2026-02-17,6468817,INTDAILY,Y01,Effective Exchange Rate,UPDATE_NOTE,FILTERED_OUT,,"AUTOHOL: Holiday, 02/17/2026"
Argentina,2026-02-17,6468823,INTDAILY,Y04,Daily Monetary Report,UPDATE_NOTE,FILTERED_OUT,,"AUTOHOL: Holiday, 02/17/2026"
Argentina,2026-02-17,6468841,INTDAILY,Y05,Daily Monetary Report Calc [LELIQ],UPDATE_NOTE,FILTERED_OUT,,"AUTOHOL: Holiday, 02/17/2026"
Argentina,2026-02-17,6468876,INTDAILY,Y19,Non-Financial Loans,UPDATE_NOTE,FILTERED_OUT,,"AUTOHOL: Holiday, 02/17/2026"
Argentina,2026-02-17,6468911,INTDAILY,P28,Dolar CCL [AMBITO],UPDATE_NOTE,FILTERED_OUT,,"AUTOHOL: Holiday, 02/17/2026"
Argentina,2026-02-17,6469030,INTDAILY,I11,Policy Rate Check,UPDATE_NOTE,FILTERED_OUT,,"AUTOHOL: Holiday, 02/17/2026"
Argentina,2026-02-17,6469035,INTDAILY,H60,Dolar MEP [AMBITO],UPDATE_NOTE,FILTERED_OUT,,"AUTOHOL: Holiday, 02/17/2026"
Argentina,2026-02-17,6469036,INTDAILY,H61,Dolar Turista [AMBITO],UPDATE_NOTE,FILTERED_OUT,,"AUTOHOL: Holiday, 02/17/2026"
Argentina,2026-02-17,6469037,INTDAILY,H62,US$ [AMBITO] Mid,UPDATE_NOTE,FILTERED_OUT,,"AUTOHOL: Holiday, 02/17/2026"
Argentina,2026-02-17,6469038,INTDAILY,H63,US$ [AMBITO],UPDATE_NOTE,FILTERED_OUT,,"AUTOHOL: Holiday, 02/17/2026"
Argentina,2026-02-17,6469039,INTDAILY,H64,Dolar Mayorista [AMBITO] Mid,UPDATE_NOTE,FILTERED_OUT,,"AUTOHOL: Holiday, 02/17/2026"
Argentina,2026-02-17,6469040,INTDAILY,H65,Dolar Mayorista [AMBITO],UPDATE_NOTE,FILTERED_OUT,,"AUTOHOL: Holiday, 02/17/2026"
Argentina,2026-02-17,6469053,INTDAILY,T80,Interest Rates on Personal Loans,UPDATE_NOTE,FILTERED_OUT,,"AUTOHOL: Holiday, 02/17/2026"
Argentina,2026-02-17,6469064,INTDAILY,M71,Market Rates,UPDATE_NOTE,FILTERED_OUT,,"AUTOHOL: Holiday, 02/17/2026"
Argentina,2026-02-17,6469073,INTDAILY,P75,Commodity Price Index,UPDATE_NOTE,FILTERED_OUT,,"AUTOHOL: Holiday, 02/17/2026"
Argentina,2026-02-17,6469074,INTDAILY,P76,Commodity Price Index Weights,UPDATE_NOTE,FILTERED_OUT,,"AUTOHOL: Holiday, 02/17/2026"
Argentina,2026-02-17,6469075,CMDTY,P75,Commodity Price Index Comp,UPDATE_NOTE,FILTERED_OUT,,"AUTOHOL: Holiday, 02/17/2026"
Argentina,2026-02-17,6469087,CMDTY,P76,Commodity Price Index Weights Comp,UPDATE_NOTE,FILTERED_OUT,,"AUTOHOL: Holiday, 02/17/2026"
Argentina,2026-02-17,6469275,INTDAILY,H42,Dolar Lujo [AMBITO],UPDATE_NOTE,FILTERED_OUT,,"AUTOHOL: Holiday, 02/17/2026"
Argentina,2026-02-17,6469276,INTDAILY,H43,Dolar Banco Nacion [AMBITO],UPDATE_NOTE,FILTERED_OUT,,"AUTOHOL: Holiday, 02/17/2026"
Argentina,2026-02-17,6469277,INTDAILY,H44,Dolar Banco Nacion [AMBITO] Mid,UPDATE_NOTE,FILTERED_OUT,,"AUTOHOL: Holiday, 02/17/2026"
Argentina,2026-02-17,6469374,INTDAILY,H09,Dolar Cripto [AMBITO],UPDATE_NOTE,FILTERED_OUT,,"AUTOHOL: Holiday, 02/17/2026"
Argentina,2026-02-17,6469375,INTDAILY,H41,Euro Blue [AMBITO],UPDATE_NOTE,FILTERED_OUT,,"AUTOHOL: Holiday, 02/17/2026"
Argentina,2026-02-17,6469376,INTDAILY,H47,Euro Blue [AMBITO] Mid,UPDATE_NOTE,FILTERED_OUT,,"AUTOHOL: Holiday, 02/17/2026"
Argentina,2026-02-17,6469377,INTDAILY,H48,Euro [AMBITO],UPDATE_NOTE,FILTERED_OUT,,"AUTOHOL: Holiday, 02/17/2026"
Argentina,2026-02-17,6469378,INTDAILY,H79,Euro [AMBITO] Mid,UPDATE_NOTE,FILTERED_OUT,,"AUTOHOL: Holiday, 02/17/2026"
Argentina,2026-02-17,6469676,INTDAILY,L06,Exchange Rate Band Check,UPDATE_NOTE,FILTERED_OUT,,"AUTOHOL: Holiday, 02/17/2026"
Uganda,2026-02-16,6453192,INTDAILY,V13,Stock Indicators,UPDATE_NOTE,FILTERED_OUT,,"AUTOHOL: Holiday, 02/16/2026"
Uganda,2026-02-16,6453270,INTDAILY,V17,Exchange Rates,UPDATE_NOTE,FILTERED_OUT,,"AUTOHOL: Holiday, 02/16/2026"
Uganda,2026-02-16,6453388,INTDAILY,H15,[ Mid-Rate Calculation] Exchange Rates,UPDATE_NOTE,FILTERED_OUT,,"AUTOHOL: Holiday, 02/16/2026"
Uganda,2026-02-16,6454227,INTDAILY,H89,Uganda Bond Yields,UPDATE_NOTE,FILTERED_OUT,"R2D2 Running... [Retry 9/10, wait=600s] 2/13/2026 12:02:43 [Az-AutoSrv1-Svc]","R2D2 Running... [Retry 9/10, wait=600s] 2/13/2026 12:02:43 [Az-AutoSrv1-Svc] | AUTOHOL: Holiday, 02/16/2026"
Uganda,2026-02-16,6454228,INTWKLY,C86,Uganda Bond Yields Agg,UPDATE_NOTE,FILTERED_OUT,,"AUTOHOL: Holiday, 02/16/2026"
Uganda,2026-02-16,6454506,INTDAILY,A81,Interbank Rates,UPDATE_NOTE,FILTERED_OUT,,"AUTOHOL: Holiday, 02/16/2026"
Uganda,2026-02-16,6454507,INTWKLY,A81,Interbank Rates Agg,UPDATE_NOTE,FILTERED_OUT,,"AUTOHOL: Holiday, 02/16/2026"
Taiwan,2026-02-16,6453231,INTDAILY,J13,3 Month Deposit Rate,UPDATE_NOTE,FILTERED_OUT,,"AUTOHOL: Holiday, 02/16/2026"
Taiwan,2026-02-16,6453470,INTDAILY,V57,Asian Stock Market - TAIEX,UPDATE_NOTE,FILTERED_OUT,,"AUTOHOL: Holiday, 02/16/2026"
Taiwan,2026-02-16,6453626,INTDAILY,W47,US Exchange Rates,UPDATE_NOTE,FILTERED_OUT,,"AUTOHOL: Holiday, 02/16/2026"
Taiwan,2026-02-16,6453627,INTDAILY,W48,Interbank Overnight Rate,UPDATE_NOTE,FILTERED_OUT,,"AUTOHOL: Holiday, 02/16/2026"
Taiwan,2026-02-16,6453785,INTDAILY,X60,Taiwan Interbank Rates [TAIBOR],UPDATE_NOTE,FILTERED_OUT,,"AUTOHOL: Holiday, 02/16/2026"
Taiwan,2026-02-16,6454039,INTDAILY,J90,TAIBIR,UPDATE_NOTE,FILTERED_OUT,,"AUTOHOL: Holiday, 02/16/2026"
Taiwan,2026-02-17,6468255,INTDAILY,J13,3 Month Deposit Rate,UPDATE_NOTE,FILTERED_OUT,,"AUTOHOL: Holiday, 02/17/2026"
Taiwan,2026-02-17,6468477,INTDAILY,V57,Asian Stock Market - TAIEX,UPDATE_NOTE,FILTERED_OUT,,"AUTOHOL: Holiday, 02/17/2026"
Taiwan,2026-02-17,6468632,INTDAILY,W47,US Exchange Rates,UPDATE_NOTE,FILTERED_OUT,,"AUTOHOL: Holiday, 02/17/2026"
Taiwan,2026-02-17,6468633,INTDAILY,W48,Interbank Overnight Rate,UPDATE_NOTE,FILTERED_OUT,,"AUTOHOL: Holiday, 02/17/2026"
Taiwan,2026-02-17,6468772,INTDAILY,X60,Taiwan Interbank Rates [TAIBOR],UPDATE_NOTE,FILTERED_OUT,,"AUTOHOL: Holiday, 02/17/2026"
Taiwan,2026-02-17,6468993,INTDAILY,J90,TAIBIR,UPDATE_NOTE,FILTERED_OUT,,"AUTOHOL: Holiday, 02/17/2026"
Taiwan,2026-02-18,6466528,INTDAILY,J13,3 Month Deposit Rate,UPDATE_NOTE,FILTERED_OUT,,"AUTOHOL: Holiday, 02/18/2026"
Taiwan,2026-02-18,6466759,INTDAILY,V57,Asian Stock Market - TAIEX,UPDATE_NOTE,FILTERED_OUT,,"AUTOHOL: Holiday, 02/18/2026"
Taiwan,2026-02-18,6466907,INTDAILY,W47,US Exchange Rates,UPDATE_NOTE,FILTERED_OUT,,"AUTOHOL: Holiday, 02/18/2026"
Taiwan,2026-02-18,6466908,INTDAILY,W48,Interbank Overnight Rate,UPDATE_NOTE,FILTERED_OUT,,"AUTOHOL: Holiday, 02/18/2026"
Taiwan,2026-02-18,6467050,INTDAILY,X60,Taiwan Interbank Rates [TAIBOR],UPDATE_NOTE,FILTERED_OUT,,"AUTOHOL: Holiday, 02/18/2026"
Taiwan,2026-02-18,6467278,INTDAILY,J90,TAIBIR,UPDATE_NOTE,FILTERED_OUT,,"AUTOHOL: Holiday, 02/18/2026"
Taiwan,2026-02-19,6464732,INTDAILY,J13,3 Month Deposit Rate,UPDATE_NOTE,FILTERED_OUT,,"AUTOHOL: Holiday, 02/19/2026"
Taiwan,2026-02-19,6464735,INTWKLY,J11,3 Month Deposit Rate Agg,UPDATE_NOTE,FILTERED_OUT,,"AUTOHOL: Holiday, 02/19/2026"
Taiwan,2026-02-19,6464972,INTDAILY,V57,Asian Stock Market - TAIEX,UPDATE_NOTE,FILTERED_OUT,,"AUTOHOL: Holiday, 02/19/2026"
Taiwan,2026-02-19,6465135,INTDAILY,W47,US Exchange Rates,UPDATE_NOTE,FILTERED_OUT,,"AUTOHOL: Holiday, 02/19/2026"
Taiwan,2026-02-19,6465136,INTDAILY,W48,Interbank Overnight Rate,UPDATE_NOTE,FILTERED_OUT,,"AUTOHOL: Holiday, 02/19/2026"
Taiwan,2026-02-19,6465305,INTDAILY,X60,Taiwan Interbank Rates [TAIBOR],UPDATE_NOTE,FILTERED_OUT,,"AUTOHOL: Holiday, 02/19/2026"
Taiwan,2026-02-19,6465306,INTWKLY,T89,Taiwan Interbank Rates [TAIBOR] Aggregation,UPDATE_NOTE,FILTERED_OUT,,"AUTOHOL: Holiday, 02/19/2026"
Taiwan,2026-02-19,6465536,INTDAILY,J90,TAIBIR,UPDATE_NOTE,FILTERED_OUT,,"AUTOHOL: Holiday, 02/19/2026"
Taiwan,2026-02-19,6465537,INTWKLY,J90,TAIBIR Aggregation,UPDATE_NOTE,FILTERED_OUT,,"AUTOHOL: Holiday, 02/19/2026"
Taiwan,2026-02-20,6463012,INTDAILY,V57,Asian Stock Market - TAIEX,UPDATE_NOTE,FILTERED_OUT,,"AUTOHOL: Holiday, 02/20/2026"
Taiwan,2026-02-20,6463191,INTDAILY,W47,US Exchange Rates,UPDATE_NOTE,FILTERED_OUT,,"AUTOHOL: Holiday, 02/20/2026"
Taiwan,2026-02-20,6463192,INTDAILY,W48,Interbank Overnight Rate,UPDATE_NOTE,FILTERED_OUT,,"AUTOHOL: Holiday, 02/20/2026"
Taiwan,2026-02-20,6463193,INTWKLY,T28,Aggregation: Taiwan US Exchange Rates,UPDATE_NOTE,FILTERED_OUT,,"AUTOHOL: Holiday, 02/20/2026"
Taiwan,2026-02-20,6463201,INTWKLY,T29,Aggregation: Taiwan Interbank Rate,UPDATE_NOTE,FILTERED_OUT,,"AUTOHOL: Holiday, 02/20/2026"
Taiwan,2026-02-20,6463676,INTWKLY,W01,Asian Stock Market - TAIEX Aggregation,UPDATE_NOTE,FILTERED_OUT,,"AUTOHOL: Holiday, 02/20/2026"
Taiwan,2026-02-22,6471616,INTDAILY,J13,3 Month Deposit Rate,UPDATE_NOTE,FILTERED_OUT,,"AUTOHOL: Holiday, 02/22/2026"
Taiwan,2026-02-22,6471710,INTDAILY,X60,Taiwan Interbank Rates [TAIBOR],UPDATE_NOTE,FILTERED_OUT,,"AUTOHOL: Holiday, 02/22/2026"
Taiwan,2026-02-22,6471738,INTDAILY,J90,TAIBIR,UPDATE_NOTE,FILTERED_OUT,,"AUTOHOL: Holiday, 02/22/2026"
Taiwan,2026-02-22,6471918,ENERGY,K77,Taiwan Fuel Prices,UPDATE_NOTE,FILTERED_OUT,,"AUTOHOL: Holiday, 02/22/2026"
Taiwan,2026-02-22,6471929,INTWKLY,K77,Taiwan Fuel Prices Transfer,UPDATE_NOTE,FILTERED_OUT,,"AUTOHOL: Holiday, 02/22/2026"
Macao,2026-02-17,6468258,INTDAILY,J14,Interbank Rates,UPDATE_NOTE,FILTERED_OUT,,"AUTOHOL: Holiday, 02/17/2026"
Macao,2026-02-17,6468259,INTDAILY,R31,Exchange Rates,UPDATE_NOTE,FILTERED_OUT,,"AUTOHOL: Holiday, 02/17/2026"
Macao,2026-02-17,6469069,INTDAILY,T60,MONIA,UPDATE_NOTE,FILTERED_OUT,,"AUTOHOL: Holiday, 02/17/2026"
Macao,2026-02-18,6466531,INTDAILY,J14,Interbank Rates,UPDATE_NOTE,FILTERED_OUT,,"AUTOHOL: Holiday, 02/18/2026"
Macao,2026-02-18,6466532,INTDAILY,R31,Exchange Rates,UPDATE_NOTE,FILTERED_OUT,,"AUTOHOL: Holiday, 02/18/2026"
Macao,2026-02-18,6467356,INTDAILY,T60,MONIA,UPDATE_NOTE,FILTERED_OUT,,"AUTOHOL: Holiday, 02/18/2026"
Macao,2026-02-19,6464736,INTDAILY,J14,Interbank Rates,UPDATE_NOTE,FILTERED_OUT,,"AUTOHOL: Holiday, 02/19/2026"
Macao,2026-02-19,6464737,INTDAILY,R31,Exchange Rates,UPDATE_NOTE,FILTERED_OUT,,"AUTOHOL: Holiday, 02/19/2026"
Macao,2026-02-19,6464740,INTWKLY,R77,Exchange Rates Aggregation,UPDATE_NOTE,FILTERED_OUT,,"AUTOHOL: Holiday, 02/19/2026"
Macao,2026-02-19,6465428,INTWKLY,J12,Interbank Rates Aggreagation,UPDATE_NOTE,FILTERED_OUT,,"AUTOHOL: Holiday, 02/19/2026"
Macao,2026-02-19,6465610,INTDAILY,T60,MONIA,UPDATE_NOTE,FILTERED_OUT,,"AUTOHOL: Holiday, 02/19/2026"
Ecuador,2026-02-17,6468432,INTWKLY,G03,Monetary Bulletin: IMS2,UPDATE_NOTE,FILTERED_OUT,,"AUTOHOL: Holiday, 02/17/2026"
Ecuador,2026-02-17,6468929,INTWKLY,O86,Monetary Bulletin: IMS13,UPDATE_NOTE,FILTERED_OUT,,"AUTOHOL: Holiday, 02/17/2026"
Ecuador,2026-02-17,6469348,INTWKLY,O74,Monetary Bulletin: IMS3,UPDATE_NOTE,FILTERED_OUT,,"AUTOHOL: Holiday, 02/17/2026"
Ecuador,2026-02-17,6469349,INTWKLY,O78,Monetary Bulletin: IMS4,UPDATE_NOTE,FILTERED_OUT,,"AUTOHOL: Holiday, 02/17/2026"
Ecuador,2026-02-17,6469350,INTWKLY,O87,Monetary Bulletin: IMS5,UPDATE_NOTE,FILTERED_OUT,,"AUTOHOL: Holiday, 02/17/2026"
Ecuador,2026-02-17,6469351,INTWKLY,O79,Monetary Bulletin: IMS6,UPDATE_NOTE,FILTERED_OUT,,"AUTOHOL: Holiday, 02/17/2026"
Ecuador,2026-02-17,6469352,INTWKLY,O80,Monetary Bulletin: IMS7,UPDATE_NOTE,FILTERED_OUT,,"AUTOHOL: Holiday, 02/17/2026"
Ecuador,2026-02-17,6469353,INTWKLY,O81,Monetary Bulletin: IMS8,UPDATE_NOTE,FILTERED_OUT,,"AUTOHOL: Holiday, 02/17/2026"
Ecuador,2026-02-17,6469354,INTWKLY,O82,Monetary Bulletin: IMS9,UPDATE_NOTE,FILTERED_OUT,,"AUTOHOL: Holiday, 02/17/2026"
Ecuador,2026-02-17,6469355,INTWKLY,O83,Monetary Bulletin: IMS10,UPDATE_NOTE,FILTERED_OUT,,"AUTOHOL: Holiday, 02/17/2026"
Ecuador,2026-02-17,6469356,INTWKLY,O84,Monetary Bulletin: IMS11,UPDATE_NOTE,FILTERED_OUT,,"AUTOHOL: Holiday, 02/17/2026"
Ecuador,2026-02-17,6469357,INTWKLY,O85,Monetary Bulletin: IMS12,UPDATE_NOTE,FILTERED_OUT,,"AUTOHOL: Holiday, 02/17/2026"
Ecuador,2026-02-17,6469436,INTWKLY,Y77,Monetary Bulletin: IMS14,UPDATE_NOTE,FILTERED_OUT,,"AUTOHOL: Holiday, 02/17/2026"
Mongolia,2026-02-18,6466879,INTDAILY,W16,Exchange Rates,UPDATE_NOTE,FILTERED_OUT,,"AUTOHOL: Holiday, 02/18/2026"
Mongolia,2026-02-18,6466954,INTDAILY,W74,Mongolia Stock Exchange Index,UPDATE_NOTE,FILTERED_OUT,,"AUTOHOL: Holiday, 02/18/2026"
Mongolia,2026-02-19,6465099,INTDAILY,W16,Exchange Rates,UPDATE_NOTE,FILTERED_OUT,,"AUTOHOL: Holiday, 02/19/2026"
Mongolia,2026-02-19,6465194,INTDAILY,W74,Mongolia Stock Exchange Index,UPDATE_NOTE,FILTERED_OUT,,"AUTOHOL: Holiday, 02/19/2026"
Mongolia,2026-02-20,6463136,INTDAILY,W16,Exchange Rates,UPDATE_NOTE,FILTERED_OUT,,"AUTOHOL: Holiday, 02/20/2026"
Mongolia,2026-02-20,6463274,INTDAILY,W74,Mongolia Stock Exchange Index,UPDATE_NOTE,FILTERED_OUT,,"AUTOHOL: Holiday, 02/20/2026"
Mongolia,2026-02-20,6463275,INTWKLY,T65,Mongolia Stock Exchange Aggregation,UPDATE_NOTE,FILTERED_OUT,,"AUTOHOL: Holiday, 02/20/2026"
Mongolia,2026-02-20,6463770,INTWKLY,H86,Exchange Rates Aggregation,UPDATE_NOTE,FILTERED_OUT,,"AUTOHOL: Holiday, 02/20/2026"
Saudi Arabia,2026-02-22,6471801,INTDAILY,T82,Stock Market (Full File),UPDATE_NOTE,FILTERED_OUT,,"AUTOHOL: Holiday, 02/22/2026"
Mauritius,2026-02-17,6468651,INTDAILY,W57,Mauritius Stock,UPDATE_NOTE,FILTERED_OUT,,"AUTOHOL: Holiday, 02/17/2026"
Mauritius,2026-02-17,6468652,INTDAILY,W59,Mauritius Exchange Rates,UPDATE_NOTE,FILTERED_OUT,,"AUTOHOL: Holiday, 02/17/2026"
Mauritius,2026-02-17,6468653,INTDAILY,H10,[ Mid-Rate Calculation] Mauritius Exchange Rates,UPDATE_NOTE,FILTERED_OUT,,"AUTOHOL: Holiday, 02/17/2026"
Mauritius,2026-02-17,6468661,INTDAILY,W65,Mauritius PLIBOR,UPDATE_NOTE,FILTERED_OUT,,"AUTOHOL: Holiday, 02/17/2026"
Jamaica,2026-02-18,6466976,INTDAILY,V10,Jamaica Stock Exchange,UPDATE_NOTE,FILTERED_OUT,,"AUTOHOL: Holiday, 02/18/2026"
Jamaica,2026-02-18,6466988,INTDAILY,G36,Jamaica Exchange Rates,UPDATE_NOTE,FILTERED_OUT,,"AUTOHOL: Holiday, 02/18/2026"
Jamaica,2026-02-18,6466989,INTDAILY,H36,Mid Rates: Jamaica Exchange Rates,UPDATE_NOTE,FILTERED_OUT,,"AUTOHOL: Holiday, 02/18/2026"
Jamaica,2026-02-18,6466996,INTDAILY,X04,Jamaica USD Reference Rate,UPDATE_NOTE,FILTERED_OUT,,"AUTOHOL: Holiday, 02/18/2026"
Myanmar,2026-02-16,6453764,INTDAILY,X39,Stock Market Indicators,UPDATE_NOTE,FILTERED_OUT,,"AUTOHOL: Holiday, 02/16/2026"
Myanmar,2026-02-16,6453767,INTDAILY,X38,Exchange,UPDATE_NOTE,FILTERED_OUT,,"AUTOHOL: Holiday, 02/16/2026"
Myanmar,2026-02-16,6454498,INTDAILY,N15,Forex Market Trade Rates & Volume,UPDATE_NOTE,FILTERED_OUT,,"AUTOHOL: Holiday, 02/16/2026"
Myanmar,2026-02-16,6454572,INTDAILY,O10,Daily Activities of FX Market,UPDATE_NOTE,FILTERED_OUT,,"AUTOHOL: Holiday, 02/16/2026"
Myanmar,2026-02-17,6468751,INTDAILY,X39,Stock Market Indicators,UPDATE_NOTE,FILTERED_OUT,,"AUTOHOL: Holiday, 02/17/2026"
Myanmar,2026-02-17,6468754,INTDAILY,X38,Exchange,UPDATE_NOTE,FILTERED_OUT,,"AUTOHOL: Holiday, 02/17/2026"
Myanmar,2026-02-17,6469409,INTDAILY,N15,Forex Market Trade Rates & Volume,UPDATE_NOTE,FILTERED_OUT,,"AUTOHOL: Holiday, 02/17/2026"
Myanmar,2026-02-17,6469478,INTDAILY,O10,Daily Activities of FX Market,UPDATE_NOTE,FILTERED_OUT,,"AUTOHOL: Holiday, 02/17/2026"
Angola,2026-02-16,6453856,INTDAILY,V09,Exchange Rates,UPDATE_NOTE,FILTERED_OUT,,"AUTOHOL: Holiday, 02/16/2026"
Angola,2026-02-16,6454596,INTDAILY,A23,Parallel Exchange Rates,UPDATE_NOTE,FILTERED_OUT,,"AUTOHOL: Holiday, 02/16/2026"
Angola,2026-02-16,6454597,INTDAILY,A24,Parallel Exchange Mid Rates,UPDATE_NOTE,FILTERED_OUT,,"AUTOHOL: Holiday, 02/16/2026"
Angola,2026-02-17,6468835,INTDAILY,V09,Exchange Rates,UPDATE_NOTE,FILTERED_OUT,,"AUTOHOL: Holiday, 02/17/2026"
Angola,2026-02-17,6469063,INTDAILY,C88,International Reserves,UPDATE_NOTE,FILTERED_OUT,,"AUTOHOL: Holiday, 02/17/2026"
Angola,2026-02-17,6469509,INTDAILY,A23,Parallel Exchange Rates,UPDATE_NOTE,FILTERED_OUT,,"AUTOHOL: Holiday, 02/17/2026"
Angola,2026-02-17,6469510,INTDAILY,A24,Parallel Exchange Mid Rates,UPDATE_NOTE,FILTERED_OUT,,"AUTOHOL: Holiday, 02/17/2026"
Suriname,2026-02-17,6468903,INTDAILY,Y36,Exchange Rates,UPDATE_NOTE,FILTERED_OUT,,"AUTOHOL: Holiday, 02/17/2026"
Suriname,2026-02-17,6468904,INTDAILY,Y37,Exchange Rates [Mid],UPDATE_NOTE,FILTERED_OUT,,"AUTOHOL: Holiday, 02/17/2026"
Nepal,2026-02-18,6467377,INTDAILY,M72,Nepal Stock Exchange,UPDATE_NOTE,FILTERED_OUT,,"AUTOHOL: Holiday, 02/18/2026"
Nepal,2026-02-18,6467384,INTDAILY,M78,Exchange Rates,UPDATE_NOTE,FILTERED_OUT,,"AUTOHOL: Holiday, 02/18/2026"
Nepal,2026-02-18,6467385,INTDAILY,M79,Exchange Rates MID,UPDATE_NOTE,FILTERED_OUT,,"AUTOHOL: Holiday, 02/18/2026"
Nepal,2026-02-19,6465638,INTDAILY,M72,Nepal Stock Exchange,UPDATE_NOTE,FILTERED_OUT,,"AUTOHOL: Holiday, 02/19/2026"
Nepal,2026-02-19,6465639,INTWKLY,M78,Nepal Stock Exchange AGG,UPDATE_NOTE,FILTERED_OUT,,"AUTOHOL: Holiday, 02/19/2026"
Nepal,2026-02-19,6465649,INTDAILY,M78,Exchange Rates,UPDATE_NOTE,FILTERED_OUT,,"AUTOHOL: Holiday, 02/19/2026"
Nepal,2026-02-19,6465650,INTDAILY,M79,Exchange Rates MID,UPDATE_NOTE,FILTERED_OUT,,"AUTOHOL: Holiday, 02/19/2026"
Maldives,2026-02-18,6467549,INTDAILY,U05,Exchange Rates,UPDATE_NOTE,FILTERED_OUT,,"AUTOHOL: Holiday, 02/18/2026"
Maldives,2026-02-18,6467597,TOURISM,"C75, C76, C77",Maldives Daily Tourists,UPDATE_NOTE,FILTERED_OUT,,"AUTOHOL: Holiday, 02/18/2026"
Panama,2026-02-17,6469385,TRANSPRT,"P48, P49, P50",Gatun Lake Water Level,UPDATE_NOTE,FILTERED_OUT,,"AUTOHOL: Holiday, 02/17/2026"
Panama,2026-02-17,6469483,GLSECTOR,"W70, W59, W69",Gatun Lake Water Level Transfer,UPDATE_NOTE,FILTERED_OUT,,"AUTOHOL: Holiday, 02/17/2026"
Libya,2026-02-17,6469715,INTDAILY,"B43, B44, B45",Parallel Exchange Rate,UPDATE_NOTE,FILTERED_OUT,,"AUTOHOL: Holiday, 02/17/2026"
Libya,2026-02-17,6469587,INTDAILY,"E10, E11, E12",Exchange Rates,UPDATE_NOTE,FILTERED_OUT,,"AUTOHOL: Holiday, 02/17/2026"
Libya,2026-02-17,6469725,INTDAILY,"E27, E29, E39",LY Black Parallel Exchange Rate,UPDATE_NOTE,FILTERED_OUT,,"AUTOHOL: Holiday, 02/17/2026"
Sierra Leone,2026-02-18,6467952,INTDAILY,A04,Exchange Rates,UPDATE_NOTE,FILTERED_OUT,,"AUTOHOL: Holiday, 02/18/2026"
Bolivia,2026-02-16,6452995,INTDAILY,R97,Exchange Rates,UPDATE_NOTE,PLANNED,,"AUTOHOL: Holiday, 02/16/2026"
Bolivia,2026-02-16,6453398,INTDAILY,Y53,Exchange Rates Mid-Rates Calculation,UPDATE_NOTE,PLANNED,,"AUTOHOL: Holiday, 02/16/2026"
Bolivia,2026-02-17,6468024,INTDAILY,R97,Exchange Rates,UPDATE_NOTE,PLANNED,,"AUTOHOL: Holiday, 02/17/2026"
Bolivia,2026-02-17,6468411,INTDAILY,Y53,Exchange Rates Mid-Rates Calculation,UPDATE_NOTE,PLANNED,,"AUTOHOL: Holiday, 02/17/2026"
China,2026-02-16,6453002,CHINA,Various,INDIA/CHINA QA Feedback,UPDATE_NOTE,BLOCKED_MAX_UPDATES,,"AUTOHOL: Holiday, 02/16/2026"
China,2026-02-16,6453005,CHINA,Various groups,China CEIC,UPDATE_NOTE,BLOCKED_MAX_UPDATES,,"AUTOHOL: Holiday, 02/16/2026"
China,2026-02-16,6453153,INTDAILY,V59,Asian Stock Market -China Stock Indexes,UPDATE_NOTE,BLOCKED_MAX_UPDATES,,"AUTOHOL: Holiday, 02/16/2026"
China,2026-02-16,6453290,INTDAILY,P68,Wholesale Price Index,UPDATE_NOTE,BLOCKED_MAX_UPDATES,,"AUTOHOL: Holiday, 02/16/2026"
China,2026-02-16,6453430,CMDTY,L75,Shanghai Gold Exchange Prices,UPDATE_NOTE,BLOCKED_MAX_UPDATES,,"AUTOHOL: Holiday, 02/16/2026"
China,2026-02-16,6453484,CHINA,Various groups,China CEIC Check,UPDATE_NOTE,BLOCKED_MAX_UPDATES,,"AUTOHOL: Holiday, 02/16/2026"
China,2026-02-16,6453554,INTDAILY,S99,PBC: OMO Zero,UPDATE_NOTE,BLOCKED_MAX_UPDATES,,"AUTOHOL: Holiday, 02/16/2026"
China,2026-02-16,6453555,INTDAILY,V96,PBC: OMO Calculation,UPDATE_NOTE,BLOCKED_MAX_UPDATES,,"AUTOHOL: Holiday, 02/16/2026"
China,2026-02-16,6453578,CMDTY,L39,SHFE,UPDATE_NOTE,BLOCKED_MAX_UPDATES,,"AUTOHOL: Holiday, 02/16/2026"
China,2026-02-16,6453593,EMERGEPR,Various,CHINA to EMERGEPR Compare,UPDATE_NOTE,BLOCKED_MAX_UPDATES,,"AUTOHOL: Holiday, 02/16/2026"
China,2026-02-16,6453751,INTDAILY,S99/X95,PBoC Operations/HK CMU CHECK,UPDATE_NOTE,BLOCKED_MAX_UPDATES,check 2/14 data,"check 2/14 data | AUTOHOL: Holiday, 02/16/2026"
China,2026-02-16,6453816,FMRCOIND,F21,OMO China Net Injection,UPDATE_NOTE,BLOCKED_MAX_UPDATES,,"AUTOHOL: Holiday, 02/16/2026"
China,2026-02-16,6453824,CHINA,Various,China CEIC,UPDATE_NOTE,BLOCKED_MAX_UPDATES,,"AUTOHOL: Holiday, 02/16/2026"
China,2026-02-16,6453873,CMDTY,M44,Oil Prices CMDTY,UPDATE_NOTE,BLOCKED_MAX_UPDATES,,"AUTOHOL: Holiday, 02/16/2026"
China,2026-02-16,6454020,INTDAILY,V67,Bond Issuance,UPDATE_NOTE,BLOCKED_MAX_UPDATES,may have 2/14 data?,"may have 2/14 data? | AUTOHOL: Holiday, 02/16/2026"
China,2026-02-16,6456436,INTWKLY,V88,Bond Issuance (not in global must be forced manually),UPDATE_NOTE,BLOCKED_MAX_UPDATES,,"AUTOHOL: Holiday, 02/16/2026"
China,2026-02-16,6454041,TRANSPRT,"T96, T97, T98",Subway Passenger Volume for Selected Transit Agencies,UPDATE_NOTE,BLOCKED_MAX_UPDATES,,"AUTOHOL: Holiday, 02/16/2026"
China,2026-02-16,6454043,TRANSPRT,"U02, U03, U04",Subway Passenger Volume for Selected Transit Agencies - Eviews,UPDATE_NOTE,BLOCKED_MAX_UPDATES,,"AUTOHOL: Holiday, 02/16/2026"
China,2026-02-16,6454077,INTDAILY,G74,China Government Bonds,UPDATE_NOTE,BLOCKED_MAX_UPDATES,update 2/14 data,"update 2/14 data | AUTOHOL: Holiday, 02/16/2026"
China,2026-02-16,6454180,TRANSPRT,"B12, B13, B14",China Subway Volume,UPDATE_NOTE,BLOCKED_MAX_UPDATES,,"AUTOHOL: Holiday, 02/16/2026"
China,2026-02-16,6454181,TRANSPRT,"U05, U06, U07",Baidu Congestion Index,UPDATE_NOTE,BLOCKED_MAX_UPDATES,,"AUTOHOL: Holiday, 02/16/2026"
China,2026-02-16,6454191,GLSECTOR,"F65, F66, F67",Maoyan Box,UPDATE_NOTE,BLOCKED_MAX_UPDATES,,"AUTOHOL: Holiday, 02/16/2026"
China,2026-02-16,6454194,CNSECTOR,"I65,I66,I67",Maoyan Box CMP to CNSECTOR,UPDATE_NOTE,BLOCKED_MAX_UPDATES,,"AUTOHOL: Holiday, 02/16/2026"
China,2026-02-16,6454231,INTDAILY,T86,Repeating Term Lending Facility,UPDATE_NOTE,BLOCKED_MAX_UPDATES,,"AUTOHOL: Holiday, 02/16/2026"
China,2026-02-16,6454232,CHINA,Various groups,China CEIC Check,UPDATE_NOTE,BLOCKED_MAX_UPDATES,,"AUTOHOL: Holiday, 02/16/2026"
China,2026-02-16,6454247,ENERGY,"O85, C50, C51",Coal Production and Inventory,UPDATE_NOTE,BLOCKED_MAX_UPDATES,,"AUTOHOL: Holiday, 02/16/2026"
China,2026-02-16,6454248,INTDAILY,"C85, C86, C87",Coal Production and Inventory Transfer,UPDATE_NOTE,BLOCKED_MAX_UPDATES,,"AUTOHOL: Holiday, 02/16/2026"
China,2026-02-16,6454251,INTDAILY,M18,Beijing Stock Exchange,UPDATE_NOTE,BLOCKED_MAX_UPDATES,,"AUTOHOL: Holiday, 02/16/2026"
China,2026-02-16,6454255,INTDAILY,U74,Thermal Coal Futures,UPDATE_NOTE,BLOCKED_MAX_UPDATES,,"AUTOHOL: Holiday, 02/16/2026"
China,2026-02-16,6454256,CMDTY,M51,Thermal Coal Futures Comp,UPDATE_NOTE,BLOCKED_MAX_UPDATES,,"AUTOHOL: Holiday, 02/16/2026"
China,2026-02-16,6454257,INTDAILY,I71,Treasury Yields and Medium Term Notes,UPDATE_NOTE,BLOCKED_MAX_UPDATES,,"AUTOHOL: Holiday, 02/16/2026"
China,2026-02-16,6454260,INTDAILY,G94,"Treasury Yields, Short Term Notes, Repo Rates",UPDATE_NOTE,BLOCKED_MAX_UPDATES,,"AUTOHOL: Holiday, 02/16/2026"
China,2026-02-16,6454271,INTDAILY,U60,Pledged Repo,UPDATE_NOTE,BLOCKED_MAX_UPDATES,update 2/14 data,"update 2/14 data | AUTOHOL: Holiday, 02/16/2026"
China,2026-02-16,6454272,INTDAILY,P33,Wholesale Agricultural Prices,UPDATE_NOTE,BLOCKED_MAX_UPDATES,,"AUTOHOL: Holiday, 02/16/2026"
China,2026-02-16,6454273,CMDTY,P41,Wholesale Agricultural Prices CMP,UPDATE_NOTE,BLOCKED_MAX_UPDATES,,"AUTOHOL: Holiday, 02/16/2026"
China,2026-02-16,6454279,INTDAILY,"U17, U18, U19",Alipay Tianhong Yue Bao Fund,UPDATE_NOTE,BLOCKED_MAX_UPDATES,,"AUTOHOL: Holiday, 02/16/2026"
China,2026-02-16,6454280,INTDAILY,M24,Parity Rates CFETS,UPDATE_NOTE,BLOCKED_MAX_UPDATES,,"AUTOHOL: Holiday, 02/16/2026"
China,2026-02-16,6454282,INTDAILY,U59,Shanghai Stock Connect,UPDATE_NOTE,BLOCKED_MAX_UPDATES,,"AUTOHOL: Holiday, 02/16/2026"
China,2026-02-16,6454283,INTDAILY,U40,Shanghai Stock Exchange Trading Statistics,UPDATE_NOTE,BLOCKED_MAX_UPDATES,,"AUTOHOL: Holiday, 02/16/2026"
China,2026-02-16,6454303,INTDAILY,Various,BACKUP China CFETS to K,UPDATE_NOTE,BLOCKED_MAX_UPDATES,,"AUTOHOL: Holiday, 02/16/2026"
China,2026-02-16,6454342,INTDAILY,D40,Central Bank Bill Yields,UPDATE_NOTE,BLOCKED_MAX_UPDATES,,"AUTOHOL: Holiday, 02/16/2026"
China,2026-02-16,6454354,INTDAILY,D45,Corporate Bond Yields,UPDATE_NOTE,BLOCKED_MAX_UPDATES,,"AUTOHOL: Holiday, 02/16/2026"
China,2026-02-16,6454367,INTDAILY,D48,NCDs,UPDATE_NOTE,BLOCKED_MAX_UPDATES,,"AUTOHOL: Holiday, 02/16/2026"
China,2026-02-16,6454378,INTDAILY,D54,Government-sponsored Agency Bonds,UPDATE_NOTE,BLOCKED_MAX_UPDATES,,"AUTOHOL: Holiday, 02/16/2026"
China,2026-02-16,6454381,INTDAILY,D57,Policy Bank Bonds by Rating,UPDATE_NOTE,BLOCKED_MAX_UPDATES,,"AUTOHOL: Holiday, 02/16/2026"
China,2026-02-16,6454382,INTDAILY,D60,Corporate Bonds by Rating,UPDATE_NOTE,BLOCKED_MAX_UPDATES,,"AUTOHOL: Holiday, 02/16/2026"
China,2026-02-16,6454385,INTDAILY,D63,Medium Term Notes by Rating,UPDATE_NOTE,BLOCKED_MAX_UPDATES,,"AUTOHOL: Holiday, 02/16/2026"
China,2026-02-16,6454392,INTDAILY,D66,Local Government Bonds by Rating,UPDATE_NOTE,BLOCKED_MAX_UPDATES,,"AUTOHOL: Holiday, 02/16/2026"
China,2026-02-16,6454398,INTDAILY,D69,Financial Bonds of Commercial Banks by Rating,UPDATE_NOTE,BLOCKED_MAX_UPDATES,,"AUTOHOL: Holiday, 02/16/2026"
China,2026-02-16,6454407,INTDAILY,D72,Secondary Capital Bond of Commercial Banks,UPDATE_NOTE,BLOCKED_MAX_UPDATES,,"AUTOHOL: Holiday, 02/16/2026"
China,2026-02-16,6454413,ENERGY,K52,Oil Commodity Prices Update,UPDATE_NOTE,BLOCKED_MAX_UPDATES,,"AUTOHOL: Holiday, 02/16/2026"
China,2026-02-16,6454414,INTDAILY,P69,Oil Commodity Prices INTDAILY TRANSFER,UPDATE_NOTE,BLOCKED_MAX_UPDATES,,"AUTOHOL: Holiday, 02/16/2026"
China,2026-02-16,6454419,INTDAILY,D75,Asset-Backed Securities by Rating,UPDATE_NOTE,BLOCKED_MAX_UPDATES,,"AUTOHOL: Holiday, 02/16/2026"
China,2026-02-16,6454422,INTDAILY,D78,Commercial Paper of Securities Company by Rating,UPDATE_NOTE,BLOCKED_MAX_UPDATES,,"AUTOHOL: Holiday, 02/16/2026"
China,2026-02-16,6454423,CNSECTOR,"U05, U06, U07",Baidu Congestion Index,UPDATE_NOTE,BLOCKED_MAX_UPDATES,,"AUTOHOL: Holiday, 02/16/2026"
China,2026-02-16,6454424,CNSECTOR,"T96, T97, T98, U02, U03, U04",Subway Passenger Volume for Selected Transit Agencies CNSECTOR,UPDATE_NOTE,BLOCKED_MAX_UPDATES,,"AUTOHOL: Holiday, 02/16/2026"
China,2026-02-16,6454425,CNSECTOR,"C85, C86, C87",Coal Production and Inventory,UPDATE_NOTE,BLOCKED_MAX_UPDATES,,"AUTOHOL: Holiday, 02/16/2026"
China,2026-02-16,6454438,TRANSPRT,"U59, U66, U67",Baidu Migration Scale Index,UPDATE_NOTE,BLOCKED_MAX_UPDATES,,"AUTOHOL: Holiday, 02/16/2026"
China,2026-02-16,6454439,CNSECTOR,"U59, U66, U67",Baidu Migration Scale Index Comp,UPDATE_NOTE,BLOCKED_MAX_UPDATES,,"AUTOHOL: Holiday, 02/16/2026"
China,2026-02-16,6454486,CHINAR,D95,Air Quality Index [Province] Eviews,UPDATE_NOTE,BLOCKED_MAX_UPDATES,,"AUTOHOL: Holiday, 02/16/2026"
China,2026-02-16,6454487,INTDAILY,V42,Air Quality Index COMP to INTDAILY,UPDATE_NOTE,BLOCKED_MAX_UPDATES,,"AUTOHOL: Holiday, 02/16/2026"
China,2026-02-16,6454522,CHINAR,C97,Air Quality Index,UPDATE_NOTE,BLOCKED_MAX_UPDATES,,"AUTOHOL: Holiday, 02/16/2026"
China,2026-02-16,6454529,INTDAILY,D84,Private Placement Notes (PPN),UPDATE_NOTE,BLOCKED_MAX_UPDATES,,"AUTOHOL: Holiday, 02/16/2026"
China,2026-02-16,6454531,CMDTY,M59,SHFE Volume & Positions,UPDATE_NOTE,BLOCKED_MAX_UPDATES,,"AUTOHOL: Holiday, 02/16/2026"
China,2026-02-16,6454560,TRANSPRT,"T62, T63, T72",Yangtze Water Level - AM Comp,UPDATE_NOTE,BLOCKED_MAX_UPDATES,,"AUTOHOL: Holiday, 02/16/2026"
China,2026-02-16,6454561,GLSECTOR,"V61, V62, V63",Yangtze Water Level - PM,UPDATE_NOTE,BLOCKED_MAX_UPDATES,,"AUTOHOL: Holiday, 02/16/2026"
China,2026-02-16,6454563,TRANSPRT,"W66, W67, W68",Yangtze Water Level - PM Comp,UPDATE_NOTE,BLOCKED_MAX_UPDATES,,"AUTOHOL: Holiday, 02/16/2026"
China,2026-02-16,6454564,GLSECTOR,"V67, V68, V69",Yangtze Water Level - AM,UPDATE_NOTE,BLOCKED_MAX_UPDATES,,"AUTOHOL: Holiday, 02/16/2026"
China,2026-02-16,6454573,INTDAILY,"D91, D92, D93",Forward Rates,UPDATE_NOTE,BLOCKED_MAX_UPDATES,,"AUTOHOL: Holiday, 02/16/2026"
China,2026-02-16,6454629,TRANSPRT,C83,Selected Weekly Transportation Indicators,UPDATE_NOTE,BLOCKED_MAX_UPDATES,,"AUTOHOL: Holiday, 02/16/2026"
China,2026-02-16,6454714,INTDAILY,Various,CFETS Daily Bulletin Backup,UPDATE_NOTE,BLOCKED_MAX_UPDATES,,"AUTOHOL: Holiday, 02/16/2026"
China,2026-02-16,6454723,INTDAILY,"K59, K76, K77",Interest Rate Swap,UPDATE_NOTE,BLOCKED_MAX_UPDATES,update 2/14 data,"update 2/14 data | AUTOHOL: Holiday, 02/16/2026"
China,2026-02-16,6454731,CMDTY,L55,Shanghai Gold Exchange Benchmark,UPDATE_NOTE,BLOCKED_MAX_UPDATES,,"AUTOHOL: Holiday, 02/16/2026"
China,2026-02-16,6454764,INTDAILY,K97,Margin Trading Transaction,UPDATE_NOTE,BLOCKED_MAX_UPDATES,,"AUTOHOL: Holiday, 02/16/2026"
China,2026-02-16,6454765,INTWKLY,K97,Margin Trading Transaction AGG,UPDATE_NOTE,BLOCKED_MAX_UPDATES,,"AUTOHOL: Holiday, 02/16/2026"
China,2026-02-16,6454783,CMDTY,M30,Shanghai Metals Market Prices,UPDATE_NOTE,BLOCKED_MAX_UPDATES,,"AUTOHOL: Holiday, 02/16/2026"
China,2026-02-16,6469757,TRANSPRT,"U83,U95,U96",LNY Passenger Volume,UPDATE_NOTE,BLOCKED_MAX_UPDATES,,"AUTOHOL: Holiday, 02/16/2026"
China,2026-02-17,6468031,CHINA,Various,INDIA/CHINA QA Feedback,UPDATE_NOTE,BLOCKED_MAX_UPDATES,,"AUTOHOL: Holiday, 02/17/2026"
China,2026-02-17,6468034,CHINA,Various groups,China CEIC,UPDATE_NOTE,BLOCKED_MAX_UPDATES,,"AUTOHOL: Holiday, 02/17/2026"
China,2026-02-17,6468175,INTDAILY,V59,Asian Stock Market -China Stock Indexes,UPDATE_NOTE,BLOCKED_MAX_UPDATES,,"AUTOHOL: Holiday, 02/17/2026"
China,2026-02-17,6468311,INTDAILY,P68,Wholesale Price Index,UPDATE_NOTE,BLOCKED_MAX_UPDATES,,"AUTOHOL: Holiday, 02/17/2026"
China,2026-02-17,6468440,CMDTY,L75,Shanghai Gold Exchange Prices,UPDATE_NOTE,BLOCKED_MAX_UPDATES,,"AUTOHOL: Holiday, 02/17/2026"
China,2026-02-17,6468489,CHINA,Various groups,China CEIC Check,UPDATE_NOTE,BLOCKED_MAX_UPDATES,,"AUTOHOL: Holiday, 02/17/2026"
China,2026-02-17,6468563,INTDAILY,S99,PBC: OMO Zero,UPDATE_NOTE,BLOCKED_MAX_UPDATES,,"AUTOHOL: Holiday, 02/17/2026"
China,2026-02-17,6468564,INTDAILY,V96,PBC: OMO Calculation,UPDATE_NOTE,BLOCKED_MAX_UPDATES,,"AUTOHOL: Holiday, 02/17/2026"
China,2026-02-17,6468592,CMDTY,L39,SHFE,UPDATE_NOTE,BLOCKED_MAX_UPDATES,,"AUTOHOL: Holiday, 02/17/2026"
China,2026-02-17,6468606,EMERGEPR,Various,CHINA to EMERGEPR Compare,UPDATE_NOTE,BLOCKED_MAX_UPDATES,,"AUTOHOL: Holiday, 02/17/2026"
China,2026-02-17,6468686,INTWKLY,T66,China Agricultural Food Prices,UPDATE_NOTE,BLOCKED_MAX_UPDATES,,"AUTOHOL: Holiday, 02/17/2026"
China,2026-02-17,6468803,FMRCOIND,F21,OMO China Net Injection,UPDATE_NOTE,BLOCKED_MAX_UPDATES,,"AUTOHOL: Holiday, 02/17/2026"
China,2026-02-17,6468809,CHINA,Various,China CEIC,UPDATE_NOTE,BLOCKED_MAX_UPDATES,,"AUTOHOL: Holiday, 02/17/2026"
China,2026-02-17,6468995,TRANSPRT,"T96, T97, T98",Subway Passenger Volume for Selected Transit Agencies,UPDATE_NOTE,BLOCKED_MAX_UPDATES,,"AUTOHOL: Holiday, 02/17/2026"
China,2026-02-17,6468999,TRANSPRT,"U02, U03, U04",Subway Passenger Volume for Selected Transit Agencies - Eviews,UPDATE_NOTE,BLOCKED_MAX_UPDATES,,"AUTOHOL: Holiday, 02/17/2026"
China,2026-02-17,6469109,TRANSPRT,"B12, B13, B14",China Subway Volume,UPDATE_NOTE,BLOCKED_MAX_UPDATES,,"AUTOHOL: Holiday, 02/17/2026"
China,2026-02-17,6469110,TRANSPRT,"U05, U06, U07",Baidu Congestion Index,UPDATE_NOTE,BLOCKED_MAX_UPDATES,,"AUTOHOL: Holiday, 02/17/2026"
China,2026-02-17,6469119,GLSECTOR,"F65, F66, F67",Maoyan Box,UPDATE_NOTE,BLOCKED_MAX_UPDATES,,"AUTOHOL: Holiday, 02/17/2026"
China,2026-02-17,6469121,CNSECTOR,"I65,I66,I67",Maoyan Box CMP to CNSECTOR,UPDATE_NOTE,BLOCKED_MAX_UPDATES,,"AUTOHOL: Holiday, 02/17/2026"
China,2026-02-17,6469155,INTDAILY,T86,Repeating Term Lending Facility,UPDATE_NOTE,BLOCKED_MAX_UPDATES,,"AUTOHOL: Holiday, 02/17/2026"
China,2026-02-17,6469156,CHINA,Various groups,China CEIC Check,UPDATE_NOTE,BLOCKED_MAX_UPDATES,,"AUTOHOL: Holiday, 02/17/2026"
China,2026-02-17,6469167,ENERGY,"O85, C50, C51",Coal Production and Inventory,UPDATE_NOTE,BLOCKED_MAX_UPDATES,,"AUTOHOL: Holiday, 02/17/2026"
China,2026-02-17,6469168,INTDAILY,"C85, C86, C87",Coal Production and Inventory Transfer,UPDATE_NOTE,BLOCKED_MAX_UPDATES,,"AUTOHOL: Holiday, 02/17/2026"
China,2026-02-17,6469173,INTDAILY,M18,Beijing Stock Exchange,UPDATE_NOTE,BLOCKED_MAX_UPDATES,,"AUTOHOL: Holiday, 02/17/2026"
China,2026-02-17,6469176,INTDAILY,U74,Thermal Coal Futures,UPDATE_NOTE,BLOCKED_MAX_UPDATES,,"AUTOHOL: Holiday, 02/17/2026"
China,2026-02-17,6469177,CMDTY,M51,Thermal Coal Futures Comp,UPDATE_NOTE,BLOCKED_MAX_UPDATES,,"AUTOHOL: Holiday, 02/17/2026"
China,2026-02-17,6469178,INTDAILY,I71,Treasury Yields and Medium Term Notes,UPDATE_NOTE,BLOCKED_MAX_UPDATES,,"AUTOHOL: Holiday, 02/17/2026"
China,2026-02-17,6469181,INTDAILY,G94,"Treasury Yields, Short Term Notes, Repo Rates",UPDATE_NOTE,BLOCKED_MAX_UPDATES,,"AUTOHOL: Holiday, 02/17/2026"
China,2026-02-17,6469190,INTDAILY,P33,Wholesale Agricultural Prices,UPDATE_NOTE,BLOCKED_MAX_UPDATES,,"AUTOHOL: Holiday, 02/17/2026"
China,2026-02-17,6469191,CMDTY,P41,Wholesale Agricultural Prices CMP,UPDATE_NOTE,BLOCKED_MAX_UPDATES,,"AUTOHOL: Holiday, 02/17/2026"
China,2026-02-17,6469197,INTDAILY,"U17, U18, U19",Alipay Tianhong Yue Bao Fund,UPDATE_NOTE,BLOCKED_MAX_UPDATES,,"AUTOHOL: Holiday, 02/17/2026"
China,2026-02-17,6469198,INTDAILY,M24,Parity Rates CFETS,UPDATE_NOTE,BLOCKED_MAX_UPDATES,,"AUTOHOL: Holiday, 02/17/2026"
China,2026-02-17,6469200,INTDAILY,U59,Shanghai Stock Connect,UPDATE_NOTE,BLOCKED_MAX_UPDATES,,"AUTOHOL: Holiday, 02/17/2026"
China,2026-02-17,6469201,INTDAILY,U40,Shanghai Stock Exchange Trading Statistics,UPDATE_NOTE,BLOCKED_MAX_UPDATES,,"AUTOHOL: Holiday, 02/17/2026"
China,2026-02-17,6469222,INTDAILY,Various,BACKUP China CFETS to K,UPDATE_NOTE,BLOCKED_MAX_UPDATES,,"AUTOHOL: Holiday, 02/17/2026"
China,2026-02-17,6469253,INTDAILY,D40,Central Bank Bill Yields,UPDATE_NOTE,BLOCKED_MAX_UPDATES,,"AUTOHOL: Holiday, 02/17/2026"
China,2026-02-17,6469262,INTDAILY,D45,Corporate Bond Yields,UPDATE_NOTE,BLOCKED_MAX_UPDATES,,"AUTOHOL: Holiday, 02/17/2026"
China,2026-02-17,6469274,INTDAILY,D48,NCDs,UPDATE_NOTE,BLOCKED_MAX_UPDATES,,"AUTOHOL: Holiday, 02/17/2026"
China,2026-02-17,6469284,INTDAILY,D54,Government-sponsored Agency Bonds,UPDATE_NOTE,BLOCKED_MAX_UPDATES,,"AUTOHOL: Holiday, 02/17/2026"
China,2026-02-17,6469287,INTDAILY,D57,Policy Bank Bonds by Rating,UPDATE_NOTE,BLOCKED_MAX_UPDATES,,"AUTOHOL: Holiday, 02/17/2026"
China,2026-02-17,6469288,INTDAILY,D60,Corporate Bonds by Rating,UPDATE_NOTE,BLOCKED_MAX_UPDATES,,"AUTOHOL: Holiday, 02/17/2026"
China,2026-02-17,6469292,INTDAILY,D63,Medium Term Notes by Rating,UPDATE_NOTE,BLOCKED_MAX_UPDATES,,"AUTOHOL: Holiday, 02/17/2026"
China,2026-02-17,6469299,INTDAILY,D66,Local Government Bonds by Rating,UPDATE_NOTE,BLOCKED_MAX_UPDATES,,"AUTOHOL: Holiday, 02/17/2026"
China,2026-02-17,6469304,INTWKLY,K85,Coal Production and Inventory Agg,UPDATE_NOTE,BLOCKED_MAX_UPDATES,,"AUTOHOL: Holiday, 02/17/2026"
China,2026-02-17,6469308,INTDAILY,D69,Financial Bonds of Commercial Banks by Rating,UPDATE_NOTE,BLOCKED_MAX_UPDATES,,"AUTOHOL: Holiday, 02/17/2026"
China,2026-02-17,6469321,INTDAILY,D72,Secondary Capital Bond of Commercial Banks,UPDATE_NOTE,BLOCKED_MAX_UPDATES,,"AUTOHOL: Holiday, 02/17/2026"
China,2026-02-17,6469325,ENERGY,K52,Oil Commodity Prices Update,UPDATE_NOTE,BLOCKED_MAX_UPDATES,,"AUTOHOL: Holiday, 02/17/2026"
China,2026-02-17,6469326,INTDAILY,P69,Oil Commodity Prices INTDAILY TRANSFER,UPDATE_NOTE,BLOCKED_MAX_UPDATES,,"AUTOHOL: Holiday, 02/17/2026"
China,2026-02-17,6469331,INTDAILY,D75,Asset-Backed Securities by Rating,UPDATE_NOTE,BLOCKED_MAX_UPDATES,,"AUTOHOL: Holiday, 02/17/2026"
China,2026-02-17,6469333,INTDAILY,D78,Commercial Paper of Securities Company by Rating,UPDATE_NOTE,BLOCKED_MAX_UPDATES,,"AUTOHOL: Holiday, 02/17/2026"
China,2026-02-17,6469334,CNSECTOR,"U05, U06, U07",Baidu Congestion Index,UPDATE_NOTE,BLOCKED_MAX_UPDATES,,"AUTOHOL: Holiday, 02/17/2026"
China,2026-02-17,6469335,CNSECTOR,"T96, T97, T98, U02, U03, U04",Subway Passenger Volume for Selected Transit Agencies CNSECTOR,UPDATE_NOTE,BLOCKED_MAX_UPDATES,,"AUTOHOL: Holiday, 02/17/2026"
China,2026-02-17,6469336,CNSECTOR,"C85, C86, C87",Coal Production and Inventory,UPDATE_NOTE,BLOCKED_MAX_UPDATES,,"AUTOHOL: Holiday, 02/17/2026"
China,2026-02-17,6469346,TRANSPRT,"U59, U66, U67",Baidu Migration Scale Index,UPDATE_NOTE,BLOCKED_MAX_UPDATES,,"AUTOHOL: Holiday, 02/17/2026"
China,2026-02-17,6469347,CNSECTOR,"U59, U66, U67",Baidu Migration Scale Index Comp,UPDATE_NOTE,BLOCKED_MAX_UPDATES,,"AUTOHOL: Holiday, 02/17/2026"
China,2026-02-17,6469400,CHINAR,D95,Air Quality Index [Province] Eviews,UPDATE_NOTE,BLOCKED_MAX_UPDATES,,"AUTOHOL: Holiday, 02/17/2026"
China,2026-02-17,6469401,INTDAILY,V42,Air Quality Index COMP to INTDAILY,UPDATE_NOTE,BLOCKED_MAX_UPDATES,,"AUTOHOL: Holiday, 02/17/2026"
China,2026-02-17,6469428,CHINAR,C97,Air Quality Index,UPDATE_NOTE,BLOCKED_MAX_UPDATES,,"AUTOHOL: Holiday, 02/17/2026"
China,2026-02-17,6469435,INTDAILY,D84,Private Placement Notes (PPN),UPDATE_NOTE,BLOCKED_MAX_UPDATES,,"AUTOHOL: Holiday, 02/17/2026"
China,2026-02-17,6469438,CMDTY,M59,SHFE Volume & Positions,UPDATE_NOTE,BLOCKED_MAX_UPDATES,,"AUTOHOL: Holiday, 02/17/2026"
China,2026-02-17,6469465,TRANSPRT,"T62, T63, T72",Yangtze Water Level - AM Comp,UPDATE_NOTE,BLOCKED_MAX_UPDATES,,"AUTOHOL: Holiday, 02/17/2026"
China,2026-02-17,6469466,GLSECTOR,"V61, V62, V63",Yangtze Water Level - PM,UPDATE_NOTE,BLOCKED_MAX_UPDATES,,"AUTOHOL: Holiday, 02/17/2026"
China,2026-02-17,6469468,TRANSPRT,"W66, W67, W68",Yangtze Water Level - PM Comp,UPDATE_NOTE,BLOCKED_MAX_UPDATES,,"AUTOHOL: Holiday, 02/17/2026"
China,2026-02-17,6469469,GLSECTOR,"V67, V68, V69",Yangtze Water Level - AM,UPDATE_NOTE,BLOCKED_MAX_UPDATES,,"AUTOHOL: Holiday, 02/17/2026"
China,2026-02-17,6469479,INTDAILY,"D91, D92, D93",Forward Rates,UPDATE_NOTE,BLOCKED_MAX_UPDATES,,"AUTOHOL: Holiday, 02/17/2026"
China,2026-02-17,6469619,INTDAILY,Various,CFETS Daily Bulletin Backup,UPDATE_NOTE,BLOCKED_MAX_UPDATES,,"AUTOHOL: Holiday, 02/17/2026"
China,2026-02-17,6469632,CMDTY,L55,Shanghai Gold Exchange Benchmark,UPDATE_NOTE,BLOCKED_MAX_UPDATES,,"AUTOHOL: Holiday, 02/17/2026"
China,2026-02-17,6469679,CMDTY,M30,Shanghai Metals Market Prices,UPDATE_NOTE,BLOCKED_MAX_UPDATES,,"AUTOHOL: Holiday, 02/17/2026"
China,2026-02-17,6469756,TRANSPRT,"U83,U95,U96",LNY Passenger Volume,UPDATE_NOTE,BLOCKED_MAX_UPDATES,,"AUTOHOL: Holiday, 02/17/2026"
China,2026-02-18,6466305,CHINA,Various,INDIA/CHINA QA Feedback,UPDATE_NOTE,BLOCKED_MAX_UPDATES,,"AUTOHOL: Holiday, 02/18/2026"
China,2026-02-18,6466308,CHINA,Various groups,China CEIC,UPDATE_NOTE,BLOCKED_MAX_UPDATES,,"AUTOHOL: Holiday, 02/18/2026"
China,2026-02-18,6466447,INTDAILY,V59,Asian Stock Market -China Stock Indexes,UPDATE_NOTE,BLOCKED_MAX_UPDATES,,"AUTOHOL: Holiday, 02/18/2026"
China,2026-02-18,6466586,INTDAILY,P68,Wholesale Price Index,UPDATE_NOTE,BLOCKED_MAX_UPDATES,,"AUTOHOL: Holiday, 02/18/2026"
China,2026-02-18,6466719,CMDTY,L75,Shanghai Gold Exchange Prices,UPDATE_NOTE,BLOCKED_MAX_UPDATES,,"AUTOHOL: Holiday, 02/18/2026"
China,2026-02-18,6466771,CHINA,Various groups,China CEIC Check,UPDATE_NOTE,BLOCKED_MAX_UPDATES,,"AUTOHOL: Holiday, 02/18/2026"
China,2026-02-18,6466841,INTDAILY,S99,PBC: OMO Zero,UPDATE_NOTE,BLOCKED_MAX_UPDATES,,"AUTOHOL: Holiday, 02/18/2026"
China,2026-02-18,6466842,INTDAILY,V96,PBC: OMO Calculation,UPDATE_NOTE,BLOCKED_MAX_UPDATES,,"AUTOHOL: Holiday, 02/18/2026"
China,2026-02-18,6466868,CMDTY,L39,SHFE,UPDATE_NOTE,BLOCKED_MAX_UPDATES,,"AUTOHOL: Holiday, 02/18/2026"
China,2026-02-18,6466882,EMERGEPR,Various,CHINA to EMERGEPR Compare,UPDATE_NOTE,BLOCKED_MAX_UPDATES,,"AUTOHOL: Holiday, 02/18/2026"
China,2026-02-18,6467082,FMRCOIND,F21,OMO China Net Injection,UPDATE_NOTE,BLOCKED_MAX_UPDATES,,"AUTOHOL: Holiday, 02/18/2026"
China,2026-02-18,6467088,CHINA,Various,China CEIC,UPDATE_NOTE,BLOCKED_MAX_UPDATES,,"AUTOHOL: Holiday, 02/18/2026"
China,2026-02-18,6467225,ENERGY,O06,Import Price of LNG,UPDATE_NOTE,BLOCKED_MAX_UPDATES,,"AUTOHOL: Holiday, 02/18/2026"
China,2026-02-18,6467280,TRANSPRT,"T96, T97, T98",Subway Passenger Volume for Selected Transit Agencies,UPDATE_NOTE,BLOCKED_MAX_UPDATES,,"AUTOHOL: Holiday, 02/18/2026"
China,2026-02-18,6467287,TRANSPRT,"U02, U03, U04",Subway Passenger Volume for Selected Transit Agencies - Eviews,UPDATE_NOTE,BLOCKED_MAX_UPDATES,,"AUTOHOL: Holiday, 02/18/2026"
China,2026-02-18,6467398,TRANSPRT,"B12, B13, B14",China Subway Volume,UPDATE_NOTE,BLOCKED_MAX_UPDATES,,"AUTOHOL: Holiday, 02/18/2026"
China,2026-02-18,6467399,TRANSPRT,"U05, U06, U07",Baidu Congestion Index,UPDATE_NOTE,BLOCKED_MAX_UPDATES,,"AUTOHOL: Holiday, 02/18/2026"
China,2026-02-18,6467410,GLSECTOR,"F65, F66, F67",Maoyan Box,UPDATE_NOTE,BLOCKED_MAX_UPDATES,,"AUTOHOL: Holiday, 02/18/2026"
China,2026-02-18,6467412,CNSECTOR,"I65,I66,I67",Maoyan Box CMP to CNSECTOR,UPDATE_NOTE,BLOCKED_MAX_UPDATES,,"AUTOHOL: Holiday, 02/18/2026"
China,2026-02-18,6467457,INTDAILY,T86,Repeating Term Lending Facility,UPDATE_NOTE,BLOCKED_MAX_UPDATES,,"AUTOHOL: Holiday, 02/18/2026"
China,2026-02-18,6467458,CHINA,Various groups,China CEIC Check,UPDATE_NOTE,BLOCKED_MAX_UPDATES,,"AUTOHOL: Holiday, 02/18/2026"
China,2026-02-18,6467470,ENERGY,"O85, C50, C51",Coal Production and Inventory,UPDATE_NOTE,BLOCKED_MAX_UPDATES,,"AUTOHOL: Holiday, 02/18/2026"
China,2026-02-18,6467471,INTDAILY,"C85, C86, C87",Coal Production and Inventory Transfer,UPDATE_NOTE,BLOCKED_MAX_UPDATES,,"AUTOHOL: Holiday, 02/18/2026"
China,2026-02-18,6467474,INTDAILY,M18,Beijing Stock Exchange,UPDATE_NOTE,BLOCKED_MAX_UPDATES,,"AUTOHOL: Holiday, 02/18/2026"
China,2026-02-18,6467476,INTDAILY,U74,Thermal Coal Futures,UPDATE_NOTE,BLOCKED_MAX_UPDATES,,"AUTOHOL: Holiday, 02/18/2026"
China,2026-02-18,6467477,CMDTY,M51,Thermal Coal Futures Comp,UPDATE_NOTE,BLOCKED_MAX_UPDATES,,"AUTOHOL: Holiday, 02/18/2026"
China,2026-02-18,6467478,INTDAILY,I71,Treasury Yields and Medium Term Notes,UPDATE_NOTE,BLOCKED_MAX_UPDATES,,"AUTOHOL: Holiday, 02/18/2026"
China,2026-02-18,6467481,INTDAILY,G94,"Treasury Yields, Short Term Notes, Repo Rates",UPDATE_NOTE,BLOCKED_MAX_UPDATES,,"AUTOHOL: Holiday, 02/18/2026"
China,2026-02-18,6467491,INTDAILY,P33,Wholesale Agricultural Prices,UPDATE_NOTE,BLOCKED_MAX_UPDATES,,"AUTOHOL: Holiday, 02/18/2026"
China,2026-02-18,6467492,CMDTY,P41,Wholesale Agricultural Prices CMP,UPDATE_NOTE,BLOCKED_MAX_UPDATES,,"AUTOHOL: Holiday, 02/18/2026"
China,2026-02-18,6467498,INTDAILY,"U17, U18, U19",Alipay Tianhong Yue Bao Fund,UPDATE_NOTE,BLOCKED_MAX_UPDATES,,"AUTOHOL: Holiday, 02/18/2026"
China,2026-02-18,6467499,INTDAILY,M24,Parity Rates CFETS,UPDATE_NOTE,BLOCKED_MAX_UPDATES,,"AUTOHOL: Holiday, 02/18/2026"
China,2026-02-18,6467501,INTDAILY,U59,Shanghai Stock Connect,UPDATE_NOTE,BLOCKED_MAX_UPDATES,,"AUTOHOL: Holiday, 02/18/2026"
China,2026-02-18,6467502,INTDAILY,U40,Shanghai Stock Exchange Trading Statistics,UPDATE_NOTE,BLOCKED_MAX_UPDATES,,"AUTOHOL: Holiday, 02/18/2026"
China,2026-02-18,6467525,INTDAILY,Various,BACKUP China CFETS to K,UPDATE_NOTE,BLOCKED_MAX_UPDATES,,"AUTOHOL: Holiday, 02/18/2026"
China,2026-02-18,6467558,INTDAILY,D40,Central Bank Bill Yields,UPDATE_NOTE,BLOCKED_MAX_UPDATES,,"AUTOHOL: Holiday, 02/18/2026"
China,2026-02-18,6467568,INTDAILY,D45,Corporate Bond Yields,UPDATE_NOTE,BLOCKED_MAX_UPDATES,,"AUTOHOL: Holiday, 02/18/2026"
China,2026-02-18,6467580,INTDAILY,D48,NCDs,UPDATE_NOTE,BLOCKED_MAX_UPDATES,,"AUTOHOL: Holiday, 02/18/2026"
China,2026-02-18,6467591,INTDAILY,D54,Government-sponsored Agency Bonds,UPDATE_NOTE,BLOCKED_MAX_UPDATES,,"AUTOHOL: Holiday, 02/18/2026"
China,2026-02-18,6467594,INTDAILY,D57,Policy Bank Bonds by Rating,UPDATE_NOTE,BLOCKED_MAX_UPDATES,,"AUTOHOL: Holiday, 02/18/2026"
China,2026-02-18,6467595,INTDAILY,D60,Corporate Bonds by Rating,UPDATE_NOTE,BLOCKED_MAX_UPDATES,,"AUTOHOL: Holiday, 02/18/2026"
China,2026-02-18,6467599,INTDAILY,D63,Medium Term Notes by Rating,UPDATE_NOTE,BLOCKED_MAX_UPDATES,,"AUTOHOL: Holiday, 02/18/2026"
China,2026-02-18,6467604,INTDAILY,D66,Local Government Bonds by Rating,UPDATE_NOTE,BLOCKED_MAX_UPDATES,,"AUTOHOL: Holiday, 02/18/2026"
China,2026-02-18,6467609,INTDAILY,D69,Financial Bonds of Commercial Banks by Rating,UPDATE_NOTE,BLOCKED_MAX_UPDATES,,"AUTOHOL: Holiday, 02/18/2026"
China,2026-02-18,6467617,INTDAILY,D72,Secondary Capital Bond of Commercial Banks,UPDATE_NOTE,BLOCKED_MAX_UPDATES,,"AUTOHOL: Holiday, 02/18/2026"
China,2026-02-18,6467621,ENERGY,K52,Oil Commodity Prices Update,UPDATE_NOTE,BLOCKED_MAX_UPDATES,,"AUTOHOL: Holiday, 02/18/2026"
China,2026-02-18,6467622,INTDAILY,P69,Oil Commodity Prices INTDAILY TRANSFER,UPDATE_NOTE,BLOCKED_MAX_UPDATES,,"AUTOHOL: Holiday, 02/18/2026"
China,2026-02-18,6467627,INTDAILY,D75,Asset-Backed Securities by Rating,UPDATE_NOTE,BLOCKED_MAX_UPDATES,,"AUTOHOL: Holiday, 02/18/2026"
China,2026-02-18,6467629,INTDAILY,D78,Commercial Paper of Securities Company by Rating,UPDATE_NOTE,BLOCKED_MAX_UPDATES,,"AUTOHOL: Holiday, 02/18/2026"
China,2026-02-18,6467630,CNSECTOR,"U05, U06, U07",Baidu Congestion Index,UPDATE_NOTE,BLOCKED_MAX_UPDATES,,"AUTOHOL: Holiday, 02/18/2026"
China,2026-02-18,6467631,CNSECTOR,"T96, T97, T98, U02, U03, U04",Subway Passenger Volume for Selected Transit Agencies CNSECTOR,UPDATE_NOTE,BLOCKED_MAX_UPDATES,,"AUTOHOL: Holiday, 02/18/2026"
China,2026-02-18,6467632,CNSECTOR,"C85, C86, C87",Coal Production and Inventory,UPDATE_NOTE,BLOCKED_MAX_UPDATES,,"AUTOHOL: Holiday, 02/18/2026"
China,2026-02-18,6467642,TRANSPRT,"U59, U66, U67",Baidu Migration Scale Index,UPDATE_NOTE,BLOCKED_MAX_UPDATES,,"AUTOHOL: Holiday, 02/18/2026"
China,2026-02-18,6467643,CNSECTOR,"U59, U66, U67",Baidu Migration Scale Index Comp,UPDATE_NOTE,BLOCKED_MAX_UPDATES,,"AUTOHOL: Holiday, 02/18/2026"
China,2026-02-18,6467690,CHINAR,D95,Air Quality Index [Province] Eviews,UPDATE_NOTE,BLOCKED_MAX_UPDATES,,"AUTOHOL: Holiday, 02/18/2026"
China,2026-02-18,6467691,INTDAILY,V42,Air Quality Index COMP to INTDAILY,UPDATE_NOTE,BLOCKED_MAX_UPDATES,,"AUTOHOL: Holiday, 02/18/2026"
China,2026-02-18,6467729,CHINAR,C97,Air Quality Index,UPDATE_NOTE,BLOCKED_MAX_UPDATES,,"AUTOHOL: Holiday, 02/18/2026"
China,2026-02-18,6467738,INTDAILY,D84,Private Placement Notes (PPN),UPDATE_NOTE,BLOCKED_MAX_UPDATES,,"AUTOHOL: Holiday, 02/18/2026"
China,2026-02-18,6467740,CMDTY,M59,SHFE Volume & Positions,UPDATE_NOTE,BLOCKED_MAX_UPDATES,,"AUTOHOL: Holiday, 02/18/2026"
China,2026-02-18,6467764,TRANSPRT,"T62, T63, T72",Yangtze Water Level - AM Comp,UPDATE_NOTE,BLOCKED_MAX_UPDATES,,"AUTOHOL: Holiday, 02/18/2026"
China,2026-02-18,6467765,GLSECTOR,"V61, V62, V63",Yangtze Water Level - PM,UPDATE_NOTE,BLOCKED_MAX_UPDATES,,"AUTOHOL: Holiday, 02/18/2026"
China,2026-02-18,6467767,TRANSPRT,"W66, W67, W68",Yangtze Water Level - PM Comp,UPDATE_NOTE,BLOCKED_MAX_UPDATES,,"AUTOHOL: Holiday, 02/18/2026"
China,2026-02-18,6467768,GLSECTOR,"V67, V68, V69",Yangtze Water Level - AM,UPDATE_NOTE,BLOCKED_MAX_UPDATES,,"AUTOHOL: Holiday, 02/18/2026"
China,2026-02-18,6467779,INTDAILY,"D91, D92, D93",Forward Rates,UPDATE_NOTE,BLOCKED_MAX_UPDATES,,"AUTOHOL: Holiday, 02/18/2026"
China,2026-02-18,6467926,INTDAILY,Various,CFETS Daily Bulletin Backup,UPDATE_NOTE,BLOCKED_MAX_UPDATES,,"AUTOHOL: Holiday, 02/18/2026"
China,2026-02-18,6467941,CMDTY,L55,Shanghai Gold Exchange Benchmark,UPDATE_NOTE,BLOCKED_MAX_UPDATES,,"AUTOHOL: Holiday, 02/18/2026"
China,2026-02-18,6467989,CMDTY,M30,Shanghai Metals Market Prices,UPDATE_NOTE,BLOCKED_MAX_UPDATES,,"AUTOHOL: Holiday, 02/18/2026"
China,2026-02-18,6469755,TRANSPRT,"U83,U95,U96",LNY Passenger Volume,UPDATE_NOTE,BLOCKED_MAX_UPDATES,,"AUTOHOL: Holiday, 02/18/2026"
China,2026-02-19,6464492,CHINA,Various,INDIA/CHINA QA Feedback,UPDATE_NOTE,BLOCKED_MAX_UPDATES,,"AUTOHOL: Holiday, 02/19/2026"
China,2026-02-19,6464495,CHINA,Various groups,China CEIC,UPDATE_NOTE,BLOCKED_MAX_UPDATES,,"AUTOHOL: Holiday, 02/19/2026"
China,2026-02-19,6464649,INTWKLY,F29,SHIBOR Aggregation,UPDATE_NOTE,BLOCKED_MAX_UPDATES,,"AUTOHOL: Holiday, 02/19/2026"
China,2026-02-19,6464651,INTDAILY,V59,Asian Stock Market -China Stock Indexes,UPDATE_NOTE,BLOCKED_MAX_UPDATES,,"AUTOHOL: Holiday, 02/19/2026"
China,2026-02-19,6464694,INTWKLY,P81,China Weekly Steel Prices & Indexes,UPDATE_NOTE,BLOCKED_MAX_UPDATES,,"AUTOHOL: Holiday, 02/19/2026"
China,2026-02-19,6464796,INTDAILY,P68,Wholesale Price Index,UPDATE_NOTE,BLOCKED_MAX_UPDATES,,"AUTOHOL: Holiday, 02/19/2026"
China,2026-02-19,6464938,CMDTY,L75,Shanghai Gold Exchange Prices,UPDATE_NOTE,BLOCKED_MAX_UPDATES,,"AUTOHOL: Holiday, 02/19/2026"
China,2026-02-19,6464984,CHINA,Various groups,China CEIC Check,UPDATE_NOTE,BLOCKED_MAX_UPDATES,,"AUTOHOL: Holiday, 02/19/2026"
China,2026-02-19,6465059,INTDAILY,S99,PBC: OMO Zero,UPDATE_NOTE,BLOCKED_MAX_UPDATES,,"AUTOHOL: Holiday, 02/19/2026"
China,2026-02-19,6465060,INTDAILY,V96,PBC: OMO Calculation,UPDATE_NOTE,BLOCKED_MAX_UPDATES,,"AUTOHOL: Holiday, 02/19/2026"
China,2026-02-19,6465064,INTWKLY,S99,PBC: OMO Aggregation,UPDATE_NOTE,BLOCKED_MAX_UPDATES,,"AUTOHOL: Holiday, 02/19/2026"
China,2026-02-19,6465089,CMDTY,L39,SHFE,UPDATE_NOTE,BLOCKED_MAX_UPDATES,,"AUTOHOL: Holiday, 02/19/2026"
China,2026-02-19,6465102,EMERGEPR,Various,CHINA to EMERGEPR Compare,UPDATE_NOTE,BLOCKED_MAX_UPDATES,,"AUTOHOL: Holiday, 02/19/2026"
China,2026-02-19,6465123,INTWKLY,R79,Aggregation: Exchange Rates,UPDATE_NOTE,BLOCKED_MAX_UPDATES,,"AUTOHOL: Holiday, 02/19/2026"
China,2026-02-19,6465342,FMRCOIND,F21,OMO China Net Injection,UPDATE_NOTE,BLOCKED_MAX_UPDATES,,"AUTOHOL: Holiday, 02/19/2026"
China,2026-02-19,6465348,CHINA,Various,China CEIC,UPDATE_NOTE,BLOCKED_MAX_UPDATES,,"AUTOHOL: Holiday, 02/19/2026"
China,2026-02-19,6465539,TRANSPRT,"T96, T97, T98",Subway Passenger Volume for Selected Transit Agencies,UPDATE_NOTE,BLOCKED_MAX_UPDATES,,"AUTOHOL: Holiday, 02/19/2026"
China,2026-02-19,6465541,TRANSPRT,"U02, U03, U04",Subway Passenger Volume for Selected Transit Agencies - Eviews,UPDATE_NOTE,BLOCKED_MAX_UPDATES,,"AUTOHOL: Holiday, 02/19/2026"
China,2026-02-19,6465662,TRANSPRT,"B12, B13, B14",China Subway Volume,UPDATE_NOTE,BLOCKED_MAX_UPDATES,,"AUTOHOL: Holiday, 02/19/2026"
China,2026-02-19,6465663,TRANSPRT,"U05, U06, U07",Baidu Congestion Index,UPDATE_NOTE,BLOCKED_MAX_UPDATES,,"AUTOHOL: Holiday, 02/19/2026"
China,2026-02-19,6465672,GLSECTOR,"F65, F66, F67",Maoyan Box,UPDATE_NOTE,BLOCKED_MAX_UPDATES,,"AUTOHOL: Holiday, 02/19/2026"
China,2026-02-19,6465674,CNSECTOR,"I65,I66,I67",Maoyan Box CMP to CNSECTOR,UPDATE_NOTE,BLOCKED_MAX_UPDATES,,"AUTOHOL: Holiday, 02/19/2026"
China,2026-02-19,6465710,CHINA,Various groups,China CEIC Check,UPDATE_NOTE,BLOCKED_MAX_UPDATES,,"AUTOHOL: Holiday, 02/19/2026"
China,2026-02-19,6465714,INTWKLY,W91,Interbank Repo Rates Aggregation,UPDATE_NOTE,BLOCKED_MAX_UPDATES,,"AUTOHOL: Holiday, 02/19/2026"
China,2026-02-19,6465724,ENERGY,"O85, C50, C51",Coal Production and Inventory,UPDATE_NOTE,BLOCKED_MAX_UPDATES,,"AUTOHOL: Holiday, 02/19/2026"
China,2026-02-19,6465725,INTDAILY,"C85, C86, C87",Coal Production and Inventory Transfer,UPDATE_NOTE,BLOCKED_MAX_UPDATES,,"AUTOHOL: Holiday, 02/19/2026"
China,2026-02-19,6465730,INTDAILY,M18,Beijing Stock Exchange,UPDATE_NOTE,BLOCKED_MAX_UPDATES,,"AUTOHOL: Holiday, 02/19/2026"
China,2026-02-19,6465732,INTDAILY,U74,Thermal Coal Futures,UPDATE_NOTE,BLOCKED_MAX_UPDATES,,"AUTOHOL: Holiday, 02/19/2026"
China,2026-02-19,6465733,CMDTY,M51,Thermal Coal Futures Comp,UPDATE_NOTE,BLOCKED_MAX_UPDATES,,"AUTOHOL: Holiday, 02/19/2026"
China,2026-02-19,6465734,INTDAILY,I71,Treasury Yields and Medium Term Notes,UPDATE_NOTE,BLOCKED_MAX_UPDATES,,"AUTOHOL: Holiday, 02/19/2026"
China,2026-02-19,6465737,INTDAILY,G94,"Treasury Yields, Short Term Notes, Repo Rates",UPDATE_NOTE,BLOCKED_MAX_UPDATES,,"AUTOHOL: Holiday, 02/19/2026"
China,2026-02-19,6465747,INTDAILY,P33,Wholesale Agricultural Prices,UPDATE_NOTE,BLOCKED_MAX_UPDATES,,"AUTOHOL: Holiday, 02/19/2026"
China,2026-02-19,6465748,CMDTY,P41,Wholesale Agricultural Prices CMP,UPDATE_NOTE,BLOCKED_MAX_UPDATES,,"AUTOHOL: Holiday, 02/19/2026"
China,2026-02-19,6465755,INTDAILY,"U17, U18, U19",Alipay Tianhong Yue Bao Fund,UPDATE_NOTE,BLOCKED_MAX_UPDATES,,"AUTOHOL: Holiday, 02/19/2026"
China,2026-02-19,6465756,INTDAILY,M24,Parity Rates CFETS,UPDATE_NOTE,BLOCKED_MAX_UPDATES,,"AUTOHOL: Holiday, 02/19/2026"
China,2026-02-19,6465758,INTDAILY,U59,Shanghai Stock Connect,UPDATE_NOTE,BLOCKED_MAX_UPDATES,,"AUTOHOL: Holiday, 02/19/2026"
China,2026-02-19,6465759,INTDAILY,U40,Shanghai Stock Exchange Trading Statistics,UPDATE_NOTE,BLOCKED_MAX_UPDATES,,"AUTOHOL: Holiday, 02/19/2026"
China,2026-02-19,6465782,INTDAILY,Various,BACKUP China CFETS to K,UPDATE_NOTE,BLOCKED_MAX_UPDATES,,"AUTOHOL: Holiday, 02/19/2026"
China,2026-02-19,6465818,INTDAILY,D40,Central Bank Bill Yields,UPDATE_NOTE,BLOCKED_MAX_UPDATES,,"AUTOHOL: Holiday, 02/19/2026"
China,2026-02-19,6465828,INTDAILY,D45,Corporate Bond Yields,UPDATE_NOTE,BLOCKED_MAX_UPDATES,,"AUTOHOL: Holiday, 02/19/2026"
China,2026-02-19,6465843,INTDAILY,D48,NCDs,UPDATE_NOTE,BLOCKED_MAX_UPDATES,,"AUTOHOL: Holiday, 02/19/2026"
China,2026-02-19,6465854,INTDAILY,D54,Government-sponsored Agency Bonds,UPDATE_NOTE,BLOCKED_MAX_UPDATES,,"AUTOHOL: Holiday, 02/19/2026"
China,2026-02-19,6465857,INTDAILY,D57,Policy Bank Bonds by Rating,UPDATE_NOTE,BLOCKED_MAX_UPDATES,,"AUTOHOL: Holiday, 02/19/2026"
China,2026-02-19,6465858,INTDAILY,D60,Corporate Bonds by Rating,UPDATE_NOTE,BLOCKED_MAX_UPDATES,,"AUTOHOL: Holiday, 02/19/2026"
China,2026-02-19,6465863,INTDAILY,D63,Medium Term Notes by Rating,UPDATE_NOTE,BLOCKED_MAX_UPDATES,,"AUTOHOL: Holiday, 02/19/2026"
China,2026-02-19,6465868,INTDAILY,D66,Local Government Bonds by Rating,UPDATE_NOTE,BLOCKED_MAX_UPDATES,,"AUTOHOL: Holiday, 02/19/2026"
China,2026-02-19,6465873,INTDAILY,D69,Financial Bonds of Commercial Banks by Rating,UPDATE_NOTE,BLOCKED_MAX_UPDATES,,"AUTOHOL: Holiday, 02/19/2026"
China,2026-02-19,6465883,INTDAILY,D72,Secondary Capital Bond of Commercial Banks,UPDATE_NOTE,BLOCKED_MAX_UPDATES,,"AUTOHOL: Holiday, 02/19/2026"
China,2026-02-19,6465887,ENERGY,K52,Oil Commodity Prices Update,UPDATE_NOTE,BLOCKED_MAX_UPDATES,,"AUTOHOL: Holiday, 02/19/2026"
China,2026-02-19,6465888,INTDAILY,P69,Oil Commodity Prices INTDAILY TRANSFER,UPDATE_NOTE,BLOCKED_MAX_UPDATES,,"AUTOHOL: Holiday, 02/19/2026"
China,2026-02-19,6465893,INTDAILY,D75,Asset-Backed Securities by Rating,UPDATE_NOTE,BLOCKED_MAX_UPDATES,,"AUTOHOL: Holiday, 02/19/2026"
China,2026-02-19,6465895,INTDAILY,D78,Commercial Paper of Securities Company by Rating,UPDATE_NOTE,BLOCKED_MAX_UPDATES,,"AUTOHOL: Holiday, 02/19/2026"
China,2026-02-19,6465896,CNSECTOR,"U05, U06, U07",Baidu Congestion Index,UPDATE_NOTE,BLOCKED_MAX_UPDATES,,"AUTOHOL: Holiday, 02/19/2026"
China,2026-02-19,6465897,CNSECTOR,"T96, T97, T98, U02, U03, U04",Subway Passenger Volume for Selected Transit Agencies CNSECTOR,UPDATE_NOTE,BLOCKED_MAX_UPDATES,,"AUTOHOL: Holiday, 02/19/2026"
China,2026-02-19,6465898,CNSECTOR,"C85, C86, C87",Coal Production and Inventory,UPDATE_NOTE,BLOCKED_MAX_UPDATES,,"AUTOHOL: Holiday, 02/19/2026"
China,2026-02-19,6465909,TRANSPRT,"U59, U66, U67",Baidu Migration Scale Index,UPDATE_NOTE,BLOCKED_MAX_UPDATES,,"AUTOHOL: Holiday, 02/19/2026"
China,2026-02-19,6465910,CNSECTOR,"U59, U66, U67",Baidu Migration Scale Index Comp,UPDATE_NOTE,BLOCKED_MAX_UPDATES,,"AUTOHOL: Holiday, 02/19/2026"
China,2026-02-19,6465964,CHINAR,D95,Air Quality Index [Province] Eviews,UPDATE_NOTE,BLOCKED_MAX_UPDATES,,"AUTOHOL: Holiday, 02/19/2026"
China,2026-02-19,6465965,INTDAILY,V42,Air Quality Index COMP to INTDAILY,UPDATE_NOTE,BLOCKED_MAX_UPDATES,,"AUTOHOL: Holiday, 02/19/2026"
China,2026-02-19,6465996,CHINAR,C97,Air Quality Index,UPDATE_NOTE,BLOCKED_MAX_UPDATES,,"AUTOHOL: Holiday, 02/19/2026"
China,2026-02-19,6466004,INTDAILY,D84,Private Placement Notes (PPN),UPDATE_NOTE,BLOCKED_MAX_UPDATES,,"AUTOHOL: Holiday, 02/19/2026"
China,2026-02-19,6466006,CMDTY,M59,SHFE Volume & Positions,UPDATE_NOTE,BLOCKED_MAX_UPDATES,,"AUTOHOL: Holiday, 02/19/2026"
China,2026-02-19,6466036,TRANSPRT,"T62, T63, T72",Yangtze Water Level - AM Comp,UPDATE_NOTE,BLOCKED_MAX_UPDATES,,"AUTOHOL: Holiday, 02/19/2026"
China,2026-02-19,6466037,GLSECTOR,"V61, V62, V63",Yangtze Water Level - PM,UPDATE_NOTE,BLOCKED_MAX_UPDATES,,"AUTOHOL: Holiday, 02/19/2026"
China,2026-02-19,6466039,TRANSPRT,"W66, W67, W68",Yangtze Water Level - PM Comp,UPDATE_NOTE,BLOCKED_MAX_UPDATES,,"AUTOHOL: Holiday, 02/19/2026"
China,2026-02-19,6466040,GLSECTOR,"V67, V68, V69",Yangtze Water Level - AM,UPDATE_NOTE,BLOCKED_MAX_UPDATES,,"AUTOHOL: Holiday, 02/19/2026"
China,2026-02-19,6466051,INTDAILY,"D91, D92, D93",Forward Rates,UPDATE_NOTE,BLOCKED_MAX_UPDATES,,"AUTOHOL: Holiday, 02/19/2026"
China,2026-02-19,6466202,INTDAILY,Various,CFETS Daily Bulletin Backup,UPDATE_NOTE,BLOCKED_MAX_UPDATES,,"AUTOHOL: Holiday, 02/19/2026"
China,2026-02-19,6466217,CMDTY,L55,Shanghai Gold Exchange Benchmark,UPDATE_NOTE,BLOCKED_MAX_UPDATES,,"AUTOHOL: Holiday, 02/19/2026"
China,2026-02-19,6466270,CMDTY,M30,Shanghai Metals Market Prices,UPDATE_NOTE,BLOCKED_MAX_UPDATES,,"AUTOHOL: Holiday, 02/19/2026"
China,2026-02-19,6469754,TRANSPRT,"U83,U95,U96",LNY Passenger Volume,UPDATE_NOTE,BLOCKED_MAX_UPDATES,,"AUTOHOL: Holiday, 02/19/2026"
China,2026-02-20,6462508,CHINA,Various,INDIA/CHINA QA Feedback,UPDATE_NOTE,BLOCKED_MAX_UPDATES,,"AUTOHOL: Holiday, 02/20/2026"
China,2026-02-20,6462510,CHINA,Various groups,China CEIC,UPDATE_NOTE,BLOCKED_MAX_UPDATES,,"AUTOHOL: Holiday, 02/20/2026"
China,2026-02-20,6462674,INTDAILY,V59,Asian Stock Market -China Stock Indexes,UPDATE_NOTE,BLOCKED_MAX_UPDATES,,"AUTOHOL: Holiday, 02/20/2026"
China,2026-02-20,6462777,CMDTY,L40,SHFE Warehouse Stocks (FastMarkets) [CHECK],UPDATE_NOTE,BLOCKED_MAX_UPDATES,,"AUTOHOL: Holiday, 02/20/2026"
China,2026-02-20,6462814,INTDAILY,P68,Wholesale Price Index,UPDATE_NOTE,BLOCKED_MAX_UPDATES,,"AUTOHOL: Holiday, 02/20/2026"
China,2026-02-20,6462815,INTWKLY,P68,Wholesale Price Index Aggregaton,UPDATE_NOTE,BLOCKED_MAX_UPDATES,,"AUTOHOL: Holiday, 02/20/2026"
China,2026-02-20,6462956,CMDTY,L75,Shanghai Gold Exchange Prices,UPDATE_NOTE,BLOCKED_MAX_UPDATES,,"AUTOHOL: Holiday, 02/20/2026"
China,2026-02-20,6463024,CHINA,Various groups,China CEIC Check,UPDATE_NOTE,BLOCKED_MAX_UPDATES,,"AUTOHOL: Holiday, 02/20/2026"
China,2026-02-20,6463157,INTWKLY,S93,Aggregation: Stock Market,UPDATE_NOTE,BLOCKED_MAX_UPDATES,,"AUTOHOL: Holiday, 02/20/2026"
China,2026-02-20,6463167,INTWKLY,W04,Aggregation: Asian Stock Market Indices DJ,UPDATE_NOTE,BLOCKED_MAX_UPDATES,,"AUTOHOL: Holiday, 02/20/2026"
China,2026-02-20,6463282,INTDAILY,W81,SH/SZ HK Connect BACKUP,UPDATE_NOTE,BLOCKED_MAX_UPDATES,,"AUTOHOL: Holiday, 02/20/2026"
China,2026-02-20,6463414,FMRCOIND,F21,OMO China Net Injection,UPDATE_NOTE,BLOCKED_MAX_UPDATES,,"AUTOHOL: Holiday, 02/20/2026"
China,2026-02-20,6463424,CHINA,Various,China CEIC,UPDATE_NOTE,BLOCKED_MAX_UPDATES,,"AUTOHOL: Holiday, 02/20/2026"
China,2026-02-20,6463648,INTWKLY,V88,Bond Issuance (not in global must be forced manually),UPDATE_NOTE,BLOCKED_MAX_UPDATES,,"AUTOHOL: Holiday, 02/20/2026"
China,2026-02-20,6463671,TRANSPRT,"T96, T97, T98",Subway Passenger Volume for Selected Transit Agencies,UPDATE_NOTE,BLOCKED_MAX_UPDATES,,"AUTOHOL: Holiday, 02/20/2026"
China,2026-02-20,6463673,TRANSPRT,"U02, U03, U04",Subway Passenger Volume for Selected Transit Agencies - Eviews,UPDATE_NOTE,BLOCKED_MAX_UPDATES,,"AUTOHOL: Holiday, 02/20/2026"
China,2026-02-20,6463710,INTWKLY,J75,China Government Bonds AGG,UPDATE_NOTE,BLOCKED_MAX_UPDATES,,"AUTOHOL: Holiday, 02/20/2026"
China,2026-02-20,6463817,TRANSPRT,"B12, B13, B14",China Subway Volume,UPDATE_NOTE,BLOCKED_MAX_UPDATES,,"AUTOHOL: Holiday, 02/20/2026"
China,2026-02-20,6463818,TRANSPRT,"U05, U06, U07",Baidu Congestion Index,UPDATE_NOTE,BLOCKED_MAX_UPDATES,,"AUTOHOL: Holiday, 02/20/2026"
China,2026-02-20,6463826,GLSECTOR,"F65, F66, F67",Maoyan Box,UPDATE_NOTE,BLOCKED_MAX_UPDATES,,"AUTOHOL: Holiday, 02/20/2026"
China,2026-02-20,6463828,CNSECTOR,"I65,I66,I67",Maoyan Box CMP to CNSECTOR,UPDATE_NOTE,BLOCKED_MAX_UPDATES,,"AUTOHOL: Holiday, 02/20/2026"
China,2026-02-20,6463857,CHINA,Various groups,China CEIC Check,UPDATE_NOTE,BLOCKED_MAX_UPDATES,,"AUTOHOL: Holiday, 02/20/2026"
China,2026-02-20,6463873,ENERGY,"O85, C50, C51",Coal Production and Inventory,UPDATE_NOTE,BLOCKED_MAX_UPDATES,,"AUTOHOL: Holiday, 02/20/2026"
China,2026-02-20,6463874,INTDAILY,"C85, C86, C87",Coal Production and Inventory Transfer,UPDATE_NOTE,BLOCKED_MAX_UPDATES,,"AUTOHOL: Holiday, 02/20/2026"
China,2026-02-20,6463878,INTDAILY,M18,Beijing Stock Exchange,UPDATE_NOTE,BLOCKED_MAX_UPDATES,,"AUTOHOL: Holiday, 02/20/2026"
China,2026-02-20,6463879,INTWKLY,M28,Beijing Stock Exchange AGG,UPDATE_NOTE,BLOCKED_MAX_UPDATES,,"AUTOHOL: Holiday, 02/20/2026"
China,2026-02-20,6463882,INTDAILY,U74,Thermal Coal Futures,UPDATE_NOTE,BLOCKED_MAX_UPDATES,,"AUTOHOL: Holiday, 02/20/2026"
China,2026-02-20,6463883,CMDTY,M51,Thermal Coal Futures Comp,UPDATE_NOTE,BLOCKED_MAX_UPDATES,,"AUTOHOL: Holiday, 02/20/2026"
China,2026-02-20,6463884,INTWKLY,C88,Thermal Coal Futures Aggregation,UPDATE_NOTE,BLOCKED_MAX_UPDATES,,"AUTOHOL: Holiday, 02/20/2026"
China,2026-02-20,6463885,INTDAILY,I71,Treasury Yields and Medium Term Notes,UPDATE_NOTE,BLOCKED_MAX_UPDATES,,"AUTOHOL: Holiday, 02/20/2026"
China,2026-02-20,6463886,INTWKLY,I74,AGG Treasury Yields and Medium Term Note,UPDATE_NOTE,BLOCKED_MAX_UPDATES,,"AUTOHOL: Holiday, 02/20/2026"
China,2026-02-20,6463890,INTDAILY,G94,"Treasury Yields, Short Term Notes, Repo Rates",UPDATE_NOTE,BLOCKED_MAX_UPDATES,,"AUTOHOL: Holiday, 02/20/2026"
China,2026-02-20,6463892,INTWKLY,I88,"AGG Treasury Yields, Short Term Notes, Repo Rates",UPDATE_NOTE,BLOCKED_MAX_UPDATES,,"AUTOHOL: Holiday, 02/20/2026"
China,2026-02-20,6463902,INTWKLY,I52,Pledged Repo Agg,UPDATE_NOTE,BLOCKED_MAX_UPDATES,,"AUTOHOL: Holiday, 02/20/2026"
China,2026-02-20,6463903,INTDAILY,P33,Wholesale Agricultural Prices,UPDATE_NOTE,BLOCKED_MAX_UPDATES,,"AUTOHOL: Holiday, 02/20/2026"
China,2026-02-20,6463904,CMDTY,P41,Wholesale Agricultural Prices CMP,UPDATE_NOTE,BLOCKED_MAX_UPDATES,,"AUTOHOL: Holiday, 02/20/2026"
China,2026-02-20,6463905,INTWKLY,X22,Wholesale Agricultural Prices AGG,UPDATE_NOTE,BLOCKED_MAX_UPDATES,,"AUTOHOL: Holiday, 02/20/2026"
China,2026-02-20,6463911,INTDAILY,"U17, U18, U19",Alipay Tianhong Yue Bao Fund,UPDATE_NOTE,BLOCKED_MAX_UPDATES,,"AUTOHOL: Holiday, 02/20/2026"
China,2026-02-20,6463912,INTDAILY,M24,Parity Rates CFETS,UPDATE_NOTE,BLOCKED_MAX_UPDATES,,"AUTOHOL: Holiday, 02/20/2026"
China,2026-02-20,6463913,INTWKLY,M29,Parity Rates CFETS AGG,UPDATE_NOTE,BLOCKED_MAX_UPDATES,,"AUTOHOL: Holiday, 02/20/2026"
China,2026-02-20,6463916,INTDAILY,U59,Shanghai Stock Connect,UPDATE_NOTE,BLOCKED_MAX_UPDATES,,"AUTOHOL: Holiday, 02/20/2026"
China,2026-02-20,6463917,INTWKLY,W59,Shanghai Stock Connect AGG,UPDATE_NOTE,BLOCKED_MAX_UPDATES,,"AUTOHOL: Holiday, 02/20/2026"
China,2026-02-20,6463918,INTDAILY,U40,Shanghai Stock Exchange Trading Statistics,UPDATE_NOTE,BLOCKED_MAX_UPDATES,,"AUTOHOL: Holiday, 02/20/2026"
China,2026-02-20,6463919,INTWKLY,U40,Shanghai Stock Exchange Trading Statistics Aggregation,UPDATE_NOTE,BLOCKED_MAX_UPDATES,,"AUTOHOL: Holiday, 02/20/2026"
China,2026-02-20,6463945,INTDAILY,Various,BACKUP China CFETS to K,UPDATE_NOTE,BLOCKED_MAX_UPDATES,,"AUTOHOL: Holiday, 02/20/2026"
China,2026-02-20,6463976,INTDAILY,D40,Central Bank Bill Yields,UPDATE_NOTE,BLOCKED_MAX_UPDATES,,"AUTOHOL: Holiday, 02/20/2026"
China,2026-02-20,6463977,INTWKLY,D40,Central Bank Bill Yields,UPDATE_NOTE,BLOCKED_MAX_UPDATES,,"AUTOHOL: Holiday, 02/20/2026"
China,2026-02-20,6463984,INTWKLY,D45,Corporate Bond Yields AGG,UPDATE_NOTE,BLOCKED_MAX_UPDATES,,"AUTOHOL: Holiday, 02/20/2026"
China,2026-02-20,6463985,INTDAILY,D45,Corporate Bond Yields,UPDATE_NOTE,BLOCKED_MAX_UPDATES,,"AUTOHOL: Holiday, 02/20/2026"
China,2026-02-20,6463994,INTWKLY,U17,Alipay Tianhong Yue Bao Fund Agg,UPDATE_NOTE,BLOCKED_MAX_UPDATES,,"AUTOHOL: Holiday, 02/20/2026"
China,2026-02-20,6463995,INTDAILY,D48,NCDs,UPDATE_NOTE,BLOCKED_MAX_UPDATES,,"AUTOHOL: Holiday, 02/20/2026"
China,2026-02-20,6463996,INTWKLY,D46,NCDs Aggregation,UPDATE_NOTE,BLOCKED_MAX_UPDATES,,"AUTOHOL: Holiday, 02/20/2026"
China,2026-02-20,6464012,INTDAILY,D54,Government-sponsored Agency Bonds,UPDATE_NOTE,BLOCKED_MAX_UPDATES,,"AUTOHOL: Holiday, 02/20/2026"
China,2026-02-20,6464013,INTWKLY,D42,Government-sponsored Agency Bonds,UPDATE_NOTE,BLOCKED_MAX_UPDATES,,"AUTOHOL: Holiday, 02/20/2026"
China,2026-02-20,6464018,INTDAILY,D57,Policy Bank Bonds by Rating,UPDATE_NOTE,BLOCKED_MAX_UPDATES,,"AUTOHOL: Holiday, 02/20/2026"
China,2026-02-20,6464019,INTWKLY,D47,Policy Bank Bonds by Rating AGG,UPDATE_NOTE,BLOCKED_MAX_UPDATES,,"AUTOHOL: Holiday, 02/20/2026"
China,2026-02-20,6464020,INTDAILY,D60,Corporate Bonds by Rating,UPDATE_NOTE,BLOCKED_MAX_UPDATES,,"AUTOHOL: Holiday, 02/20/2026"
China,2026-02-20,6464021,INTWKLY,D48,Corporate Bonds by Rating AGG,UPDATE_NOTE,BLOCKED_MAX_UPDATES,,"AUTOHOL: Holiday, 02/20/2026"
China,2026-02-20,6464025,INTDAILY,D63,Medium Term Notes by Rating,UPDATE_NOTE,BLOCKED_MAX_UPDATES,,"AUTOHOL: Holiday, 02/20/2026"
China,2026-02-20,6464026,INTWKLY,D49,Medium Term Notes by Rating AGG,UPDATE_NOTE,BLOCKED_MAX_UPDATES,,"AUTOHOL: Holiday, 02/20/2026"
China,2026-02-20,6464033,INTDAILY,D66,Local Government Bonds by Rating,UPDATE_NOTE,BLOCKED_MAX_UPDATES,,"AUTOHOL: Holiday, 02/20/2026"
China,2026-02-20,6464034,INTWKLY,D50,Local Government Bonds by Rating AGG,UPDATE_NOTE,BLOCKED_MAX_UPDATES,,"AUTOHOL: Holiday, 02/20/2026"
China,2026-02-20,6464035,CNSECTOR,A06,Capacity Utilization Rate in Energy Industry,UPDATE_NOTE,BLOCKED_MAX_UPDATES,,"AUTOHOL: Holiday, 02/20/2026"
China,2026-02-20,6464040,INTDAILY,D69,Financial Bonds of Commercial Banks by Rating,UPDATE_NOTE,BLOCKED_MAX_UPDATES,,"AUTOHOL: Holiday, 02/20/2026"
China,2026-02-20,6464041,INTWKLY,D51,Financial Bonds of Commercial Banks by Rating,UPDATE_NOTE,BLOCKED_MAX_UPDATES,,"AUTOHOL: Holiday, 02/20/2026"
China,2026-02-20,6464051,INTDAILY,D72,Secondary Capital Bond of Commercial Banks,UPDATE_NOTE,BLOCKED_MAX_UPDATES,,"AUTOHOL: Holiday, 02/20/2026"
China,2026-02-20,6464052,INTWKLY,D52,Secondary Capital Bond of Commercial Banks AGG,UPDATE_NOTE,BLOCKED_MAX_UPDATES,,"AUTOHOL: Holiday, 02/20/2026"
China,2026-02-20,6464056,ENERGY,K52,Oil Commodity Prices Update,UPDATE_NOTE,BLOCKED_MAX_UPDATES,,"AUTOHOL: Holiday, 02/20/2026"
China,2026-02-20,6464057,INTDAILY,P69,Oil Commodity Prices INTDAILY TRANSFER,UPDATE_NOTE,BLOCKED_MAX_UPDATES,,"AUTOHOL: Holiday, 02/20/2026"
China,2026-02-20,6464062,INTDAILY,D75,Asset-Backed Securities by Rating,UPDATE_NOTE,BLOCKED_MAX_UPDATES,,"AUTOHOL: Holiday, 02/20/2026"
China,2026-02-20,6464063,INTWKLY,D53,Asset-Backed Securities by Rating,UPDATE_NOTE,BLOCKED_MAX_UPDATES,,"AUTOHOL: Holiday, 02/20/2026"
China,2026-02-20,6464066,INTDAILY,D78,Commercial Paper of Securities Company by Rating,UPDATE_NOTE,BLOCKED_MAX_UPDATES,,"AUTOHOL: Holiday, 02/20/2026"
China,2026-02-20,6464067,INTWKLY,D54,Commercial Paper of Securities Company by Rating AGG,UPDATE_NOTE,BLOCKED_MAX_UPDATES,,"AUTOHOL: Holiday, 02/20/2026"
China,2026-02-20,6464068,CNSECTOR,"U05, U06, U07",Baidu Congestion Index,UPDATE_NOTE,BLOCKED_MAX_UPDATES,,"AUTOHOL: Holiday, 02/20/2026"
China,2026-02-20,6464069,CNSECTOR,"T96, T97, T98, U02, U03, U04",Subway Passenger Volume for Selected Transit Agencies CNSECTOR,UPDATE_NOTE,BLOCKED_MAX_UPDATES,,"AUTOHOL: Holiday, 02/20/2026"
China,2026-02-20,6464070,CNSECTOR,"C85, C86, C87",Coal Production and Inventory,UPDATE_NOTE,BLOCKED_MAX_UPDATES,,"AUTOHOL: Holiday, 02/20/2026"
China,2026-02-20,6464080,ENERGY,K63,Weekly Oil Commodity Prices,UPDATE_NOTE,BLOCKED_MAX_UPDATES,,"AUTOHOL: Holiday, 02/20/2026"
China,2026-02-20,6464085,TRANSPRT,"U59, U66, U67",Baidu Migration Scale Index,UPDATE_NOTE,BLOCKED_MAX_UPDATES,,"AUTOHOL: Holiday, 02/20/2026"
China,2026-02-20,6464086,CNSECTOR,"U59, U66, U67",Baidu Migration Scale Index Comp,UPDATE_NOTE,BLOCKED_MAX_UPDATES,,"AUTOHOL: Holiday, 02/20/2026"
China,2026-02-20,6464142,CHINAR,D95,Air Quality Index [Province] Eviews,UPDATE_NOTE,BLOCKED_MAX_UPDATES,,"AUTOHOL: Holiday, 02/20/2026"
China,2026-02-20,6464143,INTDAILY,V42,Air Quality Index COMP to INTDAILY,UPDATE_NOTE,BLOCKED_MAX_UPDATES,,"AUTOHOL: Holiday, 02/20/2026"
China,2026-02-20,6464169,CHINAR,C97,Air Quality Index,UPDATE_NOTE,BLOCKED_MAX_UPDATES,,"AUTOHOL: Holiday, 02/20/2026"
China,2026-02-20,6464177,INTDAILY,D84,Private Placement Notes (PPN),UPDATE_NOTE,BLOCKED_MAX_UPDATES,,"AUTOHOL: Holiday, 02/20/2026"
China,2026-02-20,6464178,INTWKLY,D88,Private Placement Notes (PPN) AGG,UPDATE_NOTE,BLOCKED_MAX_UPDATES,,"AUTOHOL: Holiday, 02/20/2026"
China,2026-02-20,6464182,CMDTY,M59,SHFE Volume & Positions,UPDATE_NOTE,BLOCKED_MAX_UPDATES,,"AUTOHOL: Holiday, 02/20/2026"
China,2026-02-20,6464191,INTWKLY,W16,SSE Margin AGG,UPDATE_NOTE,BLOCKED_MAX_UPDATES,,"AUTOHOL: Holiday, 02/20/2026"
China,2026-02-20,6464207,TRANSPRT,"T62, T63, T72",Yangtze Water Level - AM Comp,UPDATE_NOTE,BLOCKED_MAX_UPDATES,,"AUTOHOL: Holiday, 02/20/2026"
China,2026-02-20,6464208,GLSECTOR,"V61, V62, V63",Yangtze Water Level - PM,UPDATE_NOTE,BLOCKED_MAX_UPDATES,,"AUTOHOL: Holiday, 02/20/2026"
China,2026-02-20,6464211,TRANSPRT,"W66, W67, W68",Yangtze Water Level - PM Comp,UPDATE_NOTE,BLOCKED_MAX_UPDATES,,"AUTOHOL: Holiday, 02/20/2026"
China,2026-02-20,6464212,GLSECTOR,"V67, V68, V69",Yangtze Water Level - AM,UPDATE_NOTE,BLOCKED_MAX_UPDATES,,"AUTOHOL: Holiday, 02/20/2026"
China,2026-02-20,6464223,INTDAILY,"D91, D92, D93",Forward Rates,UPDATE_NOTE,BLOCKED_MAX_UPDATES,,"AUTOHOL: Holiday, 02/20/2026"
China,2026-02-20,6464224,INTWKLY,D92,Forward Rates AGG,UPDATE_NOTE,BLOCKED_MAX_UPDATES,,"AUTOHOL: Holiday, 02/20/2026"
China,2026-02-20,6464234,CMDTY,L40,SHFE Warehouse Stocks (SHFE),UPDATE_NOTE,BLOCKED_MAX_UPDATES,,"AUTOHOL: Holiday, 02/20/2026"
China,2026-02-20,6464384,INTDAILY,Various,CFETS Daily Bulletin Backup,UPDATE_NOTE,BLOCKED_MAX_UPDATES,,"AUTOHOL: Holiday, 02/20/2026"
China,2026-02-20,6464393,INTWKLY,K59,Interest Rate Swap AGG,UPDATE_NOTE,BLOCKED_MAX_UPDATES,,"AUTOHOL: Holiday, 02/20/2026"
China,2026-02-20,6464397,CMDTY,L55,Shanghai Gold Exchange Benchmark,UPDATE_NOTE,BLOCKED_MAX_UPDATES,,"AUTOHOL: Holiday, 02/20/2026"
China,2026-02-20,6464450,CMDTY,M30,Shanghai Metals Market Prices,UPDATE_NOTE,BLOCKED_MAX_UPDATES,,"AUTOHOL: Holiday, 02/20/2026"
China,2026-02-20,6464473,INTWKLY,P96,Intwkly Oil Commodity Prices,UPDATE_NOTE,BLOCKED_MAX_UPDATES,,"AUTOHOL: Holiday, 02/20/2026"
China,2026-02-20,6469753,TRANSPRT,"U83,U95,U96",LNY Passenger Volume,UPDATE_NOTE,BLOCKED_MAX_UPDATES,,"AUTOHOL: Holiday, 02/20/2026"
China,2026-02-21,6472008,TRANSPRT,"B12, B13, B14",China Subway Volume,UPDATE_NOTE,BLOCKED_MAX_UPDATES,,"AUTOHOL: Holiday, 02/21/2026"
China,2026-02-21,6472030,CHINAR,D96,Air Quality Index Provine SATURDAY[Eviews],UPDATE_NOTE,BLOCKED_MAX_UPDATES,,"AUTOHOL: Holiday, 02/21/2026"
China,2026-02-21,6472031,INTDAILY,H95,Air Quality Index SATURDAY COMP to INTDAILY,UPDATE_NOTE,BLOCKED_MAX_UPDATES,,"AUTOHOL: Holiday, 02/21/2026"
China,2026-02-21,6472035,CHINAR,D98,Air Quality Index SATURDAY,UPDATE_NOTE,BLOCKED_MAX_UPDATES,,"AUTOHOL: Holiday, 02/21/2026"
China,2026-02-22,6471675,INTWKLY,T21,Margin Transactions Aggregation,UPDATE_NOTE,BLOCKED_MAX_UPDATES,,"AUTOHOL: Holiday, 02/22/2026"
China,2026-02-22,6471681,INTDAILY,S99,PBC: OMO Zero,UPDATE_NOTE,BLOCKED_MAX_UPDATES,,"AUTOHOL: Holiday, 02/22/2026"
China,2026-02-22,6471682,INTDAILY,V96,PBC: OMO Calculation,UPDATE_NOTE,BLOCKED_MAX_UPDATES,,"AUTOHOL: Holiday, 02/22/2026"
China,2026-02-22,6471688,EMERGEPR,Various,CHINA to EMERGEPR Compare,UPDATE_NOTE,BLOCKED_MAX_UPDATES,,"AUTOHOL: Holiday, 02/22/2026"
China,2026-02-22,6471741,TRANSPRT,"T96, T97, T98",Subway Passenger Volume for Selected Transit Agencies,UPDATE_NOTE,BLOCKED_MAX_UPDATES,,"AUTOHOL: Holiday, 02/22/2026"
China,2026-02-22,6471742,TRANSPRT,"U02, U03, U04",Subway Passenger Volume for Selected Transit Agencies - Eviews,UPDATE_NOTE,BLOCKED_MAX_UPDATES,,"AUTOHOL: Holiday, 02/22/2026"
China,2026-02-22,6471772,TRANSPRT,"B12, B13, B14",China Subway Volume,UPDATE_NOTE,BLOCKED_MAX_UPDATES,,"AUTOHOL: Holiday, 02/22/2026"
China,2026-02-22,6471773,TRANSPRT,B15,China Subway Volume Aggregation,UPDATE_NOTE,BLOCKED_MAX_UPDATES,,"AUTOHOL: Holiday, 02/22/2026"
China,2026-02-22,6471775,TRANSPRT,"U05, U06, U07",Baidu Congestion Index,UPDATE_NOTE,BLOCKED_MAX_UPDATES,,"AUTOHOL: Holiday, 02/22/2026"
China,2026-02-22,6471780,GLSECTOR,"F65, F66, F67",Maoyan Box,UPDATE_NOTE,BLOCKED_MAX_UPDATES,,"AUTOHOL: Holiday, 02/22/2026"
China,2026-02-22,6471781,CNSECTOR,"I65,I66,I67",Maoyan Box CMP to CNSECTOR,UPDATE_NOTE,BLOCKED_MAX_UPDATES,,"AUTOHOL: Holiday, 02/22/2026"
China,2026-02-22,6471796,INTWKLY,R92,CFETS RMB Indexes,UPDATE_NOTE,BLOCKED_MAX_UPDATES,,"AUTOHOL: Holiday, 02/22/2026"
China,2026-02-22,6471813,INTDAILY,"U17, U18, U19",Alipay Tianhong Yue Bao Fund,UPDATE_NOTE,BLOCKED_MAX_UPDATES,,"AUTOHOL: Holiday, 02/22/2026"
China,2026-02-22,6471815,INTDAILY,"S99, V96, U01, U02, U23, U24",PBC: Open Market Operations - Sunday Check,UPDATE_NOTE,BLOCKED_MAX_UPDATES,,"AUTOHOL: Holiday, 02/22/2026"
China,2026-02-22,6471861,CNSECTOR,"U05, U06, U07",Baidu Congestion Index,UPDATE_NOTE,BLOCKED_MAX_UPDATES,,"AUTOHOL: Holiday, 02/22/2026"
China,2026-02-22,6471862,CNSECTOR,"T96, T97, T98, U02, U03, U04",Subway Passenger Volume for Selected Transit Agencies CNSECTOR,UPDATE_NOTE,BLOCKED_MAX_UPDATES,,"AUTOHOL: Holiday, 02/22/2026"
China,2026-02-22,6471863,TRANSPRT,"U59, U66, U67",Baidu Migration Scale Index,UPDATE_NOTE,BLOCKED_MAX_UPDATES,,"AUTOHOL: Holiday, 02/22/2026"
China,2026-02-22,6471864,CNSECTOR,"U59, U66, U67",Baidu Migration Scale Index Comp,UPDATE_NOTE,BLOCKED_MAX_UPDATES,,"AUTOHOL: Holiday, 02/22/2026"
China,2026-02-22,6471877,CHINAR,D97,Air Quality Index Province SUNDAY[Eviews],UPDATE_NOTE,BLOCKED_MAX_UPDATES,,"AUTOHOL: Holiday, 02/22/2026"
China,2026-02-22,6471878,INTDAILY,H96,Air Quality Index SUNDAY COMP to INTDAILY,UPDATE_NOTE,BLOCKED_MAX_UPDATES,,"AUTOHOL: Holiday, 02/22/2026"
China,2026-02-22,6471885,CHINAR,D99,Air Quality Index SUNDAY,UPDATE_NOTE,BLOCKED_MAX_UPDATES,,"AUTOHOL: Holiday, 02/22/2026"
China,2026-02-22,6471897,TRANSPRT,"T62, T63, T72",Yangtze Water Level - AM Comp,UPDATE_NOTE,BLOCKED_MAX_UPDATES,,"AUTOHOL: Holiday, 02/22/2026"
China,2026-02-22,6471898,GLSECTOR,"V61, V62, V63",Yangtze Water Level - PM,UPDATE_NOTE,BLOCKED_MAX_UPDATES,,"AUTOHOL: Holiday, 02/22/2026"
China,2026-02-22,6471899,TRANSPRT,"W66, W67, W68",Yangtze Water Level - PM Comp,UPDATE_NOTE,BLOCKED_MAX_UPDATES,,"AUTOHOL: Holiday, 02/22/2026"
China,2026-02-22,6471900,GLSECTOR,"V67, V68, V69",Yangtze Water Level - AM,UPDATE_NOTE,BLOCKED_MAX_UPDATES,,"AUTOHOL: Holiday, 02/22/2026"
Indonesia,2026-02-17,6468051,INTDAILY,R96,Exchange Rates,UPDATE_NOTE,PLANNED,,"AUTOHOL: Holiday, 02/17/2026"
Indonesia,2026-02-17,6468471,INTDAILY,V50,Asian Stock Market- Jakarta Composite,UPDATE_NOTE,PLANNED,,"AUTOHOL: Holiday, 02/17/2026"
Indonesia,2026-02-17,6468503,INTDAILY,V76,Holdings IDR Tradable Securities,UPDATE_NOTE,PLANNED,,"AUTOHOL: Holiday, 02/17/2026"
Indonesia,2026-02-17,6468533,INTDAILY,H17,Exchange Rate Mid-Rates,UPDATE_NOTE,PLANNED,,"AUTOHOL: Holiday, 02/17/2026"
Indonesia,2026-02-17,6468660,INTDAILY,G46,Daily Liquidity,UPDATE_NOTE,PLANNED,,"AUTOHOL: Holiday, 02/17/2026"
Indonesia,2026-02-17,6468662,INTDAILY,K98,Daily Liquidity Projection Eviews Calculation,UPDATE_NOTE,PLANNED,,"AUTOHOL: Holiday, 02/17/2026"
Indonesia,2026-02-17,6468689,INTDAILY,W87,Jakarta Interbank Reference Rate [JISDOR],UPDATE_NOTE,PLANNED,,"AUTOHOL: Holiday, 02/17/2026"
Indonesia,2026-02-17,6468766,INTDAILY,X48,Monetary Operations Positions,UPDATE_NOTE,PLANNED,,"AUTOHOL: Holiday, 02/17/2026"
Indonesia,2026-02-17,6468837,INTDAILY,J36,Indonia Rate,UPDATE_NOTE,PLANNED,,"AUTOHOL: Holiday, 02/17/2026"
Indonesia,2026-02-17,6468944,INTDAILY,P44,Food Prices,UPDATE_NOTE,PLANNED,,"AUTOHOL: Holiday, 02/17/2026"
Indonesia,2026-02-17,6469076,INTDAILY,J79,DNDF Afternoon,UPDATE_NOTE,PLANNED,,"AUTOHOL: Holiday, 02/17/2026"
Indonesia,2026-02-17,6469132,INTDAILY,H91,Reverse Repo,UPDATE_NOTE,PLANNED,,"AUTOHOL: Holiday, 02/17/2026"
Indonesia,2026-02-17,6469133,INTDAILY,H92,Term Deposits Morning,UPDATE_NOTE,PLANNED,,"AUTOHOL: Holiday, 02/17/2026"
Indonesia,2026-02-17,6469134,INTDAILY,H93,Term Deposits Afternoon,UPDATE_NOTE,PLANNED,,"AUTOHOL: Holiday, 02/17/2026"
Indonesia,2026-02-17,6469175,INTDAILY,G61,Government Securities Auction [SUSP],UPDATE_NOTE,PLANNED,,"AUTOHOL: Holiday, 02/17/2026"
Indonesia,2026-02-17,6469184,ASEANR,B53,Market Prices,UPDATE_NOTE,PLANNED,,"AUTOHOL: Holiday, 02/17/2026"
Indonesia,2026-02-17,6469317,ENERGY,K51,Indonesia Fuel Prices,UPDATE_NOTE,PLANNED,,"AUTOHOL: Holiday, 02/17/2026"
Indonesia,2026-02-17,6469318,INTDAILY,O99,Indonesia Fuel Prices TRANSFER,UPDATE_NOTE,PLANNED,,"AUTOHOL: Holiday, 02/17/2026"
Indonesia,2026-02-17,6469361,INTDAILY,F52,Indonia Rates & Index,UPDATE_NOTE,PLANNED,,"AUTOHOL: Holiday, 02/17/2026"
Indonesia,2026-02-17,6469366,INTDAILY,R28,Bank Indonesia Reference Rate,UPDATE_NOTE,PLANNED,,"AUTOHOL: Holiday, 02/17/2026"
Indonesia,2026-02-17,6469402,INTDAILY,Various,Indonesia OMO Check,UPDATE_NOTE,PLANNED,,"AUTOHOL: Holiday, 02/17/2026"
Indonesia,2026-02-17,6469407,INTDAILY,M69,FX Term Deposit Auction,UPDATE_NOTE,PLANNED,,"AUTOHOL: Holiday, 02/17/2026"
Indonesia,2026-02-17,6469482,ENERGY,D94,Indonesia Regional Fuel Price,UPDATE_NOTE,PLANNED,,"AUTOHOL: Holiday, 02/17/2026"
Indonesia,2026-02-17,6469496,INTDAILY,J68,Bank Indonesia SVBI auction,UPDATE_NOTE,PLANNED,,"AUTOHOL: Holiday, 02/17/2026"
Indonesia,2026-02-17,6469577,INTDAILY,N66,FX Swap,UPDATE_NOTE,PLANNED,,"AUTOHOL: Holiday, 02/17/2026"
Indonesia,2026-02-17,6469656,INTDAILY,N51,Government Bond Auction,UPDATE_NOTE,PLANNED,,"AUTOHOL: Holiday, 02/17/2026"
Indonesia,2026-02-17,6469657,INTDAILY,N53,Sharia Government Bond Auction,UPDATE_NOTE,PLANNED,,"AUTOHOL: Holiday, 02/17/2026"
Korea,2026-02-16,6453025,INTDAILY,I74,Korea KORIBOR,UPDATE_NOTE,PLANNED,,"AUTOHOL: Holiday, 02/16/2026"
Korea,2026-02-16,6453026,INTDAILY,I61,Interest Rates,UPDATE_NOTE,PLANNED,,"AUTOHOL: Holiday, 02/16/2026"
Korea,2026-02-16,6453027,INTDAILY,V56,Asian Stock - KOSPI/KOSDAQ Market,UPDATE_NOTE,PLANNED,R2D2 - errors in CSV2MODB output. Files on d:\intdaily\korea\kospi\auto [Az-AutoSrv1-Svc] Fri 02/13/2026 09:26:16.661 [Event ID: c3dc489e-08e5-11f1-9f2e-000d3a1a0faf],"R2D2 - errors in CSV2MODB output. Files on d:\intdaily\korea\kospi\auto [Az-AutoSrv1-Svc] Fri 02/13/2026 09:26:16.661 [Event ID: c3dc489e-08e5-11f1-9f2e-000d3a1a0faf] | AUTOHOL: Holiday, 02/16/2026"
Korea,2026-02-16,6453295,INTDAILY,J33,Government Bond Yields,UPDATE_NOTE,PLANNED,,"AUTOHOL: Holiday, 02/16/2026"
Korea,2026-02-16,6453299,INTDAILY,K11,Total Return Calculation,UPDATE_NOTE,PLANNED,,"AUTOHOL: Holiday, 02/16/2026"
Korea,2026-02-16,6453304,INTDAILY,R80,Exchange RATE,UPDATE_NOTE,PLANNED,,"AUTOHOL: Holiday, 02/16/2026"
Korea,2026-02-16,6453448,INTDAILY,K02,Breakeven Inflation,UPDATE_NOTE,PLANNED,,"AUTOHOL: Holiday, 02/16/2026"
Korea,2026-02-16,6453902,INTDAILY,S96,Asian Stock - KOSPI/KOSDAQ Market,UPDATE_NOTE,PLANNED,,"AUTOHOL: Holiday, 02/16/2026"
Korea,2026-02-16,6453916,INTDAILY,V74,KRX Market Transactions,UPDATE_NOTE,PLANNED,,"AUTOHOL: Holiday, 02/16/2026"
Korea,2026-02-16,6454008,INTDAILY,T28,US-Dollar Auctions CHECK,UPDATE_NOTE,PLANNED,,"AUTOHOL: Holiday, 02/16/2026"
Korea,2026-02-16,6454098,INTDAILY,R39,Exchange RATE Lag,UPDATE_NOTE,PLANNED,,"AUTOHOL: Holiday, 02/16/2026"
Korea,2026-02-16,6454195,INTDAILY,F65,Interest Rates and Yields,UPDATE_NOTE,PLANNED,,"AUTOHOL: Holiday, 02/16/2026"
Korea,2026-02-16,6454259,CMDTY,L56,Agricultral Products Wholesale Price,UPDATE_NOTE,PLANNED,,"AUTOHOL: Holiday, 02/16/2026"
Korea,2026-02-16,6454262,INTDAILY,Y58,KOFR Leading,UPDATE_NOTE,PLANNED,,"AUTOHOL: Holiday, 02/16/2026"
Korea,2026-02-16,6454265,INTDAILY,Y20,KOFR,UPDATE_NOTE,PLANNED,,"AUTOHOL: Holiday, 02/16/2026"
Korea,2026-02-16,6454266,INTWKLY,W20,KOFR Aggregation,UPDATE_NOTE,PLANNED,,"AUTOHOL: Holiday, 02/16/2026"
Korea,2026-02-16,6454293,INTDAILY,U31,INTL Securities Activity,UPDATE_NOTE,PLANNED,,"AUTOHOL: Holiday, 02/16/2026"
Korea,2026-02-16,6454294,INTDAILY,U32,INTL Securities Activity EVIEWS,UPDATE_NOTE,PLANNED,,"AUTOHOL: Holiday, 02/16/2026"
Korea,2026-02-16,6454295,INTDAILY,U33,INTL Securities Custody,UPDATE_NOTE,PLANNED,,"AUTOHOL: Holiday, 02/16/2026"
Korea,2026-02-16,6454304,INTWKLY,K50,Change in Credit Card Expenditure,UPDATE_NOTE,PLANNED,,"AUTOHOL: Holiday, 02/16/2026"
Korea,2026-02-16,6454312,INTDAILY,K20,Equity Flows,UPDATE_NOTE,PLANNED,,"AUTOHOL: Holiday, 02/16/2026"
Korea,2026-02-16,6454313,INTDAILY,K10,Bond Flows,UPDATE_NOTE,PLANNED,,"AUTOHOL: Holiday, 02/16/2026"
Korea,2026-02-16,6454322,INTDAILY,K90,KOFR Interest Rate Distribution,UPDATE_NOTE,PLANNED,,"AUTOHOL: Holiday, 02/16/2026"
Korea,2026-02-16,6454323,INTWKLY,K70,KOFR Interest Rate Distribution AGG,UPDATE_NOTE,PLANNED,,"AUTOHOL: Holiday, 02/16/2026"
Korea,2026-02-16,6454383,INTDAILY,V99,KRX Foreign Ownership,UPDATE_NOTE,PLANNED,,"AUTOHOL: Holiday, 02/16/2026"
Korea,2026-02-16,6454455,INTDAILY,U29,KOSPI Volatility 200 Index,UPDATE_NOTE,PLANNED,,"AUTOHOL: Holiday, 02/16/2026"
Korea,2026-02-16,6454547,INTDAILY,M28,Korea Money Market Fund AUM,UPDATE_NOTE,PLANNED,,"AUTOHOL: Holiday, 02/16/2026"
Korea,2026-02-16,6454548,INTWKLY,M14,Korea Money Market Fund AUM [AGG],UPDATE_NOTE,PLANNED,,"AUTOHOL: Holiday, 02/16/2026"
Korea,2026-02-16,6454618,INTDAILY,O08,[COMP] Agricultral Products Wholesale Price,UPDATE_NOTE,PLANNED,,"AUTOHOL: Holiday, 02/16/2026"
Korea,2026-02-16,6454626,INTDAILY,A09,News Psychology Index,UPDATE_NOTE,PLANNED,,"AUTOHOL: Holiday, 02/16/2026"
Korea,2026-02-16,6454693,GLSECTOR,V36,Semiconductor Prices,UPDATE_NOTE,PLANNED,,"AUTOHOL: Holiday, 02/16/2026"
Korea,2026-02-16,6454736,ENERGY,"P66, P67, P68",Korea Fuel Prices,UPDATE_NOTE,PLANNED,,"AUTOHOL: Holiday, 02/16/2026"
Korea,2026-02-16,6454737,INTDAILY,"B66, B67, B68",Korea Fuel Prices TRANSFER,UPDATE_NOTE,PLANNED,,"AUTOHOL: Holiday, 02/16/2026"
Korea,2026-02-16,6454740,INTDAILY,E60,Interest Rates on Loans & Deposits,UPDATE_NOTE,PLANNED,,"AUTOHOL: Holiday, 02/16/2026"
Korea,2026-02-16,6454785,INTDAILY,E53,Korea OMO: RP Purchases of Government Securities,UPDATE_NOTE,PLANNED,,"AUTOHOL: Holiday, 02/16/2026"
Korea,2026-02-16,6454786,INTDAILY,E52,Korea OMO: RP Sales of Government Securities,UPDATE_NOTE,PLANNED,,"AUTOHOL: Holiday, 02/16/2026"
Korea,2026-02-16,6454787,INTDAILY,E46,Korea OMO: Monetary Stabilization Account Operations,UPDATE_NOTE,PLANNED,,"AUTOHOL: Holiday, 02/16/2026"
Korea,2026-02-16,6454788,INTDAILY,E61,Korea OMO: Monetary Stabilization Bond Operations,UPDATE_NOTE,PLANNED,,"AUTOHOL: Holiday, 02/16/2026"
Korea,2026-02-17,6468054,INTDAILY,I74,Korea KORIBOR,UPDATE_NOTE,PLANNED,,"AUTOHOL: Holiday, 02/17/2026"
Korea,2026-02-17,6468055,INTDAILY,I61,Interest Rates,UPDATE_NOTE,PLANNED,,"AUTOHOL: Holiday, 02/17/2026"
Korea,2026-02-17,6468056,INTDAILY,V56,Asian Stock - KOSPI/KOSDAQ Market,UPDATE_NOTE,PLANNED,,"AUTOHOL: Holiday, 02/17/2026"
Korea,2026-02-17,6468314,INTDAILY,J33,Government Bond Yields,UPDATE_NOTE,PLANNED,,"AUTOHOL: Holiday, 02/17/2026"
Korea,2026-02-17,6468318,INTDAILY,K11,Total Return Calculation,UPDATE_NOTE,PLANNED,,"AUTOHOL: Holiday, 02/17/2026"
Korea,2026-02-17,6468323,INTDAILY,R80,Exchange RATE,UPDATE_NOTE,PLANNED,,"AUTOHOL: Holiday, 02/17/2026"
Korea,2026-02-17,6468455,INTDAILY,K02,Breakeven Inflation,UPDATE_NOTE,PLANNED,,"AUTOHOL: Holiday, 02/17/2026"
Korea,2026-02-17,6468873,INTDAILY,S96,Asian Stock - KOSPI/KOSDAQ Market,UPDATE_NOTE,PLANNED,,"AUTOHOL: Holiday, 02/17/2026"
Korea,2026-02-17,6468885,INTDAILY,V74,KRX Market Transactions,UPDATE_NOTE,PLANNED,,"AUTOHOL: Holiday, 02/17/2026"
Korea,2026-02-17,6468967,INTDAILY,T28,US-Dollar Auctions CHECK,UPDATE_NOTE,PLANNED,,"AUTOHOL: Holiday, 02/17/2026"
Korea,2026-02-17,6469052,INTDAILY,R39,Exchange RATE Lag,UPDATE_NOTE,PLANNED,,"AUTOHOL: Holiday, 02/17/2026"
Korea,2026-02-17,6469122,INTDAILY,F65,Interest Rates and Yields,UPDATE_NOTE,PLANNED,,"AUTOHOL: Holiday, 02/17/2026"
Korea,2026-02-17,6469180,CMDTY,L56,Agricultral Products Wholesale Price,UPDATE_NOTE,PLANNED,,"AUTOHOL: Holiday, 02/17/2026"
Korea,2026-02-17,6469183,INTDAILY,Y58,KOFR Leading,UPDATE_NOTE,PLANNED,,"AUTOHOL: Holiday, 02/17/2026"
Korea,2026-02-17,6469185,INTDAILY,Y20,KOFR,UPDATE_NOTE,PLANNED,,"AUTOHOL: Holiday, 02/17/2026"
Korea,2026-02-17,6469211,INTDAILY,U31,INTL Securities Activity,UPDATE_NOTE,PLANNED,,"AUTOHOL: Holiday, 02/17/2026"
Korea,2026-02-17,6469212,INTDAILY,U32,INTL Securities Activity EVIEWS,UPDATE_NOTE,PLANNED,,"AUTOHOL: Holiday, 02/17/2026"
Korea,2026-02-17,6469213,INTDAILY,U33,INTL Securities Custody,UPDATE_NOTE,PLANNED,,"AUTOHOL: Holiday, 02/17/2026"
Korea,2026-02-17,6469214,INTWKLY,W33,INTL Securities Custody AGG,UPDATE_NOTE,PLANNED,,"AUTOHOL: Holiday, 02/17/2026"
Korea,2026-02-17,6469228,INTDAILY,K20,Equity Flows,UPDATE_NOTE,PLANNED,,"AUTOHOL: Holiday, 02/17/2026"
Korea,2026-02-17,6469229,INTDAILY,K10,Bond Flows,UPDATE_NOTE,PLANNED,,"AUTOHOL: Holiday, 02/17/2026"
Korea,2026-02-17,6469237,INTDAILY,K90,KOFR Interest Rate Distribution,UPDATE_NOTE,PLANNED,,"AUTOHOL: Holiday, 02/17/2026"
Korea,2026-02-17,6469289,INTDAILY,V99,KRX Foreign Ownership,UPDATE_NOTE,PLANNED,,"AUTOHOL: Holiday, 02/17/2026"
Korea,2026-02-17,6469368,INTDAILY,U29,KOSPI Volatility 200 Index,UPDATE_NOTE,PLANNED,,"AUTOHOL: Holiday, 02/17/2026"
Korea,2026-02-17,6469455,INTDAILY,M28,Korea Money Market Fund AUM,UPDATE_NOTE,PLANNED,,"AUTOHOL: Holiday, 02/17/2026"
Korea,2026-02-17,6469531,INTDAILY,O08,[COMP] Agricultral Products Wholesale Price,UPDATE_NOTE,PLANNED,,"AUTOHOL: Holiday, 02/17/2026"
Korea,2026-02-17,6469599,GLSECTOR,V36,Semiconductor Prices,UPDATE_NOTE,PLANNED,,"AUTOHOL: Holiday, 02/17/2026"
Korea,2026-02-17,6469636,ENERGY,"P66, P67, P68",Korea Fuel Prices,UPDATE_NOTE,PLANNED,,"AUTOHOL: Holiday, 02/17/2026"
Korea,2026-02-17,6469637,INTDAILY,"B66, B67, B68",Korea Fuel Prices TRANSFER,UPDATE_NOTE,PLANNED,,"AUTOHOL: Holiday, 02/17/2026"
Korea,2026-02-17,6469639,INTDAILY,E60,Interest Rates on Loans & Deposits,UPDATE_NOTE,PLANNED,,"AUTOHOL: Holiday, 02/17/2026"
Korea,2026-02-17,6469682,INTDAILY,E53,Korea OMO: RP Purchases of Government Securities,UPDATE_NOTE,PLANNED,,"AUTOHOL: Holiday, 02/17/2026"
Korea,2026-02-17,6469683,INTDAILY,E52,Korea OMO: RP Sales of Government Securities,UPDATE_NOTE,PLANNED,,"AUTOHOL: Holiday, 02/17/2026"
Korea,2026-02-17,6469684,INTDAILY,E46,Korea OMO: Monetary Stabilization Account Operations,UPDATE_NOTE,PLANNED,,"AUTOHOL: Holiday, 02/17/2026"
Korea,2026-02-17,6469685,INTDAILY,E61,Korea OMO: Monetary Stabilization Bond Operations,UPDATE_NOTE,PLANNED,,"AUTOHOL: Holiday, 02/17/2026"
Korea,2026-02-18,6466329,INTDAILY,I74,Korea KORIBOR,UPDATE_NOTE,PLANNED,,"AUTOHOL: Holiday, 02/18/2026"
Korea,2026-02-18,6466330,INTDAILY,I61,Interest Rates,UPDATE_NOTE,PLANNED,,"AUTOHOL: Holiday, 02/18/2026"
Korea,2026-02-18,6466331,INTDAILY,V56,Asian Stock - KOSPI/KOSDAQ Market,UPDATE_NOTE,PLANNED,,"AUTOHOL: Holiday, 02/18/2026"
Korea,2026-02-18,6466589,INTDAILY,J33,Government Bond Yields,UPDATE_NOTE,PLANNED,,"AUTOHOL: Holiday, 02/18/2026"
Korea,2026-02-18,6466594,INTDAILY,K11,Total Return Calculation,UPDATE_NOTE,PLANNED,,"AUTOHOL: Holiday, 02/18/2026"
Korea,2026-02-18,6466599,INTDAILY,R80,Exchange RATE,UPDATE_NOTE,PLANNED,,"AUTOHOL: Holiday, 02/18/2026"
Korea,2026-02-18,6466739,INTDAILY,K02,Breakeven Inflation,UPDATE_NOTE,PLANNED,,"AUTOHOL: Holiday, 02/18/2026"
Korea,2026-02-18,6467154,INTDAILY,S96,Asian Stock - KOSPI/KOSDAQ Market,UPDATE_NOTE,PLANNED,,"AUTOHOL: Holiday, 02/18/2026"
Korea,2026-02-18,6467169,INTDAILY,V74,KRX Market Transactions,UPDATE_NOTE,PLANNED,,"AUTOHOL: Holiday, 02/18/2026"
Korea,2026-02-18,6467184,INTWKLY,P50,HPI and MKT Trends  from (REB),UPDATE_NOTE,PLANNED,R2D2 - Data for 1260216 not out. CSVDATE=1260209. Files on d:\intwkly\korea\housing [Az-AutoSrv1-Svc] Thu 02/12/2026 22:29:06.573 [Event ID: bee9fe12-0885-11f1-85b3-000d3a1a0faf],"R2D2 - Data for 1260216 not out. CSVDATE=1260209. Files on d:\intwkly\korea\housing [Az-AutoSrv1-Svc] Thu 02/12/2026 22:29:06.573 [Event ID: bee9fe12-0885-11f1-85b3-000d3a1a0faf] | AUTOHOL: Holiday, 0"
Korea,2026-02-18,6467252,INTDAILY,T28,US-Dollar Auctions CHECK,UPDATE_NOTE,PLANNED,,"AUTOHOL: Holiday, 02/18/2026"
Korea,2026-02-18,6467338,INTDAILY,R39,Exchange RATE Lag,UPDATE_NOTE,PLANNED,,"AUTOHOL: Holiday, 02/18/2026"
Korea,2026-02-18,6467414,INTDAILY,F65,Interest Rates and Yields,UPDATE_NOTE,PLANNED,,"AUTOHOL: Holiday, 02/18/2026"
Korea,2026-02-18,6467444,INTDAILY,Y59,Treasury Bill Auctions,UPDATE_NOTE,PLANNED,,"AUTOHOL: Holiday, 02/18/2026"
Korea,2026-02-18,6467480,CMDTY,L56,Agricultral Products Wholesale Price,UPDATE_NOTE,PLANNED,,"AUTOHOL: Holiday, 02/18/2026"
Korea,2026-02-18,6467483,INTDAILY,Y58,KOFR Leading,UPDATE_NOTE,PLANNED,,"AUTOHOL: Holiday, 02/18/2026"
Korea,2026-02-18,6467485,INTDAILY,Y20,KOFR,UPDATE_NOTE,PLANNED,,"AUTOHOL: Holiday, 02/18/2026"
Korea,2026-02-18,6467513,INTDAILY,U31,INTL Securities Activity,UPDATE_NOTE,PLANNED,,"AUTOHOL: Holiday, 02/18/2026"
Korea,2026-02-18,6467514,INTDAILY,U32,INTL Securities Activity EVIEWS,UPDATE_NOTE,PLANNED,,"AUTOHOL: Holiday, 02/18/2026"
Korea,2026-02-18,6467515,INTDAILY,U33,INTL Securities Custody,UPDATE_NOTE,PLANNED,,"AUTOHOL: Holiday, 02/18/2026"
Korea,2026-02-18,6467531,INTDAILY,K20,Equity Flows,UPDATE_NOTE,PLANNED,,"AUTOHOL: Holiday, 02/18/2026"
Korea,2026-02-18,6467532,INTDAILY,K10,Bond Flows,UPDATE_NOTE,PLANNED,,"AUTOHOL: Holiday, 02/18/2026"
Korea,2026-02-18,6467541,INTDAILY,K90,KOFR Interest Rate Distribution,UPDATE_NOTE,PLANNED,,"AUTOHOL: Holiday, 02/18/2026"
Korea,2026-02-18,6467596,INTDAILY,V99,KRX Foreign Ownership,UPDATE_NOTE,PLANNED,,"AUTOHOL: Holiday, 02/18/2026"
Korea,2026-02-18,6467657,INTDAILY,U29,KOSPI Volatility 200 Index,UPDATE_NOTE,PLANNED,,"AUTOHOL: Holiday, 02/18/2026"
Korea,2026-02-18,6467755,INTDAILY,M28,Korea Money Market Fund AUM,UPDATE_NOTE,PLANNED,,"AUTOHOL: Holiday, 02/18/2026"
Korea,2026-02-18,6467833,INTDAILY,O08,[COMP] Agricultral Products Wholesale Price,UPDATE_NOTE,PLANNED,,"AUTOHOL: Holiday, 02/18/2026"
Korea,2026-02-18,6467906,GLSECTOR,V36,Semiconductor Prices,UPDATE_NOTE,PLANNED,,"AUTOHOL: Holiday, 02/18/2026"
Korea,2026-02-18,6467940,ASIAER,D48,HPI and MKT Trends  from (REB) [COMP],UPDATE_NOTE,PLANNED,,"AUTOHOL: Holiday, 02/18/2026"
Korea,2026-02-18,6467946,ENERGY,"P66, P67, P68",Korea Fuel Prices,UPDATE_NOTE,PLANNED,,"AUTOHOL: Holiday, 02/18/2026"
Korea,2026-02-18,6467947,INTDAILY,"B66, B67, B68",Korea Fuel Prices TRANSFER,UPDATE_NOTE,PLANNED,,"AUTOHOL: Holiday, 02/18/2026"
Korea,2026-02-18,6467951,INTDAILY,E60,Interest Rates on Loans & Deposits,UPDATE_NOTE,PLANNED,,"AUTOHOL: Holiday, 02/18/2026"
Korea,2026-02-18,6467991,INTDAILY,E53,Korea OMO: RP Purchases of Government Securities,UPDATE_NOTE,PLANNED,,"AUTOHOL: Holiday, 02/18/2026"
Korea,2026-02-18,6467992,INTDAILY,E52,Korea OMO: RP Sales of Government Securities,UPDATE_NOTE,PLANNED,,"AUTOHOL: Holiday, 02/18/2026"
Korea,2026-02-18,6467993,INTDAILY,E46,Korea OMO: Monetary Stabilization Account Operations,UPDATE_NOTE,PLANNED,,"AUTOHOL: Holiday, 02/18/2026"
Korea,2026-02-18,6467994,INTDAILY,E61,Korea OMO: Monetary Stabilization Bond Operations,UPDATE_NOTE,PLANNED,,"AUTOHOL: Holiday, 02/18/2026"
Malaysia,2026-02-17,6468057,INTDAILY,S74,Market Indices,UPDATE_NOTE,PLANNED,,"AUTOHOL: Holiday, 02/17/2026"
Malaysia,2026-02-17,6468058,INTDAILY,R51,Exchange Rates,UPDATE_NOTE,PLANNED,,"AUTOHOL: Holiday, 02/17/2026"
Malaysia,2026-02-17,6468059,INTDAILY,W15,Overall Operations Rates & Volumes,UPDATE_NOTE,PLANNED,,"AUTOHOL: Holiday, 02/17/2026"
Malaysia,2026-02-17,6468453,CMDTY,L81,Crude Palm Oil,UPDATE_NOTE,PLANNED,,"AUTOHOL: Holiday, 02/17/2026"
Malaysia,2026-02-17,6468473,INTDAILY,V52,Asian Stock Market- KLSE,UPDATE_NOTE,PLANNED,,"AUTOHOL: Holiday, 02/17/2026"
Malaysia,2026-02-17,6468527,INTDAILY,P82,Closing Rubber,UPDATE_NOTE,PLANNED,,"AUTOHOL: Holiday, 02/17/2026"
Malaysia,2026-02-17,6468528,CMDTY,L82,Closing Rubber  CMDTY Transfer,UPDATE_NOTE,PLANNED,,"AUTOHOL: Holiday, 02/17/2026"
Malaysia,2026-02-17,6468535,INTDAILY,G72,Government Bonds,UPDATE_NOTE,PLANNED,,"AUTOHOL: Holiday, 02/17/2026"
Malaysia,2026-02-17,6468596,INTDAILY,W10,Money Market Operations Rates & Volumes,UPDATE_NOTE,PLANNED,,"AUTOHOL: Holiday, 02/17/2026"
Malaysia,2026-02-17,6468692,INTDAILY,W94,Kuala Lumpur USD/MYR Reference Rate,UPDATE_NOTE,PLANNED,,"AUTOHOL: Holiday, 02/17/2026"
Malaysia,2026-02-17,6468706,INTDAILY,W49,Gold Bullion Prices,UPDATE_NOTE,PLANNED,,"AUTOHOL: Holiday, 02/17/2026"
Malaysia,2026-02-17,6468707,INTDAILY,H49,Gold Prices MID-RATE,UPDATE_NOTE,PLANNED,,"AUTOHOL: Holiday, 02/17/2026"
Malaysia,2026-02-17,6468713,CMDTY,L67,Gold Bullion Prices Comp,UPDATE_NOTE,PLANNED,,"AUTOHOL: Holiday, 02/17/2026"
Malaysia,2026-02-17,6468717,INTDAILY,W21,Malaysia Islamic Interbank,UPDATE_NOTE,PLANNED,,"AUTOHOL: Holiday, 02/17/2026"
Malaysia,2026-02-17,6468780,CMDTY,M02,Malaysia Crude Palm Oil Transfer,UPDATE_NOTE,PLANNED,,"AUTOHOL: Holiday, 02/17/2026"
Malaysia,2026-02-17,6468781,INTDAILY,X70,Malaysia Crude Palm Oil Price,UPDATE_NOTE,PLANNED,,"AUTOHOL: Holiday, 02/17/2026"
Malaysia,2026-02-17,6469051,INTDAILY,T95,KLIBOR Rates,UPDATE_NOTE,PLANNED,,"AUTOHOL: Holiday, 02/17/2026"
Malaysia,2026-02-17,6469058,INTDAILY,W14,Interbank Swaps,UPDATE_NOTE,PLANNED,,"AUTOHOL: Holiday, 02/17/2026"
Malaysia,2026-02-17,6469059,INTDAILY,W12,Interbank Volume and Rate,UPDATE_NOTE,PLANNED,,"AUTOHOL: Holiday, 02/17/2026"
Malaysia,2026-02-17,6469060,INTDAILY,W11,Bond Volume,UPDATE_NOTE,PLANNED,,"AUTOHOL: Holiday, 02/17/2026"
Malaysia,2026-02-17,6469061,INTDAILY,W13,Malaysia Bond FX,UPDATE_NOTE,PLANNED,,"AUTOHOL: Holiday, 02/17/2026"
Malaysia,2026-02-17,6469217,INTDAILY,C66,Malaysia Overnight Rate (MYOR),UPDATE_NOTE,PLANNED,,"AUTOHOL: Holiday, 02/17/2026"
Malaysia,2026-02-17,6469220,INTDAILY,C67,Islamic Overnight Rate,UPDATE_NOTE,PLANNED,,"AUTOHOL: Holiday, 02/17/2026"
Malaysia,2026-02-17,6469613,INTDAILY,E38,Central Bank Liquidity Positions,UPDATE_NOTE,PLANNED,,"AUTOHOL: Holiday, 02/17/2026"
Malaysia,2026-02-17,6469614,INTDAILY,E37,Central Bank OMOs,UPDATE_NOTE,PLANNED,,"AUTOHOL: Holiday, 02/17/2026"
Malaysia,2026-02-17,6469694,INTDAILY,O06,Non-Resident Bond Holdings,UPDATE_NOTE,PLANNED,,"AUTOHOL: Holiday, 02/17/2026"
Malaysia,2026-02-18,6466332,INTDAILY,S74,Market Indices,UPDATE_NOTE,PLANNED,,"AUTOHOL: Holiday, 02/18/2026"
Malaysia,2026-02-18,6466333,INTDAILY,R51,Exchange Rates,UPDATE_NOTE,PLANNED,,"AUTOHOL: Holiday, 02/18/2026"
Malaysia,2026-02-18,6466334,INTDAILY,W15,Overall Operations Rates & Volumes,UPDATE_NOTE,PLANNED,,"AUTOHOL: Holiday, 02/18/2026"
Malaysia,2026-02-18,6466736,CMDTY,L81,Crude Palm Oil,UPDATE_NOTE,PLANNED,,"AUTOHOL: Holiday, 02/18/2026"
Malaysia,2026-02-18,6466755,INTDAILY,V52,Asian Stock Market- KLSE,UPDATE_NOTE,PLANNED,,"AUTOHOL: Holiday, 02/18/2026"
Malaysia,2026-02-18,6466809,INTDAILY,P82,Closing Rubber,UPDATE_NOTE,PLANNED,,"AUTOHOL: Holiday, 02/18/2026"
Malaysia,2026-02-18,6466810,CMDTY,L82,Closing Rubber  CMDTY Transfer,UPDATE_NOTE,PLANNED,,"AUTOHOL: Holiday, 02/18/2026"
Malaysia,2026-02-18,6466815,INTDAILY,G72,Government Bonds,UPDATE_NOTE,PLANNED,,"AUTOHOL: Holiday, 02/18/2026"
Malaysia,2026-02-18,6466872,INTDAILY,W10,Money Market Operations Rates & Volumes,UPDATE_NOTE,PLANNED,,"AUTOHOL: Holiday, 02/18/2026"
Malaysia,2026-02-18,6466966,INTDAILY,W94,Kuala Lumpur USD/MYR Reference Rate,UPDATE_NOTE,PLANNED,,"AUTOHOL: Holiday, 02/18/2026"
Malaysia,2026-02-18,6466980,INTDAILY,W49,Gold Bullion Prices,UPDATE_NOTE,PLANNED,,"AUTOHOL: Holiday, 02/18/2026"
Malaysia,2026-02-18,6466981,INTDAILY,H49,Gold Prices MID-RATE,UPDATE_NOTE,PLANNED,,"AUTOHOL: Holiday, 02/18/2026"
Malaysia,2026-02-18,6466986,CMDTY,L67,Gold Bullion Prices Comp,UPDATE_NOTE,PLANNED,,"AUTOHOL: Holiday, 02/18/2026"
Malaysia,2026-02-18,6466990,INTDAILY,W21,Malaysia Islamic Interbank,UPDATE_NOTE,PLANNED,,"AUTOHOL: Holiday, 02/18/2026"
Malaysia,2026-02-18,6467002,INTWKLY,P32,Retail Pump Prices COMP [Press],UPDATE_NOTE,PLANNED,,"AUTOHOL: Holiday, 02/18/2026"
Malaysia,2026-02-18,6467019,CMDTY,L24,Retail Pump Prices COMP [Press],UPDATE_NOTE,PLANNED,,"AUTOHOL: Holiday, 02/18/2026"
Malaysia,2026-02-18,6467058,CMDTY,M02,Malaysia Crude Palm Oil Transfer,UPDATE_NOTE,PLANNED,,"AUTOHOL: Holiday, 02/18/2026"
Malaysia,2026-02-18,6467059,INTDAILY,X70,Malaysia Crude Palm Oil Price,UPDATE_NOTE,PLANNED,,"AUTOHOL: Holiday, 02/18/2026"
Malaysia,2026-02-18,6467337,INTDAILY,T95,KLIBOR Rates,UPDATE_NOTE,PLANNED,,"AUTOHOL: Holiday, 02/18/2026"
Malaysia,2026-02-18,6467344,INTDAILY,W14,Interbank Swaps,UPDATE_NOTE,PLANNED,,"AUTOHOL: Holiday, 02/18/2026"
Malaysia,2026-02-18,6467345,INTDAILY,W12,Interbank Volume and Rate,UPDATE_NOTE,PLANNED,,"AUTOHOL: Holiday, 02/18/2026"
Malaysia,2026-02-18,6467346,INTDAILY,W11,Bond Volume,UPDATE_NOTE,PLANNED,,"AUTOHOL: Holiday, 02/18/2026"
Malaysia,2026-02-18,6467347,INTDAILY,W13,Malaysia Bond FX,UPDATE_NOTE,PLANNED,,"AUTOHOL: Holiday, 02/18/2026"
Malaysia,2026-02-18,6467394,INTDAILY,C58,Malaysia MTB/MITB Auction Data,UPDATE_NOTE,PLANNED,,"AUTOHOL: Holiday, 02/18/2026"
Malaysia,2026-02-18,6467396,ENERGY,K43,Retail Pump Prices [Press],UPDATE_NOTE,PLANNED,,"AUTOHOL: Holiday, 02/18/2026"
Malaysia,2026-02-18,6467518,INTDAILY,C66,Malaysia Overnight Rate (MYOR),UPDATE_NOTE,PLANNED,,"AUTOHOL: Holiday, 02/18/2026"
Malaysia,2026-02-18,6467522,INTDAILY,C67,Islamic Overnight Rate,UPDATE_NOTE,PLANNED,,"AUTOHOL: Holiday, 02/18/2026"
Malaysia,2026-02-18,6467920,INTDAILY,E38,Central Bank Liquidity Positions,UPDATE_NOTE,PLANNED,,"AUTOHOL: Holiday, 02/18/2026"
Malaysia,2026-02-18,6467921,INTDAILY,E37,Central Bank OMOs,UPDATE_NOTE,PLANNED,,"AUTOHOL: Holiday, 02/18/2026"
Malaysia,2026-02-18,6468003,INTDAILY,O06,Non-Resident Bond Holdings,UPDATE_NOTE,PLANNED,,"AUTOHOL: Holiday, 02/18/2026"
Philippines,2026-02-17,6468076,INTDAILY,N56,Interest & Commodity Prices,UPDATE_NOTE,PLANNED,,"AUTOHOL: Holiday, 02/17/2026"
Philippines,2026-02-17,6468328,INTDAILY,F64,Exchange Rates,UPDATE_NOTE,PLANNED,,"AUTOHOL: Holiday, 02/17/2026"
Philippines,2026-02-17,6468474,INTDAILY,V53,Asian Stock Market- Manila Composite,UPDATE_NOTE,PLANNED,,"AUTOHOL: Holiday, 02/17/2026"
Philippines,2026-02-17,6468741,INTWKLY,G58,Term Deposit Facility Auctions,UPDATE_NOTE,PLANNED,,"AUTOHOL: Holiday, 02/17/2026"
Philippines,2026-02-17,6469088,CMDTY,L26,Agricultural Prices,UPDATE_NOTE,PLANNED,,"AUTOHOL: Holiday, 02/17/2026"
Philippines,2026-02-17,6469261,CMDTY,L04,Agricultural Prices (Average Calculation),UPDATE_NOTE,PLANNED,,"AUTOHOL: Holiday, 02/17/2026"
Philippines,2026-02-17,6469371,INTDAILY,F66,Commodity Prices,UPDATE_NOTE,PLANNED,,"AUTOHOL: Holiday, 02/17/2026"
Philippines,2026-02-17,6469399,ASEANR,D13,Daily Minimum Wages,UPDATE_NOTE,PLANNED,,"AUTOHOL: Holiday, 02/17/2026"
Philippines,2026-02-17,6469530,INTDAILY,N35,Agricultural Prices - Transfer to INTDAILY,UPDATE_NOTE,PLANNED,,"AUTOHOL: Holiday, 02/17/2026"
Russia,2026-02-21,6471998,INTDAILY,P93,Russia VIX (NEW),UPDATE_NOTE,PLANNED,,"AUTOHOL: Holiday, 02/21/2026"
Russia,2026-02-22,6471614,INTDAILY,"P88, A98, A99",Deposit Accounts,UPDATE_NOTE,PLANNED,,"AUTOHOL: Holiday, 02/22/2026"
Russia,2026-02-22,6471619,INTDAILY,"P87, P40, P80",RTS Indexes Mkt,UPDATE_NOTE,PLANNED,,"AUTOHOL: Holiday, 02/22/2026"
Russia,2026-02-22,6471625,INTDAILY,"J26, D98, D99",Fixed Repo,UPDATE_NOTE,PLANNED,,"AUTOHOL: Holiday, 02/22/2026"
Russia,2026-02-22,6471630,INTDAILY,"G14, B78, B79",Ruble Overnight Average,UPDATE_NOTE,PLANNED,,"AUTOHOL: Holiday, 02/22/2026"
Russia,2026-02-22,6471634,INTDAILY,"G17, A95, A96",Loan Debt,UPDATE_NOTE,PLANNED,,"AUTOHOL: Holiday, 02/22/2026"
Russia,2026-02-22,6471637,INTDAILY,"V27, B53, B54",Factors Affectiing Banking Sector Liquidity,UPDATE_NOTE,PLANNED,,"AUTOHOL: Holiday, 02/22/2026"
Russia,2026-02-22,6471638,INTDAILY,P93,Russia VIX (NEW),UPDATE_NOTE,PLANNED,,"AUTOHOL: Holiday, 02/22/2026"
Russia,2026-02-22,6471639,INTDAILY,"I58, A13, A19",Deposit Rates,UPDATE_NOTE,PLANNED,,"AUTOHOL: Holiday, 02/22/2026"
Russia,2026-02-22,6471658,INTDAILY,J85,Repo Auctions,UPDATE_NOTE,PLANNED,,"AUTOHOL: Holiday, 02/22/2026"
Russia,2026-02-22,6471668,INTDAILY,"J94, K95, K96",Repo Transactions,UPDATE_NOTE,PLANNED,,"AUTOHOL: Holiday, 02/22/2026"
Russia,2026-02-22,6471673,INTDAILY,V89,ROISfix,UPDATE_NOTE,PLANNED,,"AUTOHOL: Holiday, 02/22/2026"
Russia,2026-02-22,6471708,INTDAILY,"G38, A11, A12",Banking Sector Structural Liquidity,UPDATE_NOTE,PLANNED,,"AUTOHOL: Holiday, 02/22/2026"
Russia,2026-02-22,6471726,INTDAILY,"G08, A21, A22",Intraday Loans,UPDATE_NOTE,PLANNED,,"AUTOHOL: Holiday, 02/22/2026"
Russia,2026-02-22,6471748,INTDAILY,"P77, A93, A79",Correspondent Accounts,UPDATE_NOTE,PLANNED,,"AUTOHOL: Holiday, 02/22/2026"
Russia,2026-02-22,6471886,INTDAILY,"I26, N27, N28",RUONIA Index,UPDATE_NOTE,PLANNED,,"AUTOHOL: Holiday, 02/22/2026"
Russia,2026-02-22,6471992,INTDAILY,"C32, C33, C34",RUSFAR Accrued Yield Index,UPDATE_NOTE,PLANNED,,"AUTOHOL: Holiday, 02/22/2026"
Russia,2026-02-22,6471993,INTDAILY,"B95, B96, B97",RUSFAR,UPDATE_NOTE,PLANNED,,"AUTOHOL: Holiday, 02/22/2026"
Serbia,2026-02-16,6453056,INTDAILY,R60,Exchange Rates,UPDATE_NOTE,PLANNED,,"AUTOHOL: Holiday, 02/16/2026"
Serbia,2026-02-16,6453221,INTDAILY,G92,Belex Stock,UPDATE_NOTE,PLANNED,,"AUTOHOL: Holiday, 02/16/2026"
Serbia,2026-02-16,6453353,INTDAILY,J57,BEONIA,UPDATE_NOTE,PLANNED,,"AUTOHOL: Holiday, 02/16/2026"
Serbia,2026-02-16,6453355,INTWKLY,J58,BEONIA Aggregation,UPDATE_NOTE,PLANNED,,"AUTOHOL: Holiday, 02/16/2026"
Serbia,2026-02-16,6454116,INTDAILY,T85,FX Transactions,UPDATE_NOTE,PLANNED,,"AUTOHOL: Holiday, 02/16/2026"
Serbia,2026-02-16,6454495,INTDAILY,J58,BELIBOR,UPDATE_NOTE,PLANNED,,"AUTOHOL: Holiday, 02/16/2026"
Serbia,2026-02-16,6454698,INTDAILY,L40,Serbia Secondary Trading Maturities,UPDATE_NOTE,PLANNED,,"AUTOHOL: Holiday, 02/16/2026"
Serbia,2026-02-16,6454699,INTWKLY,L41,Serbia Secondary Trading Maturities Aggregation,UPDATE_NOTE,PLANNED,,"AUTOHOL: Holiday, 02/16/2026"
Serbia,2026-02-17,6468083,INTDAILY,R60,Exchange Rates,UPDATE_NOTE,PLANNED,,"AUTOHOL: Holiday, 02/17/2026"
Serbia,2026-02-17,6468243,INTDAILY,G92,Belex Stock,UPDATE_NOTE,PLANNED,,"AUTOHOL: Holiday, 02/17/2026"
Serbia,2026-02-17,6468367,INTDAILY,J57,BEONIA,UPDATE_NOTE,PLANNED,,"AUTOHOL: Holiday, 02/17/2026"
Serbia,2026-02-17,6469065,INTDAILY,T85,FX Transactions,UPDATE_NOTE,PLANNED,,"AUTOHOL: Holiday, 02/17/2026"
Serbia,2026-02-17,6469066,INTWKLY,M55,FX Transactions Agg,UPDATE_NOTE,PLANNED,,"AUTOHOL: Holiday, 02/17/2026"
Serbia,2026-02-17,6469406,INTDAILY,J58,BELIBOR,UPDATE_NOTE,PLANNED,,"AUTOHOL: Holiday, 02/17/2026"
Serbia,2026-02-17,6469603,INTDAILY,L40,Serbia Secondary Trading Maturities,UPDATE_NOTE,PLANNED,,"AUTOHOL: Holiday, 02/17/2026"
Singapore,2026-02-17,6468084,INTDAILY,I44,Bond Yields,UPDATE_NOTE,PLANNED,,"AUTOHOL: Holiday, 02/17/2026"
Singapore,2026-02-17,6468138,INTDAILY,R52,Exchange Rate,UPDATE_NOTE,PLANNED,,"AUTOHOL: Holiday, 02/17/2026"
Singapore,2026-02-17,6468475,INTDAILY,V54,Asian Stock Market- Straits Times,UPDATE_NOTE,PLANNED,,"AUTOHOL: Holiday, 02/17/2026"
Singapore,2026-02-17,6468515,INTDAILY,V79,Pollution Index,UPDATE_NOTE,PLANNED,,"AUTOHOL: Holiday, 02/17/2026"
Singapore,2026-02-17,6468536,INTDAILY,H16,Pollution Index EVIEWS Calculation,UPDATE_NOTE,PLANNED,,"AUTOHOL: Holiday, 02/17/2026"
Singapore,2026-02-17,6469004,INTDAILY,I02,Interest Rates,UPDATE_NOTE,PLANNED,,"AUTOHOL: Holiday, 02/17/2026"
Singapore,2026-02-17,6469005,INTDAILY,T35,SORA Rates,UPDATE_NOTE,PLANNED,,"AUTOHOL: Holiday, 02/17/2026"
Singapore,2026-02-17,6469071,INTDAILY,T36,Overnight Rate,UPDATE_NOTE,PLANNED,,"AUTOHOL: Holiday, 02/17/2026"
Singapore,2026-02-17,6469150,INTDAILY,T90,MAS Bills,UPDATE_NOTE,PLANNED,,"AUTOHOL: Holiday, 02/17/2026"
Singapore,2026-02-17,6469391,INTDAILY,K28,Singapore MAS Bills Auction,UPDATE_NOTE,PLANNED,,"AUTOHOL: Holiday, 02/17/2026"
Singapore,2026-02-18,6466359,INTDAILY,I44,Bond Yields,UPDATE_NOTE,PLANNED,,"AUTOHOL: Holiday, 02/18/2026"
Singapore,2026-02-18,6466414,INTDAILY,R52,Exchange Rate,UPDATE_NOTE,PLANNED,,"AUTOHOL: Holiday, 02/18/2026"
Singapore,2026-02-18,6466757,INTDAILY,V54,Asian Stock Market- Straits Times,UPDATE_NOTE,PLANNED,,"AUTOHOL: Holiday, 02/18/2026"
Singapore,2026-02-18,6466797,INTDAILY,V79,Pollution Index,UPDATE_NOTE,PLANNED,,"AUTOHOL: Holiday, 02/18/2026"
Singapore,2026-02-18,6466816,INTDAILY,H16,Pollution Index EVIEWS Calculation,UPDATE_NOTE,PLANNED,,"AUTOHOL: Holiday, 02/18/2026"
Singapore,2026-02-18,6467294,INTDAILY,I02,Interest Rates,UPDATE_NOTE,PLANNED,,"AUTOHOL: Holiday, 02/18/2026"
Singapore,2026-02-18,6467295,INTDAILY,T35,SORA Rates,UPDATE_NOTE,PLANNED,,"AUTOHOL: Holiday, 02/18/2026"
Singapore,2026-02-18,6467358,INTDAILY,T36,Overnight Rate,UPDATE_NOTE,PLANNED,,"AUTOHOL: Holiday, 02/18/2026"
Singapore,2026-02-18,6467449,INTDAILY,T90,MAS Bills,UPDATE_NOTE,PLANNED,,"AUTOHOL: Holiday, 02/18/2026"
Venezuela,2026-02-16,6453106,INTDAILY,R53,Exchange Rates,UPDATE_NOTE,PLANNED,,"AUTOHOL: Holiday, 02/16/2026"
Venezuela,2026-02-16,6453303,INTDAILY,W38,Caracas Stock Market Index,UPDATE_NOTE,PLANNED,,"AUTOHOL: Holiday, 02/16/2026"
Venezuela,2026-02-16,6453396,INTDAILY,H30,Mid-Rate Calculation,UPDATE_NOTE,PLANNED,,"AUTOHOL: Holiday, 02/16/2026"
Venezuela,2026-02-16,6453407,INTDAILY,J78,International Reserves,UPDATE_NOTE,PLANNED,,"AUTOHOL: Holiday, 02/16/2026"
Venezuela,2026-02-16,6453610,INTWKLY,J81,International Reserves AGG,UPDATE_NOTE,PLANNED,,"AUTOHOL: Holiday, 02/16/2026"
Venezuela,2026-02-16,6453666,INTDAILY,W68,Venezuela Overnight Rates,UPDATE_NOTE,PLANNED,,"AUTOHOL: Holiday, 02/16/2026"
Venezuela,2026-02-16,6453927,INTDAILY,Y35,Reference Exchange Rates,UPDATE_NOTE,PLANNED,,"AUTOHOL: Holiday, 02/16/2026"
Venezuela,2026-02-16,6453928,INTDAILY,Y33,Reference Exchange Mid Rates,UPDATE_NOTE,PLANNED,,"AUTOHOL: Holiday, 02/16/2026"
Venezuela,2026-02-16,6453929,INTWKLY,"Y37, Y38",Reference Exchange Rates AGG,UPDATE_NOTE,PLANNED,,"AUTOHOL: Holiday, 02/16/2026"
Venezuela,2026-02-17,6468124,INTDAILY,R53,Exchange Rates,UPDATE_NOTE,PLANNED,,"AUTOHOL: Holiday, 02/17/2026"
Venezuela,2026-02-17,6468322,INTDAILY,W38,Caracas Stock Market Index,UPDATE_NOTE,PLANNED,,"AUTOHOL: Holiday, 02/17/2026"
Venezuela,2026-02-17,6468409,INTDAILY,H30,Mid-Rate Calculation,UPDATE_NOTE,PLANNED,,"AUTOHOL: Holiday, 02/17/2026"
Venezuela,2026-02-17,6468416,INTDAILY,J78,International Reserves,UPDATE_NOTE,PLANNED,,"AUTOHOL: Holiday, 02/17/2026"
Venezuela,2026-02-17,6468664,INTDAILY,W68,Venezuela Overnight Rates,UPDATE_NOTE,PLANNED,,"AUTOHOL: Holiday, 02/17/2026"
Venezuela,2026-02-17,6468901,INTDAILY,Y35,Reference Exchange Rates,UPDATE_NOTE,PLANNED,,"AUTOHOL: Holiday, 02/17/2026"
Venezuela,2026-02-17,6468902,INTDAILY,Y33,Reference Exchange Mid Rates,UPDATE_NOTE,PLANNED,,"AUTOHOL: Holiday, 02/17/2026"
Vietnam,2026-02-16,6453107,INTDAILY,R76,Exchange Rate,SKIP_NO_CHANGE,PLANNED,"AUTOHOL: Holiday, 02/16/2026","AUTOHOL: Holiday, 02/16/2026"
Vietnam,2026-02-16,6453276,INTDAILY,G96,VI Index,SKIP_NO_CHANGE,PLANNED,"AUTOHOL: Holiday, 02/16/2026","AUTOHOL: Holiday, 02/16/2026"
Vietnam,2026-02-16,6453397,INTDAILY,H14,[ Mid-Rate Calculation] Exchange Rates,SKIP_NO_CHANGE,PLANNED,"AUTOHOL: Holiday, 02/16/2026","AUTOHOL: Holiday, 02/16/2026"
Vietnam,2026-02-16,6453491,INTDAILY,V69,3 Month Deposit Rate,SKIP_NO_CHANGE,PLANNED,"AUTOHOL: Holiday, 02/16/2026","AUTOHOL: Holiday, 02/16/2026"
Vietnam,2026-02-16,6453595,INTDAILY,"W19, W20",State Bank Exchange Rates,SKIP_NO_CHANGE,PLANNED,"AUTOHOL: Holiday, 02/16/2026","AUTOHOL: Holiday, 02/16/2026"
Vietnam,2026-02-16,6453596,INTDAILY,W23,Vietnam Interbank Rate,SKIP_NO_CHANGE,PLANNED,"AUTOHOL: Holiday, 02/16/2026","AUTOHOL: Holiday, 02/16/2026"
Vietnam,2026-02-16,6453597,INTDAILY,H07,State Bank Exchange Rates Mid-Rates Calculation,SKIP_NO_CHANGE,PLANNED,"AUTOHOL: Holiday, 02/16/2026","AUTOHOL: Holiday, 02/16/2026"
Vietnam,2026-02-16,6454142,INTWKLY,H66,Interbank Rate Agg,SKIP_NO_CHANGE,PLANNED,"AUTOHOL: Holiday, 02/16/2026","AUTOHOL: Holiday, 02/16/2026"
Vietnam,2026-02-16,6454208,INTDAILY,H94,Government Bond Auctions,SKIP_NO_CHANGE,PLANNED,"AUTOHOL: Holiday, 02/16/2026","AUTOHOL: Holiday, 02/16/2026"
Vietnam,2026-02-16,6454508,ENERGY,K11,Vietnam Pump Prices,SKIP_NO_CHANGE,PLANNED,"AUTOHOL: Holiday, 02/16/2026","AUTOHOL: Holiday, 02/16/2026"
Vietnam,2026-02-16,6454509,INTDAILY,P61,Vietnam Pump Prices - INTD Transfer,SKIP_NO_CHANGE,PLANNED,"AUTOHOL: Holiday, 02/16/2026","AUTOHOL: Holiday, 02/16/2026"
Vietnam,2026-02-16,6454639,INTDAILY,K61,Open Market Operations,SKIP_NO_CHANGE,PLANNED,"AUTOHOL: Holiday, 02/16/2026","AUTOHOL: Holiday, 02/16/2026"
Vietnam,2026-02-17,6468125,INTDAILY,R76,Exchange Rate,SKIP_NO_CHANGE,PLANNED,"AUTOHOL: Holiday, 02/17/2026","AUTOHOL: Holiday, 02/17/2026"
Vietnam,2026-02-17,6468297,INTDAILY,G96,VI Index,SKIP_NO_CHANGE,PLANNED,"AUTOHOL: Holiday, 02/17/2026","AUTOHOL: Holiday, 02/17/2026"
Vietnam,2026-02-17,6468410,INTDAILY,H14,[ Mid-Rate Calculation] Exchange Rates,SKIP_NO_CHANGE,PLANNED,"AUTOHOL: Holiday, 02/17/2026","AUTOHOL: Holiday, 02/17/2026"
Vietnam,2026-02-17,6468496,INTDAILY,V69,3 Month Deposit Rate,SKIP_NO_CHANGE,PLANNED,"AUTOHOL: Holiday, 02/17/2026","AUTOHOL: Holiday, 02/17/2026"
Vietnam,2026-02-17,6468607,INTDAILY,"W19, W20",State Bank Exchange Rates,SKIP_NO_CHANGE,PLANNED,"AUTOHOL: Holiday, 02/17/2026","AUTOHOL: Holiday, 02/17/2026"
Vietnam,2026-02-17,6468608,INTDAILY,W23,Vietnam Interbank Rate,SKIP_NO_CHANGE,PLANNED,"AUTOHOL: Holiday, 02/17/2026","AUTOHOL: Holiday, 02/17/2026"
Vietnam,2026-02-17,6468609,INTDAILY,H07,State Bank Exchange Rates Mid-Rates Calculation,SKIP_NO_CHANGE,PLANNED,"AUTOHOL: Holiday, 02/17/2026","AUTOHOL: Holiday, 02/17/2026"
Vietnam,2026-02-17,6469135,INTDAILY,H94,Government Bond Auctions,SKIP_NO_CHANGE,PLANNED,"AUTOHOL: Holiday, 02/17/2026","AUTOHOL: Holiday, 02/17/2026"
Vietnam,2026-02-17,6469416,ENERGY,K11,Vietnam Pump Prices,SKIP_NO_CHANGE,PLANNED,"AUTOHOL: Holiday, 02/17/2026","AUTOHOL: Holiday, 02/17/2026"
Vietnam,2026-02-17,6469417,INTDAILY,P61,Vietnam Pump Prices - INTD Transfer,SKIP_NO_CHANGE,PLANNED,"AUTOHOL: Holiday, 02/17/2026","AUTOHOL: Holiday, 02/17/2026"
Vietnam,2026-02-17,6469550,INTDAILY,K61,Open Market Operations,SKIP_NO_CHANGE,PLANNED,"AUTOHOL: Holiday, 02/17/2026","AUTOHOL: Holiday, 02/17/2026"
Vietnam,2026-02-18,6466400,INTDAILY,R76,Exchange Rate,SKIP_NO_CHANGE,PLANNED,"AUTOHOL: Holiday, 02/18/2026","AUTOHOL: Holiday, 02/18/2026"
Vietnam,2026-02-18,6466573,INTDAILY,G96,VI Index,SKIP_NO_CHANGE,PLANNED,"AUTOHOL: Holiday, 02/18/2026","AUTOHOL: Holiday, 02/18/2026"
Vietnam,2026-02-18,6466688,INTDAILY,H14,[ Mid-Rate Calculation] Exchange Rates,SKIP_NO_CHANGE,PLANNED,"AUTOHOL: Holiday, 02/18/2026","AUTOHOL: Holiday, 02/18/2026"
Vietnam,2026-02-18,6466778,INTDAILY,V69,3 Month Deposit Rate,SKIP_NO_CHANGE,PLANNED,"AUTOHOL: Holiday, 02/18/2026","AUTOHOL: Holiday, 02/18/2026"
Vietnam,2026-02-18,6466883,INTDAILY,"W19, W20",State Bank Exchange Rates,SKIP_NO_CHANGE,PLANNED,"AUTOHOL: Holiday, 02/18/2026","AUTOHOL: Holiday, 02/18/2026"
Vietnam,2026-02-18,6466884,INTDAILY,W23,Vietnam Interbank Rate,SKIP_NO_CHANGE,PLANNED,"AUTOHOL: Holiday, 02/18/2026","AUTOHOL: Holiday, 02/18/2026"
Vietnam,2026-02-18,6466885,INTDAILY,H07,State Bank Exchange Rates Mid-Rates Calculation,SKIP_NO_CHANGE,PLANNED,"AUTOHOL: Holiday, 02/18/2026","AUTOHOL: Holiday, 02/18/2026"
Vietnam,2026-02-18,6467430,INTDAILY,H94,Government Bond Auctions,SKIP_NO_CHANGE,PLANNED,"AUTOHOL: Holiday, 02/18/2026","AUTOHOL: Holiday, 02/18/2026"
Vietnam,2026-02-18,6467716,ENERGY,K11,Vietnam Pump Prices,SKIP_NO_CHANGE,PLANNED,"AUTOHOL: Holiday, 02/18/2026","AUTOHOL: Holiday, 02/18/2026"
Vietnam,2026-02-18,6467717,INTDAILY,P61,Vietnam Pump Prices - INTD Transfer,SKIP_NO_CHANGE,PLANNED,"AUTOHOL: Holiday, 02/18/2026","AUTOHOL: Holiday, 02/18/2026"
Vietnam,2026-02-18,6467856,INTDAILY,K61,Open Market Operations,SKIP_NO_CHANGE,PLANNED,"AUTOHOL: Holiday, 02/18/2026","AUTOHOL: Holiday, 02/18/2026"
Vietnam,2026-02-19,6464600,INTDAILY,R76,Exchange Rate,SKIP_NO_CHANGE,PLANNED,"AUTOHOL: Holiday, 02/19/2026","AUTOHOL: Holiday, 02/19/2026"
Vietnam,2026-02-19,6464780,INTDAILY,G96,VI Index,SKIP_NO_CHANGE,PLANNED,"AUTOHOL: Holiday, 02/19/2026","AUTOHOL: Holiday, 02/19/2026"
Vietnam,2026-02-19,6464907,INTDAILY,H14,[ Mid-Rate Calculation] Exchange Rates,SKIP_NO_CHANGE,PLANNED,"AUTOHOL: Holiday, 02/19/2026","AUTOHOL: Holiday, 02/19/2026"
Vietnam,2026-02-19,6464993,INTDAILY,V69,3 Month Deposit Rate,SKIP_NO_CHANGE,PLANNED,"AUTOHOL: Holiday, 02/19/2026","AUTOHOL: Holiday, 02/19/2026"
Vietnam,2026-02-19,6465103,INTDAILY,"W19, W20",State Bank Exchange Rates,SKIP_NO_CHANGE,PLANNED,"AUTOHOL: Holiday, 02/19/2026","AUTOHOL: Holiday, 02/19/2026"
Vietnam,2026-02-19,6465104,INTDAILY,W23,Vietnam Interbank Rate,SKIP_NO_CHANGE,PLANNED,"AUTOHOL: Holiday, 02/19/2026","AUTOHOL: Holiday, 02/19/2026"
Vietnam,2026-02-19,6465105,INTDAILY,H07,State Bank Exchange Rates Mid-Rates Calculation,SKIP_NO_CHANGE,PLANNED,"AUTOHOL: Holiday, 02/19/2026","AUTOHOL: Holiday, 02/19/2026"
Vietnam,2026-02-19,6465106,INTWKLY,H88,Exchange Rate Aggregation,SKIP_NO_CHANGE,PLANNED,"AUTOHOL: Holiday, 02/19/2026","AUTOHOL: Holiday, 02/19/2026"
Vietnam,2026-02-19,6465687,INTDAILY,H94,Government Bond Auctions,SKIP_NO_CHANGE,PLANNED,"AUTOHOL: Holiday, 02/19/2026","AUTOHOL: Holiday, 02/19/2026"
Vietnam,2026-02-19,6465983,ENERGY,K11,Vietnam Pump Prices,SKIP_NO_CHANGE,PLANNED,"AUTOHOL: Holiday, 02/19/2026","AUTOHOL: Holiday, 02/19/2026"
Vietnam,2026-02-19,6465984,INTDAILY,P61,Vietnam Pump Prices - INTD Transfer,SKIP_NO_CHANGE,PLANNED,"AUTOHOL: Holiday, 02/19/2026","AUTOHOL: Holiday, 02/19/2026"
Vietnam,2026-02-19,6466121,INTDAILY,K61,Open Market Operations,SKIP_NO_CHANGE,PLANNED,"AUTOHOL: Holiday, 02/19/2026","AUTOHOL: Holiday, 02/19/2026"
Vietnam,2026-02-20,6462604,INTDAILY,R76,Exchange Rate,SKIP_NO_CHANGE,PLANNED,"AUTOHOL: Holiday, 02/20/2026","AUTOHOL: Holiday, 02/20/2026"
Vietnam,2026-02-20,6462663,INTWKLY,"R76, V09",Aggregation: Exchange Rates,SKIP_NO_CHANGE,PLANNED,"AUTOHOL: Holiday, 02/20/2026","AUTOHOL: Holiday, 02/20/2026"
Vietnam,2026-02-20,6462802,INTDAILY,G96,VI Index,SKIP_NO_CHANGE,PLANNED,"AUTOHOL: Holiday, 02/20/2026","AUTOHOL: Holiday, 02/20/2026"
Vietnam,2026-02-20,6462803,INTWKLY,G97,Aggregation: VI Index,SKIP_NO_CHANGE,PLANNED,"AUTOHOL: Holiday, 02/20/2026","AUTOHOL: Holiday, 02/20/2026"
Vietnam,2026-02-20,6462933,INTDAILY,H14,[ Mid-Rate Calculation] Exchange Rates,SKIP_NO_CHANGE,PLANNED,"AUTOHOL: Holiday, 02/20/2026","AUTOHOL: Holiday, 02/20/2026"
Vietnam,2026-02-20,6463032,INTDAILY,V69,3 Month Deposit Rate,SKIP_NO_CHANGE,PLANNED,"AUTOHOL: Holiday, 02/20/2026","AUTOHOL: Holiday, 02/20/2026"
Vietnam,2026-02-20,6463142,INTDAILY,W23,Vietnam Interbank Rate,SKIP_NO_CHANGE,PLANNED,"AUTOHOL: Holiday, 02/20/2026","AUTOHOL: Holiday, 02/20/2026"
Vietnam,2026-02-20,6463525,INTWKLY,J10,3 Month Deposit Rate Aggregation,SKIP_NO_CHANGE,PLANNED,"AUTOHOL: Holiday, 02/20/2026","AUTOHOL: Holiday, 02/20/2026"
Vietnam,2026-02-20,6463583,INTDAILY,I90,Vietnam Zero Coupon Yields,SKIP_NO_CHANGE,PLANNED,"AUTOHOL: Holiday, 02/20/2026","AUTOHOL: Holiday, 02/20/2026"
Vietnam,2026-02-20,6464156,ENERGY,K11,Vietnam Pump Prices,SKIP_NO_CHANGE,PLANNED,"AUTOHOL: Holiday, 02/20/2026","AUTOHOL: Holiday, 02/20/2026"
Vietnam,2026-02-20,6464157,INTDAILY,P61,Vietnam Pump Prices - INTD Transfer,SKIP_NO_CHANGE,PLANNED,"AUTOHOL: Holiday, 02/20/2026","AUTOHOL: Holiday, 02/20/2026"
Vietnam,2026-02-20,6464158,INTWKLY,Q61,Vietnam Pump Prices - INTW AGG,SKIP_NO_CHANGE,PLANNED,"AUTOHOL: Holiday, 02/20/2026","AUTOHOL: Holiday, 02/20/2026"
Vietnam,2026-02-20,6464307,INTDAILY,K61,Open Market Operations,SKIP_NO_CHANGE,PLANNED,"AUTOHOL: Holiday, 02/20/2026","AUTOHOL: Holiday, 02/20/2026"
Vietnam,2026-02-22,6471689,INTDAILY,"W19, W20",State Bank Exchange Rates,SKIP_NO_CHANGE,PLANNED,"AUTOHOL: Holiday, 02/22/2026","AUTOHOL: Holiday, 02/22/2026"
Vietnam,2026-02-22,6471690,INTDAILY,H07,State Bank Exchange Rates Mid-Rates Calculation,SKIP_NO_CHANGE,PLANNED,"AUTOHOL: Holiday, 02/22/2026","AUTOHOL: Holiday, 02/22/2026"
Vietnam,2026-02-22,6471789,INTDAILY,H94,Government Bond Auctions,SKIP_NO_CHANGE,PLANNED,"AUTOHOL: Holiday, 02/22/2026","AUTOHOL: Holiday, 02/22/2026"
Hong Kong,2026-02-17,6468132,INTDAILY,P64,Platinum Prices (HK),UPDATE_NOTE,PLANNED,,"AUTOHOL: Holiday, 02/17/2026"
Hong Kong,2026-02-17,6468158,INTDAILY,J08,Official Interest Rates,UPDATE_NOTE,PLANNED,,"AUTOHOL: Holiday, 02/17/2026"
Hong Kong,2026-02-17,6468186,INTDAILY,S90,Hang Seng --,UPDATE_NOTE,PLANNED,,"AUTOHOL: Holiday, 02/17/2026"
Hong Kong,2026-02-17,6468196,INTDAILY,J07,Interest Settlement Rates,UPDATE_NOTE,PLANNED,,"AUTOHOL: Holiday, 02/17/2026"
Hong Kong,2026-02-17,6468319,INTDAILY,H03,10 Year Bond Yield Total Return Calculation,UPDATE_NOTE,PLANNED,,"AUTOHOL: Holiday, 02/17/2026"
Hong Kong,2026-02-17,6468611,INTDAILY,W25,Interbank Liquidity,UPDATE_NOTE,PLANNED,,"AUTOHOL: Holiday, 02/17/2026"
Hong Kong,2026-02-17,6468614,INTDAILY,G70,Monetary Base,UPDATE_NOTE,PLANNED,,"AUTOHOL: Holiday, 02/17/2026"
Hong Kong,2026-02-17,6468615,INTDAILY,T50,Trade Weighted Index,UPDATE_NOTE,PLANNED,,"AUTOHOL: Holiday, 02/17/2026"
Hong Kong,2026-02-17,6468691,INTDAILY,W89,Renminbi Liquidity Facility,UPDATE_NOTE,PLANNED,,"AUTOHOL: Holiday, 02/17/2026"
Hong Kong,2026-02-17,6468808,INTDAILY,X91,HSI Volatility Index,UPDATE_NOTE,PLANNED,,"AUTOHOL: Holiday, 02/17/2026"
Hong Kong,2026-02-17,6468926,INTDAILY,J37,Exchange Fund Bills & Notes Fixings,UPDATE_NOTE,PLANNED,,"AUTOHOL: Holiday, 02/17/2026"
Hong Kong,2026-02-17,6469048,CMDTY,L09,Platinum Prices (HK) - Transfer to CMDTY,UPDATE_NOTE,PLANNED,,"AUTOHOL: Holiday, 02/17/2026"
Hong Kong,2026-02-17,6469179,INTDAILY,V95,HKEX Daily Transactions,UPDATE_NOTE,PLANNED,,"AUTOHOL: Holiday, 02/17/2026"
Hong Kong,2026-02-17,6469490,TOURISM,"W48, W49, W50",Hong Kong Passenger Traffic,UPDATE_NOTE,PLANNED,,"AUTOHOL: Holiday, 02/17/2026"
Hong Kong,2026-02-17,6469552,INTDAILY,E30,HK Infrastructure_Sustainable Bond Closing Reference Yields,UPDATE_NOTE,PLANNED,,"AUTOHOL: Holiday, 02/17/2026"
Hong Kong,2026-02-17,6469553,INTDAILY,E28,HK Infrastructure_Sustainable Bond Indicative Yields,UPDATE_NOTE,PLANNED,,"AUTOHOL: Holiday, 02/17/2026"
Hong Kong,2026-02-17,6469607,ENERGY,"D58, D59, D60",Pump Prices,UPDATE_NOTE,PLANNED,,"AUTOHOL: Holiday, 02/17/2026"
Hong Kong,2026-02-17,6469608,INTDAILY,"B75, B76, B77",Pump Prices TRANSFER,UPDATE_NOTE,PLANNED,,"AUTOHOL: Holiday, 02/17/2026"
Hong Kong,2026-02-18,6466407,INTDAILY,P64,Platinum Prices (HK),UPDATE_NOTE,PLANNED,,"AUTOHOL: Holiday, 02/18/2026"
Hong Kong,2026-02-18,6466431,INTDAILY,J08,Official Interest Rates,UPDATE_NOTE,PLANNED,,"AUTOHOL: Holiday, 02/18/2026"
Hong Kong,2026-02-18,6466458,INTDAILY,S90,Hang Seng --,UPDATE_NOTE,PLANNED,,"AUTOHOL: Holiday, 02/18/2026"
Hong Kong,2026-02-18,6466467,INTDAILY,J07,Interest Settlement Rates,UPDATE_NOTE,PLANNED,,"AUTOHOL: Holiday, 02/18/2026"
Hong Kong,2026-02-18,6466595,INTDAILY,H03,10 Year Bond Yield Total Return Calculation,UPDATE_NOTE,PLANNED,,"AUTOHOL: Holiday, 02/18/2026"
Hong Kong,2026-02-18,6466887,INTDAILY,W25,Interbank Liquidity,UPDATE_NOTE,PLANNED,,"AUTOHOL: Holiday, 02/18/2026"
Hong Kong,2026-02-18,6466889,INTDAILY,G70,Monetary Base,UPDATE_NOTE,PLANNED,,"AUTOHOL: Holiday, 02/18/2026"
Hong Kong,2026-02-18,6466890,INTDAILY,T50,Trade Weighted Index,UPDATE_NOTE,PLANNED,,"AUTOHOL: Holiday, 02/18/2026"
Hong Kong,2026-02-18,6466965,INTDAILY,W89,Renminbi Liquidity Facility,UPDATE_NOTE,PLANNED,,"AUTOHOL: Holiday, 02/18/2026"
Hong Kong,2026-02-18,6467087,INTDAILY,X91,HSI Volatility Index,UPDATE_NOTE,PLANNED,,"AUTOHOL: Holiday, 02/18/2026"
Hong Kong,2026-02-18,6467207,INTDAILY,J37,Exchange Fund Bills & Notes Fixings,UPDATE_NOTE,PLANNED,,"AUTOHOL: Holiday, 02/18/2026"
Hong Kong,2026-02-18,6467333,CMDTY,L09,Platinum Prices (HK) - Transfer to CMDTY,UPDATE_NOTE,PLANNED,,"AUTOHOL: Holiday, 02/18/2026"
Hong Kong,2026-02-18,6467479,INTDAILY,V95,HKEX Daily Transactions,UPDATE_NOTE,PLANNED,,"AUTOHOL: Holiday, 02/18/2026"
Hong Kong,2026-02-18,6467676,INTWKLY,O93,HK Centaline Salesman Index,UPDATE_NOTE,PLANNED,,"AUTOHOL: Holiday, 02/18/2026"
Hong Kong,2026-02-18,6467799,TOURISM,"W48, W49, W50",Hong Kong Passenger Traffic,UPDATE_NOTE,PLANNED,,"AUTOHOL: Holiday, 02/18/2026"
Hong Kong,2026-02-18,6467858,INTDAILY,E30,HK Infrastructure_Sustainable Bond Closing Reference Yields,UPDATE_NOTE,PLANNED,,"AUTOHOL: Holiday, 02/18/2026"
Hong Kong,2026-02-18,6467859,INTDAILY,E28,HK Infrastructure_Sustainable Bond Indicative Yields,UPDATE_NOTE,PLANNED,,"AUTOHOL: Holiday, 02/18/2026"
Hong Kong,2026-02-18,6467913,ENERGY,"D58, D59, D60",Pump Prices,UPDATE_NOTE,PLANNED,,"AUTOHOL: Holiday, 02/18/2026"
Hong Kong,2026-02-18,6467914,INTDAILY,"B75, B76, B77",Pump Prices TRANSFER,UPDATE_NOTE,PLANNED,,"AUTOHOL: Holiday, 02/18/2026"
Hong Kong,2026-02-18,6468007,INTDAILY,E68,Exchange Fund Bills Tender,UPDATE_NOTE,PLANNED,,"AUTOHOL: Holiday, 02/18/2026"
Hong Kong,2026-02-19,6464608,INTDAILY,P64,Platinum Prices (HK),UPDATE_NOTE,PLANNED,,"AUTOHOL: Holiday, 02/19/2026"
Hong Kong,2026-02-19,6464633,INTDAILY,J08,Official Interest Rates,UPDATE_NOTE,PLANNED,,"AUTOHOL: Holiday, 02/19/2026"
Hong Kong,2026-02-19,6464664,INTDAILY,S90,Hang Seng --,UPDATE_NOTE,PLANNED,,"AUTOHOL: Holiday, 02/19/2026"
Hong Kong,2026-02-19,6464674,INTDAILY,J07,Interest Settlement Rates,UPDATE_NOTE,PLANNED,,"AUTOHOL: Holiday, 02/19/2026"
Hong Kong,2026-02-19,6464773,INTWKLY,J02,Interest Settlement Rates Aggregation,UPDATE_NOTE,PLANNED,,"AUTOHOL: Holiday, 02/19/2026"
Hong Kong,2026-02-19,6464809,INTDAILY,H03,10 Year Bond Yield Total Return Calculation,UPDATE_NOTE,PLANNED,,"AUTOHOL: Holiday, 02/19/2026"
Hong Kong,2026-02-19,6465108,INTDAILY,W25,Interbank Liquidity,UPDATE_NOTE,PLANNED,,"AUTOHOL: Holiday, 02/19/2026"
Hong Kong,2026-02-19,6465111,INTDAILY,G70,Monetary Base,UPDATE_NOTE,PLANNED,,"AUTOHOL: Holiday, 02/19/2026"
Hong Kong,2026-02-19,6465112,INTDAILY,T50,Trade Weighted Index,UPDATE_NOTE,PLANNED,,"AUTOHOL: Holiday, 02/19/2026"
Hong Kong,2026-02-19,6465206,INTDAILY,W89,Renminbi Liquidity Facility,UPDATE_NOTE,PLANNED,,"AUTOHOL: Holiday, 02/19/2026"
Hong Kong,2026-02-19,6465347,INTDAILY,X91,HSI Volatility Index,UPDATE_NOTE,PLANNED,,"AUTOHOL: Holiday, 02/19/2026"
Hong Kong,2026-02-19,6465469,INTDAILY,J37,Exchange Fund Bills & Notes Fixings,UPDATE_NOTE,PLANNED,,"AUTOHOL: Holiday, 02/19/2026"
Hong Kong,2026-02-19,6465587,CMDTY,L09,Platinum Prices (HK) - Transfer to CMDTY,UPDATE_NOTE,PLANNED,,"AUTOHOL: Holiday, 02/19/2026"
Hong Kong,2026-02-19,6465735,INTDAILY,V95,HKEX Daily Transactions,UPDATE_NOTE,PLANNED,,"AUTOHOL: Holiday, 02/19/2026"
Hong Kong,2026-02-19,6465947,INTWKLY,O94,HK Centaline Valuation Index,UPDATE_NOTE,PLANNED,,"AUTOHOL: Holiday, 02/19/2026"
Hong Kong,2026-02-19,6466065,TOURISM,"W48, W49, W50",Hong Kong Passenger Traffic,UPDATE_NOTE,PLANNED,,"AUTOHOL: Holiday, 02/19/2026"
Hong Kong,2026-02-19,6466124,INTDAILY,E30,HK Infrastructure_Sustainable Bond Closing Reference Yields,UPDATE_NOTE,PLANNED,,"AUTOHOL: Holiday, 02/19/2026"
Hong Kong,2026-02-19,6466125,INTDAILY,E28,HK Infrastructure_Sustainable Bond Indicative Yields,UPDATE_NOTE,PLANNED,,"AUTOHOL: Holiday, 02/19/2026"
Hong Kong,2026-02-19,6466190,ENERGY,"D58, D59, D60",Pump Prices,UPDATE_NOTE,PLANNED,,"AUTOHOL: Holiday, 02/19/2026"
Hong Kong,2026-02-19,6466191,INTDAILY,"B75, B76, B77",Pump Prices TRANSFER,UPDATE_NOTE,PLANNED,,"AUTOHOL: Holiday, 02/19/2026"
Argentina,2026-02-16,6453151,INTDAILY,I50,International Reserves,UPDATE_NOTE,PLANNED,,"AUTOHOL: Holiday, 02/16/2026"
Argentina,2026-02-16,6453212,INTDAILY,R67,Exchange Rates,UPDATE_NOTE,PLANNED,,"AUTOHOL: Holiday, 02/16/2026"
Argentina,2026-02-16,6453279,INTDAILY,V18,Merval Indexes,UPDATE_NOTE,PLANNED,,"AUTOHOL: Holiday, 02/16/2026"
Argentina,2026-02-16,6453347,INTDAILY,J56,Interest Rate on Time Deposits,UPDATE_NOTE,PLANNED,,"AUTOHOL: Holiday, 02/16/2026"
Argentina,2026-02-16,6453349,INTDAILY,I52,BADLAR Rates,UPDATE_NOTE,PLANNED,,"AUTOHOL: Holiday, 02/16/2026"
Argentina,2026-02-16,6453350,INTWKLY,J57,BADLAR Rates Agg,UPDATE_NOTE,PLANNED,,"AUTOHOL: Holiday, 02/16/2026"
Argentina,2026-02-16,6453404,INTDAILY,J72,BAIBAR Interest Rates,UPDATE_NOTE,PLANNED,,"AUTOHOL: Holiday, 02/16/2026"
Argentina,2026-02-16,6453405,INTWKLY,J74,BAIBAR Interest Rates Agg,UPDATE_NOTE,PLANNED,,"AUTOHOL: Holiday, 02/16/2026"
Argentina,2026-02-16,6453574,INTDAILY,P22,Dolar Blue [AMBITO],UPDATE_NOTE,PLANNED,,"AUTOHOL: Holiday, 02/16/2026"
Argentina,2026-02-16,6453588,INTDAILY,H66,Dolar Blue [AMBITO] Mid,UPDATE_NOTE,PLANNED,,"AUTOHOL: Holiday, 02/16/2026"
Argentina,2026-02-16,6453611,INTWKLY,J76,Interest rate on Time Deposits Agg,UPDATE_NOTE,PLANNED,,"AUTOHOL: Holiday, 02/16/2026"
Argentina,2026-02-16,6453674,INTDAILY,J64,Policy Instruments,UPDATE_NOTE,PLANNED,,"AUTOHOL: Holiday, 02/16/2026"
Argentina,2026-02-16,6453675,INTWKLY,J56,Policy Instruments Aggregation,UPDATE_NOTE,PLANNED,,"AUTOHOL: Holiday, 02/16/2026"
Argentina,2026-02-16,6453806,INTDAILY,X74,Main Assets of Financial Institutions,UPDATE_NOTE,PLANNED,,"AUTOHOL: Holiday, 02/16/2026"
Argentina,2026-02-16,6453808,INTDAILY,X78,Main Liabilities of Financial Institutions,UPDATE_NOTE,PLANNED,,"AUTOHOL: Holiday, 02/16/2026"
Argentina,2026-02-16,6453836,INTDAILY,Y01,Effective Exchange Rate,UPDATE_NOTE,PLANNED,,"AUTOHOL: Holiday, 02/16/2026"
Argentina,2026-02-16,6453842,INTDAILY,Y04,Daily Monetary Report,UPDATE_NOTE,PLANNED,,"AUTOHOL: Holiday, 02/16/2026"
Argentina,2026-02-16,6453864,INTDAILY,Y05,Daily Monetary Report Calc [LELIQ],UPDATE_NOTE,PLANNED,,"AUTOHOL: Holiday, 02/16/2026"
Argentina,2026-02-16,6453906,INTDAILY,Y19,Non-Financial Loans,UPDATE_NOTE,PLANNED,,"AUTOHOL: Holiday, 02/16/2026"
Argentina,2026-02-16,6453909,INTWKLY,Y21,Non-Financial Loans agg,UPDATE_NOTE,PLANNED,,"AUTOHOL: Holiday, 02/16/2026"
Argentina,2026-02-16,6453943,INTDAILY,P28,Dolar CCL [AMBITO],UPDATE_NOTE,PLANNED,,"AUTOHOL: Holiday, 02/16/2026"
Argentina,2026-02-16,6454076,INTDAILY,I11,Policy Rate Check,UPDATE_NOTE,PLANNED,,"AUTOHOL: Holiday, 02/16/2026"
Argentina,2026-02-16,6454080,INTDAILY,H60,Dolar MEP [AMBITO],UPDATE_NOTE,PLANNED,,"AUTOHOL: Holiday, 02/16/2026"
Argentina,2026-02-16,6454081,INTDAILY,H61,Dolar Turista [AMBITO],UPDATE_NOTE,PLANNED,,"AUTOHOL: Holiday, 02/16/2026"
Argentina,2026-02-16,6454082,INTDAILY,H62,US$ [AMBITO] Mid,UPDATE_NOTE,PLANNED,,"AUTOHOL: Holiday, 02/16/2026"
Argentina,2026-02-16,6454083,INTDAILY,H63,US$ [AMBITO],UPDATE_NOTE,PLANNED,,"AUTOHOL: Holiday, 02/16/2026"
Argentina,2026-02-16,6454084,INTDAILY,H64,Dolar Mayorista [AMBITO] Mid,UPDATE_NOTE,PLANNED,,"AUTOHOL: Holiday, 02/16/2026"
Argentina,2026-02-16,6454085,INTDAILY,H65,Dolar Mayorista [AMBITO],UPDATE_NOTE,PLANNED,,"AUTOHOL: Holiday, 02/16/2026"
Argentina,2026-02-16,6454099,INTDAILY,T80,Interest Rates on Personal Loans,UPDATE_NOTE,PLANNED,,"AUTOHOL: Holiday, 02/16/2026"
Argentina,2026-02-16,6454100,INTWKLY,W81,Interest Rates on Personal Loans Aggregation,UPDATE_NOTE,PLANNED,,"AUTOHOL: Holiday, 02/16/2026"
Argentina,2026-02-16,6454113,INTDAILY,M71,Market Rates,UPDATE_NOTE,PLANNED,,"AUTOHOL: Holiday, 02/16/2026"
Argentina,2026-02-16,6454114,INTWKLY,M61,Market Rates AGG,UPDATE_NOTE,PLANNED,,"AUTOHOL: Holiday, 02/16/2026"
Argentina,2026-02-16,6454130,INTDAILY,P75,Commodity Price Index,UPDATE_NOTE,PLANNED,,"AUTOHOL: Holiday, 02/16/2026"
Argentina,2026-02-16,6454131,INTDAILY,P76,Commodity Price Index Weights,UPDATE_NOTE,PLANNED,,"AUTOHOL: Holiday, 02/16/2026"
Argentina,2026-02-16,6454132,CMDTY,P75,Commodity Price Index Comp,UPDATE_NOTE,PLANNED,,"AUTOHOL: Holiday, 02/16/2026"
Argentina,2026-02-16,6454133,INTWKLY,O75,Commodity Price Index Agg,UPDATE_NOTE,PLANNED,,"AUTOHOL: Holiday, 02/16/2026"
Argentina,2026-02-16,6454134,INTWKLY,O76,Commodity Price Index Weights Agg,UPDATE_NOTE,PLANNED,,"AUTOHOL: Holiday, 02/16/2026"
Argentina,2026-02-16,6454155,CMDTY,P76,Commodity Price Index Weights Comp,UPDATE_NOTE,PLANNED,,"AUTOHOL: Holiday, 02/16/2026"
Argentina,2026-02-16,6454368,INTDAILY,H42,Dolar Lujo [AMBITO],UPDATE_NOTE,PLANNED,,"AUTOHOL: Holiday, 02/16/2026"
Argentina,2026-02-16,6454369,INTDAILY,H43,Dolar Banco Nacion [AMBITO],UPDATE_NOTE,PLANNED,,"AUTOHOL: Holiday, 02/16/2026"
Argentina,2026-02-16,6454370,INTDAILY,H44,Dolar Banco Nacion [AMBITO] Mid,UPDATE_NOTE,PLANNED,,"AUTOHOL: Holiday, 02/16/2026"
Argentina,2026-02-16,6454460,INTDAILY,H09,Dolar Cripto [AMBITO],UPDATE_NOTE,PLANNED,,"AUTOHOL: Holiday, 02/16/2026"
Argentina,2026-02-16,6454461,INTDAILY,H41,Euro Blue [AMBITO],UPDATE_NOTE,PLANNED,,"AUTOHOL: Holiday, 02/16/2026"
Argentina,2026-02-16,6454462,INTDAILY,H47,Euro Blue [AMBITO] Mid,UPDATE_NOTE,PLANNED,,"AUTOHOL: Holiday, 02/16/2026"
Argentina,2026-02-16,6454463,INTDAILY,H48,Euro [AMBITO],UPDATE_NOTE,PLANNED,,"AUTOHOL: Holiday, 02/16/2026"
Argentina,2026-02-16,6454464,INTDAILY,H79,Euro [AMBITO] Mid,UPDATE_NOTE,PLANNED,,"AUTOHOL: Holiday, 02/16/2026"
Argentina,2026-02-16,6454779,INTDAILY,L06,Exchange Rate Band Check,UPDATE_NOTE,PLANNED,,"AUTOHOL: Holiday, 02/16/2026"
Argentina,2026-02-17,6468173,INTDAILY,I50,International Reserves,UPDATE_NOTE,PLANNED,,"AUTOHOL: Holiday, 02/17/2026"
Argentina,2026-02-17,6468234,INTDAILY,R67,Exchange Rates,UPDATE_NOTE,PLANNED,,"AUTOHOL: Holiday, 02/17/2026"
Argentina,2026-02-17,6468300,INTDAILY,V18,Merval Indexes,UPDATE_NOTE,PLANNED,,"AUTOHOL: Holiday, 02/17/2026"
Argentina,2026-02-17,6468363,INTDAILY,J56,Interest Rate on Time Deposits,UPDATE_NOTE,PLANNED,,"AUTOHOL: Holiday, 02/17/2026"
Argentina,2026-02-17,6468365,INTDAILY,I52,BADLAR Rates,UPDATE_NOTE,PLANNED,,"AUTOHOL: Holiday, 02/17/2026"
Argentina,2026-02-17,6468415,INTDAILY,J72,BAIBAR Interest Rates,UPDATE_NOTE,PLANNED,,"AUTOHOL: Holiday, 02/17/2026"
Argentina,2026-02-17,6468584,INTDAILY,P22,Dolar Blue [AMBITO],UPDATE_NOTE,PLANNED,,"AUTOHOL: Holiday, 02/17/2026"
Argentina,2026-02-17,6468602,INTDAILY,H66,Dolar Blue [AMBITO] Mid,UPDATE_NOTE,PLANNED,,"AUTOHOL: Holiday, 02/17/2026"
Argentina,2026-02-17,6468613,INTWKLY,M75,International Reserves AGG,UPDATE_NOTE,PLANNED,,"AUTOHOL: Holiday, 02/17/2026"
Argentina,2026-02-17,6468672,INTDAILY,J64,Policy Instruments,UPDATE_NOTE,PLANNED,,"AUTOHOL: Holiday, 02/17/2026"
Argentina,2026-02-17,6468791,INTDAILY,X74,Main Assets of Financial Institutions,UPDATE_NOTE,PLANNED,,"AUTOHOL: Holiday, 02/17/2026"
Argentina,2026-02-17,6468792,INTWKLY,T55,Main Assets of Financial Institutions Agg,UPDATE_NOTE,PLANNED,,"AUTOHOL: Holiday, 02/17/2026"
Argentina,2026-02-17,6468794,INTDAILY,X78,Main Liabilities of Financial Institutions,UPDATE_NOTE,PLANNED,,"AUTOHOL: Holiday, 02/17/2026"
Argentina,2026-02-17,6468795,INTWKLY,T54,Main Liabilities of Financial Institutions Agg,UPDATE_NOTE,PLANNED,,"AUTOHOL: Holiday, 02/17/2026"
Argentina,2026-02-17,6468817,INTDAILY,Y01,Effective Exchange Rate,UPDATE_NOTE,PLANNED,,"AUTOHOL: Holiday, 02/17/2026"
Argentina,2026-02-17,6468823,INTDAILY,Y04,Daily Monetary Report,UPDATE_NOTE,PLANNED,,"AUTOHOL: Holiday, 02/17/2026"
Argentina,2026-02-17,6468841,INTDAILY,Y05,Daily Monetary Report Calc [LELIQ],UPDATE_NOTE,PLANNED,,"AUTOHOL: Holiday, 02/17/2026"
Argentina,2026-02-17,6468876,INTDAILY,Y19,Non-Financial Loans,UPDATE_NOTE,PLANNED,,"AUTOHOL: Holiday, 02/17/2026"
Argentina,2026-02-17,6468911,INTDAILY,P28,Dolar CCL [AMBITO],UPDATE_NOTE,PLANNED,,"AUTOHOL: Holiday, 02/17/2026"
Argentina,2026-02-17,6469030,INTDAILY,I11,Policy Rate Check,UPDATE_NOTE,PLANNED,,"AUTOHOL: Holiday, 02/17/2026"
Argentina,2026-02-17,6469035,INTDAILY,H60,Dolar MEP [AMBITO],UPDATE_NOTE,PLANNED,,"AUTOHOL: Holiday, 02/17/2026"
Argentina,2026-02-17,6469036,INTDAILY,H61,Dolar Turista [AMBITO],UPDATE_NOTE,PLANNED,,"AUTOHOL: Holiday, 02/17/2026"
Argentina,2026-02-17,6469037,INTDAILY,H62,US$ [AMBITO] Mid,UPDATE_NOTE,PLANNED,,"AUTOHOL: Holiday, 02/17/2026"
Argentina,2026-02-17,6469038,INTDAILY,H63,US$ [AMBITO],UPDATE_NOTE,PLANNED,,"AUTOHOL: Holiday, 02/17/2026"
Argentina,2026-02-17,6469039,INTDAILY,H64,Dolar Mayorista [AMBITO] Mid,UPDATE_NOTE,PLANNED,,"AUTOHOL: Holiday, 02/17/2026"
Argentina,2026-02-17,6469040,INTDAILY,H65,Dolar Mayorista [AMBITO],UPDATE_NOTE,PLANNED,,"AUTOHOL: Holiday, 02/17/2026"
Argentina,2026-02-17,6469053,INTDAILY,T80,Interest Rates on Personal Loans,UPDATE_NOTE,PLANNED,,"AUTOHOL: Holiday, 02/17/2026"
Argentina,2026-02-17,6469064,INTDAILY,M71,Market Rates,UPDATE_NOTE,PLANNED,,"AUTOHOL: Holiday, 02/17/2026"
Argentina,2026-02-17,6469073,INTDAILY,P75,Commodity Price Index,UPDATE_NOTE,PLANNED,,"AUTOHOL: Holiday, 02/17/2026"
Argentina,2026-02-17,6469074,INTDAILY,P76,Commodity Price Index Weights,UPDATE_NOTE,PLANNED,,"AUTOHOL: Holiday, 02/17/2026"
Argentina,2026-02-17,6469075,CMDTY,P75,Commodity Price Index Comp,UPDATE_NOTE,PLANNED,,"AUTOHOL: Holiday, 02/17/2026"
Argentina,2026-02-17,6469087,CMDTY,P76,Commodity Price Index Weights Comp,UPDATE_NOTE,PLANNED,,"AUTOHOL: Holiday, 02/17/2026"
Argentina,2026-02-17,6469275,INTDAILY,H42,Dolar Lujo [AMBITO],UPDATE_NOTE,PLANNED,,"AUTOHOL: Holiday, 02/17/2026"
Argentina,2026-02-17,6469276,INTDAILY,H43,Dolar Banco Nacion [AMBITO],UPDATE_NOTE,PLANNED,,"AUTOHOL: Holiday, 02/17/2026"
Argentina,2026-02-17,6469277,INTDAILY,H44,Dolar Banco Nacion [AMBITO] Mid,UPDATE_NOTE,PLANNED,,"AUTOHOL: Holiday, 02/17/2026"
Argentina,2026-02-17,6469374,INTDAILY,H09,Dolar Cripto [AMBITO],UPDATE_NOTE,PLANNED,,"AUTOHOL: Holiday, 02/17/2026"
Argentina,2026-02-17,6469375,INTDAILY,H41,Euro Blue [AMBITO],UPDATE_NOTE,PLANNED,,"AUTOHOL: Holiday, 02/17/2026"
Argentina,2026-02-17,6469376,INTDAILY,H47,Euro Blue [AMBITO] Mid,UPDATE_NOTE,PLANNED,,"AUTOHOL: Holiday, 02/17/2026"
Argentina,2026-02-17,6469377,INTDAILY,H48,Euro [AMBITO],UPDATE_NOTE,PLANNED,,"AUTOHOL: Holiday, 02/17/2026"
Argentina,2026-02-17,6469378,INTDAILY,H79,Euro [AMBITO] Mid,UPDATE_NOTE,PLANNED,,"AUTOHOL: Holiday, 02/17/2026"
Argentina,2026-02-17,6469676,INTDAILY,L06,Exchange Rate Band Check,UPDATE_NOTE,PLANNED,,"AUTOHOL: Holiday, 02/17/2026"
Uganda,2026-02-16,6453192,INTDAILY,V13,Stock Indicators,UPDATE_NOTE,PLANNED,,"AUTOHOL: Holiday, 02/16/2026"
Uganda,2026-02-16,6453270,INTDAILY,V17,Exchange Rates,UPDATE_NOTE,PLANNED,,"AUTOHOL: Holiday, 02/16/2026"
Uganda,2026-02-16,6453388,INTDAILY,H15,[ Mid-Rate Calculation] Exchange Rates,UPDATE_NOTE,PLANNED,,"AUTOHOL: Holiday, 02/16/2026"
Uganda,2026-02-16,6454227,INTDAILY,H89,Uganda Bond Yields,UPDATE_NOTE,PLANNED,"R2D2 Running... [Retry 9/10, wait=600s] 2/13/2026 12:02:43 [Az-AutoSrv1-Svc]","R2D2 Running... [Retry 9/10, wait=600s] 2/13/2026 12:02:43 [Az-AutoSrv1-Svc] | AUTOHOL: Holiday, 02/16/2026"
Uganda,2026-02-16,6454228,INTWKLY,C86,Uganda Bond Yields Agg,UPDATE_NOTE,PLANNED,,"AUTOHOL: Holiday, 02/16/2026"
Uganda,2026-02-16,6454506,INTDAILY,A81,Interbank Rates,UPDATE_NOTE,PLANNED,,"AUTOHOL: Holiday, 02/16/2026"
Uganda,2026-02-16,6454507,INTWKLY,A81,Interbank Rates Agg,UPDATE_NOTE,PLANNED,,"AUTOHOL: Holiday, 02/16/2026"
Taiwan,2026-02-16,6453231,INTDAILY,J13,3 Month Deposit Rate,UPDATE_NOTE,PLANNED,,"AUTOHOL: Holiday, 02/16/2026"
Taiwan,2026-02-16,6453470,INTDAILY,V57,Asian Stock Market - TAIEX,UPDATE_NOTE,PLANNED,,"AUTOHOL: Holiday, 02/16/2026"
Taiwan,2026-02-16,6453626,INTDAILY,W47,US Exchange Rates,UPDATE_NOTE,PLANNED,,"AUTOHOL: Holiday, 02/16/2026"
Taiwan,2026-02-16,6453627,INTDAILY,W48,Interbank Overnight Rate,UPDATE_NOTE,PLANNED,,"AUTOHOL: Holiday, 02/16/2026"
Taiwan,2026-02-16,6453785,INTDAILY,X60,Taiwan Interbank Rates [TAIBOR],UPDATE_NOTE,PLANNED,,"AUTOHOL: Holiday, 02/16/2026"
Taiwan,2026-02-16,6454039,INTDAILY,J90,TAIBIR,UPDATE_NOTE,PLANNED,,"AUTOHOL: Holiday, 02/16/2026"
Taiwan,2026-02-17,6468255,INTDAILY,J13,3 Month Deposit Rate,UPDATE_NOTE,PLANNED,,"AUTOHOL: Holiday, 02/17/2026"
Taiwan,2026-02-17,6468477,INTDAILY,V57,Asian Stock Market - TAIEX,UPDATE_NOTE,PLANNED,,"AUTOHOL: Holiday, 02/17/2026"
Taiwan,2026-02-17,6468632,INTDAILY,W47,US Exchange Rates,UPDATE_NOTE,PLANNED,,"AUTOHOL: Holiday, 02/17/2026"
Taiwan,2026-02-17,6468633,INTDAILY,W48,Interbank Overnight Rate,UPDATE_NOTE,PLANNED,,"AUTOHOL: Holiday, 02/17/2026"
Taiwan,2026-02-17,6468772,INTDAILY,X60,Taiwan Interbank Rates [TAIBOR],UPDATE_NOTE,PLANNED,,"AUTOHOL: Holiday, 02/17/2026"
Taiwan,2026-02-17,6468993,INTDAILY,J90,TAIBIR,UPDATE_NOTE,PLANNED,,"AUTOHOL: Holiday, 02/17/2026"
Taiwan,2026-02-18,6466528,INTDAILY,J13,3 Month Deposit Rate,UPDATE_NOTE,PLANNED,,"AUTOHOL: Holiday, 02/18/2026"
Taiwan,2026-02-18,6466759,INTDAILY,V57,Asian Stock Market - TAIEX,UPDATE_NOTE,PLANNED,,"AUTOHOL: Holiday, 02/18/2026"
Taiwan,2026-02-18,6466907,INTDAILY,W47,US Exchange Rates,UPDATE_NOTE,PLANNED,,"AUTOHOL: Holiday, 02/18/2026"
Taiwan,2026-02-18,6466908,INTDAILY,W48,Interbank Overnight Rate,UPDATE_NOTE,PLANNED,,"AUTOHOL: Holiday, 02/18/2026"
Taiwan,2026-02-18,6467050,INTDAILY,X60,Taiwan Interbank Rates [TAIBOR],UPDATE_NOTE,PLANNED,,"AUTOHOL: Holiday, 02/18/2026"
Taiwan,2026-02-18,6467278,INTDAILY,J90,TAIBIR,UPDATE_NOTE,PLANNED,,"AUTOHOL: Holiday, 02/18/2026"
Taiwan,2026-02-19,6464732,INTDAILY,J13,3 Month Deposit Rate,UPDATE_NOTE,PLANNED,,"AUTOHOL: Holiday, 02/19/2026"
Taiwan,2026-02-19,6464735,INTWKLY,J11,3 Month Deposit Rate Agg,UPDATE_NOTE,PLANNED,,"AUTOHOL: Holiday, 02/19/2026"
Taiwan,2026-02-19,6464972,INTDAILY,V57,Asian Stock Market - TAIEX,UPDATE_NOTE,PLANNED,,"AUTOHOL: Holiday, 02/19/2026"
Taiwan,2026-02-19,6465135,INTDAILY,W47,US Exchange Rates,UPDATE_NOTE,PLANNED,,"AUTOHOL: Holiday, 02/19/2026"
Taiwan,2026-02-19,6465136,INTDAILY,W48,Interbank Overnight Rate,UPDATE_NOTE,PLANNED,,"AUTOHOL: Holiday, 02/19/2026"
Taiwan,2026-02-19,6465305,INTDAILY,X60,Taiwan Interbank Rates [TAIBOR],UPDATE_NOTE,PLANNED,,"AUTOHOL: Holiday, 02/19/2026"
Taiwan,2026-02-19,6465306,INTWKLY,T89,Taiwan Interbank Rates [TAIBOR] Aggregation,UPDATE_NOTE,PLANNED,,"AUTOHOL: Holiday, 02/19/2026"
Taiwan,2026-02-19,6465536,INTDAILY,J90,TAIBIR,UPDATE_NOTE,PLANNED,,"AUTOHOL: Holiday, 02/19/2026"
Taiwan,2026-02-19,6465537,INTWKLY,J90,TAIBIR Aggregation,UPDATE_NOTE,PLANNED,,"AUTOHOL: Holiday, 02/19/2026"
Taiwan,2026-02-20,6463012,INTDAILY,V57,Asian Stock Market - TAIEX,UPDATE_NOTE,PLANNED,,"AUTOHOL: Holiday, 02/20/2026"
Taiwan,2026-02-20,6463191,INTDAILY,W47,US Exchange Rates,UPDATE_NOTE,PLANNED,,"AUTOHOL: Holiday, 02/20/2026"
Taiwan,2026-02-20,6463192,INTDAILY,W48,Interbank Overnight Rate,UPDATE_NOTE,PLANNED,,"AUTOHOL: Holiday, 02/20/2026"
Taiwan,2026-02-20,6463193,INTWKLY,T28,Aggregation: Taiwan US Exchange Rates,UPDATE_NOTE,PLANNED,,"AUTOHOL: Holiday, 02/20/2026"
Taiwan,2026-02-20,6463201,INTWKLY,T29,Aggregation: Taiwan Interbank Rate,UPDATE_NOTE,PLANNED,,"AUTOHOL: Holiday, 02/20/2026"
Taiwan,2026-02-20,6463676,INTWKLY,W01,Asian Stock Market - TAIEX Aggregation,UPDATE_NOTE,PLANNED,,"AUTOHOL: Holiday, 02/20/2026"
Taiwan,2026-02-22,6471616,INTDAILY,J13,3 Month Deposit Rate,UPDATE_NOTE,PLANNED,,"AUTOHOL: Holiday, 02/22/2026"
Taiwan,2026-02-22,6471710,INTDAILY,X60,Taiwan Interbank Rates [TAIBOR],UPDATE_NOTE,PLANNED,,"AUTOHOL: Holiday, 02/22/2026"
Taiwan,2026-02-22,6471738,INTDAILY,J90,TAIBIR,UPDATE_NOTE,PLANNED,,"AUTOHOL: Holiday, 02/22/2026"
Taiwan,2026-02-22,6471918,ENERGY,K77,Taiwan Fuel Prices,UPDATE_NOTE,PLANNED,,"AUTOHOL: Holiday, 02/22/2026"
Taiwan,2026-02-22,6471929,INTWKLY,K77,Taiwan Fuel Prices Transfer,UPDATE_NOTE,PLANNED,,"AUTOHOL: Holiday, 02/22/2026"
Macao,2026-02-17,6468258,INTDAILY,J14,Interbank Rates,UPDATE_NOTE,PLANNED,,"AUTOHOL: Holiday, 02/17/2026"
Macao,2026-02-17,6468259,INTDAILY,R31,Exchange Rates,UPDATE_NOTE,PLANNED,,"AUTOHOL: Holiday, 02/17/2026"
Macao,2026-02-17,6469069,INTDAILY,T60,MONIA,UPDATE_NOTE,PLANNED,,"AUTOHOL: Holiday, 02/17/2026"
Macao,2026-02-18,6466531,INTDAILY,J14,Interbank Rates,UPDATE_NOTE,PLANNED,,"AUTOHOL: Holiday, 02/18/2026"
Macao,2026-02-18,6466532,INTDAILY,R31,Exchange Rates,UPDATE_NOTE,PLANNED,,"AUTOHOL: Holiday, 02/18/2026"
Macao,2026-02-18,6467356,INTDAILY,T60,MONIA,UPDATE_NOTE,PLANNED,,"AUTOHOL: Holiday, 02/18/2026"
Macao,2026-02-19,6464736,INTDAILY,J14,Interbank Rates,UPDATE_NOTE,PLANNED,,"AUTOHOL: Holiday, 02/19/2026"
Macao,2026-02-19,6464737,INTDAILY,R31,Exchange Rates,UPDATE_NOTE,PLANNED,,"AUTOHOL: Holiday, 02/19/2026"
Macao,2026-02-19,6464740,INTWKLY,R77,Exchange Rates Aggregation,UPDATE_NOTE,PLANNED,,"AUTOHOL: Holiday, 02/19/2026"
Macao,2026-02-19,6465428,INTWKLY,J12,Interbank Rates Aggreagation,UPDATE_NOTE,PLANNED,,"AUTOHOL: Holiday, 02/19/2026"
Macao,2026-02-19,6465610,INTDAILY,T60,MONIA,UPDATE_NOTE,PLANNED,,"AUTOHOL: Holiday, 02/19/2026"
Ecuador,2026-02-17,6468432,INTWKLY,G03,Monetary Bulletin: IMS2,UPDATE_NOTE,PLANNED,,"AUTOHOL: Holiday, 02/17/2026"
Ecuador,2026-02-17,6468929,INTWKLY,O86,Monetary Bulletin: IMS13,UPDATE_NOTE,PLANNED,,"AUTOHOL: Holiday, 02/17/2026"
Ecuador,2026-02-17,6469348,INTWKLY,O74,Monetary Bulletin: IMS3,UPDATE_NOTE,PLANNED,,"AUTOHOL: Holiday, 02/17/2026"
Ecuador,2026-02-17,6469349,INTWKLY,O78,Monetary Bulletin: IMS4,UPDATE_NOTE,PLANNED,,"AUTOHOL: Holiday, 02/17/2026"
Ecuador,2026-02-17,6469350,INTWKLY,O87,Monetary Bulletin: IMS5,UPDATE_NOTE,PLANNED,,"AUTOHOL: Holiday, 02/17/2026"
Ecuador,2026-02-17,6469351,INTWKLY,O79,Monetary Bulletin: IMS6,UPDATE_NOTE,PLANNED,,"AUTOHOL: Holiday, 02/17/2026"
Ecuador,2026-02-17,6469352,INTWKLY,O80,Monetary Bulletin: IMS7,UPDATE_NOTE,PLANNED,,"AUTOHOL: Holiday, 02/17/2026"
Ecuador,2026-02-17,6469353,INTWKLY,O81,Monetary Bulletin: IMS8,UPDATE_NOTE,PLANNED,,"AUTOHOL: Holiday, 02/17/2026"
Ecuador,2026-02-17,6469354,INTWKLY,O82,Monetary Bulletin: IMS9,UPDATE_NOTE,PLANNED,,"AUTOHOL: Holiday, 02/17/2026"
Ecuador,2026-02-17,6469355,INTWKLY,O83,Monetary Bulletin: IMS10,UPDATE_NOTE,PLANNED,,"AUTOHOL: Holiday, 02/17/2026"
Ecuador,2026-02-17,6469356,INTWKLY,O84,Monetary Bulletin: IMS11,UPDATE_NOTE,PLANNED,,"AUTOHOL: Holiday, 02/17/2026"
Ecuador,2026-02-17,6469357,INTWKLY,O85,Monetary Bulletin: IMS12,UPDATE_NOTE,PLANNED,,"AUTOHOL: Holiday, 02/17/2026"
Ecuador,2026-02-17,6469436,INTWKLY,Y77,Monetary Bulletin: IMS14,UPDATE_NOTE,PLANNED,,"AUTOHOL: Holiday, 02/17/2026"
Mongolia,2026-02-18,6466879,INTDAILY,W16,Exchange Rates,UPDATE_NOTE,PLANNED,,"AUTOHOL: Holiday, 02/18/2026"
Mongolia,2026-02-18,6466954,INTDAILY,W74,Mongolia Stock Exchange Index,UPDATE_NOTE,PLANNED,,"AUTOHOL: Holiday, 02/18/2026"
Mongolia,2026-02-19,6465099,INTDAILY,W16,Exchange Rates,UPDATE_NOTE,PLANNED,,"AUTOHOL: Holiday, 02/19/2026"
Mongolia,2026-02-19,6465194,INTDAILY,W74,Mongolia Stock Exchange Index,UPDATE_NOTE,PLANNED,,"AUTOHOL: Holiday, 02/19/2026"
Mongolia,2026-02-20,6463136,INTDAILY,W16,Exchange Rates,UPDATE_NOTE,PLANNED,,"AUTOHOL: Holiday, 02/20/2026"
Mongolia,2026-02-20,6463274,INTDAILY,W74,Mongolia Stock Exchange Index,UPDATE_NOTE,PLANNED,,"AUTOHOL: Holiday, 02/20/2026"
Mongolia,2026-02-20,6463275,INTWKLY,T65,Mongolia Stock Exchange Aggregation,UPDATE_NOTE,PLANNED,,"AUTOHOL: Holiday, 02/20/2026"
Mongolia,2026-02-20,6463770,INTWKLY,H86,Exchange Rates Aggregation,UPDATE_NOTE,PLANNED,,"AUTOHOL: Holiday, 02/20/2026"
Saudi Arabia,2026-02-22,6471801,INTDAILY,T82,Stock Market (Full File),UPDATE_NOTE,PLANNED,,"AUTOHOL: Holiday, 02/22/2026"
Mauritius,2026-02-17,6468651,INTDAILY,W57,Mauritius Stock,UPDATE_NOTE,PLANNED,,"AUTOHOL: Holiday, 02/17/2026"
Mauritius,2026-02-17,6468652,INTDAILY,W59,Mauritius Exchange Rates,UPDATE_NOTE,PLANNED,,"AUTOHOL: Holiday, 02/17/2026"
Mauritius,2026-02-17,6468653,INTDAILY,H10,[ Mid-Rate Calculation] Mauritius Exchange Rates,UPDATE_NOTE,PLANNED,,"AUTOHOL: Holiday, 02/17/2026"
Mauritius,2026-02-17,6468661,INTDAILY,W65,Mauritius PLIBOR,UPDATE_NOTE,PLANNED,,"AUTOHOL: Holiday, 02/17/2026"
Jamaica,2026-02-18,6466976,INTDAILY,V10,Jamaica Stock Exchange,UPDATE_NOTE,PLANNED,,"AUTOHOL: Holiday, 02/18/2026"
Jamaica,2026-02-18,6466988,INTDAILY,G36,Jamaica Exchange Rates,UPDATE_NOTE,PLANNED,,"AUTOHOL: Holiday, 02/18/2026"
Jamaica,2026-02-18,6466989,INTDAILY,H36,Mid Rates: Jamaica Exchange Rates,UPDATE_NOTE,PLANNED,,"AUTOHOL: Holiday, 02/18/2026"
Jamaica,2026-02-18,6466996,INTDAILY,X04,Jamaica USD Reference Rate,UPDATE_NOTE,PLANNED,,"AUTOHOL: Holiday, 02/18/2026"
Myanmar,2026-02-16,6453764,INTDAILY,X39,Stock Market Indicators,UPDATE_NOTE,PLANNED,,"AUTOHOL: Holiday, 02/16/2026"
Myanmar,2026-02-16,6453767,INTDAILY,X38,Exchange,UPDATE_NOTE,PLANNED,,"AUTOHOL: Holiday, 02/16/2026"
Myanmar,2026-02-16,6454498,INTDAILY,N15,Forex Market Trade Rates & Volume,UPDATE_NOTE,PLANNED,,"AUTOHOL: Holiday, 02/16/2026"
Myanmar,2026-02-16,6454572,INTDAILY,O10,Daily Activities of FX Market,UPDATE_NOTE,PLANNED,,"AUTOHOL: Holiday, 02/16/2026"
Myanmar,2026-02-17,6468751,INTDAILY,X39,Stock Market Indicators,UPDATE_NOTE,PLANNED,,"AUTOHOL: Holiday, 02/17/2026"
Myanmar,2026-02-17,6468754,INTDAILY,X38,Exchange,UPDATE_NOTE,PLANNED,,"AUTOHOL: Holiday, 02/17/2026"
Myanmar,2026-02-17,6469409,INTDAILY,N15,Forex Market Trade Rates & Volume,UPDATE_NOTE,PLANNED,,"AUTOHOL: Holiday, 02/17/2026"
Myanmar,2026-02-17,6469478,INTDAILY,O10,Daily Activities of FX Market,UPDATE_NOTE,PLANNED,,"AUTOHOL: Holiday, 02/17/2026"
Angola,2026-02-16,6453856,INTDAILY,V09,Exchange Rates,UPDATE_NOTE,PLANNED,,"AUTOHOL: Holiday, 02/16/2026"
Angola,2026-02-16,6454596,INTDAILY,A23,Parallel Exchange Rates,UPDATE_NOTE,PLANNED,,"AUTOHOL: Holiday, 02/16/2026"
Angola,2026-02-16,6454597,INTDAILY,A24,Parallel Exchange Mid Rates,UPDATE_NOTE,PLANNED,,"AUTOHOL: Holiday, 02/16/2026"
Angola,2026-02-17,6468835,INTDAILY,V09,Exchange Rates,UPDATE_NOTE,PLANNED,,"AUTOHOL: Holiday, 02/17/2026"
Angola,2026-02-17,6469063,INTDAILY,C88,International Reserves,UPDATE_NOTE,PLANNED,,"AUTOHOL: Holiday, 02/17/2026"
Angola,2026-02-17,6469509,INTDAILY,A23,Parallel Exchange Rates,UPDATE_NOTE,PLANNED,,"AUTOHOL: Holiday, 02/17/2026"
Angola,2026-02-17,6469510,INTDAILY,A24,Parallel Exchange Mid Rates,UPDATE_NOTE,PLANNED,,"AUTOHOL: Holiday, 02/17/2026"
Suriname,2026-02-17,6468903,INTDAILY,Y36,Exchange Rates,UPDATE_NOTE,PLANNED,,"AUTOHOL: Holiday, 02/17/2026"
Suriname,2026-02-17,6468904,INTDAILY,Y37,Exchange Rates [Mid],UPDATE_NOTE,PLANNED,,"AUTOHOL: Holiday, 02/17/2026"
Nepal,2026-02-18,6467377,INTDAILY,M72,Nepal Stock Exchange,UPDATE_NOTE,PLANNED,,"AUTOHOL: Holiday, 02/18/2026"
Nepal,2026-02-18,6467384,INTDAILY,M78,Exchange Rates,UPDATE_NOTE,PLANNED,,"AUTOHOL: Holiday, 02/18/2026"
Nepal,2026-02-18,6467385,INTDAILY,M79,Exchange Rates MID,UPDATE_NOTE,PLANNED,,"AUTOHOL: Holiday, 02/18/2026"
Nepal,2026-02-19,6465638,INTDAILY,M72,Nepal Stock Exchange,UPDATE_NOTE,PLANNED,,"AUTOHOL: Holiday, 02/19/2026"
Nepal,2026-02-19,6465639,INTWKLY,M78,Nepal Stock Exchange AGG,UPDATE_NOTE,PLANNED,,"AUTOHOL: Holiday, 02/19/2026"
Nepal,2026-02-19,6465649,INTDAILY,M78,Exchange Rates,UPDATE_NOTE,PLANNED,,"AUTOHOL: Holiday, 02/19/2026"
Nepal,2026-02-19,6465650,INTDAILY,M79,Exchange Rates MID,UPDATE_NOTE,PLANNED,,"AUTOHOL: Holiday, 02/19/2026"
Maldives,2026-02-18,6467549,INTDAILY,U05,Exchange Rates,UPDATE_NOTE,PLANNED,,"AUTOHOL: Holiday, 02/18/2026"
Maldives,2026-02-18,6467597,TOURISM,"C75, C76, C77",Maldives Daily Tourists,UPDATE_NOTE,PLANNED,,"AUTOHOL: Holiday, 02/18/2026"
Panama,2026-02-17,6469385,TRANSPRT,"P48, P49, P50",Gatun Lake Water Level,UPDATE_NOTE,PLANNED,,"AUTOHOL: Holiday, 02/17/2026"
Panama,2026-02-17,6469483,GLSECTOR,"W70, W59, W69",Gatun Lake Water Level Transfer,UPDATE_NOTE,PLANNED,,"AUTOHOL: Holiday, 02/17/2026"
Libya,2026-02-17,6469715,INTDAILY,"B43, B44, B45",Parallel Exchange Rate,UPDATE_NOTE,PLANNED,,"AUTOHOL: Holiday, 02/17/2026"
Libya,2026-02-17,6469587,INTDAILY,"E10, E11, E12",Exchange Rates,UPDATE_NOTE,PLANNED,,"AUTOHOL: Holiday, 02/17/2026"
Libya,2026-02-17,6469725,INTDAILY,"E27, E29, E39",LY Black Parallel Exchange Rate,UPDATE_NOTE,PLANNED,,"AUTOHOL: Holiday, 02/17/2026"
Sierra Leone,2026-02-18,6467952,INTDAILY,A04,Exchange Rates,UPDATE_NOTE,PLANNED,,"AUTOHOL: Holiday, 02/18/2026"
Bolivia,2026-02-16,6452995,INTDAILY,R97,Exchange Rates,UPDATE_NOTE,FILTERED_OUT,,"AUTOHOL: Holiday, 02/16/2026"
Bolivia,2026-02-16,6453398,INTDAILY,Y53,Exchange Rates Mid-Rates Calculation,UPDATE_NOTE,FILTERED_OUT,,"AUTOHOL: Holiday, 02/16/2026"
Bolivia,2026-02-17,6468024,INTDAILY,R97,Exchange Rates,UPDATE_NOTE,FILTERED_OUT,,"AUTOHOL: Holiday, 02/17/2026"
Bolivia,2026-02-17,6468411,INTDAILY,Y53,Exchange Rates Mid-Rates Calculation,UPDATE_NOTE,FILTERED_OUT,,"AUTOHOL: Holiday, 02/17/2026"
China,2026-02-16,6453002,CHINA,Various,INDIA/CHINA QA Feedback,UPDATE_NOTE,WROTE,,"AUTOHOL: Holiday, 02/16/2026"
China,2026-02-16,6453005,CHINA,Various groups,China CEIC,UPDATE_NOTE,WROTE,,"AUTOHOL: Holiday, 02/16/2026"
China,2026-02-16,6453153,INTDAILY,V59,Asian Stock Market -China Stock Indexes,UPDATE_NOTE,WROTE,,"AUTOHOL: Holiday, 02/16/2026"
China,2026-02-16,6453290,INTDAILY,P68,Wholesale Price Index,UPDATE_NOTE,WROTE,,"AUTOHOL: Holiday, 02/16/2026"
China,2026-02-16,6453430,CMDTY,L75,Shanghai Gold Exchange Prices,UPDATE_NOTE,WROTE,,"AUTOHOL: Holiday, 02/16/2026"
China,2026-02-16,6453484,CHINA,Various groups,China CEIC Check,UPDATE_NOTE,WROTE,,"AUTOHOL: Holiday, 02/16/2026"
China,2026-02-16,6453554,INTDAILY,S99,PBC: OMO Zero,UPDATE_NOTE,WROTE,,"AUTOHOL: Holiday, 02/16/2026"
China,2026-02-16,6453555,INTDAILY,V96,PBC: OMO Calculation,UPDATE_NOTE,WROTE,,"AUTOHOL: Holiday, 02/16/2026"
China,2026-02-16,6453578,CMDTY,L39,SHFE,UPDATE_NOTE,WROTE,,"AUTOHOL: Holiday, 02/16/2026"
China,2026-02-16,6453593,EMERGEPR,Various,CHINA to EMERGEPR Compare,UPDATE_NOTE,WROTE,,"AUTOHOL: Holiday, 02/16/2026"
China,2026-02-16,6453751,INTDAILY,S99/X95,PBoC Operations/HK CMU CHECK,UPDATE_NOTE,WROTE,check 2/14 data,"check 2/14 data | AUTOHOL: Holiday, 02/16/2026"
China,2026-02-16,6453816,FMRCOIND,F21,OMO China Net Injection,UPDATE_NOTE,WROTE,,"AUTOHOL: Holiday, 02/16/2026"
China,2026-02-16,6453824,CHINA,Various,China CEIC,UPDATE_NOTE,WROTE,,"AUTOHOL: Holiday, 02/16/2026"
China,2026-02-16,6453873,CMDTY,M44,Oil Prices CMDTY,UPDATE_NOTE,WROTE,,"AUTOHOL: Holiday, 02/16/2026"
China,2026-02-16,6454020,INTDAILY,V67,Bond Issuance,UPDATE_NOTE,WROTE,may have 2/14 data?,"may have 2/14 data? | AUTOHOL: Holiday, 02/16/2026"
China,2026-02-16,6456436,INTWKLY,V88,Bond Issuance (not in global must be forced manually),UPDATE_NOTE,WROTE,,"AUTOHOL: Holiday, 02/16/2026"
China,2026-02-16,6454041,TRANSPRT,"T96, T97, T98",Subway Passenger Volume for Selected Transit Agencies,UPDATE_NOTE,WROTE,,"AUTOHOL: Holiday, 02/16/2026"
China,2026-02-16,6454043,TRANSPRT,"U02, U03, U04",Subway Passenger Volume for Selected Transit Agencies - Eviews,UPDATE_NOTE,WROTE,,"AUTOHOL: Holiday, 02/16/2026"
China,2026-02-16,6454077,INTDAILY,G74,China Government Bonds,UPDATE_NOTE,WROTE,update 2/14 data,"update 2/14 data | AUTOHOL: Holiday, 02/16/2026"
China,2026-02-16,6454180,TRANSPRT,"B12, B13, B14",China Subway Volume,UPDATE_NOTE,WROTE,,"AUTOHOL: Holiday, 02/16/2026"
China,2026-02-16,6454181,TRANSPRT,"U05, U06, U07",Baidu Congestion Index,UPDATE_NOTE,WROTE,,"AUTOHOL: Holiday, 02/16/2026"
China,2026-02-16,6454191,GLSECTOR,"F65, F66, F67",Maoyan Box,UPDATE_NOTE,WROTE,,"AUTOHOL: Holiday, 02/16/2026"
China,2026-02-16,6454194,CNSECTOR,"I65,I66,I67",Maoyan Box CMP to CNSECTOR,UPDATE_NOTE,WROTE,,"AUTOHOL: Holiday, 02/16/2026"
China,2026-02-16,6454231,INTDAILY,T86,Repeating Term Lending Facility,UPDATE_NOTE,WROTE,,"AUTOHOL: Holiday, 02/16/2026"
China,2026-02-16,6454232,CHINA,Various groups,China CEIC Check,UPDATE_NOTE,WROTE,,"AUTOHOL: Holiday, 02/16/2026"
China,2026-02-16,6454247,ENERGY,"O85, C50, C51",Coal Production and Inventory,UPDATE_NOTE,WROTE,,"AUTOHOL: Holiday, 02/16/2026"
China,2026-02-16,6454248,INTDAILY,"C85, C86, C87",Coal Production and Inventory Transfer,UPDATE_NOTE,WROTE,,"AUTOHOL: Holiday, 02/16/2026"
China,2026-02-16,6454251,INTDAILY,M18,Beijing Stock Exchange,UPDATE_NOTE,WROTE,,"AUTOHOL: Holiday, 02/16/2026"
China,2026-02-16,6454255,INTDAILY,U74,Thermal Coal Futures,UPDATE_NOTE,WROTE,,"AUTOHOL: Holiday, 02/16/2026"
China,2026-02-16,6454256,CMDTY,M51,Thermal Coal Futures Comp,UPDATE_NOTE,WROTE,,"AUTOHOL: Holiday, 02/16/2026"
China,2026-02-16,6454257,INTDAILY,I71,Treasury Yields and Medium Term Notes,UPDATE_NOTE,WROTE,,"AUTOHOL: Holiday, 02/16/2026"
China,2026-02-16,6454260,INTDAILY,G94,"Treasury Yields, Short Term Notes, Repo Rates",UPDATE_NOTE,WROTE,,"AUTOHOL: Holiday, 02/16/2026"
China,2026-02-16,6454271,INTDAILY,U60,Pledged Repo,UPDATE_NOTE,WROTE,update 2/14 data,"update 2/14 data | AUTOHOL: Holiday, 02/16/2026"
China,2026-02-16,6454272,INTDAILY,P33,Wholesale Agricultural Prices,UPDATE_NOTE,WROTE,,"AUTOHOL: Holiday, 02/16/2026"
China,2026-02-16,6454273,CMDTY,P41,Wholesale Agricultural Prices CMP,UPDATE_NOTE,WROTE,,"AUTOHOL: Holiday, 02/16/2026"
China,2026-02-16,6454279,INTDAILY,"U17, U18, U19",Alipay Tianhong Yue Bao Fund,UPDATE_NOTE,WROTE,,"AUTOHOL: Holiday, 02/16/2026"
China,2026-02-16,6454280,INTDAILY,M24,Parity Rates CFETS,UPDATE_NOTE,WROTE,,"AUTOHOL: Holiday, 02/16/2026"
China,2026-02-16,6454282,INTDAILY,U59,Shanghai Stock Connect,UPDATE_NOTE,WROTE,,"AUTOHOL: Holiday, 02/16/2026"
China,2026-02-16,6454283,INTDAILY,U40,Shanghai Stock Exchange Trading Statistics,UPDATE_NOTE,WROTE,,"AUTOHOL: Holiday, 02/16/2026"
China,2026-02-16,6454303,INTDAILY,Various,BACKUP China CFETS to K,UPDATE_NOTE,WROTE,,"AUTOHOL: Holiday, 02/16/2026"
China,2026-02-16,6454342,INTDAILY,D40,Central Bank Bill Yields,UPDATE_NOTE,WROTE,,"AUTOHOL: Holiday, 02/16/2026"
China,2026-02-16,6454354,INTDAILY,D45,Corporate Bond Yields,UPDATE_NOTE,WROTE,,"AUTOHOL: Holiday, 02/16/2026"
China,2026-02-16,6454367,INTDAILY,D48,NCDs,UPDATE_NOTE,WROTE,,"AUTOHOL: Holiday, 02/16/2026"
China,2026-02-16,6454378,INTDAILY,D54,Government-sponsored Agency Bonds,UPDATE_NOTE,WROTE,,"AUTOHOL: Holiday, 02/16/2026"
China,2026-02-16,6454381,INTDAILY,D57,Policy Bank Bonds by Rating,UPDATE_NOTE,WROTE,,"AUTOHOL: Holiday, 02/16/2026"
China,2026-02-16,6454382,INTDAILY,D60,Corporate Bonds by Rating,UPDATE_NOTE,WROTE,,"AUTOHOL: Holiday, 02/16/2026"
China,2026-02-16,6454385,INTDAILY,D63,Medium Term Notes by Rating,UPDATE_NOTE,WROTE,,"AUTOHOL: Holiday, 02/16/2026"
China,2026-02-16,6454392,INTDAILY,D66,Local Government Bonds by Rating,UPDATE_NOTE,WROTE,,"AUTOHOL: Holiday, 02/16/2026"
China,2026-02-16,6454398,INTDAILY,D69,Financial Bonds of Commercial Banks by Rating,UPDATE_NOTE,WROTE,,"AUTOHOL: Holiday, 02/16/2026"
China,2026-02-16,6454407,INTDAILY,D72,Secondary Capital Bond of Commercial Banks,UPDATE_NOTE,WROTE,,"AUTOHOL: Holiday, 02/16/2026"
China,2026-02-16,6454413,ENERGY,K52,Oil Commodity Prices Update,UPDATE_NOTE,WROTE,,"AUTOHOL: Holiday, 02/16/2026"
China,2026-02-16,6454414,INTDAILY,P69,Oil Commodity Prices INTDAILY TRANSFER,UPDATE_NOTE,WROTE,,"AUTOHOL: Holiday, 02/16/2026"
China,2026-02-16,6454419,INTDAILY,D75,Asset-Backed Securities by Rating,UPDATE_NOTE,WROTE,,"AUTOHOL: Holiday, 02/16/2026"
China,2026-02-16,6454422,INTDAILY,D78,Commercial Paper of Securities Company by Rating,UPDATE_NOTE,WROTE,,"AUTOHOL: Holiday, 02/16/2026"
China,2026-02-16,6454423,CNSECTOR,"U05, U06, U07",Baidu Congestion Index,UPDATE_NOTE,WROTE,,"AUTOHOL: Holiday, 02/16/2026"
China,2026-02-16,6454424,CNSECTOR,"T96, T97, T98, U02, U03, U04",Subway Passenger Volume for Selected Transit Agencies CNSECTOR,UPDATE_NOTE,WROTE,,"AUTOHOL: Holiday, 02/16/2026"
China,2026-02-16,6454425,CNSECTOR,"C85, C86, C87",Coal Production and Inventory,UPDATE_NOTE,WROTE,,"AUTOHOL: Holiday, 02/16/2026"
China,2026-02-16,6454438,TRANSPRT,"U59, U66, U67",Baidu Migration Scale Index,UPDATE_NOTE,WROTE,,"AUTOHOL: Holiday, 02/16/2026"
China,2026-02-16,6454439,CNSECTOR,"U59, U66, U67",Baidu Migration Scale Index Comp,UPDATE_NOTE,WROTE,,"AUTOHOL: Holiday, 02/16/2026"
China,2026-02-16,6454486,CHINAR,D95,Air Quality Index [Province] Eviews,UPDATE_NOTE,WROTE,,"AUTOHOL: Holiday, 02/16/2026"
China,2026-02-16,6454487,INTDAILY,V42,Air Quality Index COMP to INTDAILY,UPDATE_NOTE,WROTE,,"AUTOHOL: Holiday, 02/16/2026"
China,2026-02-16,6454522,CHINAR,C97,Air Quality Index,UPDATE_NOTE,WROTE,,"AUTOHOL: Holiday, 02/16/2026"
China,2026-02-16,6454529,INTDAILY,D84,Private Placement Notes (PPN),UPDATE_NOTE,WROTE,,"AUTOHOL: Holiday, 02/16/2026"
China,2026-02-16,6454531,CMDTY,M59,SHFE Volume & Positions,UPDATE_NOTE,WROTE,,"AUTOHOL: Holiday, 02/16/2026"
China,2026-02-16,6454560,TRANSPRT,"T62, T63, T72",Yangtze Water Level - AM Comp,UPDATE_NOTE,WROTE,,"AUTOHOL: Holiday, 02/16/2026"
China,2026-02-16,6454561,GLSECTOR,"V61, V62, V63",Yangtze Water Level - PM,UPDATE_NOTE,WROTE,,"AUTOHOL: Holiday, 02/16/2026"
China,2026-02-16,6454563,TRANSPRT,"W66, W67, W68",Yangtze Water Level - PM Comp,UPDATE_NOTE,WROTE,,"AUTOHOL: Holiday, 02/16/2026"
China,2026-02-16,6454564,GLSECTOR,"V67, V68, V69",Yangtze Water Level - AM,UPDATE_NOTE,WROTE,,"AUTOHOL: Holiday, 02/16/2026"
China,2026-02-16,6454573,INTDAILY,"D91, D92, D93",Forward Rates,UPDATE_NOTE,WROTE,,"AUTOHOL: Holiday, 02/16/2026"
China,2026-02-16,6454629,TRANSPRT,C83,Selected Weekly Transportation Indicators,UPDATE_NOTE,WROTE,,"AUTOHOL: Holiday, 02/16/2026"
China,2026-02-16,6454714,INTDAILY,Various,CFETS Daily Bulletin Backup,UPDATE_NOTE,WROTE,,"AUTOHOL: Holiday, 02/16/2026"
China,2026-02-16,6454723,INTDAILY,"K59, K76, K77",Interest Rate Swap,UPDATE_NOTE,WROTE,update 2/14 data,"update 2/14 data | AUTOHOL: Holiday, 02/16/2026"
China,2026-02-16,6454731,CMDTY,L55,Shanghai Gold Exchange Benchmark,UPDATE_NOTE,WROTE,,"AUTOHOL: Holiday, 02/16/2026"
China,2026-02-16,6454764,INTDAILY,K97,Margin Trading Transaction,UPDATE_NOTE,WROTE,,"AUTOHOL: Holiday, 02/16/2026"
China,2026-02-16,6454765,INTWKLY,K97,Margin Trading Transaction AGG,UPDATE_NOTE,WROTE,,"AUTOHOL: Holiday, 02/16/2026"
China,2026-02-16,6454783,CMDTY,M30,Shanghai Metals Market Prices,UPDATE_NOTE,WROTE,,"AUTOHOL: Holiday, 02/16/2026"
China,2026-02-16,6469757,TRANSPRT,"U83,U95,U96",LNY Passenger Volume,UPDATE_NOTE,WROTE,,"AUTOHOL: Holiday, 02/16/2026"
China,2026-02-17,6468031,CHINA,Various,INDIA/CHINA QA Feedback,UPDATE_NOTE,WROTE,,"AUTOHOL: Holiday, 02/17/2026"
China,2026-02-17,6468034,CHINA,Various groups,China CEIC,UPDATE_NOTE,WROTE,,"AUTOHOL: Holiday, 02/17/2026"
China,2026-02-17,6468175,INTDAILY,V59,Asian Stock Market -China Stock Indexes,UPDATE_NOTE,WROTE,,"AUTOHOL: Holiday, 02/17/2026"
China,2026-02-17,6468311,INTDAILY,P68,Wholesale Price Index,UPDATE_NOTE,WROTE,,"AUTOHOL: Holiday, 02/17/2026"
China,2026-02-17,6468440,CMDTY,L75,Shanghai Gold Exchange Prices,UPDATE_NOTE,WROTE,,"AUTOHOL: Holiday, 02/17/2026"
China,2026-02-17,6468489,CHINA,Various groups,China CEIC Check,UPDATE_NOTE,WROTE,,"AUTOHOL: Holiday, 02/17/2026"
China,2026-02-17,6468563,INTDAILY,S99,PBC: OMO Zero,UPDATE_NOTE,WROTE,,"AUTOHOL: Holiday, 02/17/2026"
China,2026-02-17,6468564,INTDAILY,V96,PBC: OMO Calculation,UPDATE_NOTE,WROTE,,"AUTOHOL: Holiday, 02/17/2026"
China,2026-02-17,6468592,CMDTY,L39,SHFE,UPDATE_NOTE,WROTE,,"AUTOHOL: Holiday, 02/17/2026"
China,2026-02-17,6468606,EMERGEPR,Various,CHINA to EMERGEPR Compare,UPDATE_NOTE,WROTE,,"AUTOHOL: Holiday, 02/17/2026"
China,2026-02-17,6468686,INTWKLY,T66,China Agricultural Food Prices,UPDATE_NOTE,WROTE,,"AUTOHOL: Holiday, 02/17/2026"
China,2026-02-17,6468803,FMRCOIND,F21,OMO China Net Injection,UPDATE_NOTE,WROTE,,"AUTOHOL: Holiday, 02/17/2026"
China,2026-02-17,6468809,CHINA,Various,China CEIC,UPDATE_NOTE,WROTE,,"AUTOHOL: Holiday, 02/17/2026"
China,2026-02-17,6468995,TRANSPRT,"T96, T97, T98",Subway Passenger Volume for Selected Transit Agencies,UPDATE_NOTE,WROTE,,"AUTOHOL: Holiday, 02/17/2026"
China,2026-02-17,6468999,TRANSPRT,"U02, U03, U04",Subway Passenger Volume for Selected Transit Agencies - Eviews,UPDATE_NOTE,WROTE,,"AUTOHOL: Holiday, 02/17/2026"
China,2026-02-17,6469109,TRANSPRT,"B12, B13, B14",China Subway Volume,UPDATE_NOTE,WROTE,,"AUTOHOL: Holiday, 02/17/2026"
China,2026-02-17,6469110,TRANSPRT,"U05, U06, U07",Baidu Congestion Index,UPDATE_NOTE,WROTE,,"AUTOHOL: Holiday, 02/17/2026"
China,2026-02-17,6469119,GLSECTOR,"F65, F66, F67",Maoyan Box,UPDATE_NOTE,WROTE,,"AUTOHOL: Holiday, 02/17/2026"
China,2026-02-17,6469121,CNSECTOR,"I65,I66,I67",Maoyan Box CMP to CNSECTOR,UPDATE_NOTE,WROTE,,"AUTOHOL: Holiday, 02/17/2026"
China,2026-02-17,6469155,INTDAILY,T86,Repeating Term Lending Facility,UPDATE_NOTE,WROTE,,"AUTOHOL: Holiday, 02/17/2026"
China,2026-02-17,6469156,CHINA,Various groups,China CEIC Check,UPDATE_NOTE,WROTE,,"AUTOHOL: Holiday, 02/17/2026"
China,2026-02-17,6469167,ENERGY,"O85, C50, C51",Coal Production and Inventory,UPDATE_NOTE,WROTE,,"AUTOHOL: Holiday, 02/17/2026"
China,2026-02-17,6469168,INTDAILY,"C85, C86, C87",Coal Production and Inventory Transfer,UPDATE_NOTE,WROTE,,"AUTOHOL: Holiday, 02/17/2026"
China,2026-02-17,6469173,INTDAILY,M18,Beijing Stock Exchange,UPDATE_NOTE,WROTE,,"AUTOHOL: Holiday, 02/17/2026"
China,2026-02-17,6469176,INTDAILY,U74,Thermal Coal Futures,UPDATE_NOTE,WROTE,,"AUTOHOL: Holiday, 02/17/2026"
China,2026-02-17,6469177,CMDTY,M51,Thermal Coal Futures Comp,UPDATE_NOTE,WROTE,,"AUTOHOL: Holiday, 02/17/2026"
China,2026-02-17,6469178,INTDAILY,I71,Treasury Yields and Medium Term Notes,UPDATE_NOTE,WROTE,,"AUTOHOL: Holiday, 02/17/2026"
China,2026-02-17,6469181,INTDAILY,G94,"Treasury Yields, Short Term Notes, Repo Rates",UPDATE_NOTE,WROTE,,"AUTOHOL: Holiday, 02/17/2026"
China,2026-02-17,6469190,INTDAILY,P33,Wholesale Agricultural Prices,UPDATE_NOTE,WROTE,,"AUTOHOL: Holiday, 02/17/2026"
China,2026-02-17,6469191,CMDTY,P41,Wholesale Agricultural Prices CMP,UPDATE_NOTE,WROTE,,"AUTOHOL: Holiday, 02/17/2026"
China,2026-02-17,6469197,INTDAILY,"U17, U18, U19",Alipay Tianhong Yue Bao Fund,UPDATE_NOTE,WROTE,,"AUTOHOL: Holiday, 02/17/2026"
China,2026-02-17,6469198,INTDAILY,M24,Parity Rates CFETS,UPDATE_NOTE,WROTE,,"AUTOHOL: Holiday, 02/17/2026"
China,2026-02-17,6469200,INTDAILY,U59,Shanghai Stock Connect,UPDATE_NOTE,WROTE,,"AUTOHOL: Holiday, 02/17/2026"
China,2026-02-17,6469201,INTDAILY,U40,Shanghai Stock Exchange Trading Statistics,UPDATE_NOTE,WROTE,,"AUTOHOL: Holiday, 02/17/2026"
China,2026-02-17,6469222,INTDAILY,Various,BACKUP China CFETS to K,UPDATE_NOTE,WROTE,,"AUTOHOL: Holiday, 02/17/2026"
China,2026-02-17,6469253,INTDAILY,D40,Central Bank Bill Yields,UPDATE_NOTE,WROTE,,"AUTOHOL: Holiday, 02/17/2026"
China,2026-02-17,6469262,INTDAILY,D45,Corporate Bond Yields,UPDATE_NOTE,WROTE,,"AUTOHOL: Holiday, 02/17/2026"
China,2026-02-17,6469274,INTDAILY,D48,NCDs,UPDATE_NOTE,WROTE,,"AUTOHOL: Holiday, 02/17/2026"
China,2026-02-17,6469284,INTDAILY,D54,Government-sponsored Agency Bonds,UPDATE_NOTE,WROTE,,"AUTOHOL: Holiday, 02/17/2026"
China,2026-02-17,6469287,INTDAILY,D57,Policy Bank Bonds by Rating,UPDATE_NOTE,WROTE,,"AUTOHOL: Holiday, 02/17/2026"
China,2026-02-17,6469288,INTDAILY,D60,Corporate Bonds by Rating,UPDATE_NOTE,WROTE,,"AUTOHOL: Holiday, 02/17/2026"
China,2026-02-17,6469292,INTDAILY,D63,Medium Term Notes by Rating,UPDATE_NOTE,WROTE,,"AUTOHOL: Holiday, 02/17/2026"
China,2026-02-17,6469299,INTDAILY,D66,Local Government Bonds by Rating,UPDATE_NOTE,WROTE,,"AUTOHOL: Holiday, 02/17/2026"
China,2026-02-17,6469304,INTWKLY,K85,Coal Production and Inventory Agg,UPDATE_NOTE,WROTE,,"AUTOHOL: Holiday, 02/17/2026"
China,2026-02-17,6469308,INTDAILY,D69,Financial Bonds of Commercial Banks by Rating,UPDATE_NOTE,WROTE,,"AUTOHOL: Holiday, 02/17/2026"
China,2026-02-17,6469321,INTDAILY,D72,Secondary Capital Bond of Commercial Banks,UPDATE_NOTE,WROTE,,"AUTOHOL: Holiday, 02/17/2026"
China,2026-02-17,6469325,ENERGY,K52,Oil Commodity Prices Update,UPDATE_NOTE,WROTE,,"AUTOHOL: Holiday, 02/17/2026"
China,2026-02-17,6469326,INTDAILY,P69,Oil Commodity Prices INTDAILY TRANSFER,UPDATE_NOTE,WROTE,,"AUTOHOL: Holiday, 02/17/2026"
China,2026-02-17,6469331,INTDAILY,D75,Asset-Backed Securities by Rating,UPDATE_NOTE,WROTE,,"AUTOHOL: Holiday, 02/17/2026"
China,2026-02-17,6469333,INTDAILY,D78,Commercial Paper of Securities Company by Rating,UPDATE_NOTE,WROTE,,"AUTOHOL: Holiday, 02/17/2026"
China,2026-02-17,6469334,CNSECTOR,"U05, U06, U07",Baidu Congestion Index,UPDATE_NOTE,WROTE,,"AUTOHOL: Holiday, 02/17/2026"
China,2026-02-17,6469335,CNSECTOR,"T96, T97, T98, U02, U03, U04",Subway Passenger Volume for Selected Transit Agencies CNSECTOR,UPDATE_NOTE,WROTE,,"AUTOHOL: Holiday, 02/17/2026"
China,2026-02-17,6469336,CNSECTOR,"C85, C86, C87",Coal Production and Inventory,UPDATE_NOTE,WROTE,,"AUTOHOL: Holiday, 02/17/2026"
China,2026-02-17,6469346,TRANSPRT,"U59, U66, U67",Baidu Migration Scale Index,UPDATE_NOTE,WROTE,,"AUTOHOL: Holiday, 02/17/2026"
China,2026-02-17,6469347,CNSECTOR,"U59, U66, U67",Baidu Migration Scale Index Comp,UPDATE_NOTE,WROTE,,"AUTOHOL: Holiday, 02/17/2026"
China,2026-02-17,6469400,CHINAR,D95,Air Quality Index [Province] Eviews,UPDATE_NOTE,WROTE,,"AUTOHOL: Holiday, 02/17/2026"
China,2026-02-17,6469401,INTDAILY,V42,Air Quality Index COMP to INTDAILY,UPDATE_NOTE,WROTE,,"AUTOHOL: Holiday, 02/17/2026"
China,2026-02-17,6469428,CHINAR,C97,Air Quality Index,UPDATE_NOTE,WROTE,,"AUTOHOL: Holiday, 02/17/2026"
China,2026-02-17,6469435,INTDAILY,D84,Private Placement Notes (PPN),UPDATE_NOTE,WROTE,,"AUTOHOL: Holiday, 02/17/2026"
China,2026-02-17,6469438,CMDTY,M59,SHFE Volume & Positions,UPDATE_NOTE,WROTE,,"AUTOHOL: Holiday, 02/17/2026"
China,2026-02-17,6469465,TRANSPRT,"T62, T63, T72",Yangtze Water Level - AM Comp,UPDATE_NOTE,WROTE,,"AUTOHOL: Holiday, 02/17/2026"
China,2026-02-17,6469466,GLSECTOR,"V61, V62, V63",Yangtze Water Level - PM,UPDATE_NOTE,WROTE,,"AUTOHOL: Holiday, 02/17/2026"
China,2026-02-17,6469468,TRANSPRT,"W66, W67, W68",Yangtze Water Level - PM Comp,UPDATE_NOTE,WROTE,,"AUTOHOL: Holiday, 02/17/2026"
China,2026-02-17,6469469,GLSECTOR,"V67, V68, V69",Yangtze Water Level - AM,UPDATE_NOTE,WROTE,,"AUTOHOL: Holiday, 02/17/2026"
China,2026-02-17,6469479,INTDAILY,"D91, D92, D93",Forward Rates,UPDATE_NOTE,WROTE,,"AUTOHOL: Holiday, 02/17/2026"
China,2026-02-17,6469619,INTDAILY,Various,CFETS Daily Bulletin Backup,UPDATE_NOTE,WROTE,,"AUTOHOL: Holiday, 02/17/2026"
China,2026-02-17,6469632,CMDTY,L55,Shanghai Gold Exchange Benchmark,UPDATE_NOTE,WROTE,,"AUTOHOL: Holiday, 02/17/2026"
China,2026-02-17,6469679,CMDTY,M30,Shanghai Metals Market Prices,UPDATE_NOTE,WROTE,,"AUTOHOL: Holiday, 02/17/2026"
China,2026-02-17,6469756,TRANSPRT,"U83,U95,U96",LNY Passenger Volume,UPDATE_NOTE,WROTE,,"AUTOHOL: Holiday, 02/17/2026"
China,2026-02-18,6466305,CHINA,Various,INDIA/CHINA QA Feedback,UPDATE_NOTE,WROTE,,"AUTOHOL: Holiday, 02/18/2026"
China,2026-02-18,6466308,CHINA,Various groups,China CEIC,UPDATE_NOTE,WROTE,,"AUTOHOL: Holiday, 02/18/2026"
China,2026-02-18,6466447,INTDAILY,V59,Asian Stock Market -China Stock Indexes,UPDATE_NOTE,WROTE,,"AUTOHOL: Holiday, 02/18/2026"
China,2026-02-18,6466586,INTDAILY,P68,Wholesale Price Index,UPDATE_NOTE,WROTE,,"AUTOHOL: Holiday, 02/18/2026"
China,2026-02-18,6466719,CMDTY,L75,Shanghai Gold Exchange Prices,UPDATE_NOTE,WROTE,,"AUTOHOL: Holiday, 02/18/2026"
China,2026-02-18,6466771,CHINA,Various groups,China CEIC Check,UPDATE_NOTE,WROTE,,"AUTOHOL: Holiday, 02/18/2026"
China,2026-02-18,6466841,INTDAILY,S99,PBC: OMO Zero,UPDATE_NOTE,WROTE,,"AUTOHOL: Holiday, 02/18/2026"
China,2026-02-18,6466842,INTDAILY,V96,PBC: OMO Calculation,UPDATE_NOTE,WROTE,,"AUTOHOL: Holiday, 02/18/2026"
China,2026-02-18,6466868,CMDTY,L39,SHFE,UPDATE_NOTE,WROTE,,"AUTOHOL: Holiday, 02/18/2026"
China,2026-02-18,6466882,EMERGEPR,Various,CHINA to EMERGEPR Compare,UPDATE_NOTE,WROTE,,"AUTOHOL: Holiday, 02/18/2026"
China,2026-02-18,6467082,FMRCOIND,F21,OMO China Net Injection,UPDATE_NOTE,WROTE,,"AUTOHOL: Holiday, 02/18/2026"
China,2026-02-18,6467088,CHINA,Various,China CEIC,UPDATE_NOTE,WROTE,,"AUTOHOL: Holiday, 02/18/2026"
China,2026-02-18,6467225,ENERGY,O06,Import Price of LNG,UPDATE_NOTE,WROTE,,"AUTOHOL: Holiday, 02/18/2026"
China,2026-02-18,6467280,TRANSPRT,"T96, T97, T98",Subway Passenger Volume for Selected Transit Agencies,UPDATE_NOTE,WROTE,,"AUTOHOL: Holiday, 02/18/2026"
China,2026-02-18,6467287,TRANSPRT,"U02, U03, U04",Subway Passenger Volume for Selected Transit Agencies - Eviews,UPDATE_NOTE,WROTE,,"AUTOHOL: Holiday, 02/18/2026"
China,2026-02-18,6467398,TRANSPRT,"B12, B13, B14",China Subway Volume,UPDATE_NOTE,WROTE,,"AUTOHOL: Holiday, 02/18/2026"
China,2026-02-18,6467399,TRANSPRT,"U05, U06, U07",Baidu Congestion Index,UPDATE_NOTE,WROTE,,"AUTOHOL: Holiday, 02/18/2026"
China,2026-02-18,6467410,GLSECTOR,"F65, F66, F67",Maoyan Box,UPDATE_NOTE,WROTE,,"AUTOHOL: Holiday, 02/18/2026"
China,2026-02-18,6467412,CNSECTOR,"I65,I66,I67",Maoyan Box CMP to CNSECTOR,UPDATE_NOTE,WROTE,,"AUTOHOL: Holiday, 02/18/2026"
China,2026-02-18,6467457,INTDAILY,T86,Repeating Term Lending Facility,UPDATE_NOTE,WROTE,,"AUTOHOL: Holiday, 02/18/2026"
China,2026-02-18,6467458,CHINA,Various groups,China CEIC Check,UPDATE_NOTE,WROTE,,"AUTOHOL: Holiday, 02/18/2026"
China,2026-02-18,6467470,ENERGY,"O85, C50, C51",Coal Production and Inventory,UPDATE_NOTE,WROTE,,"AUTOHOL: Holiday, 02/18/2026"
China,2026-02-18,6467471,INTDAILY,"C85, C86, C87",Coal Production and Inventory Transfer,UPDATE_NOTE,WROTE,,"AUTOHOL: Holiday, 02/18/2026"
China,2026-02-18,6467474,INTDAILY,M18,Beijing Stock Exchange,UPDATE_NOTE,WROTE,,"AUTOHOL: Holiday, 02/18/2026"
China,2026-02-18,6467476,INTDAILY,U74,Thermal Coal Futures,UPDATE_NOTE,WROTE,,"AUTOHOL: Holiday, 02/18/2026"
China,2026-02-18,6467477,CMDTY,M51,Thermal Coal Futures Comp,UPDATE_NOTE,WROTE,,"AUTOHOL: Holiday, 02/18/2026"
China,2026-02-18,6467478,INTDAILY,I71,Treasury Yields and Medium Term Notes,UPDATE_NOTE,WROTE,,"AUTOHOL: Holiday, 02/18/2026"
China,2026-02-18,6467481,INTDAILY,G94,"Treasury Yields, Short Term Notes, Repo Rates",UPDATE_NOTE,WROTE,,"AUTOHOL: Holiday, 02/18/2026"
China,2026-02-18,6467491,INTDAILY,P33,Wholesale Agricultural Prices,UPDATE_NOTE,WROTE,,"AUTOHOL: Holiday, 02/18/2026"
China,2026-02-18,6467492,CMDTY,P41,Wholesale Agricultural Prices CMP,UPDATE_NOTE,WROTE,,"AUTOHOL: Holiday, 02/18/2026"
China,2026-02-18,6467498,INTDAILY,"U17, U18, U19",Alipay Tianhong Yue Bao Fund,UPDATE_NOTE,WROTE,,"AUTOHOL: Holiday, 02/18/2026"
China,2026-02-18,6467499,INTDAILY,M24,Parity Rates CFETS,UPDATE_NOTE,WROTE,,"AUTOHOL: Holiday, 02/18/2026"
China,2026-02-18,6467501,INTDAILY,U59,Shanghai Stock Connect,UPDATE_NOTE,WROTE,,"AUTOHOL: Holiday, 02/18/2026"
China,2026-02-18,6467502,INTDAILY,U40,Shanghai Stock Exchange Trading Statistics,UPDATE_NOTE,WROTE,,"AUTOHOL: Holiday, 02/18/2026"
China,2026-02-18,6467525,INTDAILY,Various,BACKUP China CFETS to K,UPDATE_NOTE,WROTE,,"AUTOHOL: Holiday, 02/18/2026"
China,2026-02-18,6467558,INTDAILY,D40,Central Bank Bill Yields,UPDATE_NOTE,WROTE,,"AUTOHOL: Holiday, 02/18/2026"
China,2026-02-18,6467568,INTDAILY,D45,Corporate Bond Yields,UPDATE_NOTE,WROTE,,"AUTOHOL: Holiday, 02/18/2026"
China,2026-02-18,6467580,INTDAILY,D48,NCDs,UPDATE_NOTE,WROTE,,"AUTOHOL: Holiday, 02/18/2026"
China,2026-02-18,6467591,INTDAILY,D54,Government-sponsored Agency Bonds,UPDATE_NOTE,WROTE,,"AUTOHOL: Holiday, 02/18/2026"
China,2026-02-18,6467594,INTDAILY,D57,Policy Bank Bonds by Rating,UPDATE_NOTE,WROTE,,"AUTOHOL: Holiday, 02/18/2026"
China,2026-02-18,6467595,INTDAILY,D60,Corporate Bonds by Rating,UPDATE_NOTE,WROTE,,"AUTOHOL: Holiday, 02/18/2026"
China,2026-02-18,6467599,INTDAILY,D63,Medium Term Notes by Rating,UPDATE_NOTE,WROTE,,"AUTOHOL: Holiday, 02/18/2026"
China,2026-02-18,6467604,INTDAILY,D66,Local Government Bonds by Rating,UPDATE_NOTE,WROTE,,"AUTOHOL: Holiday, 02/18/2026"
China,2026-02-18,6467609,INTDAILY,D69,Financial Bonds of Commercial Banks by Rating,UPDATE_NOTE,WROTE,,"AUTOHOL: Holiday, 02/18/2026"
China,2026-02-18,6467617,INTDAILY,D72,Secondary Capital Bond of Commercial Banks,UPDATE_NOTE,WROTE,,"AUTOHOL: Holiday, 02/18/2026"
China,2026-02-18,6467621,ENERGY,K52,Oil Commodity Prices Update,UPDATE_NOTE,WROTE,,"AUTOHOL: Holiday, 02/18/2026"
China,2026-02-18,6467622,INTDAILY,P69,Oil Commodity Prices INTDAILY TRANSFER,UPDATE_NOTE,WROTE,,"AUTOHOL: Holiday, 02/18/2026"
China,2026-02-18,6467627,INTDAILY,D75,Asset-Backed Securities by Rating,UPDATE_NOTE,WROTE,,"AUTOHOL: Holiday, 02/18/2026"
China,2026-02-18,6467629,INTDAILY,D78,Commercial Paper of Securities Company by Rating,UPDATE_NOTE,WROTE,,"AUTOHOL: Holiday, 02/18/2026"
China,2026-02-18,6467630,CNSECTOR,"U05, U06, U07",Baidu Congestion Index,UPDATE_NOTE,WROTE,,"AUTOHOL: Holiday, 02/18/2026"
China,2026-02-18,6467631,CNSECTOR,"T96, T97, T98, U02, U03, U04",Subway Passenger Volume for Selected Transit Agencies CNSECTOR,UPDATE_NOTE,WROTE,,"AUTOHOL: Holiday, 02/18/2026"
China,2026-02-18,6467632,CNSECTOR,"C85, C86, C87",Coal Production and Inventory,UPDATE_NOTE,WROTE,,"AUTOHOL: Holiday, 02/18/2026"
China,2026-02-18,6467642,TRANSPRT,"U59, U66, U67",Baidu Migration Scale Index,UPDATE_NOTE,WROTE,,"AUTOHOL: Holiday, 02/18/2026"
China,2026-02-18,6467643,CNSECTOR,"U59, U66, U67",Baidu Migration Scale Index Comp,UPDATE_NOTE,WROTE,,"AUTOHOL: Holiday, 02/18/2026"
China,2026-02-18,6467690,CHINAR,D95,Air Quality Index [Province] Eviews,UPDATE_NOTE,WROTE,,"AUTOHOL: Holiday, 02/18/2026"
China,2026-02-18,6467691,INTDAILY,V42,Air Quality Index COMP to INTDAILY,UPDATE_NOTE,WROTE,,"AUTOHOL: Holiday, 02/18/2026"
China,2026-02-18,6467729,CHINAR,C97,Air Quality Index,UPDATE_NOTE,WROTE,,"AUTOHOL: Holiday, 02/18/2026"
China,2026-02-18,6467738,INTDAILY,D84,Private Placement Notes (PPN),UPDATE_NOTE,WROTE,,"AUTOHOL: Holiday, 02/18/2026"
China,2026-02-18,6467740,CMDTY,M59,SHFE Volume & Positions,UPDATE_NOTE,WROTE,,"AUTOHOL: Holiday, 02/18/2026"
China,2026-02-18,6467764,TRANSPRT,"T62, T63, T72",Yangtze Water Level - AM Comp,UPDATE_NOTE,WROTE,,"AUTOHOL: Holiday, 02/18/2026"
China,2026-02-18,6467765,GLSECTOR,"V61, V62, V63",Yangtze Water Level - PM,UPDATE_NOTE,WROTE,,"AUTOHOL: Holiday, 02/18/2026"
China,2026-02-18,6467767,TRANSPRT,"W66, W67, W68",Yangtze Water Level - PM Comp,UPDATE_NOTE,WROTE,,"AUTOHOL: Holiday, 02/18/2026"
China,2026-02-18,6467768,GLSECTOR,"V67, V68, V69",Yangtze Water Level - AM,UPDATE_NOTE,WROTE,,"AUTOHOL: Holiday, 02/18/2026"
China,2026-02-18,6467779,INTDAILY,"D91, D92, D93",Forward Rates,UPDATE_NOTE,WROTE,,"AUTOHOL: Holiday, 02/18/2026"
China,2026-02-18,6467926,INTDAILY,Various,CFETS Daily Bulletin Backup,UPDATE_NOTE,WROTE,,"AUTOHOL: Holiday, 02/18/2026"
China,2026-02-18,6467941,CMDTY,L55,Shanghai Gold Exchange Benchmark,UPDATE_NOTE,WROTE,,"AUTOHOL: Holiday, 02/18/2026"
China,2026-02-18,6467989,CMDTY,M30,Shanghai Metals Market Prices,UPDATE_NOTE,WROTE,,"AUTOHOL: Holiday, 02/18/2026"
China,2026-02-18,6469755,TRANSPRT,"U83,U95,U96",LNY Passenger Volume,UPDATE_NOTE,WROTE,,"AUTOHOL: Holiday, 02/18/2026"
China,2026-02-19,6464492,CHINA,Various,INDIA/CHINA QA Feedback,UPDATE_NOTE,WROTE,,"AUTOHOL: Holiday, 02/19/2026"
China,2026-02-19,6464495,CHINA,Various groups,China CEIC,UPDATE_NOTE,WROTE,,"AUTOHOL: Holiday, 02/19/2026"
China,2026-02-19,6464649,INTWKLY,F29,SHIBOR Aggregation,UPDATE_NOTE,WROTE,,"AUTOHOL: Holiday, 02/19/2026"
China,2026-02-19,6464651,INTDAILY,V59,Asian Stock Market -China Stock Indexes,UPDATE_NOTE,WROTE,,"AUTOHOL: Holiday, 02/19/2026"
China,2026-02-19,6464694,INTWKLY,P81,China Weekly Steel Prices & Indexes,UPDATE_NOTE,WROTE,,"AUTOHOL: Holiday, 02/19/2026"
China,2026-02-19,6464796,INTDAILY,P68,Wholesale Price Index,UPDATE_NOTE,WROTE,,"AUTOHOL: Holiday, 02/19/2026"
China,2026-02-19,6464938,CMDTY,L75,Shanghai Gold Exchange Prices,UPDATE_NOTE,WROTE,,"AUTOHOL: Holiday, 02/19/2026"
China,2026-02-19,6464984,CHINA,Various groups,China CEIC Check,UPDATE_NOTE,WROTE,,"AUTOHOL: Holiday, 02/19/2026"
China,2026-02-19,6465059,INTDAILY,S99,PBC: OMO Zero,UPDATE_NOTE,WROTE,,"AUTOHOL: Holiday, 02/19/2026"
China,2026-02-19,6465060,INTDAILY,V96,PBC: OMO Calculation,UPDATE_NOTE,WROTE,,"AUTOHOL: Holiday, 02/19/2026"
China,2026-02-19,6465064,INTWKLY,S99,PBC: OMO Aggregation,UPDATE_NOTE,WROTE,,"AUTOHOL: Holiday, 02/19/2026"
China,2026-02-19,6465089,CMDTY,L39,SHFE,UPDATE_NOTE,WROTE,,"AUTOHOL: Holiday, 02/19/2026"
China,2026-02-19,6465102,EMERGEPR,Various,CHINA to EMERGEPR Compare,UPDATE_NOTE,WROTE,,"AUTOHOL: Holiday, 02/19/2026"
China,2026-02-19,6465123,INTWKLY,R79,Aggregation: Exchange Rates,UPDATE_NOTE,WROTE,,"AUTOHOL: Holiday, 02/19/2026"
China,2026-02-19,6465342,FMRCOIND,F21,OMO China Net Injection,UPDATE_NOTE,WROTE,,"AUTOHOL: Holiday, 02/19/2026"
China,2026-02-19,6465348,CHINA,Various,China CEIC,UPDATE_NOTE,WROTE,,"AUTOHOL: Holiday, 02/19/2026"
China,2026-02-19,6465539,TRANSPRT,"T96, T97, T98",Subway Passenger Volume for Selected Transit Agencies,UPDATE_NOTE,WROTE,,"AUTOHOL: Holiday, 02/19/2026"
China,2026-02-19,6465541,TRANSPRT,"U02, U03, U04",Subway Passenger Volume for Selected Transit Agencies - Eviews,UPDATE_NOTE,WROTE,,"AUTOHOL: Holiday, 02/19/2026"
China,2026-02-19,6465662,TRANSPRT,"B12, B13, B14",China Subway Volume,UPDATE_NOTE,WROTE,,"AUTOHOL: Holiday, 02/19/2026"
China,2026-02-19,6465663,TRANSPRT,"U05, U06, U07",Baidu Congestion Index,UPDATE_NOTE,WROTE,,"AUTOHOL: Holiday, 02/19/2026"
China,2026-02-19,6465672,GLSECTOR,"F65, F66, F67",Maoyan Box,UPDATE_NOTE,WROTE,,"AUTOHOL: Holiday, 02/19/2026"
China,2026-02-19,6465674,CNSECTOR,"I65,I66,I67",Maoyan Box CMP to CNSECTOR,UPDATE_NOTE,WROTE,,"AUTOHOL: Holiday, 02/19/2026"
China,2026-02-19,6465710,CHINA,Various groups,China CEIC Check,UPDATE_NOTE,WROTE,,"AUTOHOL: Holiday, 02/19/2026"
China,2026-02-19,6465714,INTWKLY,W91,Interbank Repo Rates Aggregation,UPDATE_NOTE,WROTE,,"AUTOHOL: Holiday, 02/19/2026"
China,2026-02-19,6465724,ENERGY,"O85, C50, C51",Coal Production and Inventory,UPDATE_NOTE,WROTE,,"AUTOHOL: Holiday, 02/19/2026"
China,2026-02-19,6465725,INTDAILY,"C85, C86, C87",Coal Production and Inventory Transfer,UPDATE_NOTE,WROTE,,"AUTOHOL: Holiday, 02/19/2026"
China,2026-02-19,6465730,INTDAILY,M18,Beijing Stock Exchange,UPDATE_NOTE,WROTE,,"AUTOHOL: Holiday, 02/19/2026"
China,2026-02-19,6465732,INTDAILY,U74,Thermal Coal Futures,UPDATE_NOTE,WROTE,,"AUTOHOL: Holiday, 02/19/2026"
China,2026-02-19,6465733,CMDTY,M51,Thermal Coal Futures Comp,UPDATE_NOTE,WROTE,,"AUTOHOL: Holiday, 02/19/2026"
China,2026-02-19,6465734,INTDAILY,I71,Treasury Yields and Medium Term Notes,UPDATE_NOTE,WROTE,,"AUTOHOL: Holiday, 02/19/2026"
China,2026-02-19,6465737,INTDAILY,G94,"Treasury Yields, Short Term Notes, Repo Rates",UPDATE_NOTE,WROTE,,"AUTOHOL: Holiday, 02/19/2026"
China,2026-02-19,6465747,INTDAILY,P33,Wholesale Agricultural Prices,UPDATE_NOTE,WROTE,,"AUTOHOL: Holiday, 02/19/2026"
China,2026-02-19,6465748,CMDTY,P41,Wholesale Agricultural Prices CMP,UPDATE_NOTE,WROTE,,"AUTOHOL: Holiday, 02/19/2026"
China,2026-02-19,6465755,INTDAILY,"U17, U18, U19",Alipay Tianhong Yue Bao Fund,UPDATE_NOTE,WROTE,,"AUTOHOL: Holiday, 02/19/2026"
China,2026-02-19,6465756,INTDAILY,M24,Parity Rates CFETS,UPDATE_NOTE,WROTE,,"AUTOHOL: Holiday, 02/19/2026"
China,2026-02-19,6465758,INTDAILY,U59,Shanghai Stock Connect,UPDATE_NOTE,WROTE,,"AUTOHOL: Holiday, 02/19/2026"
China,2026-02-19,6465759,INTDAILY,U40,Shanghai Stock Exchange Trading Statistics,UPDATE_NOTE,WROTE,,"AUTOHOL: Holiday, 02/19/2026"
China,2026-02-19,6465782,INTDAILY,Various,BACKUP China CFETS to K,UPDATE_NOTE,WROTE,,"AUTOHOL: Holiday, 02/19/2026"
China,2026-02-19,6465818,INTDAILY,D40,Central Bank Bill Yields,UPDATE_NOTE,WROTE,,"AUTOHOL: Holiday, 02/19/2026"
China,2026-02-19,6465828,INTDAILY,D45,Corporate Bond Yields,UPDATE_NOTE,WROTE,,"AUTOHOL: Holiday, 02/19/2026"
China,2026-02-19,6465843,INTDAILY,D48,NCDs,UPDATE_NOTE,WROTE,,"AUTOHOL: Holiday, 02/19/2026"
China,2026-02-19,6465854,INTDAILY,D54,Government-sponsored Agency Bonds,UPDATE_NOTE,WROTE,,"AUTOHOL: Holiday, 02/19/2026"
China,2026-02-19,6465857,INTDAILY,D57,Policy Bank Bonds by Rating,UPDATE_NOTE,WROTE,,"AUTOHOL: Holiday, 02/19/2026"
China,2026-02-19,6465858,INTDAILY,D60,Corporate Bonds by Rating,UPDATE_NOTE,WROTE,,"AUTOHOL: Holiday, 02/19/2026"
China,2026-02-19,6465863,INTDAILY,D63,Medium Term Notes by Rating,UPDATE_NOTE,WROTE,,"AUTOHOL: Holiday, 02/19/2026"
China,2026-02-19,6465868,INTDAILY,D66,Local Government Bonds by Rating,UPDATE_NOTE,WROTE,,"AUTOHOL: Holiday, 02/19/2026"
China,2026-02-19,6465873,INTDAILY,D69,Financial Bonds of Commercial Banks by Rating,UPDATE_NOTE,WROTE,,"AUTOHOL: Holiday, 02/19/2026"
China,2026-02-19,6465883,INTDAILY,D72,Secondary Capital Bond of Commercial Banks,UPDATE_NOTE,WROTE,,"AUTOHOL: Holiday, 02/19/2026"
China,2026-02-19,6465887,ENERGY,K52,Oil Commodity Prices Update,UPDATE_NOTE,WROTE,,"AUTOHOL: Holiday, 02/19/2026"
China,2026-02-19,6465888,INTDAILY,P69,Oil Commodity Prices INTDAILY TRANSFER,UPDATE_NOTE,WROTE,,"AUTOHOL: Holiday, 02/19/2026"
China,2026-02-19,6465893,INTDAILY,D75,Asset-Backed Securities by Rating,UPDATE_NOTE,WROTE,,"AUTOHOL: Holiday, 02/19/2026"
China,2026-02-19,6465895,INTDAILY,D78,Commercial Paper of Securities Company by Rating,UPDATE_NOTE,WROTE,,"AUTOHOL: Holiday, 02/19/2026"
China,2026-02-19,6465896,CNSECTOR,"U05, U06, U07",Baidu Congestion Index,UPDATE_NOTE,WROTE,,"AUTOHOL: Holiday, 02/19/2026"
China,2026-02-19,6465897,CNSECTOR,"T96, T97, T98, U02, U03, U04",Subway Passenger Volume for Selected Transit Agencies CNSECTOR,UPDATE_NOTE,WROTE,,"AUTOHOL: Holiday, 02/19/2026"
China,2026-02-19,6465898,CNSECTOR,"C85, C86, C87",Coal Production and Inventory,UPDATE_NOTE,WROTE,,"AUTOHOL: Holiday, 02/19/2026"
China,2026-02-19,6465909,TRANSPRT,"U59, U66, U67",Baidu Migration Scale Index,UPDATE_NOTE,WROTE,,"AUTOHOL: Holiday, 02/19/2026"
China,2026-02-19,6465910,CNSECTOR,"U59, U66, U67",Baidu Migration Scale Index Comp,UPDATE_NOTE,WROTE,,"AUTOHOL: Holiday, 02/19/2026"
China,2026-02-19,6465964,CHINAR,D95,Air Quality Index [Province] Eviews,UPDATE_NOTE,WROTE,,"AUTOHOL: Holiday, 02/19/2026"
China,2026-02-19,6465965,INTDAILY,V42,Air Quality Index COMP to INTDAILY,UPDATE_NOTE,WROTE,,"AUTOHOL: Holiday, 02/19/2026"
China,2026-02-19,6465996,CHINAR,C97,Air Quality Index,UPDATE_NOTE,WROTE,,"AUTOHOL: Holiday, 02/19/2026"
China,2026-02-19,6466004,INTDAILY,D84,Private Placement Notes (PPN),UPDATE_NOTE,WROTE,,"AUTOHOL: Holiday, 02/19/2026"
China,2026-02-19,6466006,CMDTY,M59,SHFE Volume & Positions,UPDATE_NOTE,WROTE,,"AUTOHOL: Holiday, 02/19/2026"
China,2026-02-19,6466036,TRANSPRT,"T62, T63, T72",Yangtze Water Level - AM Comp,UPDATE_NOTE,WROTE,,"AUTOHOL: Holiday, 02/19/2026"
China,2026-02-19,6466037,GLSECTOR,"V61, V62, V63",Yangtze Water Level - PM,UPDATE_NOTE,WROTE,,"AUTOHOL: Holiday, 02/19/2026"
China,2026-02-19,6466039,TRANSPRT,"W66, W67, W68",Yangtze Water Level - PM Comp,UPDATE_NOTE,WROTE,,"AUTOHOL: Holiday, 02/19/2026"
China,2026-02-19,6466040,GLSECTOR,"V67, V68, V69",Yangtze Water Level - AM,UPDATE_NOTE,WROTE,,"AUTOHOL: Holiday, 02/19/2026"
China,2026-02-19,6466051,INTDAILY,"D91, D92, D93",Forward Rates,UPDATE_NOTE,WROTE,,"AUTOHOL: Holiday, 02/19/2026"
China,2026-02-19,6466202,INTDAILY,Various,CFETS Daily Bulletin Backup,UPDATE_NOTE,WROTE,,"AUTOHOL: Holiday, 02/19/2026"
China,2026-02-19,6466217,CMDTY,L55,Shanghai Gold Exchange Benchmark,UPDATE_NOTE,WROTE,,"AUTOHOL: Holiday, 02/19/2026"
China,2026-02-19,6466270,CMDTY,M30,Shanghai Metals Market Prices,UPDATE_NOTE,WROTE,,"AUTOHOL: Holiday, 02/19/2026"
China,2026-02-19,6469754,TRANSPRT,"U83,U95,U96",LNY Passenger Volume,UPDATE_NOTE,WROTE,,"AUTOHOL: Holiday, 02/19/2026"
China,2026-02-20,6462508,CHINA,Various,INDIA/CHINA QA Feedback,UPDATE_NOTE,WROTE,,"AUTOHOL: Holiday, 02/20/2026"
China,2026-02-20,6462510,CHINA,Various groups,China CEIC,UPDATE_NOTE,WROTE,,"AUTOHOL: Holiday, 02/20/2026"
China,2026-02-20,6462674,INTDAILY,V59,Asian Stock Market -China Stock Indexes,UPDATE_NOTE,WROTE,,"AUTOHOL: Holiday, 02/20/2026"
China,2026-02-20,6462777,CMDTY,L40,SHFE Warehouse Stocks (FastMarkets) [CHECK],UPDATE_NOTE,WROTE,,"AUTOHOL: Holiday, 02/20/2026"
China,2026-02-20,6462814,INTDAILY,P68,Wholesale Price Index,UPDATE_NOTE,WROTE,,"AUTOHOL: Holiday, 02/20/2026"
China,2026-02-20,6462815,INTWKLY,P68,Wholesale Price Index Aggregaton,UPDATE_NOTE,WROTE,,"AUTOHOL: Holiday, 02/20/2026"
China,2026-02-20,6462956,CMDTY,L75,Shanghai Gold Exchange Prices,UPDATE_NOTE,WROTE,,"AUTOHOL: Holiday, 02/20/2026"
China,2026-02-20,6463024,CHINA,Various groups,China CEIC Check,UPDATE_NOTE,WROTE,,"AUTOHOL: Holiday, 02/20/2026"
China,2026-02-20,6463157,INTWKLY,S93,Aggregation: Stock Market,UPDATE_NOTE,WROTE,,"AUTOHOL: Holiday, 02/20/2026"
China,2026-02-20,6463167,INTWKLY,W04,Aggregation: Asian Stock Market Indices DJ,UPDATE_NOTE,WROTE,,"AUTOHOL: Holiday, 02/20/2026"
China,2026-02-20,6463282,INTDAILY,W81,SH/SZ HK Connect BACKUP,UPDATE_NOTE,WROTE,,"AUTOHOL: Holiday, 02/20/2026"
China,2026-02-20,6463414,FMRCOIND,F21,OMO China Net Injection,UPDATE_NOTE,WROTE,,"AUTOHOL: Holiday, 02/20/2026"
China,2026-02-20,6463424,CHINA,Various,China CEIC,UPDATE_NOTE,WROTE,,"AUTOHOL: Holiday, 02/20/2026"
China,2026-02-20,6463648,INTWKLY,V88,Bond Issuance (not in global must be forced manually),UPDATE_NOTE,WROTE,,"AUTOHOL: Holiday, 02/20/2026"
China,2026-02-20,6463671,TRANSPRT,"T96, T97, T98",Subway Passenger Volume for Selected Transit Agencies,UPDATE_NOTE,WROTE,,"AUTOHOL: Holiday, 02/20/2026"
China,2026-02-20,6463673,TRANSPRT,"U02, U03, U04",Subway Passenger Volume for Selected Transit Agencies - Eviews,UPDATE_NOTE,WROTE,,"AUTOHOL: Holiday, 02/20/2026"
China,2026-02-20,6463710,INTWKLY,J75,China Government Bonds AGG,UPDATE_NOTE,WROTE,,"AUTOHOL: Holiday, 02/20/2026"
China,2026-02-20,6463817,TRANSPRT,"B12, B13, B14",China Subway Volume,UPDATE_NOTE,WROTE,,"AUTOHOL: Holiday, 02/20/2026"
China,2026-02-20,6463818,TRANSPRT,"U05, U06, U07",Baidu Congestion Index,UPDATE_NOTE,WROTE,,"AUTOHOL: Holiday, 02/20/2026"
China,2026-02-20,6463826,GLSECTOR,"F65, F66, F67",Maoyan Box,UPDATE_NOTE,WROTE,,"AUTOHOL: Holiday, 02/20/2026"
China,2026-02-20,6463828,CNSECTOR,"I65,I66,I67",Maoyan Box CMP to CNSECTOR,UPDATE_NOTE,WROTE,,"AUTOHOL: Holiday, 02/20/2026"
China,2026-02-20,6463857,CHINA,Various groups,China CEIC Check,UPDATE_NOTE,WROTE,,"AUTOHOL: Holiday, 02/20/2026"
China,2026-02-20,6463873,ENERGY,"O85, C50, C51",Coal Production and Inventory,UPDATE_NOTE,WROTE,,"AUTOHOL: Holiday, 02/20/2026"
China,2026-02-20,6463874,INTDAILY,"C85, C86, C87",Coal Production and Inventory Transfer,UPDATE_NOTE,WROTE,,"AUTOHOL: Holiday, 02/20/2026"
China,2026-02-20,6463878,INTDAILY,M18,Beijing Stock Exchange,UPDATE_NOTE,WROTE,,"AUTOHOL: Holiday, 02/20/2026"
China,2026-02-20,6463879,INTWKLY,M28,Beijing Stock Exchange AGG,UPDATE_NOTE,WROTE,,"AUTOHOL: Holiday, 02/20/2026"
China,2026-02-20,6463882,INTDAILY,U74,Thermal Coal Futures,UPDATE_NOTE,WROTE,,"AUTOHOL: Holiday, 02/20/2026"
China,2026-02-20,6463883,CMDTY,M51,Thermal Coal Futures Comp,UPDATE_NOTE,WROTE,,"AUTOHOL: Holiday, 02/20/2026"
China,2026-02-20,6463884,INTWKLY,C88,Thermal Coal Futures Aggregation,UPDATE_NOTE,WROTE,,"AUTOHOL: Holiday, 02/20/2026"
China,2026-02-20,6463885,INTDAILY,I71,Treasury Yields and Medium Term Notes,UPDATE_NOTE,WROTE,,"AUTOHOL: Holiday, 02/20/2026"
China,2026-02-20,6463886,INTWKLY,I74,AGG Treasury Yields and Medium Term Note,UPDATE_NOTE,WROTE,,"AUTOHOL: Holiday, 02/20/2026"
China,2026-02-20,6463890,INTDAILY,G94,"Treasury Yields, Short Term Notes, Repo Rates",UPDATE_NOTE,WROTE,,"AUTOHOL: Holiday, 02/20/2026"
China,2026-02-20,6463892,INTWKLY,I88,"AGG Treasury Yields, Short Term Notes, Repo Rates",UPDATE_NOTE,WROTE,,"AUTOHOL: Holiday, 02/20/2026"
China,2026-02-20,6463902,INTWKLY,I52,Pledged Repo Agg,UPDATE_NOTE,WROTE,,"AUTOHOL: Holiday, 02/20/2026"
China,2026-02-20,6463903,INTDAILY,P33,Wholesale Agricultural Prices,UPDATE_NOTE,WROTE,,"AUTOHOL: Holiday, 02/20/2026"
China,2026-02-20,6463904,CMDTY,P41,Wholesale Agricultural Prices CMP,UPDATE_NOTE,WROTE,,"AUTOHOL: Holiday, 02/20/2026"
China,2026-02-20,6463905,INTWKLY,X22,Wholesale Agricultural Prices AGG,UPDATE_NOTE,WROTE,,"AUTOHOL: Holiday, 02/20/2026"
China,2026-02-20,6463911,INTDAILY,"U17, U18, U19",Alipay Tianhong Yue Bao Fund,UPDATE_NOTE,WROTE,,"AUTOHOL: Holiday, 02/20/2026"
China,2026-02-20,6463912,INTDAILY,M24,Parity Rates CFETS,UPDATE_NOTE,WROTE,,"AUTOHOL: Holiday, 02/20/2026"
China,2026-02-20,6463913,INTWKLY,M29,Parity Rates CFETS AGG,UPDATE_NOTE,WROTE,,"AUTOHOL: Holiday, 02/20/2026"
China,2026-02-20,6463916,INTDAILY,U59,Shanghai Stock Connect,UPDATE_NOTE,WROTE,,"AUTOHOL: Holiday, 02/20/2026"
China,2026-02-20,6463917,INTWKLY,W59,Shanghai Stock Connect AGG,UPDATE_NOTE,WROTE,,"AUTOHOL: Holiday, 02/20/2026"
China,2026-02-20,6463918,INTDAILY,U40,Shanghai Stock Exchange Trading Statistics,UPDATE_NOTE,WROTE,,"AUTOHOL: Holiday, 02/20/2026"
China,2026-02-20,6463919,INTWKLY,U40,Shanghai Stock Exchange Trading Statistics Aggregation,UPDATE_NOTE,WROTE,,"AUTOHOL: Holiday, 02/20/2026"
China,2026-02-20,6463945,INTDAILY,Various,BACKUP China CFETS to K,UPDATE_NOTE,WROTE,,"AUTOHOL: Holiday, 02/20/2026"
China,2026-02-20,6463976,INTDAILY,D40,Central Bank Bill Yields,UPDATE_NOTE,WROTE,,"AUTOHOL: Holiday, 02/20/2026"
China,2026-02-20,6463977,INTWKLY,D40,Central Bank Bill Yields,UPDATE_NOTE,WROTE,,"AUTOHOL: Holiday, 02/20/2026"
China,2026-02-20,6463984,INTWKLY,D45,Corporate Bond Yields AGG,UPDATE_NOTE,WROTE,,"AUTOHOL: Holiday, 02/20/2026"
China,2026-02-20,6463985,INTDAILY,D45,Corporate Bond Yields,UPDATE_NOTE,WROTE,,"AUTOHOL: Holiday, 02/20/2026"
China,2026-02-20,6463994,INTWKLY,U17,Alipay Tianhong Yue Bao Fund Agg,UPDATE_NOTE,WROTE,,"AUTOHOL: Holiday, 02/20/2026"
China,2026-02-20,6463995,INTDAILY,D48,NCDs,UPDATE_NOTE,WROTE,,"AUTOHOL: Holiday, 02/20/2026"
China,2026-02-20,6463996,INTWKLY,D46,NCDs Aggregation,UPDATE_NOTE,WROTE,,"AUTOHOL: Holiday, 02/20/2026"
China,2026-02-20,6464012,INTDAILY,D54,Government-sponsored Agency Bonds,UPDATE_NOTE,WROTE,,"AUTOHOL: Holiday, 02/20/2026"
China,2026-02-20,6464013,INTWKLY,D42,Government-sponsored Agency Bonds,UPDATE_NOTE,WROTE,,"AUTOHOL: Holiday, 02/20/2026"
China,2026-02-20,6464018,INTDAILY,D57,Policy Bank Bonds by Rating,UPDATE_NOTE,WROTE,,"AUTOHOL: Holiday, 02/20/2026"
China,2026-02-20,6464019,INTWKLY,D47,Policy Bank Bonds by Rating AGG,UPDATE_NOTE,WROTE,,"AUTOHOL: Holiday, 02/20/2026"
China,2026-02-20,6464020,INTDAILY,D60,Corporate Bonds by Rating,UPDATE_NOTE,WROTE,,"AUTOHOL: Holiday, 02/20/2026"
China,2026-02-20,6464021,INTWKLY,D48,Corporate Bonds by Rating AGG,UPDATE_NOTE,WROTE,,"AUTOHOL: Holiday, 02/20/2026"
China,2026-02-20,6464025,INTDAILY,D63,Medium Term Notes by Rating,UPDATE_NOTE,WROTE,,"AUTOHOL: Holiday, 02/20/2026"
China,2026-02-20,6464026,INTWKLY,D49,Medium Term Notes by Rating AGG,UPDATE_NOTE,WROTE,,"AUTOHOL: Holiday, 02/20/2026"
China,2026-02-20,6464033,INTDAILY,D66,Local Government Bonds by Rating,UPDATE_NOTE,WROTE,,"AUTOHOL: Holiday, 02/20/2026"
China,2026-02-20,6464034,INTWKLY,D50,Local Government Bonds by Rating AGG,UPDATE_NOTE,WROTE,,"AUTOHOL: Holiday, 02/20/2026"
China,2026-02-20,6464035,CNSECTOR,A06,Capacity Utilization Rate in Energy Industry,UPDATE_NOTE,WROTE,,"AUTOHOL: Holiday, 02/20/2026"
China,2026-02-20,6464040,INTDAILY,D69,Financial Bonds of Commercial Banks by Rating,UPDATE_NOTE,WROTE,,"AUTOHOL: Holiday, 02/20/2026"
China,2026-02-20,6464041,INTWKLY,D51,Financial Bonds of Commercial Banks by Rating,UPDATE_NOTE,WROTE,,"AUTOHOL: Holiday, 02/20/2026"
China,2026-02-20,6464051,INTDAILY,D72,Secondary Capital Bond of Commercial Banks,UPDATE_NOTE,WROTE,,"AUTOHOL: Holiday, 02/20/2026"
China,2026-02-20,6464052,INTWKLY,D52,Secondary Capital Bond of Commercial Banks AGG,UPDATE_NOTE,WROTE,,"AUTOHOL: Holiday, 02/20/2026"
China,2026-02-20,6464056,ENERGY,K52,Oil Commodity Prices Update,UPDATE_NOTE,WROTE,,"AUTOHOL: Holiday, 02/20/2026"
China,2026-02-20,6464057,INTDAILY,P69,Oil Commodity Prices INTDAILY TRANSFER,UPDATE_NOTE,WROTE,,"AUTOHOL: Holiday, 02/20/2026"
China,2026-02-20,6464062,INTDAILY,D75,Asset-Backed Securities by Rating,UPDATE_NOTE,WROTE,,"AUTOHOL: Holiday, 02/20/2026"
China,2026-02-20,6464063,INTWKLY,D53,Asset-Backed Securities by Rating,UPDATE_NOTE,WROTE,,"AUTOHOL: Holiday, 02/20/2026"
China,2026-02-20,6464066,INTDAILY,D78,Commercial Paper of Securities Company by Rating,UPDATE_NOTE,WROTE,,"AUTOHOL: Holiday, 02/20/2026"
China,2026-02-20,6464067,INTWKLY,D54,Commercial Paper of Securities Company by Rating AGG,UPDATE_NOTE,WROTE,,"AUTOHOL: Holiday, 02/20/2026"
China,2026-02-20,6464068,CNSECTOR,"U05, U06, U07",Baidu Congestion Index,UPDATE_NOTE,WROTE,,"AUTOHOL: Holiday, 02/20/2026"
China,2026-02-20,6464069,CNSECTOR,"T96, T97, T98, U02, U03, U04",Subway Passenger Volume for Selected Transit Agencies CNSECTOR,UPDATE_NOTE,WROTE,,"AUTOHOL: Holiday, 02/20/2026"
China,2026-02-20,6464070,CNSECTOR,"C85, C86, C87",Coal Production and Inventory,UPDATE_NOTE,WROTE,,"AUTOHOL: Holiday, 02/20/2026"
China,2026-02-20,6464080,ENERGY,K63,Weekly Oil Commodity Prices,UPDATE_NOTE,WROTE,,"AUTOHOL: Holiday, 02/20/2026"
China,2026-02-20,6464085,TRANSPRT,"U59, U66, U67",Baidu Migration Scale Index,UPDATE_NOTE,WROTE,,"AUTOHOL: Holiday, 02/20/2026"
China,2026-02-20,6464086,CNSECTOR,"U59, U66, U67",Baidu Migration Scale Index Comp,UPDATE_NOTE,WROTE,,"AUTOHOL: Holiday, 02/20/2026"
China,2026-02-20,6464142,CHINAR,D95,Air Quality Index [Province] Eviews,UPDATE_NOTE,WROTE,,"AUTOHOL: Holiday, 02/20/2026"
China,2026-02-20,6464143,INTDAILY,V42,Air Quality Index COMP to INTDAILY,UPDATE_NOTE,WROTE,,"AUTOHOL: Holiday, 02/20/2026"
China,2026-02-20,6464169,CHINAR,C97,Air Quality Index,UPDATE_NOTE,WROTE,,"AUTOHOL: Holiday, 02/20/2026"
China,2026-02-20,6464177,INTDAILY,D84,Private Placement Notes (PPN),UPDATE_NOTE,WROTE,,"AUTOHOL: Holiday, 02/20/2026"
China,2026-02-20,6464178,INTWKLY,D88,Private Placement Notes (PPN) AGG,UPDATE_NOTE,WROTE,,"AUTOHOL: Holiday, 02/20/2026"
China,2026-02-20,6464182,CMDTY,M59,SHFE Volume & Positions,UPDATE_NOTE,WROTE,,"AUTOHOL: Holiday, 02/20/2026"
China,2026-02-20,6464191,INTWKLY,W16,SSE Margin AGG,UPDATE_NOTE,WROTE,,"AUTOHOL: Holiday, 02/20/2026"
China,2026-02-20,6464207,TRANSPRT,"T62, T63, T72",Yangtze Water Level - AM Comp,UPDATE_NOTE,WROTE,,"AUTOHOL: Holiday, 02/20/2026"
China,2026-02-20,6464208,GLSECTOR,"V61, V62, V63",Yangtze Water Level - PM,UPDATE_NOTE,WROTE,,"AUTOHOL: Holiday, 02/20/2026"
China,2026-02-20,6464211,TRANSPRT,"W66, W67, W68",Yangtze Water Level - PM Comp,UPDATE_NOTE,WROTE,,"AUTOHOL: Holiday, 02/20/2026"
China,2026-02-20,6464212,GLSECTOR,"V67, V68, V69",Yangtze Water Level - AM,UPDATE_NOTE,WROTE,,"AUTOHOL: Holiday, 02/20/2026"
China,2026-02-20,6464223,INTDAILY,"D91, D92, D93",Forward Rates,UPDATE_NOTE,WROTE,,"AUTOHOL: Holiday, 02/20/2026"
China,2026-02-20,6464224,INTWKLY,D92,Forward Rates AGG,UPDATE_NOTE,WROTE,,"AUTOHOL: Holiday, 02/20/2026"
China,2026-02-20,6464234,CMDTY,L40,SHFE Warehouse Stocks (SHFE),UPDATE_NOTE,WROTE,,"AUTOHOL: Holiday, 02/20/2026"
China,2026-02-20,6464384,INTDAILY,Various,CFETS Daily Bulletin Backup,UPDATE_NOTE,WROTE,,"AUTOHOL: Holiday, 02/20/2026"
China,2026-02-20,6464393,INTWKLY,K59,Interest Rate Swap AGG,UPDATE_NOTE,WROTE,,"AUTOHOL: Holiday, 02/20/2026"
China,2026-02-20,6464397,CMDTY,L55,Shanghai Gold Exchange Benchmark,UPDATE_NOTE,WROTE,,"AUTOHOL: Holiday, 02/20/2026"
China,2026-02-20,6464450,CMDTY,M30,Shanghai Metals Market Prices,UPDATE_NOTE,WROTE,,"AUTOHOL: Holiday, 02/20/2026"
China,2026-02-20,6464473,INTWKLY,P96,Intwkly Oil Commodity Prices,UPDATE_NOTE,WROTE,,"AUTOHOL: Holiday, 02/20/2026"
China,2026-02-20,6469753,TRANSPRT,"U83,U95,U96",LNY Passenger Volume,UPDATE_NOTE,WROTE,,"AUTOHOL: Holiday, 02/20/2026"
China,2026-02-21,6472008,TRANSPRT,"B12, B13, B14",China Subway Volume,UPDATE_NOTE,WROTE,,"AUTOHOL: Holiday, 02/21/2026"
China,2026-02-21,6472030,CHINAR,D96,Air Quality Index Provine SATURDAY[Eviews],UPDATE_NOTE,WROTE,,"AUTOHOL: Holiday, 02/21/2026"
China,2026-02-21,6472031,INTDAILY,H95,Air Quality Index SATURDAY COMP to INTDAILY,UPDATE_NOTE,WROTE,,"AUTOHOL: Holiday, 02/21/2026"
China,2026-02-21,6472035,CHINAR,D98,Air Quality Index SATURDAY,UPDATE_NOTE,WROTE,,"AUTOHOL: Holiday, 02/21/2026"
China,2026-02-22,6471675,INTWKLY,T21,Margin Transactions Aggregation,UPDATE_NOTE,WROTE,,"AUTOHOL: Holiday, 02/22/2026"
China,2026-02-22,6471681,INTDAILY,S99,PBC: OMO Zero,UPDATE_NOTE,WROTE,,"AUTOHOL: Holiday, 02/22/2026"
China,2026-02-22,6471682,INTDAILY,V96,PBC: OMO Calculation,UPDATE_NOTE,WROTE,,"AUTOHOL: Holiday, 02/22/2026"
China,2026-02-22,6471688,EMERGEPR,Various,CHINA to EMERGEPR Compare,UPDATE_NOTE,WROTE,,"AUTOHOL: Holiday, 02/22/2026"
China,2026-02-22,6471741,TRANSPRT,"T96, T97, T98",Subway Passenger Volume for Selected Transit Agencies,UPDATE_NOTE,WROTE,,"AUTOHOL: Holiday, 02/22/2026"
China,2026-02-22,6471742,TRANSPRT,"U02, U03, U04",Subway Passenger Volume for Selected Transit Agencies - Eviews,UPDATE_NOTE,WROTE,,"AUTOHOL: Holiday, 02/22/2026"
China,2026-02-22,6471772,TRANSPRT,"B12, B13, B14",China Subway Volume,UPDATE_NOTE,WROTE,,"AUTOHOL: Holiday, 02/22/2026"
China,2026-02-22,6471773,TRANSPRT,B15,China Subway Volume Aggregation,UPDATE_NOTE,WROTE,,"AUTOHOL: Holiday, 02/22/2026"
China,2026-02-22,6471775,TRANSPRT,"U05, U06, U07",Baidu Congestion Index,UPDATE_NOTE,WROTE,,"AUTOHOL: Holiday, 02/22/2026"
China,2026-02-22,6471780,GLSECTOR,"F65, F66, F67",Maoyan Box,UPDATE_NOTE,WROTE,,"AUTOHOL: Holiday, 02/22/2026"
China,2026-02-22,6471781,CNSECTOR,"I65,I66,I67",Maoyan Box CMP to CNSECTOR,UPDATE_NOTE,WROTE,,"AUTOHOL: Holiday, 02/22/2026"
China,2026-02-22,6471796,INTWKLY,R92,CFETS RMB Indexes,UPDATE_NOTE,WROTE,,"AUTOHOL: Holiday, 02/22/2026"
China,2026-02-22,6471813,INTDAILY,"U17, U18, U19",Alipay Tianhong Yue Bao Fund,UPDATE_NOTE,WROTE,,"AUTOHOL: Holiday, 02/22/2026"
China,2026-02-22,6471815,INTDAILY,"S99, V96, U01, U02, U23, U24",PBC: Open Market Operations - Sunday Check,UPDATE_NOTE,WROTE,,"AUTOHOL: Holiday, 02/22/2026"
China,2026-02-22,6471861,CNSECTOR,"U05, U06, U07",Baidu Congestion Index,UPDATE_NOTE,WROTE,,"AUTOHOL: Holiday, 02/22/2026"
China,2026-02-22,6471862,CNSECTOR,"T96, T97, T98, U02, U03, U04",Subway Passenger Volume for Selected Transit Agencies CNSECTOR,UPDATE_NOTE,WROTE,,"AUTOHOL: Holiday, 02/22/2026"
China,2026-02-22,6471863,TRANSPRT,"U59, U66, U67",Baidu Migration Scale Index,UPDATE_NOTE,WROTE,,"AUTOHOL: Holiday, 02/22/2026"
China,2026-02-22,6471864,CNSECTOR,"U59, U66, U67",Baidu Migration Scale Index Comp,UPDATE_NOTE,WROTE,,"AUTOHOL: Holiday, 02/22/2026"
China,2026-02-22,6471877,CHINAR,D97,Air Quality Index Province SUNDAY[Eviews],UPDATE_NOTE,WROTE,,"AUTOHOL: Holiday, 02/22/2026"
China,2026-02-22,6471878,INTDAILY,H96,Air Quality Index SUNDAY COMP to INTDAILY,UPDATE_NOTE,WROTE,,"AUTOHOL: Holiday, 02/22/2026"
China,2026-02-22,6471885,CHINAR,D99,Air Quality Index SUNDAY,UPDATE_NOTE,WROTE,,"AUTOHOL: Holiday, 02/22/2026"
China,2026-02-22,6471897,TRANSPRT,"T62, T63, T72",Yangtze Water Level - AM Comp,UPDATE_NOTE,WROTE,,"AUTOHOL: Holiday, 02/22/2026"
China,2026-02-22,6471898,GLSECTOR,"V61, V62, V63",Yangtze Water Level - PM,UPDATE_NOTE,WROTE,,"AUTOHOL: Holiday, 02/22/2026"
China,2026-02-22,6471899,TRANSPRT,"W66, W67, W68",Yangtze Water Level - PM Comp,UPDATE_NOTE,WROTE,,"AUTOHOL: Holiday, 02/22/2026"
China,2026-02-22,6471900,GLSECTOR,"V67, V68, V69",Yangtze Water Level - AM,UPDATE_NOTE,WROTE,,"AUTOHOL: Holiday, 02/22/2026"
Indonesia,2026-02-17,6468051,INTDAILY,R96,Exchange Rates,UPDATE_NOTE,FILTERED_OUT,,"AUTOHOL: Holiday, 02/17/2026"
Indonesia,2026-02-17,6468471,INTDAILY,V50,Asian Stock Market- Jakarta Composite,UPDATE_NOTE,FILTERED_OUT,,"AUTOHOL: Holiday, 02/17/2026"
Indonesia,2026-02-17,6468503,INTDAILY,V76,Holdings IDR Tradable Securities,UPDATE_NOTE,FILTERED_OUT,,"AUTOHOL: Holiday, 02/17/2026"
Indonesia,2026-02-17,6468533,INTDAILY,H17,Exchange Rate Mid-Rates,UPDATE_NOTE,FILTERED_OUT,,"AUTOHOL: Holiday, 02/17/2026"
Indonesia,2026-02-17,6468660,INTDAILY,G46,Daily Liquidity,UPDATE_NOTE,FILTERED_OUT,,"AUTOHOL: Holiday, 02/17/2026"
Indonesia,2026-02-17,6468662,INTDAILY,K98,Daily Liquidity Projection Eviews Calculation,UPDATE_NOTE,FILTERED_OUT,,"AUTOHOL: Holiday, 02/17/2026"
Indonesia,2026-02-17,6468689,INTDAILY,W87,Jakarta Interbank Reference Rate [JISDOR],UPDATE_NOTE,FILTERED_OUT,,"AUTOHOL: Holiday, 02/17/2026"
Indonesia,2026-02-17,6468766,INTDAILY,X48,Monetary Operations Positions,UPDATE_NOTE,FILTERED_OUT,,"AUTOHOL: Holiday, 02/17/2026"
Indonesia,2026-02-17,6468837,INTDAILY,J36,Indonia Rate,UPDATE_NOTE,FILTERED_OUT,,"AUTOHOL: Holiday, 02/17/2026"
Indonesia,2026-02-17,6468944,INTDAILY,P44,Food Prices,UPDATE_NOTE,FILTERED_OUT,,"AUTOHOL: Holiday, 02/17/2026"
Indonesia,2026-02-17,6469076,INTDAILY,J79,DNDF Afternoon,UPDATE_NOTE,FILTERED_OUT,,"AUTOHOL: Holiday, 02/17/2026"
Indonesia,2026-02-17,6469132,INTDAILY,H91,Reverse Repo,UPDATE_NOTE,FILTERED_OUT,,"AUTOHOL: Holiday, 02/17/2026"
Indonesia,2026-02-17,6469133,INTDAILY,H92,Term Deposits Morning,UPDATE_NOTE,FILTERED_OUT,,"AUTOHOL: Holiday, 02/17/2026"
Indonesia,2026-02-17,6469134,INTDAILY,H93,Term Deposits Afternoon,UPDATE_NOTE,FILTERED_OUT,,"AUTOHOL: Holiday, 02/17/2026"
Indonesia,2026-02-17,6469175,INTDAILY,G61,Government Securities Auction [SUSP],UPDATE_NOTE,FILTERED_OUT,,"AUTOHOL: Holiday, 02/17/2026"
Indonesia,2026-02-17,6469184,ASEANR,B53,Market Prices,UPDATE_NOTE,FILTERED_OUT,,"AUTOHOL: Holiday, 02/17/2026"
Indonesia,2026-02-17,6469317,ENERGY,K51,Indonesia Fuel Prices,UPDATE_NOTE,FILTERED_OUT,,"AUTOHOL: Holiday, 02/17/2026"
Indonesia,2026-02-17,6469318,INTDAILY,O99,Indonesia Fuel Prices TRANSFER,UPDATE_NOTE,FILTERED_OUT,,"AUTOHOL: Holiday, 02/17/2026"
Indonesia,2026-02-17,6469361,INTDAILY,F52,Indonia Rates & Index,UPDATE_NOTE,FILTERED_OUT,,"AUTOHOL: Holiday, 02/17/2026"
Indonesia,2026-02-17,6469366,INTDAILY,R28,Bank Indonesia Reference Rate,UPDATE_NOTE,FILTERED_OUT,,"AUTOHOL: Holiday, 02/17/2026"
Indonesia,2026-02-17,6469402,INTDAILY,Various,Indonesia OMO Check,UPDATE_NOTE,FILTERED_OUT,,"AUTOHOL: Holiday, 02/17/2026"
Indonesia,2026-02-17,6469407,INTDAILY,M69,FX Term Deposit Auction,UPDATE_NOTE,FILTERED_OUT,,"AUTOHOL: Holiday, 02/17/2026"
Indonesia,2026-02-17,6469482,ENERGY,D94,Indonesia Regional Fuel Price,UPDATE_NOTE,FILTERED_OUT,,"AUTOHOL: Holiday, 02/17/2026"
Indonesia,2026-02-17,6469496,INTDAILY,J68,Bank Indonesia SVBI auction,UPDATE_NOTE,FILTERED_OUT,,"AUTOHOL: Holiday, 02/17/2026"
Indonesia,2026-02-17,6469577,INTDAILY,N66,FX Swap,UPDATE_NOTE,FILTERED_OUT,,"AUTOHOL: Holiday, 02/17/2026"
Indonesia,2026-02-17,6469656,INTDAILY,N51,Government Bond Auction,UPDATE_NOTE,FILTERED_OUT,,"AUTOHOL: Holiday, 02/17/2026"
Indonesia,2026-02-17,6469657,INTDAILY,N53,Sharia Government Bond Auction,UPDATE_NOTE,FILTERED_OUT,,"AUTOHOL: Holiday, 02/17/2026"
Korea,2026-02-16,6453025,INTDAILY,I74,Korea KORIBOR,UPDATE_NOTE,FILTERED_OUT,,"AUTOHOL: Holiday, 02/16/2026"
Korea,2026-02-16,6453026,INTDAILY,I61,Interest Rates,UPDATE_NOTE,FILTERED_OUT,,"AUTOHOL: Holiday, 02/16/2026"
Korea,2026-02-16,6453027,INTDAILY,V56,Asian Stock - KOSPI/KOSDAQ Market,UPDATE_NOTE,FILTERED_OUT,R2D2 - errors in CSV2MODB output. Files on d:\intdaily\korea\kospi\auto [Az-AutoSrv1-Svc] Fri 02/13/2026 09:26:16.661 [Event ID: c3dc489e-08e5-11f1-9f2e-000d3a1a0faf],"R2D2 - errors in CSV2MODB output. Files on d:\intdaily\korea\kospi\auto [Az-AutoSrv1-Svc] Fri 02/13/2026 09:26:16.661 [Event ID: c3dc489e-08e5-11f1-9f2e-000d3a1a0faf] | AUTOHOL: Holiday, 02/16/2026"
Korea,2026-02-16,6453295,INTDAILY,J33,Government Bond Yields,UPDATE_NOTE,FILTERED_OUT,,"AUTOHOL: Holiday, 02/16/2026"
Korea,2026-02-16,6453299,INTDAILY,K11,Total Return Calculation,UPDATE_NOTE,FILTERED_OUT,,"AUTOHOL: Holiday, 02/16/2026"
Korea,2026-02-16,6453304,INTDAILY,R80,Exchange RATE,UPDATE_NOTE,FILTERED_OUT,,"AUTOHOL: Holiday, 02/16/2026"
Korea,2026-02-16,6453448,INTDAILY,K02,Breakeven Inflation,UPDATE_NOTE,FILTERED_OUT,,"AUTOHOL: Holiday, 02/16/2026"
Korea,2026-02-16,6453902,INTDAILY,S96,Asian Stock - KOSPI/KOSDAQ Market,UPDATE_NOTE,FILTERED_OUT,,"AUTOHOL: Holiday, 02/16/2026"
Korea,2026-02-16,6453916,INTDAILY,V74,KRX Market Transactions,UPDATE_NOTE,FILTERED_OUT,,"AUTOHOL: Holiday, 02/16/2026"
Korea,2026-02-16,6454008,INTDAILY,T28,US-Dollar Auctions CHECK,UPDATE_NOTE,FILTERED_OUT,,"AUTOHOL: Holiday, 02/16/2026"
Korea,2026-02-16,6454098,INTDAILY,R39,Exchange RATE Lag,UPDATE_NOTE,FILTERED_OUT,,"AUTOHOL: Holiday, 02/16/2026"
Korea,2026-02-16,6454195,INTDAILY,F65,Interest Rates and Yields,UPDATE_NOTE,FILTERED_OUT,,"AUTOHOL: Holiday, 02/16/2026"
Korea,2026-02-16,6454259,CMDTY,L56,Agricultral Products Wholesale Price,UPDATE_NOTE,FILTERED_OUT,,"AUTOHOL: Holiday, 02/16/2026"
Korea,2026-02-16,6454262,INTDAILY,Y58,KOFR Leading,UPDATE_NOTE,FILTERED_OUT,,"AUTOHOL: Holiday, 02/16/2026"
Korea,2026-02-16,6454265,INTDAILY,Y20,KOFR,UPDATE_NOTE,FILTERED_OUT,,"AUTOHOL: Holiday, 02/16/2026"
Korea,2026-02-16,6454266,INTWKLY,W20,KOFR Aggregation,UPDATE_NOTE,FILTERED_OUT,,"AUTOHOL: Holiday, 02/16/2026"
Korea,2026-02-16,6454293,INTDAILY,U31,INTL Securities Activity,UPDATE_NOTE,FILTERED_OUT,,"AUTOHOL: Holiday, 02/16/2026"
Korea,2026-02-16,6454294,INTDAILY,U32,INTL Securities Activity EVIEWS,UPDATE_NOTE,FILTERED_OUT,,"AUTOHOL: Holiday, 02/16/2026"
Korea,2026-02-16,6454295,INTDAILY,U33,INTL Securities Custody,UPDATE_NOTE,FILTERED_OUT,,"AUTOHOL: Holiday, 02/16/2026"
Korea,2026-02-16,6454304,INTWKLY,K50,Change in Credit Card Expenditure,UPDATE_NOTE,FILTERED_OUT,,"AUTOHOL: Holiday, 02/16/2026"
Korea,2026-02-16,6454312,INTDAILY,K20,Equity Flows,UPDATE_NOTE,FILTERED_OUT,,"AUTOHOL: Holiday, 02/16/2026"
Korea,2026-02-16,6454313,INTDAILY,K10,Bond Flows,UPDATE_NOTE,FILTERED_OUT,,"AUTOHOL: Holiday, 02/16/2026"
Korea,2026-02-16,6454322,INTDAILY,K90,KOFR Interest Rate Distribution,UPDATE_NOTE,FILTERED_OUT,,"AUTOHOL: Holiday, 02/16/2026"
Korea,2026-02-16,6454323,INTWKLY,K70,KOFR Interest Rate Distribution AGG,UPDATE_NOTE,FILTERED_OUT,,"AUTOHOL: Holiday, 02/16/2026"
Korea,2026-02-16,6454383,INTDAILY,V99,KRX Foreign Ownership,UPDATE_NOTE,FILTERED_OUT,,"AUTOHOL: Holiday, 02/16/2026"
Korea,2026-02-16,6454455,INTDAILY,U29,KOSPI Volatility 200 Index,UPDATE_NOTE,FILTERED_OUT,,"AUTOHOL: Holiday, 02/16/2026"
Korea,2026-02-16,6454547,INTDAILY,M28,Korea Money Market Fund AUM,UPDATE_NOTE,FILTERED_OUT,,"AUTOHOL: Holiday, 02/16/2026"
Korea,2026-02-16,6454548,INTWKLY,M14,Korea Money Market Fund AUM [AGG],UPDATE_NOTE,FILTERED_OUT,,"AUTOHOL: Holiday, 02/16/2026"
Korea,2026-02-16,6454618,INTDAILY,O08,[COMP] Agricultral Products Wholesale Price,UPDATE_NOTE,FILTERED_OUT,,"AUTOHOL: Holiday, 02/16/2026"
Korea,2026-02-16,6454626,INTDAILY,A09,News Psychology Index,UPDATE_NOTE,FILTERED_OUT,,"AUTOHOL: Holiday, 02/16/2026"
Korea,2026-02-16,6454693,GLSECTOR,V36,Semiconductor Prices,UPDATE_NOTE,FILTERED_OUT,,"AUTOHOL: Holiday, 02/16/2026"
Korea,2026-02-16,6454736,ENERGY,"P66, P67, P68",Korea Fuel Prices,UPDATE_NOTE,FILTERED_OUT,,"AUTOHOL: Holiday, 02/16/2026"
Korea,2026-02-16,6454737,INTDAILY,"B66, B67, B68",Korea Fuel Prices TRANSFER,UPDATE_NOTE,FILTERED_OUT,,"AUTOHOL: Holiday, 02/16/2026"
Korea,2026-02-16,6454740,INTDAILY,E60,Interest Rates on Loans & Deposits,UPDATE_NOTE,FILTERED_OUT,,"AUTOHOL: Holiday, 02/16/2026"
Korea,2026-02-16,6454785,INTDAILY,E53,Korea OMO: RP Purchases of Government Securities,UPDATE_NOTE,FILTERED_OUT,,"AUTOHOL: Holiday, 02/16/2026"
Korea,2026-02-16,6454786,INTDAILY,E52,Korea OMO: RP Sales of Government Securities,UPDATE_NOTE,FILTERED_OUT,,"AUTOHOL: Holiday, 02/16/2026"
Korea,2026-02-16,6454787,INTDAILY,E46,Korea OMO: Monetary Stabilization Account Operations,UPDATE_NOTE,FILTERED_OUT,,"AUTOHOL: Holiday, 02/16/2026"
Korea,2026-02-16,6454788,INTDAILY,E61,Korea OMO: Monetary Stabilization Bond Operations,UPDATE_NOTE,FILTERED_OUT,,"AUTOHOL: Holiday, 02/16/2026"
Korea,2026-02-17,6468054,INTDAILY,I74,Korea KORIBOR,UPDATE_NOTE,FILTERED_OUT,,"AUTOHOL: Holiday, 02/17/2026"
Korea,2026-02-17,6468055,INTDAILY,I61,Interest Rates,UPDATE_NOTE,FILTERED_OUT,,"AUTOHOL: Holiday, 02/17/2026"
Korea,2026-02-17,6468056,INTDAILY,V56,Asian Stock - KOSPI/KOSDAQ Market,UPDATE_NOTE,FILTERED_OUT,,"AUTOHOL: Holiday, 02/17/2026"
Korea,2026-02-17,6468314,INTDAILY,J33,Government Bond Yields,UPDATE_NOTE,FILTERED_OUT,,"AUTOHOL: Holiday, 02/17/2026"
Korea,2026-02-17,6468318,INTDAILY,K11,Total Return Calculation,UPDATE_NOTE,FILTERED_OUT,,"AUTOHOL: Holiday, 02/17/2026"
Korea,2026-02-17,6468323,INTDAILY,R80,Exchange RATE,UPDATE_NOTE,FILTERED_OUT,,"AUTOHOL: Holiday, 02/17/2026"
Korea,2026-02-17,6468455,INTDAILY,K02,Breakeven Inflation,UPDATE_NOTE,FILTERED_OUT,,"AUTOHOL: Holiday, 02/17/2026"
Korea,2026-02-17,6468873,INTDAILY,S96,Asian Stock - KOSPI/KOSDAQ Market,UPDATE_NOTE,FILTERED_OUT,,"AUTOHOL: Holiday, 02/17/2026"
Korea,2026-02-17,6468885,INTDAILY,V74,KRX Market Transactions,UPDATE_NOTE,FILTERED_OUT,,"AUTOHOL: Holiday, 02/17/2026"
Korea,2026-02-17,6468967,INTDAILY,T28,US-Dollar Auctions CHECK,UPDATE_NOTE,FILTERED_OUT,,"AUTOHOL: Holiday, 02/17/2026"
Korea,2026-02-17,6469052,INTDAILY,R39,Exchange RATE Lag,UPDATE_NOTE,FILTERED_OUT,,"AUTOHOL: Holiday, 02/17/2026"
Korea,2026-02-17,6469122,INTDAILY,F65,Interest Rates and Yields,UPDATE_NOTE,FILTERED_OUT,,"AUTOHOL: Holiday, 02/17/2026"
Korea,2026-02-17,6469180,CMDTY,L56,Agricultral Products Wholesale Price,UPDATE_NOTE,FILTERED_OUT,,"AUTOHOL: Holiday, 02/17/2026"
Korea,2026-02-17,6469183,INTDAILY,Y58,KOFR Leading,UPDATE_NOTE,FILTERED_OUT,,"AUTOHOL: Holiday, 02/17/2026"
Korea,2026-02-17,6469185,INTDAILY,Y20,KOFR,UPDATE_NOTE,FILTERED_OUT,,"AUTOHOL: Holiday, 02/17/2026"
Korea,2026-02-17,6469211,INTDAILY,U31,INTL Securities Activity,UPDATE_NOTE,FILTERED_OUT,,"AUTOHOL: Holiday, 02/17/2026"
Korea,2026-02-17,6469212,INTDAILY,U32,INTL Securities Activity EVIEWS,UPDATE_NOTE,FILTERED_OUT,,"AUTOHOL: Holiday, 02/17/2026"
Korea,2026-02-17,6469213,INTDAILY,U33,INTL Securities Custody,UPDATE_NOTE,FILTERED_OUT,,"AUTOHOL: Holiday, 02/17/2026"
Korea,2026-02-17,6469214,INTWKLY,W33,INTL Securities Custody AGG,UPDATE_NOTE,FILTERED_OUT,,"AUTOHOL: Holiday, 02/17/2026"
Korea,2026-02-17,6469228,INTDAILY,K20,Equity Flows,UPDATE_NOTE,FILTERED_OUT,,"AUTOHOL: Holiday, 02/17/2026"
Korea,2026-02-17,6469229,INTDAILY,K10,Bond Flows,UPDATE_NOTE,FILTERED_OUT,,"AUTOHOL: Holiday, 02/17/2026"
Korea,2026-02-17,6469237,INTDAILY,K90,KOFR Interest Rate Distribution,UPDATE_NOTE,FILTERED_OUT,,"AUTOHOL: Holiday, 02/17/2026"
Korea,2026-02-17,6469289,INTDAILY,V99,KRX Foreign Ownership,UPDATE_NOTE,FILTERED_OUT,,"AUTOHOL: Holiday, 02/17/2026"
Korea,2026-02-17,6469368,INTDAILY,U29,KOSPI Volatility 200 Index,UPDATE_NOTE,FILTERED_OUT,,"AUTOHOL: Holiday, 02/17/2026"
Korea,2026-02-17,6469455,INTDAILY,M28,Korea Money Market Fund AUM,UPDATE_NOTE,FILTERED_OUT,,"AUTOHOL: Holiday, 02/17/2026"
Korea,2026-02-17,6469531,INTDAILY,O08,[COMP] Agricultral Products Wholesale Price,UPDATE_NOTE,FILTERED_OUT,,"AUTOHOL: Holiday, 02/17/2026"
Korea,2026-02-17,6469599,GLSECTOR,V36,Semiconductor Prices,UPDATE_NOTE,FILTERED_OUT,,"AUTOHOL: Holiday, 02/17/2026"
Korea,2026-02-17,6469636,ENERGY,"P66, P67, P68",Korea Fuel Prices,UPDATE_NOTE,FILTERED_OUT,,"AUTOHOL: Holiday, 02/17/2026"
Korea,2026-02-17,6469637,INTDAILY,"B66, B67, B68",Korea Fuel Prices TRANSFER,UPDATE_NOTE,FILTERED_OUT,,"AUTOHOL: Holiday, 02/17/2026"
Korea,2026-02-17,6469639,INTDAILY,E60,Interest Rates on Loans & Deposits,UPDATE_NOTE,FILTERED_OUT,,"AUTOHOL: Holiday, 02/17/2026"
Korea,2026-02-17,6469682,INTDAILY,E53,Korea OMO: RP Purchases of Government Securities,UPDATE_NOTE,FILTERED_OUT,,"AUTOHOL: Holiday, 02/17/2026"
Korea,2026-02-17,6469683,INTDAILY,E52,Korea OMO: RP Sales of Government Securities,UPDATE_NOTE,FILTERED_OUT,,"AUTOHOL: Holiday, 02/17/2026"
Korea,2026-02-17,6469684,INTDAILY,E46,Korea OMO: Monetary Stabilization Account Operations,UPDATE_NOTE,FILTERED_OUT,,"AUTOHOL: Holiday, 02/17/2026"
Korea,2026-02-17,6469685,INTDAILY,E61,Korea OMO: Monetary Stabilization Bond Operations,UPDATE_NOTE,FILTERED_OUT,,"AUTOHOL: Holiday, 02/17/2026"
Korea,2026-02-18,6466329,INTDAILY,I74,Korea KORIBOR,UPDATE_NOTE,FILTERED_OUT,,"AUTOHOL: Holiday, 02/18/2026"
Korea,2026-02-18,6466330,INTDAILY,I61,Interest Rates,UPDATE_NOTE,FILTERED_OUT,,"AUTOHOL: Holiday, 02/18/2026"
Korea,2026-02-18,6466331,INTDAILY,V56,Asian Stock - KOSPI/KOSDAQ Market,UPDATE_NOTE,FILTERED_OUT,,"AUTOHOL: Holiday, 02/18/2026"
Korea,2026-02-18,6466589,INTDAILY,J33,Government Bond Yields,UPDATE_NOTE,FILTERED_OUT,,"AUTOHOL: Holiday, 02/18/2026"
Korea,2026-02-18,6466594,INTDAILY,K11,Total Return Calculation,UPDATE_NOTE,FILTERED_OUT,,"AUTOHOL: Holiday, 02/18/2026"
Korea,2026-02-18,6466599,INTDAILY,R80,Exchange RATE,UPDATE_NOTE,FILTERED_OUT,,"AUTOHOL: Holiday, 02/18/2026"
Korea,2026-02-18,6466739,INTDAILY,K02,Breakeven Inflation,UPDATE_NOTE,FILTERED_OUT,,"AUTOHOL: Holiday, 02/18/2026"
Korea,2026-02-18,6467154,INTDAILY,S96,Asian Stock - KOSPI/KOSDAQ Market,UPDATE_NOTE,FILTERED_OUT,,"AUTOHOL: Holiday, 02/18/2026"
Korea,2026-02-18,6467169,INTDAILY,V74,KRX Market Transactions,UPDATE_NOTE,FILTERED_OUT,,"AUTOHOL: Holiday, 02/18/2026"
Korea,2026-02-18,6467184,INTWKLY,P50,HPI and MKT Trends  from (REB),UPDATE_NOTE,FILTERED_OUT,R2D2 - Data for 1260216 not out. CSVDATE=1260209. Files on d:\intwkly\korea\housing [Az-AutoSrv1-Svc] Thu 02/12/2026 22:29:06.573 [Event ID: bee9fe12-0885-11f1-85b3-000d3a1a0faf],"R2D2 - Data for 1260216 not out. CSVDATE=1260209. Files on d:\intwkly\korea\housing [Az-AutoSrv1-Svc] Thu 02/12/2026 22:29:06.573 [Event ID: bee9fe12-0885-11f1-85b3-000d3a1a0faf] | AUTOHOL: Holiday, 0"
Korea,2026-02-18,6467252,INTDAILY,T28,US-Dollar Auctions CHECK,UPDATE_NOTE,FILTERED_OUT,,"AUTOHOL: Holiday, 02/18/2026"
Korea,2026-02-18,6467338,INTDAILY,R39,Exchange RATE Lag,UPDATE_NOTE,FILTERED_OUT,,"AUTOHOL: Holiday, 02/18/2026"
Korea,2026-02-18,6467414,INTDAILY,F65,Interest Rates and Yields,UPDATE_NOTE,FILTERED_OUT,,"AUTOHOL: Holiday, 02/18/2026"
Korea,2026-02-18,6467444,INTDAILY,Y59,Treasury Bill Auctions,UPDATE_NOTE,FILTERED_OUT,,"AUTOHOL: Holiday, 02/18/2026"
Korea,2026-02-18,6467480,CMDTY,L56,Agricultral Products Wholesale Price,UPDATE_NOTE,FILTERED_OUT,,"AUTOHOL: Holiday, 02/18/2026"
Korea,2026-02-18,6467483,INTDAILY,Y58,KOFR Leading,UPDATE_NOTE,FILTERED_OUT,,"AUTOHOL: Holiday, 02/18/2026"
Korea,2026-02-18,6467485,INTDAILY,Y20,KOFR,UPDATE_NOTE,FILTERED_OUT,,"AUTOHOL: Holiday, 02/18/2026"
Korea,2026-02-18,6467513,INTDAILY,U31,INTL Securities Activity,UPDATE_NOTE,FILTERED_OUT,,"AUTOHOL: Holiday, 02/18/2026"
Korea,2026-02-18,6467514,INTDAILY,U32,INTL Securities Activity EVIEWS,UPDATE_NOTE,FILTERED_OUT,,"AUTOHOL: Holiday, 02/18/2026"
Korea,2026-02-18,6467515,INTDAILY,U33,INTL Securities Custody,UPDATE_NOTE,FILTERED_OUT,,"AUTOHOL: Holiday, 02/18/2026"
Korea,2026-02-18,6467531,INTDAILY,K20,Equity Flows,UPDATE_NOTE,FILTERED_OUT,,"AUTOHOL: Holiday, 02/18/2026"
Korea,2026-02-18,6467532,INTDAILY,K10,Bond Flows,UPDATE_NOTE,FILTERED_OUT,,"AUTOHOL: Holiday, 02/18/2026"
Korea,2026-02-18,6467541,INTDAILY,K90,KOFR Interest Rate Distribution,UPDATE_NOTE,FILTERED_OUT,,"AUTOHOL: Holiday, 02/18/2026"
Korea,2026-02-18,6467596,INTDAILY,V99,KRX Foreign Ownership,UPDATE_NOTE,FILTERED_OUT,,"AUTOHOL: Holiday, 02/18/2026"
Korea,2026-02-18,6467657,INTDAILY,U29,KOSPI Volatility 200 Index,UPDATE_NOTE,FILTERED_OUT,,"AUTOHOL: Holiday, 02/18/2026"
Korea,2026-02-18,6467755,INTDAILY,M28,Korea Money Market Fund AUM,UPDATE_NOTE,FILTERED_OUT,,"AUTOHOL: Holiday, 02/18/2026"
Korea,2026-02-18,6467833,INTDAILY,O08,[COMP] Agricultral Products Wholesale Price,UPDATE_NOTE,FILTERED_OUT,,"AUTOHOL: Holiday, 02/18/2026"
Korea,2026-02-18,6467906,GLSECTOR,V36,Semiconductor Prices,UPDATE_NOTE,FILTERED_OUT,,"AUTOHOL: Holiday, 02/18/2026"
Korea,2026-02-18,6467940,ASIAER,D48,HPI and MKT Trends  from (REB) [COMP],UPDATE_NOTE,FILTERED_OUT,,"AUTOHOL: Holiday, 02/18/2026"
Korea,2026-02-18,6467946,ENERGY,"P66, P67, P68",Korea Fuel Prices,UPDATE_NOTE,FILTERED_OUT,,"AUTOHOL: Holiday, 02/18/2026"
Korea,2026-02-18,6467947,INTDAILY,"B66, B67, B68",Korea Fuel Prices TRANSFER,UPDATE_NOTE,FILTERED_OUT,,"AUTOHOL: Holiday, 02/18/2026"
Korea,2026-02-18,6467951,INTDAILY,E60,Interest Rates on Loans & Deposits,UPDATE_NOTE,FILTERED_OUT,,"AUTOHOL: Holiday, 02/18/2026"
Korea,2026-02-18,6467991,INTDAILY,E53,Korea OMO: RP Purchases of Government Securities,UPDATE_NOTE,FILTERED_OUT,,"AUTOHOL: Holiday, 02/18/2026"
Korea,2026-02-18,6467992,INTDAILY,E52,Korea OMO: RP Sales of Government Securities,UPDATE_NOTE,FILTERED_OUT,,"AUTOHOL: Holiday, 02/18/2026"
Korea,2026-02-18,6467993,INTDAILY,E46,Korea OMO: Monetary Stabilization Account Operations,UPDATE_NOTE,FILTERED_OUT,,"AUTOHOL: Holiday, 02/18/2026"
Korea,2026-02-18,6467994,INTDAILY,E61,Korea OMO: Monetary Stabilization Bond Operations,UPDATE_NOTE,FILTERED_OUT,,"AUTOHOL: Holiday, 02/18/2026"
Malaysia,2026-02-17,6468057,INTDAILY,S74,Market Indices,UPDATE_NOTE,FILTERED_OUT,,"AUTOHOL: Holiday, 02/17/2026"
Malaysia,2026-02-17,6468058,INTDAILY,R51,Exchange Rates,UPDATE_NOTE,FILTERED_OUT,,"AUTOHOL: Holiday, 02/17/2026"
Malaysia,2026-02-17,6468059,INTDAILY,W15,Overall Operations Rates & Volumes,UPDATE_NOTE,FILTERED_OUT,,"AUTOHOL: Holiday, 02/17/2026"
Malaysia,2026-02-17,6468453,CMDTY,L81,Crude Palm Oil,UPDATE_NOTE,FILTERED_OUT,,"AUTOHOL: Holiday, 02/17/2026"
Malaysia,2026-02-17,6468473,INTDAILY,V52,Asian Stock Market- KLSE,UPDATE_NOTE,FILTERED_OUT,,"AUTOHOL: Holiday, 02/17/2026"
Malaysia,2026-02-17,6468527,INTDAILY,P82,Closing Rubber,UPDATE_NOTE,FILTERED_OUT,,"AUTOHOL: Holiday, 02/17/2026"
Malaysia,2026-02-17,6468528,CMDTY,L82,Closing Rubber  CMDTY Transfer,UPDATE_NOTE,FILTERED_OUT,,"AUTOHOL: Holiday, 02/17/2026"
Malaysia,2026-02-17,6468535,INTDAILY,G72,Government Bonds,UPDATE_NOTE,FILTERED_OUT,,"AUTOHOL: Holiday, 02/17/2026"
Malaysia,2026-02-17,6468596,INTDAILY,W10,Money Market Operations Rates & Volumes,UPDATE_NOTE,FILTERED_OUT,,"AUTOHOL: Holiday, 02/17/2026"
Malaysia,2026-02-17,6468692,INTDAILY,W94,Kuala Lumpur USD/MYR Reference Rate,UPDATE_NOTE,FILTERED_OUT,,"AUTOHOL: Holiday, 02/17/2026"
Malaysia,2026-02-17,6468706,INTDAILY,W49,Gold Bullion Prices,UPDATE_NOTE,FILTERED_OUT,,"AUTOHOL: Holiday, 02/17/2026"
Malaysia,2026-02-17,6468707,INTDAILY,H49,Gold Prices MID-RATE,UPDATE_NOTE,FILTERED_OUT,,"AUTOHOL: Holiday, 02/17/2026"
Malaysia,2026-02-17,6468713,CMDTY,L67,Gold Bullion Prices Comp,UPDATE_NOTE,FILTERED_OUT,,"AUTOHOL: Holiday, 02/17/2026"
Malaysia,2026-02-17,6468717,INTDAILY,W21,Malaysia Islamic Interbank,UPDATE_NOTE,FILTERED_OUT,,"AUTOHOL: Holiday, 02/17/2026"
Malaysia,2026-02-17,6468780,CMDTY,M02,Malaysia Crude Palm Oil Transfer,UPDATE_NOTE,FILTERED_OUT,,"AUTOHOL: Holiday, 02/17/2026"
Malaysia,2026-02-17,6468781,INTDAILY,X70,Malaysia Crude Palm Oil Price,UPDATE_NOTE,FILTERED_OUT,,"AUTOHOL: Holiday, 02/17/2026"
Malaysia,2026-02-17,6469051,INTDAILY,T95,KLIBOR Rates,UPDATE_NOTE,FILTERED_OUT,,"AUTOHOL: Holiday, 02/17/2026"
Malaysia,2026-02-17,6469058,INTDAILY,W14,Interbank Swaps,UPDATE_NOTE,FILTERED_OUT,,"AUTOHOL: Holiday, 02/17/2026"
Malaysia,2026-02-17,6469059,INTDAILY,W12,Interbank Volume and Rate,UPDATE_NOTE,FILTERED_OUT,,"AUTOHOL: Holiday, 02/17/2026"
Malaysia,2026-02-17,6469060,INTDAILY,W11,Bond Volume,UPDATE_NOTE,FILTERED_OUT,,"AUTOHOL: Holiday, 02/17/2026"
Malaysia,2026-02-17,6469061,INTDAILY,W13,Malaysia Bond FX,UPDATE_NOTE,FILTERED_OUT,,"AUTOHOL: Holiday, 02/17/2026"
Malaysia,2026-02-17,6469217,INTDAILY,C66,Malaysia Overnight Rate (MYOR),UPDATE_NOTE,FILTERED_OUT,,"AUTOHOL: Holiday, 02/17/2026"
Malaysia,2026-02-17,6469220,INTDAILY,C67,Islamic Overnight Rate,UPDATE_NOTE,FILTERED_OUT,,"AUTOHOL: Holiday, 02/17/2026"
Malaysia,2026-02-17,6469613,INTDAILY,E38,Central Bank Liquidity Positions,UPDATE_NOTE,FILTERED_OUT,,"AUTOHOL: Holiday, 02/17/2026"
Malaysia,2026-02-17,6469614,INTDAILY,E37,Central Bank OMOs,UPDATE_NOTE,FILTERED_OUT,,"AUTOHOL: Holiday, 02/17/2026"
Malaysia,2026-02-17,6469694,INTDAILY,O06,Non-Resident Bond Holdings,UPDATE_NOTE,FILTERED_OUT,,"AUTOHOL: Holiday, 02/17/2026"
Malaysia,2026-02-18,6466332,INTDAILY,S74,Market Indices,UPDATE_NOTE,FILTERED_OUT,,"AUTOHOL: Holiday, 02/18/2026"
Malaysia,2026-02-18,6466333,INTDAILY,R51,Exchange Rates,UPDATE_NOTE,FILTERED_OUT,,"AUTOHOL: Holiday, 02/18/2026"
Malaysia,2026-02-18,6466334,INTDAILY,W15,Overall Operations Rates & Volumes,UPDATE_NOTE,FILTERED_OUT,,"AUTOHOL: Holiday, 02/18/2026"
Malaysia,2026-02-18,6466736,CMDTY,L81,Crude Palm Oil,UPDATE_NOTE,FILTERED_OUT,,"AUTOHOL: Holiday, 02/18/2026"
Malaysia,2026-02-18,6466755,INTDAILY,V52,Asian Stock Market- KLSE,UPDATE_NOTE,FILTERED_OUT,,"AUTOHOL: Holiday, 02/18/2026"
Malaysia,2026-02-18,6466809,INTDAILY,P82,Closing Rubber,UPDATE_NOTE,FILTERED_OUT,,"AUTOHOL: Holiday, 02/18/2026"
Malaysia,2026-02-18,6466810,CMDTY,L82,Closing Rubber  CMDTY Transfer,UPDATE_NOTE,FILTERED_OUT,,"AUTOHOL: Holiday, 02/18/2026"
Malaysia,2026-02-18,6466815,INTDAILY,G72,Government Bonds,UPDATE_NOTE,FILTERED_OUT,,"AUTOHOL: Holiday, 02/18/2026"
Malaysia,2026-02-18,6466872,INTDAILY,W10,Money Market Operations Rates & Volumes,UPDATE_NOTE,FILTERED_OUT,,"AUTOHOL: Holiday, 02/18/2026"
Malaysia,2026-02-18,6466966,INTDAILY,W94,Kuala Lumpur USD/MYR Reference Rate,UPDATE_NOTE,FILTERED_OUT,,"AUTOHOL: Holiday, 02/18/2026"
Malaysia,2026-02-18,6466980,INTDAILY,W49,Gold Bullion Prices,UPDATE_NOTE,FILTERED_OUT,,"AUTOHOL: Holiday, 02/18/2026"
Malaysia,2026-02-18,6466981,INTDAILY,H49,Gold Prices MID-RATE,UPDATE_NOTE,FILTERED_OUT,,"AUTOHOL: Holiday, 02/18/2026"
Malaysia,2026-02-18,6466986,CMDTY,L67,Gold Bullion Prices Comp,UPDATE_NOTE,FILTERED_OUT,,"AUTOHOL: Holiday, 02/18/2026"
Malaysia,2026-02-18,6466990,INTDAILY,W21,Malaysia Islamic Interbank,UPDATE_NOTE,FILTERED_OUT,,"AUTOHOL: Holiday, 02/18/2026"
Malaysia,2026-02-18,6467002,INTWKLY,P32,Retail Pump Prices COMP [Press],UPDATE_NOTE,FILTERED_OUT,,"AUTOHOL: Holiday, 02/18/2026"
Malaysia,2026-02-18,6467019,CMDTY,L24,Retail Pump Prices COMP [Press],UPDATE_NOTE,FILTERED_OUT,,"AUTOHOL: Holiday, 02/18/2026"
Malaysia,2026-02-18,6467058,CMDTY,M02,Malaysia Crude Palm Oil Transfer,UPDATE_NOTE,FILTERED_OUT,,"AUTOHOL: Holiday, 02/18/2026"
Malaysia,2026-02-18,6467059,INTDAILY,X70,Malaysia Crude Palm Oil Price,UPDATE_NOTE,FILTERED_OUT,,"AUTOHOL: Holiday, 02/18/2026"
Malaysia,2026-02-18,6467337,INTDAILY,T95,KLIBOR Rates,UPDATE_NOTE,FILTERED_OUT,,"AUTOHOL: Holiday, 02/18/2026"
Malaysia,2026-02-18,6467344,INTDAILY,W14,Interbank Swaps,UPDATE_NOTE,FILTERED_OUT,,"AUTOHOL: Holiday, 02/18/2026"
Malaysia,2026-02-18,6467345,INTDAILY,W12,Interbank Volume and Rate,UPDATE_NOTE,FILTERED_OUT,,"AUTOHOL: Holiday, 02/18/2026"
Malaysia,2026-02-18,6467346,INTDAILY,W11,Bond Volume,UPDATE_NOTE,FILTERED_OUT,,"AUTOHOL: Holiday, 02/18/2026"
Malaysia,2026-02-18,6467347,INTDAILY,W13,Malaysia Bond FX,UPDATE_NOTE,FILTERED_OUT,,"AUTOHOL: Holiday, 02/18/2026"
Malaysia,2026-02-18,6467394,INTDAILY,C58,Malaysia MTB/MITB Auction Data,UPDATE_NOTE,FILTERED_OUT,,"AUTOHOL: Holiday, 02/18/2026"
Malaysia,2026-02-18,6467396,ENERGY,K43,Retail Pump Prices [Press],UPDATE_NOTE,FILTERED_OUT,,"AUTOHOL: Holiday, 02/18/2026"
Malaysia,2026-02-18,6467518,INTDAILY,C66,Malaysia Overnight Rate (MYOR),UPDATE_NOTE,FILTERED_OUT,,"AUTOHOL: Holiday, 02/18/2026"
Malaysia,2026-02-18,6467522,INTDAILY,C67,Islamic Overnight Rate,UPDATE_NOTE,FILTERED_OUT,,"AUTOHOL: Holiday, 02/18/2026"
Malaysia,2026-02-18,6467920,INTDAILY,E38,Central Bank Liquidity Positions,UPDATE_NOTE,FILTERED_OUT,,"AUTOHOL: Holiday, 02/18/2026"
Malaysia,2026-02-18,6467921,INTDAILY,E37,Central Bank OMOs,UPDATE_NOTE,FILTERED_OUT,,"AUTOHOL: Holiday, 02/18/2026"
Malaysia,2026-02-18,6468003,INTDAILY,O06,Non-Resident Bond Holdings,UPDATE_NOTE,FILTERED_OUT,,"AUTOHOL: Holiday, 02/18/2026"
Philippines,2026-02-17,6468076,INTDAILY,N56,Interest & Commodity Prices,UPDATE_NOTE,FILTERED_OUT,,"AUTOHOL: Holiday, 02/17/2026"
Philippines,2026-02-17,6468328,INTDAILY,F64,Exchange Rates,UPDATE_NOTE,FILTERED_OUT,,"AUTOHOL: Holiday, 02/17/2026"
Philippines,2026-02-17,6468474,INTDAILY,V53,Asian Stock Market- Manila Composite,UPDATE_NOTE,FILTERED_OUT,,"AUTOHOL: Holiday, 02/17/2026"
Philippines,2026-02-17,6468741,INTWKLY,G58,Term Deposit Facility Auctions,UPDATE_NOTE,FILTERED_OUT,,"AUTOHOL: Holiday, 02/17/2026"
Philippines,2026-02-17,6469088,CMDTY,L26,Agricultural Prices,UPDATE_NOTE,FILTERED_OUT,,"AUTOHOL: Holiday, 02/17/2026"
Philippines,2026-02-17,6469261,CMDTY,L04,Agricultural Prices (Average Calculation),UPDATE_NOTE,FILTERED_OUT,,"AUTOHOL: Holiday, 02/17/2026"
Philippines,2026-02-17,6469371,INTDAILY,F66,Commodity Prices,UPDATE_NOTE,FILTERED_OUT,,"AUTOHOL: Holiday, 02/17/2026"
Philippines,2026-02-17,6469399,ASEANR,D13,Daily Minimum Wages,UPDATE_NOTE,FILTERED_OUT,,"AUTOHOL: Holiday, 02/17/2026"
Philippines,2026-02-17,6469530,INTDAILY,N35,Agricultural Prices - Transfer to INTDAILY,UPDATE_NOTE,FILTERED_OUT,,"AUTOHOL: Holiday, 02/17/2026"
Russia,2026-02-21,6471998,INTDAILY,P93,Russia VIX (NEW),UPDATE_NOTE,FILTERED_OUT,,"AUTOHOL: Holiday, 02/21/2026"
Russia,2026-02-22,6471614,INTDAILY,"P88, A98, A99",Deposit Accounts,UPDATE_NOTE,FILTERED_OUT,,"AUTOHOL: Holiday, 02/22/2026"
Russia,2026-02-22,6471619,INTDAILY,"P87, P40, P80",RTS Indexes Mkt,UPDATE_NOTE,FILTERED_OUT,,"AUTOHOL: Holiday, 02/22/2026"
Russia,2026-02-22,6471625,INTDAILY,"J26, D98, D99",Fixed Repo,UPDATE_NOTE,FILTERED_OUT,,"AUTOHOL: Holiday, 02/22/2026"
Russia,2026-02-22,6471630,INTDAILY,"G14, B78, B79",Ruble Overnight Average,UPDATE_NOTE,FILTERED_OUT,,"AUTOHOL: Holiday, 02/22/2026"
Russia,2026-02-22,6471634,INTDAILY,"G17, A95, A96",Loan Debt,UPDATE_NOTE,FILTERED_OUT,,"AUTOHOL: Holiday, 02/22/2026"
Russia,2026-02-22,6471637,INTDAILY,"V27, B53, B54",Factors Affectiing Banking Sector Liquidity,UPDATE_NOTE,FILTERED_OUT,,"AUTOHOL: Holiday, 02/22/2026"
Russia,2026-02-22,6471638,INTDAILY,P93,Russia VIX (NEW),UPDATE_NOTE,FILTERED_OUT,,"AUTOHOL: Holiday, 02/22/2026"
Russia,2026-02-22,6471639,INTDAILY,"I58, A13, A19",Deposit Rates,UPDATE_NOTE,FILTERED_OUT,,"AUTOHOL: Holiday, 02/22/2026"
Russia,2026-02-22,6471658,INTDAILY,J85,Repo Auctions,UPDATE_NOTE,FILTERED_OUT,,"AUTOHOL: Holiday, 02/22/2026"
Russia,2026-02-22,6471668,INTDAILY,"J94, K95, K96",Repo Transactions,UPDATE_NOTE,FILTERED_OUT,,"AUTOHOL: Holiday, 02/22/2026"
Russia,2026-02-22,6471673,INTDAILY,V89,ROISfix,UPDATE_NOTE,FILTERED_OUT,,"AUTOHOL: Holiday, 02/22/2026"
Russia,2026-02-22,6471708,INTDAILY,"G38, A11, A12",Banking Sector Structural Liquidity,UPDATE_NOTE,FILTERED_OUT,,"AUTOHOL: Holiday, 02/22/2026"
Russia,2026-02-22,6471726,INTDAILY,"G08, A21, A22",Intraday Loans,UPDATE_NOTE,FILTERED_OUT,,"AUTOHOL: Holiday, 02/22/2026"
Russia,2026-02-22,6471748,INTDAILY,"P77, A93, A79",Correspondent Accounts,UPDATE_NOTE,FILTERED_OUT,,"AUTOHOL: Holiday, 02/22/2026"
Russia,2026-02-22,6471886,INTDAILY,"I26, N27, N28",RUONIA Index,UPDATE_NOTE,FILTERED_OUT,,"AUTOHOL: Holiday, 02/22/2026"
Russia,2026-02-22,6471992,INTDAILY,"C32, C33, C34",RUSFAR Accrued Yield Index,UPDATE_NOTE,FILTERED_OUT,,"AUTOHOL: Holiday, 02/22/2026"
Russia,2026-02-22,6471993,INTDAILY,"B95, B96, B97",RUSFAR,UPDATE_NOTE,FILTERED_OUT,,"AUTOHOL: Holiday, 02/22/2026"
Serbia,2026-02-16,6453056,INTDAILY,R60,Exchange Rates,UPDATE_NOTE,FILTERED_OUT,,"AUTOHOL: Holiday, 02/16/2026"
Serbia,2026-02-16,6453221,INTDAILY,G92,Belex Stock,UPDATE_NOTE,FILTERED_OUT,,"AUTOHOL: Holiday, 02/16/2026"
Serbia,2026-02-16,6453353,INTDAILY,J57,BEONIA,UPDATE_NOTE,FILTERED_OUT,,"AUTOHOL: Holiday, 02/16/2026"
Serbia,2026-02-16,6453355,INTWKLY,J58,BEONIA Aggregation,UPDATE_NOTE,FILTERED_OUT,,"AUTOHOL: Holiday, 02/16/2026"
Serbia,2026-02-16,6454116,INTDAILY,T85,FX Transactions,UPDATE_NOTE,FILTERED_OUT,,"AUTOHOL: Holiday, 02/16/2026"
Serbia,2026-02-16,6454495,INTDAILY,J58,BELIBOR,UPDATE_NOTE,FILTERED_OUT,,"AUTOHOL: Holiday, 02/16/2026"
Serbia,2026-02-16,6454698,INTDAILY,L40,Serbia Secondary Trading Maturities,UPDATE_NOTE,FILTERED_OUT,,"AUTOHOL: Holiday, 02/16/2026"
Serbia,2026-02-16,6454699,INTWKLY,L41,Serbia Secondary Trading Maturities Aggregation,UPDATE_NOTE,FILTERED_OUT,,"AUTOHOL: Holiday, 02/16/2026"
Serbia,2026-02-17,6468083,INTDAILY,R60,Exchange Rates,UPDATE_NOTE,FILTERED_OUT,,"AUTOHOL: Holiday, 02/17/2026"
Serbia,2026-02-17,6468243,INTDAILY,G92,Belex Stock,UPDATE_NOTE,FILTERED_OUT,,"AUTOHOL: Holiday, 02/17/2026"
Serbia,2026-02-17,6468367,INTDAILY,J57,BEONIA,UPDATE_NOTE,FILTERED_OUT,,"AUTOHOL: Holiday, 02/17/2026"
Serbia,2026-02-17,6469065,INTDAILY,T85,FX Transactions,UPDATE_NOTE,FILTERED_OUT,,"AUTOHOL: Holiday, 02/17/2026"
Serbia,2026-02-17,6469066,INTWKLY,M55,FX Transactions Agg,UPDATE_NOTE,FILTERED_OUT,,"AUTOHOL: Holiday, 02/17/2026"
Serbia,2026-02-17,6469406,INTDAILY,J58,BELIBOR,UPDATE_NOTE,FILTERED_OUT,,"AUTOHOL: Holiday, 02/17/2026"
Serbia,2026-02-17,6469603,INTDAILY,L40,Serbia Secondary Trading Maturities,UPDATE_NOTE,FILTERED_OUT,,"AUTOHOL: Holiday, 02/17/2026"
Singapore,2026-02-17,6468084,INTDAILY,I44,Bond Yields,UPDATE_NOTE,FILTERED_OUT,,"AUTOHOL: Holiday, 02/17/2026"
Singapore,2026-02-17,6468138,INTDAILY,R52,Exchange Rate,UPDATE_NOTE,FILTERED_OUT,,"AUTOHOL: Holiday, 02/17/2026"
Singapore,2026-02-17,6468475,INTDAILY,V54,Asian Stock Market- Straits Times,UPDATE_NOTE,FILTERED_OUT,,"AUTOHOL: Holiday, 02/17/2026"
Singapore,2026-02-17,6468515,INTDAILY,V79,Pollution Index,UPDATE_NOTE,FILTERED_OUT,,"AUTOHOL: Holiday, 02/17/2026"
Singapore,2026-02-17,6468536,INTDAILY,H16,Pollution Index EVIEWS Calculation,UPDATE_NOTE,FILTERED_OUT,,"AUTOHOL: Holiday, 02/17/2026"
Singapore,2026-02-17,6469004,INTDAILY,I02,Interest Rates,UPDATE_NOTE,FILTERED_OUT,,"AUTOHOL: Holiday, 02/17/2026"
Singapore,2026-02-17,6469005,INTDAILY,T35,SORA Rates,UPDATE_NOTE,FILTERED_OUT,,"AUTOHOL: Holiday, 02/17/2026"
Singapore,2026-02-17,6469071,INTDAILY,T36,Overnight Rate,UPDATE_NOTE,FILTERED_OUT,,"AUTOHOL: Holiday, 02/17/2026"
Singapore,2026-02-17,6469150,INTDAILY,T90,MAS Bills,UPDATE_NOTE,FILTERED_OUT,,"AUTOHOL: Holiday, 02/17/2026"
Singapore,2026-02-17,6469391,INTDAILY,K28,Singapore MAS Bills Auction,UPDATE_NOTE,FILTERED_OUT,,"AUTOHOL: Holiday, 02/17/2026"
Singapore,2026-02-18,6466359,INTDAILY,I44,Bond Yields,UPDATE_NOTE,FILTERED_OUT,,"AUTOHOL: Holiday, 02/18/2026"
Singapore,2026-02-18,6466414,INTDAILY,R52,Exchange Rate,UPDATE_NOTE,FILTERED_OUT,,"AUTOHOL: Holiday, 02/18/2026"
Singapore,2026-02-18,6466757,INTDAILY,V54,Asian Stock Market- Straits Times,UPDATE_NOTE,FILTERED_OUT,,"AUTOHOL: Holiday, 02/18/2026"
Singapore,2026-02-18,6466797,INTDAILY,V79,Pollution Index,UPDATE_NOTE,FILTERED_OUT,,"AUTOHOL: Holiday, 02/18/2026"
Singapore,2026-02-18,6466816,INTDAILY,H16,Pollution Index EVIEWS Calculation,UPDATE_NOTE,FILTERED_OUT,,"AUTOHOL: Holiday, 02/18/2026"
Singapore,2026-02-18,6467294,INTDAILY,I02,Interest Rates,UPDATE_NOTE,FILTERED_OUT,,"AUTOHOL: Holiday, 02/18/2026"
Singapore,2026-02-18,6467295,INTDAILY,T35,SORA Rates,UPDATE_NOTE,FILTERED_OUT,,"AUTOHOL: Holiday, 02/18/2026"
Singapore,2026-02-18,6467358,INTDAILY,T36,Overnight Rate,UPDATE_NOTE,FILTERED_OUT,,"AUTOHOL: Holiday, 02/18/2026"
Singapore,2026-02-18,6467449,INTDAILY,T90,MAS Bills,UPDATE_NOTE,FILTERED_OUT,,"AUTOHOL: Holiday, 02/18/2026"
Venezuela,2026-02-16,6453106,INTDAILY,R53,Exchange Rates,UPDATE_NOTE,FILTERED_OUT,,"AUTOHOL: Holiday, 02/16/2026"
Venezuela,2026-02-16,6453303,INTDAILY,W38,Caracas Stock Market Index,UPDATE_NOTE,FILTERED_OUT,,"AUTOHOL: Holiday, 02/16/2026"
Venezuela,2026-02-16,6453396,INTDAILY,H30,Mid-Rate Calculation,UPDATE_NOTE,FILTERED_OUT,,"AUTOHOL: Holiday, 02/16/2026"
Venezuela,2026-02-16,6453407,INTDAILY,J78,International Reserves,UPDATE_NOTE,FILTERED_OUT,,"AUTOHOL: Holiday, 02/16/2026"
Venezuela,2026-02-16,6453610,INTWKLY,J81,International Reserves AGG,UPDATE_NOTE,FILTERED_OUT,,"AUTOHOL: Holiday, 02/16/2026"
Venezuela,2026-02-16,6453666,INTDAILY,W68,Venezuela Overnight Rates,UPDATE_NOTE,FILTERED_OUT,,"AUTOHOL: Holiday, 02/16/2026"
Venezuela,2026-02-16,6453927,INTDAILY,Y35,Reference Exchange Rates,UPDATE_NOTE,FILTERED_OUT,,"AUTOHOL: Holiday, 02/16/2026"
Venezuela,2026-02-16,6453928,INTDAILY,Y33,Reference Exchange Mid Rates,UPDATE_NOTE,FILTERED_OUT,,"AUTOHOL: Holiday, 02/16/2026"
Venezuela,2026-02-16,6453929,INTWKLY,"Y37, Y38",Reference Exchange Rates AGG,UPDATE_NOTE,FILTERED_OUT,,"AUTOHOL: Holiday, 02/16/2026"
Venezuela,2026-02-17,6468124,INTDAILY,R53,Exchange Rates,UPDATE_NOTE,FILTERED_OUT,,"AUTOHOL: Holiday, 02/17/2026"
Venezuela,2026-02-17,6468322,INTDAILY,W38,Caracas Stock Market Index,UPDATE_NOTE,FILTERED_OUT,,"AUTOHOL: Holiday, 02/17/2026"
Venezuela,2026-02-17,6468409,INTDAILY,H30,Mid-Rate Calculation,UPDATE_NOTE,FILTERED_OUT,,"AUTOHOL: Holiday, 02/17/2026"
Venezuela,2026-02-17,6468416,INTDAILY,J78,International Reserves,UPDATE_NOTE,FILTERED_OUT,,"AUTOHOL: Holiday, 02/17/2026"
Venezuela,2026-02-17,6468664,INTDAILY,W68,Venezuela Overnight Rates,UPDATE_NOTE,FILTERED_OUT,,"AUTOHOL: Holiday, 02/17/2026"
Venezuela,2026-02-17,6468901,INTDAILY,Y35,Reference Exchange Rates,UPDATE_NOTE,FILTERED_OUT,,"AUTOHOL: Holiday, 02/17/2026"
Venezuela,2026-02-17,6468902,INTDAILY,Y33,Reference Exchange Mid Rates,UPDATE_NOTE,FILTERED_OUT,,"AUTOHOL: Holiday, 02/17/2026"
Vietnam,2026-02-16,6453107,INTDAILY,R76,Exchange Rate,SKIP_NO_CHANGE,SKIP_NO_CHANGE,"AUTOHOL: Holiday, 02/16/2026","AUTOHOL: Holiday, 02/16/2026"
Vietnam,2026-02-16,6453276,INTDAILY,G96,VI Index,SKIP_NO_CHANGE,SKIP_NO_CHANGE,"AUTOHOL: Holiday, 02/16/2026","AUTOHOL: Holiday, 02/16/2026"
Vietnam,2026-02-16,6453397,INTDAILY,H14,[ Mid-Rate Calculation] Exchange Rates,SKIP_NO_CHANGE,SKIP_NO_CHANGE,"AUTOHOL: Holiday, 02/16/2026","AUTOHOL: Holiday, 02/16/2026"
Vietnam,2026-02-16,6453491,INTDAILY,V69,3 Month Deposit Rate,SKIP_NO_CHANGE,SKIP_NO_CHANGE,"AUTOHOL: Holiday, 02/16/2026","AUTOHOL: Holiday, 02/16/2026"
Vietnam,2026-02-16,6453595,INTDAILY,"W19, W20",State Bank Exchange Rates,SKIP_NO_CHANGE,SKIP_NO_CHANGE,"AUTOHOL: Holiday, 02/16/2026","AUTOHOL: Holiday, 02/16/2026"
Vietnam,2026-02-16,6453596,INTDAILY,W23,Vietnam Interbank Rate,SKIP_NO_CHANGE,SKIP_NO_CHANGE,"AUTOHOL: Holiday, 02/16/2026","AUTOHOL: Holiday, 02/16/2026"
Vietnam,2026-02-16,6453597,INTDAILY,H07,State Bank Exchange Rates Mid-Rates Calculation,SKIP_NO_CHANGE,SKIP_NO_CHANGE,"AUTOHOL: Holiday, 02/16/2026","AUTOHOL: Holiday, 02/16/2026"
Vietnam,2026-02-16,6454142,INTWKLY,H66,Interbank Rate Agg,SKIP_NO_CHANGE,SKIP_NO_CHANGE,"AUTOHOL: Holiday, 02/16/2026","AUTOHOL: Holiday, 02/16/2026"
Vietnam,2026-02-16,6454208,INTDAILY,H94,Government Bond Auctions,SKIP_NO_CHANGE,SKIP_NO_CHANGE,"AUTOHOL: Holiday, 02/16/2026","AUTOHOL: Holiday, 02/16/2026"
Vietnam,2026-02-16,6454508,ENERGY,K11,Vietnam Pump Prices,SKIP_NO_CHANGE,SKIP_NO_CHANGE,"AUTOHOL: Holiday, 02/16/2026","AUTOHOL: Holiday, 02/16/2026"
Vietnam,2026-02-16,6454509,INTDAILY,P61,Vietnam Pump Prices - INTD Transfer,SKIP_NO_CHANGE,SKIP_NO_CHANGE,"AUTOHOL: Holiday, 02/16/2026","AUTOHOL: Holiday, 02/16/2026"
Vietnam,2026-02-16,6454639,INTDAILY,K61,Open Market Operations,SKIP_NO_CHANGE,SKIP_NO_CHANGE,"AUTOHOL: Holiday, 02/16/2026","AUTOHOL: Holiday, 02/16/2026"
Vietnam,2026-02-17,6468125,INTDAILY,R76,Exchange Rate,SKIP_NO_CHANGE,SKIP_NO_CHANGE,"AUTOHOL: Holiday, 02/17/2026","AUTOHOL: Holiday, 02/17/2026"
Vietnam,2026-02-17,6468297,INTDAILY,G96,VI Index,SKIP_NO_CHANGE,SKIP_NO_CHANGE,"AUTOHOL: Holiday, 02/17/2026","AUTOHOL: Holiday, 02/17/2026"
Vietnam,2026-02-17,6468410,INTDAILY,H14,[ Mid-Rate Calculation] Exchange Rates,SKIP_NO_CHANGE,SKIP_NO_CHANGE,"AUTOHOL: Holiday, 02/17/2026","AUTOHOL: Holiday, 02/17/2026"
Vietnam,2026-02-17,6468496,INTDAILY,V69,3 Month Deposit Rate,SKIP_NO_CHANGE,SKIP_NO_CHANGE,"AUTOHOL: Holiday, 02/17/2026","AUTOHOL: Holiday, 02/17/2026"
Vietnam,2026-02-17,6468607,INTDAILY,"W19, W20",State Bank Exchange Rates,SKIP_NO_CHANGE,SKIP_NO_CHANGE,"AUTOHOL: Holiday, 02/17/2026","AUTOHOL: Holiday, 02/17/2026"
Vietnam,2026-02-17,6468608,INTDAILY,W23,Vietnam Interbank Rate,SKIP_NO_CHANGE,SKIP_NO_CHANGE,"AUTOHOL: Holiday, 02/17/2026","AUTOHOL: Holiday, 02/17/2026"
Vietnam,2026-02-17,6468609,INTDAILY,H07,State Bank Exchange Rates Mid-Rates Calculation,SKIP_NO_CHANGE,SKIP_NO_CHANGE,"AUTOHOL: Holiday, 02/17/2026","AUTOHOL: Holiday, 02/17/2026"
Vietnam,2026-02-17,6469135,INTDAILY,H94,Government Bond Auctions,SKIP_NO_CHANGE,SKIP_NO_CHANGE,"AUTOHOL: Holiday, 02/17/2026","AUTOHOL: Holiday, 02/17/2026"
Vietnam,2026-02-17,6469416,ENERGY,K11,Vietnam Pump Prices,SKIP_NO_CHANGE,SKIP_NO_CHANGE,"AUTOHOL: Holiday, 02/17/2026","AUTOHOL: Holiday, 02/17/2026"
Vietnam,2026-02-17,6469417,INTDAILY,P61,Vietnam Pump Prices - INTD Transfer,SKIP_NO_CHANGE,SKIP_NO_CHANGE,"AUTOHOL: Holiday, 02/17/2026","AUTOHOL: Holiday, 02/17/2026"
Vietnam,2026-02-17,6469550,INTDAILY,K61,Open Market Operations,SKIP_NO_CHANGE,SKIP_NO_CHANGE,"AUTOHOL: Holiday, 02/17/2026","AUTOHOL: Holiday, 02/17/2026"
Vietnam,2026-02-18,6466400,INTDAILY,R76,Exchange Rate,SKIP_NO_CHANGE,SKIP_NO_CHANGE,"AUTOHOL: Holiday, 02/18/2026","AUTOHOL: Holiday, 02/18/2026"
Vietnam,2026-02-18,6466573,INTDAILY,G96,VI Index,SKIP_NO_CHANGE,SKIP_NO_CHANGE,"AUTOHOL: Holiday, 02/18/2026","AUTOHOL: Holiday, 02/18/2026"
Vietnam,2026-02-18,6466688,INTDAILY,H14,[ Mid-Rate Calculation] Exchange Rates,SKIP_NO_CHANGE,SKIP_NO_CHANGE,"AUTOHOL: Holiday, 02/18/2026","AUTOHOL: Holiday, 02/18/2026"
Vietnam,2026-02-18,6466778,INTDAILY,V69,3 Month Deposit Rate,SKIP_NO_CHANGE,SKIP_NO_CHANGE,"AUTOHOL: Holiday, 02/18/2026","AUTOHOL: Holiday, 02/18/2026"
Vietnam,2026-02-18,6466883,INTDAILY,"W19, W20",State Bank Exchange Rates,SKIP_NO_CHANGE,SKIP_NO_CHANGE,"AUTOHOL: Holiday, 02/18/2026","AUTOHOL: Holiday, 02/18/2026"
Vietnam,2026-02-18,6466884,INTDAILY,W23,Vietnam Interbank Rate,SKIP_NO_CHANGE,SKIP_NO_CHANGE,"AUTOHOL: Holiday, 02/18/2026","AUTOHOL: Holiday, 02/18/2026"
Vietnam,2026-02-18,6466885,INTDAILY,H07,State Bank Exchange Rates Mid-Rates Calculation,SKIP_NO_CHANGE,SKIP_NO_CHANGE,"AUTOHOL: Holiday, 02/18/2026","AUTOHOL: Holiday, 02/18/2026"
Vietnam,2026-02-18,6467430,INTDAILY,H94,Government Bond Auctions,SKIP_NO_CHANGE,SKIP_NO_CHANGE,"AUTOHOL: Holiday, 02/18/2026","AUTOHOL: Holiday, 02/18/2026"
Vietnam,2026-02-18,6467716,ENERGY,K11,Vietnam Pump Prices,SKIP_NO_CHANGE,SKIP_NO_CHANGE,"AUTOHOL: Holiday, 02/18/2026","AUTOHOL: Holiday, 02/18/2026"
Vietnam,2026-02-18,6467717,INTDAILY,P61,Vietnam Pump Prices - INTD Transfer,SKIP_NO_CHANGE,SKIP_NO_CHANGE,"AUTOHOL: Holiday, 02/18/2026","AUTOHOL: Holiday, 02/18/2026"
Vietnam,2026-02-18,6467856,INTDAILY,K61,Open Market Operations,SKIP_NO_CHANGE,SKIP_NO_CHANGE,"AUTOHOL: Holiday, 02/18/2026","AUTOHOL: Holiday, 02/18/2026"
Vietnam,2026-02-19,6464600,INTDAILY,R76,Exchange Rate,SKIP_NO_CHANGE,SKIP_NO_CHANGE,"AUTOHOL: Holiday, 02/19/2026","AUTOHOL: Holiday, 02/19/2026"
Vietnam,2026-02-19,6464780,INTDAILY,G96,VI Index,SKIP_NO_CHANGE,SKIP_NO_CHANGE,"AUTOHOL: Holiday, 02/19/2026","AUTOHOL: Holiday, 02/19/2026"
Vietnam,2026-02-19,6464907,INTDAILY,H14,[ Mid-Rate Calculation] Exchange Rates,SKIP_NO_CHANGE,SKIP_NO_CHANGE,"AUTOHOL: Holiday, 02/19/2026","AUTOHOL: Holiday, 02/19/2026"
Vietnam,2026-02-19,6464993,INTDAILY,V69,3 Month Deposit Rate,SKIP_NO_CHANGE,SKIP_NO_CHANGE,"AUTOHOL: Holiday, 02/19/2026","AUTOHOL: Holiday, 02/19/2026"
Vietnam,2026-02-19,6465103,INTDAILY,"W19, W20",State Bank Exchange Rates,SKIP_NO_CHANGE,SKIP_NO_CHANGE,"AUTOHOL: Holiday, 02/19/2026","AUTOHOL: Holiday, 02/19/2026"
Vietnam,2026-02-19,6465104,INTDAILY,W23,Vietnam Interbank Rate,SKIP_NO_CHANGE,SKIP_NO_CHANGE,"AUTOHOL: Holiday, 02/19/2026","AUTOHOL: Holiday, 02/19/2026"
Vietnam,2026-02-19,6465105,INTDAILY,H07,State Bank Exchange Rates Mid-Rates Calculation,SKIP_NO_CHANGE,SKIP_NO_CHANGE,"AUTOHOL: Holiday, 02/19/2026","AUTOHOL: Holiday, 02/19/2026"
Vietnam,2026-02-19,6465106,INTWKLY,H88,Exchange Rate Aggregation,SKIP_NO_CHANGE,SKIP_NO_CHANGE,"AUTOHOL: Holiday, 02/19/2026","AUTOHOL: Holiday, 02/19/2026"
Vietnam,2026-02-19,6465687,INTDAILY,H94,Government Bond Auctions,SKIP_NO_CHANGE,SKIP_NO_CHANGE,"AUTOHOL: Holiday, 02/19/2026","AUTOHOL: Holiday, 02/19/2026"
Vietnam,2026-02-19,6465983,ENERGY,K11,Vietnam Pump Prices,SKIP_NO_CHANGE,SKIP_NO_CHANGE,"AUTOHOL: Holiday, 02/19/2026","AUTOHOL: Holiday, 02/19/2026"
Vietnam,2026-02-19,6465984,INTDAILY,P61,Vietnam Pump Prices - INTD Transfer,SKIP_NO_CHANGE,SKIP_NO_CHANGE,"AUTOHOL: Holiday, 02/19/2026","AUTOHOL: Holiday, 02/19/2026"
Vietnam,2026-02-19,6466121,INTDAILY,K61,Open Market Operations,SKIP_NO_CHANGE,SKIP_NO_CHANGE,"AUTOHOL: Holiday, 02/19/2026","AUTOHOL: Holiday, 02/19/2026"
Vietnam,2026-02-20,6462604,INTDAILY,R76,Exchange Rate,SKIP_NO_CHANGE,SKIP_NO_CHANGE,"AUTOHOL: Holiday, 02/20/2026","AUTOHOL: Holiday, 02/20/2026"
Vietnam,2026-02-20,6462663,INTWKLY,"R76, V09",Aggregation: Exchange Rates,SKIP_NO_CHANGE,SKIP_NO_CHANGE,"AUTOHOL: Holiday, 02/20/2026","AUTOHOL: Holiday, 02/20/2026"
Vietnam,2026-02-20,6462802,INTDAILY,G96,VI Index,SKIP_NO_CHANGE,SKIP_NO_CHANGE,"AUTOHOL: Holiday, 02/20/2026","AUTOHOL: Holiday, 02/20/2026"
Vietnam,2026-02-20,6462803,INTWKLY,G97,Aggregation: VI Index,SKIP_NO_CHANGE,SKIP_NO_CHANGE,"AUTOHOL: Holiday, 02/20/2026","AUTOHOL: Holiday, 02/20/2026"
Vietnam,2026-02-20,6462933,INTDAILY,H14,[ Mid-Rate Calculation] Exchange Rates,SKIP_NO_CHANGE,SKIP_NO_CHANGE,"AUTOHOL: Holiday, 02/20/2026","AUTOHOL: Holiday, 02/20/2026"
Vietnam,2026-02-20,6463032,INTDAILY,V69,3 Month Deposit Rate,SKIP_NO_CHANGE,SKIP_NO_CHANGE,"AUTOHOL: Holiday, 02/20/2026","AUTOHOL: Holiday, 02/20/2026"
Vietnam,2026-02-20,6463142,INTDAILY,W23,Vietnam Interbank Rate,SKIP_NO_CHANGE,SKIP_NO_CHANGE,"AUTOHOL: Holiday, 02/20/2026","AUTOHOL: Holiday, 02/20/2026"
Vietnam,2026-02-20,6463525,INTWKLY,J10,3 Month Deposit Rate Aggregation,SKIP_NO_CHANGE,SKIP_NO_CHANGE,"AUTOHOL: Holiday, 02/20/2026","AUTOHOL: Holiday, 02/20/2026"
Vietnam,2026-02-20,6463583,INTDAILY,I90,Vietnam Zero Coupon Yields,SKIP_NO_CHANGE,SKIP_NO_CHANGE,"AUTOHOL: Holiday, 02/20/2026","AUTOHOL: Holiday, 02/20/2026"
Vietnam,2026-02-20,6464156,ENERGY,K11,Vietnam Pump Prices,SKIP_NO_CHANGE,SKIP_NO_CHANGE,"AUTOHOL: Holiday, 02/20/2026","AUTOHOL: Holiday, 02/20/2026"
Vietnam,2026-02-20,6464157,INTDAILY,P61,Vietnam Pump Prices - INTD Transfer,SKIP_NO_CHANGE,SKIP_NO_CHANGE,"AUTOHOL: Holiday, 02/20/2026","AUTOHOL: Holiday, 02/20/2026"
Vietnam,2026-02-20,6464158,INTWKLY,Q61,Vietnam Pump Prices - INTW AGG,SKIP_NO_CHANGE,SKIP_NO_CHANGE,"AUTOHOL: Holiday, 02/20/2026","AUTOHOL: Holiday, 02/20/2026"
Vietnam,2026-02-20,6464307,INTDAILY,K61,Open Market Operations,SKIP_NO_CHANGE,SKIP_NO_CHANGE,"AUTOHOL: Holiday, 02/20/2026","AUTOHOL: Holiday, 02/20/2026"
Vietnam,2026-02-22,6471689,INTDAILY,"W19, W20",State Bank Exchange Rates,SKIP_NO_CHANGE,SKIP_NO_CHANGE,"AUTOHOL: Holiday, 02/22/2026","AUTOHOL: Holiday, 02/22/2026"
Vietnam,2026-02-22,6471690,INTDAILY,H07,State Bank Exchange Rates Mid-Rates Calculation,SKIP_NO_CHANGE,SKIP_NO_CHANGE,"AUTOHOL: Holiday, 02/22/2026","AUTOHOL: Holiday, 02/22/2026"
Vietnam,2026-02-22,6471789,INTDAILY,H94,Government Bond Auctions,SKIP_NO_CHANGE,SKIP_NO_CHANGE,"AUTOHOL: Holiday, 02/22/2026","AUTOHOL: Holiday, 02/22/2026"
Hong Kong,2026-02-17,6468132,INTDAILY,P64,Platinum Prices (HK),UPDATE_NOTE,FILTERED_OUT,,"AUTOHOL: Holiday, 02/17/2026"
Hong Kong,2026-02-17,6468158,INTDAILY,J08,Official Interest Rates,UPDATE_NOTE,FILTERED_OUT,,"AUTOHOL: Holiday, 02/17/2026"
Hong Kong,2026-02-17,6468186,INTDAILY,S90,Hang Seng --,UPDATE_NOTE,FILTERED_OUT,,"AUTOHOL: Holiday, 02/17/2026"
Hong Kong,2026-02-17,6468196,INTDAILY,J07,Interest Settlement Rates,UPDATE_NOTE,FILTERED_OUT,,"AUTOHOL: Holiday, 02/17/2026"
Hong Kong,2026-02-17,6468319,INTDAILY,H03,10 Year Bond Yield Total Return Calculation,UPDATE_NOTE,FILTERED_OUT,,"AUTOHOL: Holiday, 02/17/2026"
Hong Kong,2026-02-17,6468611,INTDAILY,W25,Interbank Liquidity,UPDATE_NOTE,FILTERED_OUT,,"AUTOHOL: Holiday, 02/17/2026"
Hong Kong,2026-02-17,6468614,INTDAILY,G70,Monetary Base,UPDATE_NOTE,FILTERED_OUT,,"AUTOHOL: Holiday, 02/17/2026"
Hong Kong,2026-02-17,6468615,INTDAILY,T50,Trade Weighted Index,UPDATE_NOTE,FILTERED_OUT,,"AUTOHOL: Holiday, 02/17/2026"
Hong Kong,2026-02-17,6468691,INTDAILY,W89,Renminbi Liquidity Facility,UPDATE_NOTE,FILTERED_OUT,,"AUTOHOL: Holiday, 02/17/2026"
Hong Kong,2026-02-17,6468808,INTDAILY,X91,HSI Volatility Index,UPDATE_NOTE,FILTERED_OUT,,"AUTOHOL: Holiday, 02/17/2026"
Hong Kong,2026-02-17,6468926,INTDAILY,J37,Exchange Fund Bills & Notes Fixings,UPDATE_NOTE,FILTERED_OUT,,"AUTOHOL: Holiday, 02/17/2026"
Hong Kong,2026-02-17,6469048,CMDTY,L09,Platinum Prices (HK) - Transfer to CMDTY,UPDATE_NOTE,FILTERED_OUT,,"AUTOHOL: Holiday, 02/17/2026"
Hong Kong,2026-02-17,6469179,INTDAILY,V95,HKEX Daily Transactions,UPDATE_NOTE,FILTERED_OUT,,"AUTOHOL: Holiday, 02/17/2026"
Hong Kong,2026-02-17,6469490,TOURISM,"W48, W49, W50",Hong Kong Passenger Traffic,UPDATE_NOTE,FILTERED_OUT,,"AUTOHOL: Holiday, 02/17/2026"
Hong Kong,2026-02-17,6469552,INTDAILY,E30,HK Infrastructure_Sustainable Bond Closing Reference Yields,UPDATE_NOTE,FILTERED_OUT,,"AUTOHOL: Holiday, 02/17/2026"
Hong Kong,2026-02-17,6469553,INTDAILY,E28,HK Infrastructure_Sustainable Bond Indicative Yields,UPDATE_NOTE,FILTERED_OUT,,"AUTOHOL: Holiday, 02/17/2026"
Hong Kong,2026-02-17,6469607,ENERGY,"D58, D59, D60",Pump Prices,UPDATE_NOTE,FILTERED_OUT,,"AUTOHOL: Holiday, 02/17/2026"
Hong Kong,2026-02-17,6469608,INTDAILY,"B75, B76, B77",Pump Prices TRANSFER,UPDATE_NOTE,FILTERED_OUT,,"AUTOHOL: Holiday, 02/17/2026"
Hong Kong,2026-02-18,6466407,INTDAILY,P64,Platinum Prices (HK),UPDATE_NOTE,FILTERED_OUT,,"AUTOHOL: Holiday, 02/18/2026"
Hong Kong,2026-02-18,6466431,INTDAILY,J08,Official Interest Rates,UPDATE_NOTE,FILTERED_OUT,,"AUTOHOL: Holiday, 02/18/2026"
Hong Kong,2026-02-18,6466458,INTDAILY,S90,Hang Seng --,UPDATE_NOTE,FILTERED_OUT,,"AUTOHOL: Holiday, 02/18/2026"
Hong Kong,2026-02-18,6466467,INTDAILY,J07,Interest Settlement Rates,UPDATE_NOTE,FILTERED_OUT,,"AUTOHOL: Holiday, 02/18/2026"
Hong Kong,2026-02-18,6466595,INTDAILY,H03,10 Year Bond Yield Total Return Calculation,UPDATE_NOTE,FILTERED_OUT,,"AUTOHOL: Holiday, 02/18/2026"
Hong Kong,2026-02-18,6466887,INTDAILY,W25,Interbank Liquidity,UPDATE_NOTE,FILTERED_OUT,,"AUTOHOL: Holiday, 02/18/2026"
Hong Kong,2026-02-18,6466889,INTDAILY,G70,Monetary Base,UPDATE_NOTE,FILTERED_OUT,,"AUTOHOL: Holiday, 02/18/2026"
Hong Kong,2026-02-18,6466890,INTDAILY,T50,Trade Weighted Index,UPDATE_NOTE,FILTERED_OUT,,"AUTOHOL: Holiday, 02/18/2026"
Hong Kong,2026-02-18,6466965,INTDAILY,W89,Renminbi Liquidity Facility,UPDATE_NOTE,FILTERED_OUT,,"AUTOHOL: Holiday, 02/18/2026"
Hong Kong,2026-02-18,6467087,INTDAILY,X91,HSI Volatility Index,UPDATE_NOTE,FILTERED_OUT,,"AUTOHOL: Holiday, 02/18/2026"
Hong Kong,2026-02-18,6467207,INTDAILY,J37,Exchange Fund Bills & Notes Fixings,UPDATE_NOTE,FILTERED_OUT,,"AUTOHOL: Holiday, 02/18/2026"
Hong Kong,2026-02-18,6467333,CMDTY,L09,Platinum Prices (HK) - Transfer to CMDTY,UPDATE_NOTE,FILTERED_OUT,,"AUTOHOL: Holiday, 02/18/2026"
Hong Kong,2026-02-18,6467479,INTDAILY,V95,HKEX Daily Transactions,UPDATE_NOTE,FILTERED_OUT,,"AUTOHOL: Holiday, 02/18/2026"
Hong Kong,2026-02-18,6467676,INTWKLY,O93,HK Centaline Salesman Index,UPDATE_NOTE,FILTERED_OUT,,"AUTOHOL: Holiday, 02/18/2026"
Hong Kong,2026-02-18,6467799,TOURISM,"W48, W49, W50",Hong Kong Passenger Traffic,UPDATE_NOTE,FILTERED_OUT,,"AUTOHOL: Holiday, 02/18/2026"
Hong Kong,2026-02-18,6467858,INTDAILY,E30,HK Infrastructure_Sustainable Bond Closing Reference Yields,UPDATE_NOTE,FILTERED_OUT,,"AUTOHOL: Holiday, 02/18/2026"
Hong Kong,2026-02-18,6467859,INTDAILY,E28,HK Infrastructure_Sustainable Bond Indicative Yields,UPDATE_NOTE,FILTERED_OUT,,"AUTOHOL: Holiday, 02/18/2026"
Hong Kong,2026-02-18,6467913,ENERGY,"D58, D59, D60",Pump Prices,UPDATE_NOTE,FILTERED_OUT,,"AUTOHOL: Holiday, 02/18/2026"
Hong Kong,2026-02-18,6467914,INTDAILY,"B75, B76, B77",Pump Prices TRANSFER,UPDATE_NOTE,FILTERED_OUT,,"AUTOHOL: Holiday, 02/18/2026"
Hong Kong,2026-02-18,6468007,INTDAILY,E68,Exchange Fund Bills Tender,UPDATE_NOTE,FILTERED_OUT,,"AUTOHOL: Holiday, 02/18/2026"
Hong Kong,2026-02-19,6464608,INTDAILY,P64,Platinum Prices (HK),UPDATE_NOTE,FILTERED_OUT,,"AUTOHOL: Holiday, 02/19/2026"
Hong Kong,2026-02-19,6464633,INTDAILY,J08,Official Interest Rates,UPDATE_NOTE,FILTERED_OUT,,"AUTOHOL: Holiday, 02/19/2026"
Hong Kong,2026-02-19,6464664,INTDAILY,S90,Hang Seng --,UPDATE_NOTE,FILTERED_OUT,,"AUTOHOL: Holiday, 02/19/2026"
Hong Kong,2026-02-19,6464674,INTDAILY,J07,Interest Settlement Rates,UPDATE_NOTE,FILTERED_OUT,,"AUTOHOL: Holiday, 02/19/2026"
Hong Kong,2026-02-19,6464773,INTWKLY,J02,Interest Settlement Rates Aggregation,UPDATE_NOTE,FILTERED_OUT,,"AUTOHOL: Holiday, 02/19/2026"
Hong Kong,2026-02-19,6464809,INTDAILY,H03,10 Year Bond Yield Total Return Calculation,UPDATE_NOTE,FILTERED_OUT,,"AUTOHOL: Holiday, 02/19/2026"
Hong Kong,2026-02-19,6465108,INTDAILY,W25,Interbank Liquidity,UPDATE_NOTE,FILTERED_OUT,,"AUTOHOL: Holiday, 02/19/2026"
Hong Kong,2026-02-19,6465111,INTDAILY,G70,Monetary Base,UPDATE_NOTE,FILTERED_OUT,,"AUTOHOL: Holiday, 02/19/2026"
Hong Kong,2026-02-19,6465112,INTDAILY,T50,Trade Weighted Index,UPDATE_NOTE,FILTERED_OUT,,"AUTOHOL: Holiday, 02/19/2026"
Hong Kong,2026-02-19,6465206,INTDAILY,W89,Renminbi Liquidity Facility,UPDATE_NOTE,FILTERED_OUT,,"AUTOHOL: Holiday, 02/19/2026"
Hong Kong,2026-02-19,6465347,INTDAILY,X91,HSI Volatility Index,UPDATE_NOTE,FILTERED_OUT,,"AUTOHOL: Holiday, 02/19/2026"
Hong Kong,2026-02-19,6465469,INTDAILY,J37,Exchange Fund Bills & Notes Fixings,UPDATE_NOTE,FILTERED_OUT,,"AUTOHOL: Holiday, 02/19/2026"
Hong Kong,2026-02-19,6465587,CMDTY,L09,Platinum Prices (HK) - Transfer to CMDTY,UPDATE_NOTE,FILTERED_OUT,,"AUTOHOL: Holiday, 02/19/2026"
Hong Kong,2026-02-19,6465735,INTDAILY,V95,HKEX Daily Transactions,UPDATE_NOTE,FILTERED_OUT,,"AUTOHOL: Holiday, 02/19/2026"
Hong Kong,2026-02-19,6465947,INTWKLY,O94,HK Centaline Valuation Index,UPDATE_NOTE,FILTERED_OUT,,"AUTOHOL: Holiday, 02/19/2026"
Hong Kong,2026-02-19,6466065,TOURISM,"W48, W49, W50",Hong Kong Passenger Traffic,UPDATE_NOTE,FILTERED_OUT,,"AUTOHOL: Holiday, 02/19/2026"
Hong Kong,2026-02-19,6466124,INTDAILY,E30,HK Infrastructure_Sustainable Bond Closing Reference Yields,UPDATE_NOTE,FILTERED_OUT,,"AUTOHOL: Holiday, 02/19/2026"
Hong Kong,2026-02-19,6466125,INTDAILY,E28,HK Infrastructure_Sustainable Bond Indicative Yields,UPDATE_NOTE,FILTERED_OUT,,"AUTOHOL: Holiday, 02/19/2026"
Hong Kong,2026-02-19,6466190,ENERGY,"D58, D59, D60",Pump Prices,UPDATE_NOTE,FILTERED_OUT,,"AUTOHOL: Holiday, 02/19/2026"
Hong Kong,2026-02-19,6466191,INTDAILY,"B75, B76, B77",Pump Prices TRANSFER,UPDATE_NOTE,FILTERED_OUT,,"AUTOHOL: Holiday, 02/19/2026"
Argentina,2026-02-16,6453151,INTDAILY,I50,International Reserves,UPDATE_NOTE,FILTERED_OUT,,"AUTOHOL: Holiday, 02/16/2026"
Argentina,2026-02-16,6453212,INTDAILY,R67,Exchange Rates,UPDATE_NOTE,FILTERED_OUT,,"AUTOHOL: Holiday, 02/16/2026"
Argentina,2026-02-16,6453279,INTDAILY,V18,Merval Indexes,UPDATE_NOTE,FILTERED_OUT,,"AUTOHOL: Holiday, 02/16/2026"
Argentina,2026-02-16,6453347,INTDAILY,J56,Interest Rate on Time Deposits,UPDATE_NOTE,FILTERED_OUT,,"AUTOHOL: Holiday, 02/16/2026"
Argentina,2026-02-16,6453349,INTDAILY,I52,BADLAR Rates,UPDATE_NOTE,FILTERED_OUT,,"AUTOHOL: Holiday, 02/16/2026"
Argentina,2026-02-16,6453350,INTWKLY,J57,BADLAR Rates Agg,UPDATE_NOTE,FILTERED_OUT,,"AUTOHOL: Holiday, 02/16/2026"
Argentina,2026-02-16,6453404,INTDAILY,J72,BAIBAR Interest Rates,UPDATE_NOTE,FILTERED_OUT,,"AUTOHOL: Holiday, 02/16/2026"
Argentina,2026-02-16,6453405,INTWKLY,J74,BAIBAR Interest Rates Agg,UPDATE_NOTE,FILTERED_OUT,,"AUTOHOL: Holiday, 02/16/2026"
Argentina,2026-02-16,6453574,INTDAILY,P22,Dolar Blue [AMBITO],UPDATE_NOTE,FILTERED_OUT,,"AUTOHOL: Holiday, 02/16/2026"
Argentina,2026-02-16,6453588,INTDAILY,H66,Dolar Blue [AMBITO] Mid,UPDATE_NOTE,FILTERED_OUT,,"AUTOHOL: Holiday, 02/16/2026"
Argentina,2026-02-16,6453611,INTWKLY,J76,Interest rate on Time Deposits Agg,UPDATE_NOTE,FILTERED_OUT,,"AUTOHOL: Holiday, 02/16/2026"
Argentina,2026-02-16,6453674,INTDAILY,J64,Policy Instruments,UPDATE_NOTE,FILTERED_OUT,,"AUTOHOL: Holiday, 02/16/2026"
Argentina,2026-02-16,6453675,INTWKLY,J56,Policy Instruments Aggregation,UPDATE_NOTE,FILTERED_OUT,,"AUTOHOL: Holiday, 02/16/2026"
Argentina,2026-02-16,6453806,INTDAILY,X74,Main Assets of Financial Institutions,UPDATE_NOTE,FILTERED_OUT,,"AUTOHOL: Holiday, 02/16/2026"
Argentina,2026-02-16,6453808,INTDAILY,X78,Main Liabilities of Financial Institutions,UPDATE_NOTE,FILTERED_OUT,,"AUTOHOL: Holiday, 02/16/2026"
Argentina,2026-02-16,6453836,INTDAILY,Y01,Effective Exchange Rate,UPDATE_NOTE,FILTERED_OUT,,"AUTOHOL: Holiday, 02/16/2026"
Argentina,2026-02-16,6453842,INTDAILY,Y04,Daily Monetary Report,UPDATE_NOTE,FILTERED_OUT,,"AUTOHOL: Holiday, 02/16/2026"
Argentina,2026-02-16,6453864,INTDAILY,Y05,Daily Monetary Report Calc [LELIQ],UPDATE_NOTE,FILTERED_OUT,,"AUTOHOL: Holiday, 02/16/2026"
Argentina,2026-02-16,6453906,INTDAILY,Y19,Non-Financial Loans,UPDATE_NOTE,FILTERED_OUT,,"AUTOHOL: Holiday, 02/16/2026"
Argentina,2026-02-16,6453909,INTWKLY,Y21,Non-Financial Loans agg,UPDATE_NOTE,FILTERED_OUT,,"AUTOHOL: Holiday, 02/16/2026"
Argentina,2026-02-16,6453943,INTDAILY,P28,Dolar CCL [AMBITO],UPDATE_NOTE,FILTERED_OUT,,"AUTOHOL: Holiday, 02/16/2026"
Argentina,2026-02-16,6454076,INTDAILY,I11,Policy Rate Check,UPDATE_NOTE,FILTERED_OUT,,"AUTOHOL: Holiday, 02/16/2026"
Argentina,2026-02-16,6454080,INTDAILY,H60,Dolar MEP [AMBITO],UPDATE_NOTE,FILTERED_OUT,,"AUTOHOL: Holiday, 02/16/2026"
Argentina,2026-02-16,6454081,INTDAILY,H61,Dolar Turista [AMBITO],UPDATE_NOTE,FILTERED_OUT,,"AUTOHOL: Holiday, 02/16/2026"
Argentina,2026-02-16,6454082,INTDAILY,H62,US$ [AMBITO] Mid,UPDATE_NOTE,FILTERED_OUT,,"AUTOHOL: Holiday, 02/16/2026"
Argentina,2026-02-16,6454083,INTDAILY,H63,US$ [AMBITO],UPDATE_NOTE,FILTERED_OUT,,"AUTOHOL: Holiday, 02/16/2026"
Argentina,2026-02-16,6454084,INTDAILY,H64,Dolar Mayorista [AMBITO] Mid,UPDATE_NOTE,FILTERED_OUT,,"AUTOHOL: Holiday, 02/16/2026"
Argentina,2026-02-16,6454085,INTDAILY,H65,Dolar Mayorista [AMBITO],UPDATE_NOTE,FILTERED_OUT,,"AUTOHOL: Holiday, 02/16/2026"
Argentina,2026-02-16,6454099,INTDAILY,T80,Interest Rates on Personal Loans,UPDATE_NOTE,FILTERED_OUT,,"AUTOHOL: Holiday, 02/16/2026"
Argentina,2026-02-16,6454100,INTWKLY,W81,Interest Rates on Personal Loans Aggregation,UPDATE_NOTE,FILTERED_OUT,,"AUTOHOL: Holiday, 02/16/2026"
Argentina,2026-02-16,6454113,INTDAILY,M71,Market Rates,UPDATE_NOTE,FILTERED_OUT,,"AUTOHOL: Holiday, 02/16/2026"
Argentina,2026-02-16,6454114,INTWKLY,M61,Market Rates AGG,UPDATE_NOTE,FILTERED_OUT,,"AUTOHOL: Holiday, 02/16/2026"
Argentina,2026-02-16,6454130,INTDAILY,P75,Commodity Price Index,UPDATE_NOTE,FILTERED_OUT,,"AUTOHOL: Holiday, 02/16/2026"
Argentina,2026-02-16,6454131,INTDAILY,P76,Commodity Price Index Weights,UPDATE_NOTE,FILTERED_OUT,,"AUTOHOL: Holiday, 02/16/2026"
Argentina,2026-02-16,6454132,CMDTY,P75,Commodity Price Index Comp,UPDATE_NOTE,FILTERED_OUT,,"AUTOHOL: Holiday, 02/16/2026"
Argentina,2026-02-16,6454133,INTWKLY,O75,Commodity Price Index Agg,UPDATE_NOTE,FILTERED_OUT,,"AUTOHOL: Holiday, 02/16/2026"
Argentina,2026-02-16,6454134,INTWKLY,O76,Commodity Price Index Weights Agg,UPDATE_NOTE,FILTERED_OUT,,"AUTOHOL: Holiday, 02/16/2026"
Argentina,2026-02-16,6454155,CMDTY,P76,Commodity Price Index Weights Comp,UPDATE_NOTE,FILTERED_OUT,,"AUTOHOL: Holiday, 02/16/2026"
Argentina,2026-02-16,6454368,INTDAILY,H42,Dolar Lujo [AMBITO],UPDATE_NOTE,FILTERED_OUT,,"AUTOHOL: Holiday, 02/16/2026"
Argentina,2026-02-16,6454369,INTDAILY,H43,Dolar Banco Nacion [AMBITO],UPDATE_NOTE,FILTERED_OUT,,"AUTOHOL: Holiday, 02/16/2026"
Argentina,2026-02-16,6454370,INTDAILY,H44,Dolar Banco Nacion [AMBITO] Mid,UPDATE_NOTE,FILTERED_OUT,,"AUTOHOL: Holiday, 02/16/2026"
Argentina,2026-02-16,6454460,INTDAILY,H09,Dolar Cripto [AMBITO],UPDATE_NOTE,FILTERED_OUT,,"AUTOHOL: Holiday, 02/16/2026"
Argentina,2026-02-16,6454461,INTDAILY,H41,Euro Blue [AMBITO],UPDATE_NOTE,FILTERED_OUT,,"AUTOHOL: Holiday, 02/16/2026"
Argentina,2026-02-16,6454462,INTDAILY,H47,Euro Blue [AMBITO] Mid,UPDATE_NOTE,FILTERED_OUT,,"AUTOHOL: Holiday, 02/16/2026"
Argentina,2026-02-16,6454463,INTDAILY,H48,Euro [AMBITO],UPDATE_NOTE,FILTERED_OUT,,"AUTOHOL: Holiday, 02/16/2026"
Argentina,2026-02-16,6454464,INTDAILY,H79,Euro [AMBITO] Mid,UPDATE_NOTE,FILTERED_OUT,,"AUTOHOL: Holiday, 02/16/2026"
Argentina,2026-02-16,6454779,INTDAILY,L06,Exchange Rate Band Check,UPDATE_NOTE,FILTERED_OUT,,"AUTOHOL: Holiday, 02/16/2026"
Argentina,2026-02-17,6468173,INTDAILY,I50,International Reserves,UPDATE_NOTE,FILTERED_OUT,,"AUTOHOL: Holiday, 02/17/2026"
Argentina,2026-02-17,6468234,INTDAILY,R67,Exchange Rates,UPDATE_NOTE,FILTERED_OUT,,"AUTOHOL: Holiday, 02/17/2026"
Argentina,2026-02-17,6468300,INTDAILY,V18,Merval Indexes,UPDATE_NOTE,FILTERED_OUT,,"AUTOHOL: Holiday, 02/17/2026"
Argentina,2026-02-17,6468363,INTDAILY,J56,Interest Rate on Time Deposits,UPDATE_NOTE,FILTERED_OUT,,"AUTOHOL: Holiday, 02/17/2026"
Argentina,2026-02-17,6468365,INTDAILY,I52,BADLAR Rates,UPDATE_NOTE,FILTERED_OUT,,"AUTOHOL: Holiday, 02/17/2026"
Argentina,2026-02-17,6468415,INTDAILY,J72,BAIBAR Interest Rates,UPDATE_NOTE,FILTERED_OUT,,"AUTOHOL: Holiday, 02/17/2026"
Argentina,2026-02-17,6468584,INTDAILY,P22,Dolar Blue [AMBITO],UPDATE_NOTE,FILTERED_OUT,,"AUTOHOL: Holiday, 02/17/2026"
Argentina,2026-02-17,6468602,INTDAILY,H66,Dolar Blue [AMBITO] Mid,UPDATE_NOTE,FILTERED_OUT,,"AUTOHOL: Holiday, 02/17/2026"
Argentina,2026-02-17,6468613,INTWKLY,M75,International Reserves AGG,UPDATE_NOTE,FILTERED_OUT,,"AUTOHOL: Holiday, 02/17/2026"
Argentina,2026-02-17,6468672,INTDAILY,J64,Policy Instruments,UPDATE_NOTE,FILTERED_OUT,,"AUTOHOL: Holiday, 02/17/2026"
Argentina,2026-02-17,6468791,INTDAILY,X74,Main Assets of Financial Institutions,UPDATE_NOTE,FILTERED_OUT,,"AUTOHOL: Holiday, 02/17/2026"
Argentina,2026-02-17,6468792,INTWKLY,T55,Main Assets of Financial Institutions Agg,UPDATE_NOTE,FILTERED_OUT,,"AUTOHOL: Holiday, 02/17/2026"
Argentina,2026-02-17,6468794,INTDAILY,X78,Main Liabilities of Financial Institutions,UPDATE_NOTE,FILTERED_OUT,,"AUTOHOL: Holiday, 02/17/2026"
Argentina,2026-02-17,6468795,INTWKLY,T54,Main Liabilities of Financial Institutions Agg,UPDATE_NOTE,FILTERED_OUT,,"AUTOHOL: Holiday, 02/17/2026"
Argentina,2026-02-17,6468817,INTDAILY,Y01,Effective Exchange Rate,UPDATE_NOTE,FILTERED_OUT,,"AUTOHOL: Holiday, 02/17/2026"
Argentina,2026-02-17,6468823,INTDAILY,Y04,Daily Monetary Report,UPDATE_NOTE,FILTERED_OUT,,"AUTOHOL: Holiday, 02/17/2026"
Argentina,2026-02-17,6468841,INTDAILY,Y05,Daily Monetary Report Calc [LELIQ],UPDATE_NOTE,FILTERED_OUT,,"AUTOHOL: Holiday, 02/17/2026"
Argentina,2026-02-17,6468876,INTDAILY,Y19,Non-Financial Loans,UPDATE_NOTE,FILTERED_OUT,,"AUTOHOL: Holiday, 02/17/2026"
Argentina,2026-02-17,6468911,INTDAILY,P28,Dolar CCL [AMBITO],UPDATE_NOTE,FILTERED_OUT,,"AUTOHOL: Holiday, 02/17/2026"
Argentina,2026-02-17,6469030,INTDAILY,I11,Policy Rate Check,UPDATE_NOTE,FILTERED_OUT,,"AUTOHOL: Holiday, 02/17/2026"
Argentina,2026-02-17,6469035,INTDAILY,H60,Dolar MEP [AMBITO],UPDATE_NOTE,FILTERED_OUT,,"AUTOHOL: Holiday, 02/17/2026"
Argentina,2026-02-17,6469036,INTDAILY,H61,Dolar Turista [AMBITO],UPDATE_NOTE,FILTERED_OUT,,"AUTOHOL: Holiday, 02/17/2026"
Argentina,2026-02-17,6469037,INTDAILY,H62,US$ [AMBITO] Mid,UPDATE_NOTE,FILTERED_OUT,,"AUTOHOL: Holiday, 02/17/2026"
Argentina,2026-02-17,6469038,INTDAILY,H63,US$ [AMBITO],UPDATE_NOTE,FILTERED_OUT,,"AUTOHOL: Holiday, 02/17/2026"
Argentina,2026-02-17,6469039,INTDAILY,H64,Dolar Mayorista [AMBITO] Mid,UPDATE_NOTE,FILTERED_OUT,,"AUTOHOL: Holiday, 02/17/2026"
Argentina,2026-02-17,6469040,INTDAILY,H65,Dolar Mayorista [AMBITO],UPDATE_NOTE,FILTERED_OUT,,"AUTOHOL: Holiday, 02/17/2026"
Argentina,2026-02-17,6469053,INTDAILY,T80,Interest Rates on Personal Loans,UPDATE_NOTE,FILTERED_OUT,,"AUTOHOL: Holiday, 02/17/2026"
Argentina,2026-02-17,6469064,INTDAILY,M71,Market Rates,UPDATE_NOTE,FILTERED_OUT,,"AUTOHOL: Holiday, 02/17/2026"
Argentina,2026-02-17,6469073,INTDAILY,P75,Commodity Price Index,UPDATE_NOTE,FILTERED_OUT,,"AUTOHOL: Holiday, 02/17/2026"
Argentina,2026-02-17,6469074,INTDAILY,P76,Commodity Price Index Weights,UPDATE_NOTE,FILTERED_OUT,,"AUTOHOL: Holiday, 02/17/2026"
Argentina,2026-02-17,6469075,CMDTY,P75,Commodity Price Index Comp,UPDATE_NOTE,FILTERED_OUT,,"AUTOHOL: Holiday, 02/17/2026"
Argentina,2026-02-17,6469087,CMDTY,P76,Commodity Price Index Weights Comp,UPDATE_NOTE,FILTERED_OUT,,"AUTOHOL: Holiday, 02/17/2026"
Argentina,2026-02-17,6469275,INTDAILY,H42,Dolar Lujo [AMBITO],UPDATE_NOTE,FILTERED_OUT,,"AUTOHOL: Holiday, 02/17/2026"
Argentina,2026-02-17,6469276,INTDAILY,H43,Dolar Banco Nacion [AMBITO],UPDATE_NOTE,FILTERED_OUT,,"AUTOHOL: Holiday, 02/17/2026"
Argentina,2026-02-17,6469277,INTDAILY,H44,Dolar Banco Nacion [AMBITO] Mid,UPDATE_NOTE,FILTERED_OUT,,"AUTOHOL: Holiday, 02/17/2026"
Argentina,2026-02-17,6469374,INTDAILY,H09,Dolar Cripto [AMBITO],UPDATE_NOTE,FILTERED_OUT,,"AUTOHOL: Holiday, 02/17/2026"
Argentina,2026-02-17,6469375,INTDAILY,H41,Euro Blue [AMBITO],UPDATE_NOTE,FILTERED_OUT,,"AUTOHOL: Holiday, 02/17/2026"
Argentina,2026-02-17,6469376,INTDAILY,H47,Euro Blue [AMBITO] Mid,UPDATE_NOTE,FILTERED_OUT,,"AUTOHOL: Holiday, 02/17/2026"
Argentina,2026-02-17,6469377,INTDAILY,H48,Euro [AMBITO],UPDATE_NOTE,FILTERED_OUT,,"AUTOHOL: Holiday, 02/17/2026"
Argentina,2026-02-17,6469378,INTDAILY,H79,Euro [AMBITO] Mid,UPDATE_NOTE,FILTERED_OUT,,"AUTOHOL: Holiday, 02/17/2026"
Argentina,2026-02-17,6469676,INTDAILY,L06,Exchange Rate Band Check,UPDATE_NOTE,FILTERED_OUT,,"AUTOHOL: Holiday, 02/17/2026"
Uganda,2026-02-16,6453192,INTDAILY,V13,Stock Indicators,UPDATE_NOTE,FILTERED_OUT,,"AUTOHOL: Holiday, 02/16/2026"
Uganda,2026-02-16,6453270,INTDAILY,V17,Exchange Rates,UPDATE_NOTE,FILTERED_OUT,,"AUTOHOL: Holiday, 02/16/2026"
Uganda,2026-02-16,6453388,INTDAILY,H15,[ Mid-Rate Calculation] Exchange Rates,UPDATE_NOTE,FILTERED_OUT,,"AUTOHOL: Holiday, 02/16/2026"
Uganda,2026-02-16,6454227,INTDAILY,H89,Uganda Bond Yields,UPDATE_NOTE,FILTERED_OUT,"R2D2 Running... [Retry 9/10, wait=600s] 2/13/2026 12:02:43 [Az-AutoSrv1-Svc]","R2D2 Running... [Retry 9/10, wait=600s] 2/13/2026 12:02:43 [Az-AutoSrv1-Svc] | AUTOHOL: Holiday, 02/16/2026"
Uganda,2026-02-16,6454228,INTWKLY,C86,Uganda Bond Yields Agg,UPDATE_NOTE,FILTERED_OUT,,"AUTOHOL: Holiday, 02/16/2026"
Uganda,2026-02-16,6454506,INTDAILY,A81,Interbank Rates,UPDATE_NOTE,FILTERED_OUT,,"AUTOHOL: Holiday, 02/16/2026"
Uganda,2026-02-16,6454507,INTWKLY,A81,Interbank Rates Agg,UPDATE_NOTE,FILTERED_OUT,,"AUTOHOL: Holiday, 02/16/2026"
Taiwan,2026-02-16,6453231,INTDAILY,J13,3 Month Deposit Rate,UPDATE_NOTE,FILTERED_OUT,,"AUTOHOL: Holiday, 02/16/2026"
Taiwan,2026-02-16,6453470,INTDAILY,V57,Asian Stock Market - TAIEX,UPDATE_NOTE,FILTERED_OUT,,"AUTOHOL: Holiday, 02/16/2026"
Taiwan,2026-02-16,6453626,INTDAILY,W47,US Exchange Rates,UPDATE_NOTE,FILTERED_OUT,,"AUTOHOL: Holiday, 02/16/2026"
Taiwan,2026-02-16,6453627,INTDAILY,W48,Interbank Overnight Rate,UPDATE_NOTE,FILTERED_OUT,,"AUTOHOL: Holiday, 02/16/2026"
Taiwan,2026-02-16,6453785,INTDAILY,X60,Taiwan Interbank Rates [TAIBOR],UPDATE_NOTE,FILTERED_OUT,,"AUTOHOL: Holiday, 02/16/2026"
Taiwan,2026-02-16,6454039,INTDAILY,J90,TAIBIR,UPDATE_NOTE,FILTERED_OUT,,"AUTOHOL: Holiday, 02/16/2026"
Taiwan,2026-02-17,6468255,INTDAILY,J13,3 Month Deposit Rate,UPDATE_NOTE,FILTERED_OUT,,"AUTOHOL: Holiday, 02/17/2026"
Taiwan,2026-02-17,6468477,INTDAILY,V57,Asian Stock Market - TAIEX,UPDATE_NOTE,FILTERED_OUT,,"AUTOHOL: Holiday, 02/17/2026"
Taiwan,2026-02-17,6468632,INTDAILY,W47,US Exchange Rates,UPDATE_NOTE,FILTERED_OUT,,"AUTOHOL: Holiday, 02/17/2026"
Taiwan,2026-02-17,6468633,INTDAILY,W48,Interbank Overnight Rate,UPDATE_NOTE,FILTERED_OUT,,"AUTOHOL: Holiday, 02/17/2026"
Taiwan,2026-02-17,6468772,INTDAILY,X60,Taiwan Interbank Rates [TAIBOR],UPDATE_NOTE,FILTERED_OUT,,"AUTOHOL: Holiday, 02/17/2026"
Taiwan,2026-02-17,6468993,INTDAILY,J90,TAIBIR,UPDATE_NOTE,FILTERED_OUT,,"AUTOHOL: Holiday, 02/17/2026"
Taiwan,2026-02-18,6466528,INTDAILY,J13,3 Month Deposit Rate,UPDATE_NOTE,FILTERED_OUT,,"AUTOHOL: Holiday, 02/18/2026"
Taiwan,2026-02-18,6466759,INTDAILY,V57,Asian Stock Market - TAIEX,UPDATE_NOTE,FILTERED_OUT,,"AUTOHOL: Holiday, 02/18/2026"
Taiwan,2026-02-18,6466907,INTDAILY,W47,US Exchange Rates,UPDATE_NOTE,FILTERED_OUT,,"AUTOHOL: Holiday, 02/18/2026"
Taiwan,2026-02-18,6466908,INTDAILY,W48,Interbank Overnight Rate,UPDATE_NOTE,FILTERED_OUT,,"AUTOHOL: Holiday, 02/18/2026"
Taiwan,2026-02-18,6467050,INTDAILY,X60,Taiwan Interbank Rates [TAIBOR],UPDATE_NOTE,FILTERED_OUT,,"AUTOHOL: Holiday, 02/18/2026"
Taiwan,2026-02-18,6467278,INTDAILY,J90,TAIBIR,UPDATE_NOTE,FILTERED_OUT,,"AUTOHOL: Holiday, 02/18/2026"
Taiwan,2026-02-19,6464732,INTDAILY,J13,3 Month Deposit Rate,UPDATE_NOTE,FILTERED_OUT,,"AUTOHOL: Holiday, 02/19/2026"
Taiwan,2026-02-19,6464735,INTWKLY,J11,3 Month Deposit Rate Agg,UPDATE_NOTE,FILTERED_OUT,,"AUTOHOL: Holiday, 02/19/2026"
Taiwan,2026-02-19,6464972,INTDAILY,V57,Asian Stock Market - TAIEX,UPDATE_NOTE,FILTERED_OUT,,"AUTOHOL: Holiday, 02/19/2026"
Taiwan,2026-02-19,6465135,INTDAILY,W47,US Exchange Rates,UPDATE_NOTE,FILTERED_OUT,,"AUTOHOL: Holiday, 02/19/2026"
Taiwan,2026-02-19,6465136,INTDAILY,W48,Interbank Overnight Rate,UPDATE_NOTE,FILTERED_OUT,,"AUTOHOL: Holiday, 02/19/2026"
Taiwan,2026-02-19,6465305,INTDAILY,X60,Taiwan Interbank Rates [TAIBOR],UPDATE_NOTE,FILTERED_OUT,,"AUTOHOL: Holiday, 02/19/2026"
Taiwan,2026-02-19,6465306,INTWKLY,T89,Taiwan Interbank Rates [TAIBOR] Aggregation,UPDATE_NOTE,FILTERED_OUT,,"AUTOHOL: Holiday, 02/19/2026"
Taiwan,2026-02-19,6465536,INTDAILY,J90,TAIBIR,UPDATE_NOTE,FILTERED_OUT,,"AUTOHOL: Holiday, 02/19/2026"
Taiwan,2026-02-19,6465537,INTWKLY,J90,TAIBIR Aggregation,UPDATE_NOTE,FILTERED_OUT,,"AUTOHOL: Holiday, 02/19/2026"
Taiwan,2026-02-20,6463012,INTDAILY,V57,Asian Stock Market - TAIEX,UPDATE_NOTE,FILTERED_OUT,,"AUTOHOL: Holiday, 02/20/2026"
Taiwan,2026-02-20,6463191,INTDAILY,W47,US Exchange Rates,UPDATE_NOTE,FILTERED_OUT,,"AUTOHOL: Holiday, 02/20/2026"
Taiwan,2026-02-20,6463192,INTDAILY,W48,Interbank Overnight Rate,UPDATE_NOTE,FILTERED_OUT,,"AUTOHOL: Holiday, 02/20/2026"
Taiwan,2026-02-20,6463193,INTWKLY,T28,Aggregation: Taiwan US Exchange Rates,UPDATE_NOTE,FILTERED_OUT,,"AUTOHOL: Holiday, 02/20/2026"
Taiwan,2026-02-20,6463201,INTWKLY,T29,Aggregation: Taiwan Interbank Rate,UPDATE_NOTE,FILTERED_OUT,,"AUTOHOL: Holiday, 02/20/2026"
Taiwan,2026-02-20,6463676,INTWKLY,W01,Asian Stock Market - TAIEX Aggregation,UPDATE_NOTE,FILTERED_OUT,,"AUTOHOL: Holiday, 02/20/2026"
Taiwan,2026-02-22,6471616,INTDAILY,J13,3 Month Deposit Rate,UPDATE_NOTE,FILTERED_OUT,,"AUTOHOL: Holiday, 02/22/2026"
Taiwan,2026-02-22,6471710,INTDAILY,X60,Taiwan Interbank Rates [TAIBOR],UPDATE_NOTE,FILTERED_OUT,,"AUTOHOL: Holiday, 02/22/2026"
Taiwan,2026-02-22,6471738,INTDAILY,J90,TAIBIR,UPDATE_NOTE,FILTERED_OUT,,"AUTOHOL: Holiday, 02/22/2026"
Taiwan,2026-02-22,6471918,ENERGY,K77,Taiwan Fuel Prices,UPDATE_NOTE,FILTERED_OUT,,"AUTOHOL: Holiday, 02/22/2026"
Taiwan,2026-02-22,6471929,INTWKLY,K77,Taiwan Fuel Prices Transfer,UPDATE_NOTE,FILTERED_OUT,,"AUTOHOL: Holiday, 02/22/2026"
Macao,2026-02-17,6468258,INTDAILY,J14,Interbank Rates,UPDATE_NOTE,FILTERED_OUT,,"AUTOHOL: Holiday, 02/17/2026"
Macao,2026-02-17,6468259,INTDAILY,R31,Exchange Rates,UPDATE_NOTE,FILTERED_OUT,,"AUTOHOL: Holiday, 02/17/2026"
Macao,2026-02-17,6469069,INTDAILY,T60,MONIA,UPDATE_NOTE,FILTERED_OUT,,"AUTOHOL: Holiday, 02/17/2026"
Macao,2026-02-18,6466531,INTDAILY,J14,Interbank Rates,UPDATE_NOTE,FILTERED_OUT,,"AUTOHOL: Holiday, 02/18/2026"
Macao,2026-02-18,6466532,INTDAILY,R31,Exchange Rates,UPDATE_NOTE,FILTERED_OUT,,"AUTOHOL: Holiday, 02/18/2026"
Macao,2026-02-18,6467356,INTDAILY,T60,MONIA,UPDATE_NOTE,FILTERED_OUT,,"AUTOHOL: Holiday, 02/18/2026"
Macao,2026-02-19,6464736,INTDAILY,J14,Interbank Rates,UPDATE_NOTE,FILTERED_OUT,,"AUTOHOL: Holiday, 02/19/2026"
Macao,2026-02-19,6464737,INTDAILY,R31,Exchange Rates,UPDATE_NOTE,FILTERED_OUT,,"AUTOHOL: Holiday, 02/19/2026"
Macao,2026-02-19,6464740,INTWKLY,R77,Exchange Rates Aggregation,UPDATE_NOTE,FILTERED_OUT,,"AUTOHOL: Holiday, 02/19/2026"
Macao,2026-02-19,6465428,INTWKLY,J12,Interbank Rates Aggreagation,UPDATE_NOTE,FILTERED_OUT,,"AUTOHOL: Holiday, 02/19/2026"
Macao,2026-02-19,6465610,INTDAILY,T60,MONIA,UPDATE_NOTE,FILTERED_OUT,,"AUTOHOL: Holiday, 02/19/2026"
Ecuador,2026-02-17,6468432,INTWKLY,G03,Monetary Bulletin: IMS2,UPDATE_NOTE,FILTERED_OUT,,"AUTOHOL: Holiday, 02/17/2026"
Ecuador,2026-02-17,6468929,INTWKLY,O86,Monetary Bulletin: IMS13,UPDATE_NOTE,FILTERED_OUT,,"AUTOHOL: Holiday, 02/17/2026"
Ecuador,2026-02-17,6469348,INTWKLY,O74,Monetary Bulletin: IMS3,UPDATE_NOTE,FILTERED_OUT,,"AUTOHOL: Holiday, 02/17/2026"
Ecuador,2026-02-17,6469349,INTWKLY,O78,Monetary Bulletin: IMS4,UPDATE_NOTE,FILTERED_OUT,,"AUTOHOL: Holiday, 02/17/2026"
Ecuador,2026-02-17,6469350,INTWKLY,O87,Monetary Bulletin: IMS5,UPDATE_NOTE,FILTERED_OUT,,"AUTOHOL: Holiday, 02/17/2026"
Ecuador,2026-02-17,6469351,INTWKLY,O79,Monetary Bulletin: IMS6,UPDATE_NOTE,FILTERED_OUT,,"AUTOHOL: Holiday, 02/17/2026"
Ecuador,2026-02-17,6469352,INTWKLY,O80,Monetary Bulletin: IMS7,UPDATE_NOTE,FILTERED_OUT,,"AUTOHOL: Holiday, 02/17/2026"
Ecuador,2026-02-17,6469353,INTWKLY,O81,Monetary Bulletin: IMS8,UPDATE_NOTE,FILTERED_OUT,,"AUTOHOL: Holiday, 02/17/2026"
Ecuador,2026-02-17,6469354,INTWKLY,O82,Monetary Bulletin: IMS9,UPDATE_NOTE,FILTERED_OUT,,"AUTOHOL: Holiday, 02/17/2026"
Ecuador,2026-02-17,6469355,INTWKLY,O83,Monetary Bulletin: IMS10,UPDATE_NOTE,FILTERED_OUT,,"AUTOHOL: Holiday, 02/17/2026"
Ecuador,2026-02-17,6469356,INTWKLY,O84,Monetary Bulletin: IMS11,UPDATE_NOTE,FILTERED_OUT,,"AUTOHOL: Holiday, 02/17/2026"
Ecuador,2026-02-17,6469357,INTWKLY,O85,Monetary Bulletin: IMS12,UPDATE_NOTE,FILTERED_OUT,,"AUTOHOL: Holiday, 02/17/2026"
Ecuador,2026-02-17,6469436,INTWKLY,Y77,Monetary Bulletin: IMS14,UPDATE_NOTE,FILTERED_OUT,,"AUTOHOL: Holiday, 02/17/2026"
Mongolia,2026-02-18,6466879,INTDAILY,W16,Exchange Rates,UPDATE_NOTE,FILTERED_OUT,,"AUTOHOL: Holiday, 02/18/2026"
Mongolia,2026-02-18,6466954,INTDAILY,W74,Mongolia Stock Exchange Index,UPDATE_NOTE,FILTERED_OUT,,"AUTOHOL: Holiday, 02/18/2026"
Mongolia,2026-02-19,6465099,INTDAILY,W16,Exchange Rates,UPDATE_NOTE,FILTERED_OUT,,"AUTOHOL: Holiday, 02/19/2026"
Mongolia,2026-02-19,6465194,INTDAILY,W74,Mongolia Stock Exchange Index,UPDATE_NOTE,FILTERED_OUT,,"AUTOHOL: Holiday, 02/19/2026"
Mongolia,2026-02-20,6463136,INTDAILY,W16,Exchange Rates,UPDATE_NOTE,FILTERED_OUT,,"AUTOHOL: Holiday, 02/20/2026"
Mongolia,2026-02-20,6463274,INTDAILY,W74,Mongolia Stock Exchange Index,UPDATE_NOTE,FILTERED_OUT,,"AUTOHOL: Holiday, 02/20/2026"
Mongolia,2026-02-20,6463275,INTWKLY,T65,Mongolia Stock Exchange Aggregation,UPDATE_NOTE,FILTERED_OUT,,"AUTOHOL: Holiday, 02/20/2026"
Mongolia,2026-02-20,6463770,INTWKLY,H86,Exchange Rates Aggregation,UPDATE_NOTE,FILTERED_OUT,,"AUTOHOL: Holiday, 02/20/2026"
Saudi Arabia,2026-02-22,6471801,INTDAILY,T82,Stock Market (Full File),UPDATE_NOTE,FILTERED_OUT,,"AUTOHOL: Holiday, 02/22/2026"
Mauritius,2026-02-17,6468651,INTDAILY,W57,Mauritius Stock,UPDATE_NOTE,FILTERED_OUT,,"AUTOHOL: Holiday, 02/17/2026"
Mauritius,2026-02-17,6468652,INTDAILY,W59,Mauritius Exchange Rates,UPDATE_NOTE,FILTERED_OUT,,"AUTOHOL: Holiday, 02/17/2026"
Mauritius,2026-02-17,6468653,INTDAILY,H10,[ Mid-Rate Calculation] Mauritius Exchange Rates,UPDATE_NOTE,FILTERED_OUT,,"AUTOHOL: Holiday, 02/17/2026"
Mauritius,2026-02-17,6468661,INTDAILY,W65,Mauritius PLIBOR,UPDATE_NOTE,FILTERED_OUT,,"AUTOHOL: Holiday, 02/17/2026"
Jamaica,2026-02-18,6466976,INTDAILY,V10,Jamaica Stock Exchange,UPDATE_NOTE,FILTERED_OUT,,"AUTOHOL: Holiday, 02/18/2026"
Jamaica,2026-02-18,6466988,INTDAILY,G36,Jamaica Exchange Rates,UPDATE_NOTE,FILTERED_OUT,,"AUTOHOL: Holiday, 02/18/2026"
Jamaica,2026-02-18,6466989,INTDAILY,H36,Mid Rates: Jamaica Exchange Rates,UPDATE_NOTE,FILTERED_OUT,,"AUTOHOL: Holiday, 02/18/2026"
Jamaica,2026-02-18,6466996,INTDAILY,X04,Jamaica USD Reference Rate,UPDATE_NOTE,FILTERED_OUT,,"AUTOHOL: Holiday, 02/18/2026"
Myanmar,2026-02-16,6453764,INTDAILY,X39,Stock Market Indicators,UPDATE_NOTE,FILTERED_OUT,,"AUTOHOL: Holiday, 02/16/2026"
Myanmar,2026-02-16,6453767,INTDAILY,X38,Exchange,UPDATE_NOTE,FILTERED_OUT,,"AUTOHOL: Holiday, 02/16/2026"
Myanmar,2026-02-16,6454498,INTDAILY,N15,Forex Market Trade Rates & Volume,UPDATE_NOTE,FILTERED_OUT,,"AUTOHOL: Holiday, 02/16/2026"
Myanmar,2026-02-16,6454572,INTDAILY,O10,Daily Activities of FX Market,UPDATE_NOTE,FILTERED_OUT,,"AUTOHOL: Holiday, 02/16/2026"
Myanmar,2026-02-17,6468751,INTDAILY,X39,Stock Market Indicators,UPDATE_NOTE,FILTERED_OUT,,"AUTOHOL: Holiday, 02/17/2026"
Myanmar,2026-02-17,6468754,INTDAILY,X38,Exchange,UPDATE_NOTE,FILTERED_OUT,,"AUTOHOL: Holiday, 02/17/2026"
Myanmar,2026-02-17,6469409,INTDAILY,N15,Forex Market Trade Rates & Volume,UPDATE_NOTE,FILTERED_OUT,,"AUTOHOL: Holiday, 02/17/2026"
Myanmar,2026-02-17,6469478,INTDAILY,O10,Daily Activities of FX Market,UPDATE_NOTE,FILTERED_OUT,,"AUTOHOL: Holiday, 02/17/2026"
Angola,2026-02-16,6453856,INTDAILY,V09,Exchange Rates,UPDATE_NOTE,FILTERED_OUT,,"AUTOHOL: Holiday, 02/16/2026"
Angola,2026-02-16,6454596,INTDAILY,A23,Parallel Exchange Rates,UPDATE_NOTE,FILTERED_OUT,,"AUTOHOL: Holiday, 02/16/2026"
Angola,2026-02-16,6454597,INTDAILY,A24,Parallel Exchange Mid Rates,UPDATE_NOTE,FILTERED_OUT,,"AUTOHOL: Holiday, 02/16/2026"
Angola,2026-02-17,6468835,INTDAILY,V09,Exchange Rates,UPDATE_NOTE,FILTERED_OUT,,"AUTOHOL: Holiday, 02/17/2026"
Angola,2026-02-17,6469063,INTDAILY,C88,International Reserves,UPDATE_NOTE,FILTERED_OUT,,"AUTOHOL: Holiday, 02/17/2026"
Angola,2026-02-17,6469509,INTDAILY,A23,Parallel Exchange Rates,UPDATE_NOTE,FILTERED_OUT,,"AUTOHOL: Holiday, 02/17/2026"
Angola,2026-02-17,6469510,INTDAILY,A24,Parallel Exchange Mid Rates,UPDATE_NOTE,FILTERED_OUT,,"AUTOHOL: Holiday, 02/17/2026"
Suriname,2026-02-17,6468903,INTDAILY,Y36,Exchange Rates,UPDATE_NOTE,FILTERED_OUT,,"AUTOHOL: Holiday, 02/17/2026"
Suriname,2026-02-17,6468904,INTDAILY,Y37,Exchange Rates [Mid],UPDATE_NOTE,FILTERED_OUT,,"AUTOHOL: Holiday, 02/17/2026"
Nepal,2026-02-18,6467377,INTDAILY,M72,Nepal Stock Exchange,UPDATE_NOTE,FILTERED_OUT,,"AUTOHOL: Holiday, 02/18/2026"
Nepal,2026-02-18,6467384,INTDAILY,M78,Exchange Rates,UPDATE_NOTE,FILTERED_OUT,,"AUTOHOL: Holiday, 02/18/2026"
Nepal,2026-02-18,6467385,INTDAILY,M79,Exchange Rates MID,UPDATE_NOTE,FILTERED_OUT,,"AUTOHOL: Holiday, 02/18/2026"
Nepal,2026-02-19,6465638,INTDAILY,M72,Nepal Stock Exchange,UPDATE_NOTE,FILTERED_OUT,,"AUTOHOL: Holiday, 02/19/2026"
Nepal,2026-02-19,6465639,INTWKLY,M78,Nepal Stock Exchange AGG,UPDATE_NOTE,FILTERED_OUT,,"AUTOHOL: Holiday, 02/19/2026"
Nepal,2026-02-19,6465649,INTDAILY,M78,Exchange Rates,UPDATE_NOTE,FILTERED_OUT,,"AUTOHOL: Holiday, 02/19/2026"
Nepal,2026-02-19,6465650,INTDAILY,M79,Exchange Rates MID,UPDATE_NOTE,FILTERED_OUT,,"AUTOHOL: Holiday, 02/19/2026"
Maldives,2026-02-18,6467549,INTDAILY,U05,Exchange Rates,UPDATE_NOTE,FILTERED_OUT,,"AUTOHOL: Holiday, 02/18/2026"
Maldives,2026-02-18,6467597,TOURISM,"C75, C76, C77",Maldives Daily Tourists,UPDATE_NOTE,FILTERED_OUT,,"AUTOHOL: Holiday, 02/18/2026"
Panama,2026-02-17,6469385,TRANSPRT,"P48, P49, P50",Gatun Lake Water Level,UPDATE_NOTE,FILTERED_OUT,,"AUTOHOL: Holiday, 02/17/2026"
Panama,2026-02-17,6469483,GLSECTOR,"W70, W59, W69",Gatun Lake Water Level Transfer,UPDATE_NOTE,FILTERED_OUT,,"AUTOHOL: Holiday, 02/17/2026"
Libya,2026-02-17,6469715,INTDAILY,"B43, B44, B45",Parallel Exchange Rate,UPDATE_NOTE,FILTERED_OUT,,"AUTOHOL: Holiday, 02/17/2026"
Libya,2026-02-17,6469587,INTDAILY,"E10, E11, E12",Exchange Rates,UPDATE_NOTE,FILTERED_OUT,,"AUTOHOL: Holiday, 02/17/2026"
Libya,2026-02-17,6469725,INTDAILY,"E27, E29, E39",LY Black Parallel Exchange Rate,UPDATE_NOTE,FILTERED_OUT,,"AUTOHOL: Holiday, 02/17/2026"
Sierra Leone,2026-02-18,6467952,INTDAILY,A04,Exchange Rates,UPDATE_NOTE,FILTERED_OUT,,"AUTOHOL: Holiday, 02/18/2026"
Bolivia,2026-02-16,6452995,INTDAILY,R97,Exchange Rates,UPDATE_NOTE,BLOCKED_MAX_UPDATES,,"AUTOHOL: Holiday, 02/16/2026"
Bolivia,2026-02-16,6453398,INTDAILY,Y53,Exchange Rates Mid-Rates Calculation,UPDATE_NOTE,BLOCKED_MAX_UPDATES,,"AUTOHOL: Holiday, 02/16/2026"
Bolivia,2026-02-17,6468024,INTDAILY,R97,Exchange Rates,UPDATE_NOTE,BLOCKED_MAX_UPDATES,,"AUTOHOL: Holiday, 02/17/2026"
Bolivia,2026-02-17,6468411,INTDAILY,Y53,Exchange Rates Mid-Rates Calculation,UPDATE_NOTE,BLOCKED_MAX_UPDATES,,"AUTOHOL: Holiday, 02/17/2026"
China,2026-02-16,6453002,CHINA,Various,INDIA/CHINA QA Feedback,SKIP_NO_CHANGE,PLANNED,"AUTOHOL: Holiday, 02/16/2026","AUTOHOL: Holiday, 02/16/2026"
China,2026-02-16,6453005,CHINA,Various groups,China CEIC,SKIP_NO_CHANGE,PLANNED,"AUTOHOL: Holiday, 02/16/2026","AUTOHOL: Holiday, 02/16/2026"
China,2026-02-16,6453153,INTDAILY,V59,Asian Stock Market -China Stock Indexes,SKIP_NO_CHANGE,PLANNED,"AUTOHOL: Holiday, 02/16/2026","AUTOHOL: Holiday, 02/16/2026"
China,2026-02-16,6453290,INTDAILY,P68,Wholesale Price Index,SKIP_NO_CHANGE,PLANNED,"AUTOHOL: Holiday, 02/16/2026","AUTOHOL: Holiday, 02/16/2026"
China,2026-02-16,6453430,CMDTY,L75,Shanghai Gold Exchange Prices,SKIP_NO_CHANGE,PLANNED,"AUTOHOL: Holiday, 02/16/2026","AUTOHOL: Holiday, 02/16/2026"
China,2026-02-16,6453484,CHINA,Various groups,China CEIC Check,SKIP_NO_CHANGE,PLANNED,"AUTOHOL: Holiday, 02/16/2026","AUTOHOL: Holiday, 02/16/2026"
China,2026-02-16,6453554,INTDAILY,S99,PBC: OMO Zero,SKIP_NO_CHANGE,PLANNED,"AUTOHOL: Holiday, 02/16/2026","AUTOHOL: Holiday, 02/16/2026"
China,2026-02-16,6453555,INTDAILY,V96,PBC: OMO Calculation,SKIP_NO_CHANGE,PLANNED,"AUTOHOL: Holiday, 02/16/2026","AUTOHOL: Holiday, 02/16/2026"
China,2026-02-16,6453578,CMDTY,L39,SHFE,SKIP_NO_CHANGE,PLANNED,"AUTOHOL: Holiday, 02/16/2026","AUTOHOL: Holiday, 02/16/2026"
China,2026-02-16,6453593,EMERGEPR,Various,CHINA to EMERGEPR Compare,SKIP_NO_CHANGE,PLANNED,"AUTOHOL: Holiday, 02/16/2026","AUTOHOL: Holiday, 02/16/2026"
China,2026-02-16,6453751,INTDAILY,S99/X95,PBoC Operations/HK CMU CHECK,SKIP_NO_CHANGE,PLANNED,"check 2/14 data | AUTOHOL: Holiday, 02/16/2026","check 2/14 data | AUTOHOL: Holiday, 02/16/2026"
China,2026-02-16,6453816,FMRCOIND,F21,OMO China Net Injection,SKIP_NO_CHANGE,PLANNED,"AUTOHOL: Holiday, 02/16/2026","AUTOHOL: Holiday, 02/16/2026"
China,2026-02-16,6453824,CHINA,Various,China CEIC,SKIP_NO_CHANGE,PLANNED,"AUTOHOL: Holiday, 02/16/2026","AUTOHOL: Holiday, 02/16/2026"
China,2026-02-16,6453873,CMDTY,M44,Oil Prices CMDTY,SKIP_NO_CHANGE,PLANNED,"AUTOHOL: Holiday, 02/16/2026","AUTOHOL: Holiday, 02/16/2026"
China,2026-02-16,6454020,INTDAILY,V67,Bond Issuance,SKIP_NO_CHANGE,PLANNED,"may have 2/14 data? | AUTOHOL: Holiday, 02/16/2026","may have 2/14 data? | AUTOHOL: Holiday, 02/16/2026"
China,2026-02-16,6456436,INTWKLY,V88,Bond Issuance (not in global must be forced manually),SKIP_NO_CHANGE,PLANNED,"AUTOHOL: Holiday, 02/16/2026","AUTOHOL: Holiday, 02/16/2026"
China,2026-02-16,6454041,TRANSPRT,"T96, T97, T98",Subway Passenger Volume for Selected Transit Agencies,SKIP_NO_CHANGE,PLANNED,"AUTOHOL: Holiday, 02/16/2026","AUTOHOL: Holiday, 02/16/2026"
China,2026-02-16,6454043,TRANSPRT,"U02, U03, U04",Subway Passenger Volume for Selected Transit Agencies - Eviews,SKIP_NO_CHANGE,PLANNED,"AUTOHOL: Holiday, 02/16/2026","AUTOHOL: Holiday, 02/16/2026"
China,2026-02-16,6454077,INTDAILY,G74,China Government Bonds,SKIP_NO_CHANGE,PLANNED,"update 2/14 data | AUTOHOL: Holiday, 02/16/2026","update 2/14 data | AUTOHOL: Holiday, 02/16/2026"
China,2026-02-16,6454180,TRANSPRT,"B12, B13, B14",China Subway Volume,SKIP_NO_CHANGE,PLANNED,"AUTOHOL: Holiday, 02/16/2026","AUTOHOL: Holiday, 02/16/2026"
China,2026-02-16,6454181,TRANSPRT,"U05, U06, U07",Baidu Congestion Index,SKIP_NO_CHANGE,PLANNED,"AUTOHOL: Holiday, 02/16/2026","AUTOHOL: Holiday, 02/16/2026"
China,2026-02-16,6454191,GLSECTOR,"F65, F66, F67",Maoyan Box,SKIP_NO_CHANGE,PLANNED,"AUTOHOL: Holiday, 02/16/2026","AUTOHOL: Holiday, 02/16/2026"
China,2026-02-16,6454194,CNSECTOR,"I65,I66,I67",Maoyan Box CMP to CNSECTOR,SKIP_NO_CHANGE,PLANNED,"AUTOHOL: Holiday, 02/16/2026","AUTOHOL: Holiday, 02/16/2026"
China,2026-02-16,6454231,INTDAILY,T86,Repeating Term Lending Facility,SKIP_NO_CHANGE,PLANNED,"AUTOHOL: Holiday, 02/16/2026","AUTOHOL: Holiday, 02/16/2026"
China,2026-02-16,6454232,CHINA,Various groups,China CEIC Check,SKIP_NO_CHANGE,PLANNED,"AUTOHOL: Holiday, 02/16/2026","AUTOHOL: Holiday, 02/16/2026"
China,2026-02-16,6454247,ENERGY,"O85, C50, C51",Coal Production and Inventory,SKIP_NO_CHANGE,PLANNED,"AUTOHOL: Holiday, 02/16/2026","AUTOHOL: Holiday, 02/16/2026"
China,2026-02-16,6454248,INTDAILY,"C85, C86, C87",Coal Production and Inventory Transfer,SKIP_NO_CHANGE,PLANNED,"AUTOHOL: Holiday, 02/16/2026","AUTOHOL: Holiday, 02/16/2026"
China,2026-02-16,6454251,INTDAILY,M18,Beijing Stock Exchange,SKIP_NO_CHANGE,PLANNED,"AUTOHOL: Holiday, 02/16/2026","AUTOHOL: Holiday, 02/16/2026"
China,2026-02-16,6454255,INTDAILY,U74,Thermal Coal Futures,SKIP_NO_CHANGE,PLANNED,"AUTOHOL: Holiday, 02/16/2026","AUTOHOL: Holiday, 02/16/2026"
China,2026-02-16,6454256,CMDTY,M51,Thermal Coal Futures Comp,SKIP_NO_CHANGE,PLANNED,"AUTOHOL: Holiday, 02/16/2026","AUTOHOL: Holiday, 02/16/2026"
China,2026-02-16,6454257,INTDAILY,I71,Treasury Yields and Medium Term Notes,SKIP_NO_CHANGE,PLANNED,"AUTOHOL: Holiday, 02/16/2026","AUTOHOL: Holiday, 02/16/2026"
China,2026-02-16,6454260,INTDAILY,G94,"Treasury Yields, Short Term Notes, Repo Rates",SKIP_NO_CHANGE,PLANNED,"AUTOHOL: Holiday, 02/16/2026","AUTOHOL: Holiday, 02/16/2026"
China,2026-02-16,6454271,INTDAILY,U60,Pledged Repo,SKIP_NO_CHANGE,PLANNED,"update 2/14 data | AUTOHOL: Holiday, 02/16/2026","update 2/14 data | AUTOHOL: Holiday, 02/16/2026"
China,2026-02-16,6454272,INTDAILY,P33,Wholesale Agricultural Prices,SKIP_NO_CHANGE,PLANNED,"AUTOHOL: Holiday, 02/16/2026","AUTOHOL: Holiday, 02/16/2026"
China,2026-02-16,6454273,CMDTY,P41,Wholesale Agricultural Prices CMP,SKIP_NO_CHANGE,PLANNED,"AUTOHOL: Holiday, 02/16/2026","AUTOHOL: Holiday, 02/16/2026"
China,2026-02-16,6454279,INTDAILY,"U17, U18, U19",Alipay Tianhong Yue Bao Fund,SKIP_NO_CHANGE,PLANNED,"AUTOHOL: Holiday, 02/16/2026","AUTOHOL: Holiday, 02/16/2026"
China,2026-02-16,6454280,INTDAILY,M24,Parity Rates CFETS,SKIP_NO_CHANGE,PLANNED,"AUTOHOL: Holiday, 02/16/2026","AUTOHOL: Holiday, 02/16/2026"
China,2026-02-16,6454282,INTDAILY,U59,Shanghai Stock Connect,SKIP_NO_CHANGE,PLANNED,"AUTOHOL: Holiday, 02/16/2026","AUTOHOL: Holiday, 02/16/2026"
China,2026-02-16,6454283,INTDAILY,U40,Shanghai Stock Exchange Trading Statistics,SKIP_NO_CHANGE,PLANNED,"AUTOHOL: Holiday, 02/16/2026","AUTOHOL: Holiday, 02/16/2026"
China,2026-02-16,6454303,INTDAILY,Various,BACKUP China CFETS to K,SKIP_NO_CHANGE,PLANNED,"AUTOHOL: Holiday, 02/16/2026","AUTOHOL: Holiday, 02/16/2026"
China,2026-02-16,6454342,INTDAILY,D40,Central Bank Bill Yields,SKIP_NO_CHANGE,PLANNED,"AUTOHOL: Holiday, 02/16/2026","AUTOHOL: Holiday, 02/16/2026"
China,2026-02-16,6454354,INTDAILY,D45,Corporate Bond Yields,SKIP_NO_CHANGE,PLANNED,"AUTOHOL: Holiday, 02/16/2026","AUTOHOL: Holiday, 02/16/2026"
China,2026-02-16,6454367,INTDAILY,D48,NCDs,SKIP_NO_CHANGE,PLANNED,"AUTOHOL: Holiday, 02/16/2026","AUTOHOL: Holiday, 02/16/2026"
China,2026-02-16,6454378,INTDAILY,D54,Government-sponsored Agency Bonds,SKIP_NO_CHANGE,PLANNED,"AUTOHOL: Holiday, 02/16/2026","AUTOHOL: Holiday, 02/16/2026"
China,2026-02-16,6454381,INTDAILY,D57,Policy Bank Bonds by Rating,SKIP_NO_CHANGE,PLANNED,"AUTOHOL: Holiday, 02/16/2026","AUTOHOL: Holiday, 02/16/2026"
China,2026-02-16,6454382,INTDAILY,D60,Corporate Bonds by Rating,SKIP_NO_CHANGE,PLANNED,"AUTOHOL: Holiday, 02/16/2026","AUTOHOL: Holiday, 02/16/2026"
China,2026-02-16,6454385,INTDAILY,D63,Medium Term Notes by Rating,SKIP_NO_CHANGE,PLANNED,"AUTOHOL: Holiday, 02/16/2026","AUTOHOL: Holiday, 02/16/2026"
China,2026-02-16,6454392,INTDAILY,D66,Local Government Bonds by Rating,SKIP_NO_CHANGE,PLANNED,"AUTOHOL: Holiday, 02/16/2026","AUTOHOL: Holiday, 02/16/2026"
China,2026-02-16,6454398,INTDAILY,D69,Financial Bonds of Commercial Banks by Rating,SKIP_NO_CHANGE,PLANNED,"AUTOHOL: Holiday, 02/16/2026","AUTOHOL: Holiday, 02/16/2026"
China,2026-02-16,6454407,INTDAILY,D72,Secondary Capital Bond of Commercial Banks,SKIP_NO_CHANGE,PLANNED,"AUTOHOL: Holiday, 02/16/2026","AUTOHOL: Holiday, 02/16/2026"
China,2026-02-16,6454413,ENERGY,K52,Oil Commodity Prices Update,SKIP_NO_CHANGE,PLANNED,"AUTOHOL: Holiday, 02/16/2026","AUTOHOL: Holiday, 02/16/2026"
China,2026-02-16,6454414,INTDAILY,P69,Oil Commodity Prices INTDAILY TRANSFER,SKIP_NO_CHANGE,PLANNED,"AUTOHOL: Holiday, 02/16/2026","AUTOHOL: Holiday, 02/16/2026"
China,2026-02-16,6454419,INTDAILY,D75,Asset-Backed Securities by Rating,SKIP_NO_CHANGE,PLANNED,"AUTOHOL: Holiday, 02/16/2026","AUTOHOL: Holiday, 02/16/2026"
China,2026-02-16,6454422,INTDAILY,D78,Commercial Paper of Securities Company by Rating,SKIP_NO_CHANGE,PLANNED,"AUTOHOL: Holiday, 02/16/2026","AUTOHOL: Holiday, 02/16/2026"
China,2026-02-16,6454423,CNSECTOR,"U05, U06, U07",Baidu Congestion Index,SKIP_NO_CHANGE,PLANNED,"AUTOHOL: Holiday, 02/16/2026","AUTOHOL: Holiday, 02/16/2026"
China,2026-02-16,6454424,CNSECTOR,"T96, T97, T98, U02, U03, U04",Subway Passenger Volume for Selected Transit Agencies CNSECTOR,SKIP_NO_CHANGE,PLANNED,"AUTOHOL: Holiday, 02/16/2026","AUTOHOL: Holiday, 02/16/2026"
China,2026-02-16,6454425,CNSECTOR,"C85, C86, C87",Coal Production and Inventory,SKIP_NO_CHANGE,PLANNED,"AUTOHOL: Holiday, 02/16/2026","AUTOHOL: Holiday, 02/16/2026"
China,2026-02-16,6454438,TRANSPRT,"U59, U66, U67",Baidu Migration Scale Index,SKIP_NO_CHANGE,PLANNED,"AUTOHOL: Holiday, 02/16/2026","AUTOHOL: Holiday, 02/16/2026"
China,2026-02-16,6454439,CNSECTOR,"U59, U66, U67",Baidu Migration Scale Index Comp,SKIP_NO_CHANGE,PLANNED,"AUTOHOL: Holiday, 02/16/2026","AUTOHOL: Holiday, 02/16/2026"
China,2026-02-16,6454486,CHINAR,D95,Air Quality Index [Province] Eviews,SKIP_NO_CHANGE,PLANNED,"AUTOHOL: Holiday, 02/16/2026","AUTOHOL: Holiday, 02/16/2026"
China,2026-02-16,6454487,INTDAILY,V42,Air Quality Index COMP to INTDAILY,SKIP_NO_CHANGE,PLANNED,"AUTOHOL: Holiday, 02/16/2026","AUTOHOL: Holiday, 02/16/2026"
China,2026-02-16,6454522,CHINAR,C97,Air Quality Index,SKIP_NO_CHANGE,PLANNED,"AUTOHOL: Holiday, 02/16/2026","AUTOHOL: Holiday, 02/16/2026"
China,2026-02-16,6454529,INTDAILY,D84,Private Placement Notes (PPN),SKIP_NO_CHANGE,PLANNED,"AUTOHOL: Holiday, 02/16/2026","AUTOHOL: Holiday, 02/16/2026"
China,2026-02-16,6454531,CMDTY,M59,SHFE Volume & Positions,SKIP_NO_CHANGE,PLANNED,"AUTOHOL: Holiday, 02/16/2026","AUTOHOL: Holiday, 02/16/2026"
China,2026-02-16,6454560,TRANSPRT,"T62, T63, T72",Yangtze Water Level - AM Comp,SKIP_NO_CHANGE,PLANNED,"AUTOHOL: Holiday, 02/16/2026","AUTOHOL: Holiday, 02/16/2026"
China,2026-02-16,6454561,GLSECTOR,"V61, V62, V63",Yangtze Water Level - PM,SKIP_NO_CHANGE,PLANNED,"AUTOHOL: Holiday, 02/16/2026","AUTOHOL: Holiday, 02/16/2026"
China,2026-02-16,6454563,TRANSPRT,"W66, W67, W68",Yangtze Water Level - PM Comp,SKIP_NO_CHANGE,PLANNED,"AUTOHOL: Holiday, 02/16/2026","AUTOHOL: Holiday, 02/16/2026"
China,2026-02-16,6454564,GLSECTOR,"V67, V68, V69",Yangtze Water Level - AM,SKIP_NO_CHANGE,PLANNED,"AUTOHOL: Holiday, 02/16/2026","AUTOHOL: Holiday, 02/16/2026"
China,2026-02-16,6454573,INTDAILY,"D91, D92, D93",Forward Rates,SKIP_NO_CHANGE,PLANNED,"AUTOHOL: Holiday, 02/16/2026","AUTOHOL: Holiday, 02/16/2026"
China,2026-02-16,6454629,TRANSPRT,C83,Selected Weekly Transportation Indicators,SKIP_NO_CHANGE,PLANNED,"AUTOHOL: Holiday, 02/16/2026","AUTOHOL: Holiday, 02/16/2026"
China,2026-02-16,6454714,INTDAILY,Various,CFETS Daily Bulletin Backup,SKIP_NO_CHANGE,PLANNED,"AUTOHOL: Holiday, 02/16/2026","AUTOHOL: Holiday, 02/16/2026"
China,2026-02-16,6454723,INTDAILY,"K59, K76, K77",Interest Rate Swap,SKIP_NO_CHANGE,PLANNED,"update 2/14 data | AUTOHOL: Holiday, 02/16/2026","update 2/14 data | AUTOHOL: Holiday, 02/16/2026"
China,2026-02-16,6454731,CMDTY,L55,Shanghai Gold Exchange Benchmark,SKIP_NO_CHANGE,PLANNED,"AUTOHOL: Holiday, 02/16/2026","AUTOHOL: Holiday, 02/16/2026"
China,2026-02-16,6454764,INTDAILY,K97,Margin Trading Transaction,SKIP_NO_CHANGE,PLANNED,"AUTOHOL: Holiday, 02/16/2026","AUTOHOL: Holiday, 02/16/2026"
China,2026-02-16,6454765,INTWKLY,K97,Margin Trading Transaction AGG,SKIP_NO_CHANGE,PLANNED,"AUTOHOL: Holiday, 02/16/2026","AUTOHOL: Holiday, 02/16/2026"
China,2026-02-16,6454783,CMDTY,M30,Shanghai Metals Market Prices,SKIP_NO_CHANGE,PLANNED,"AUTOHOL: Holiday, 02/16/2026","AUTOHOL: Holiday, 02/16/2026"
China,2026-02-16,6469757,TRANSPRT,"U83,U95,U96",LNY Passenger Volume,SKIP_NO_CHANGE,PLANNED,"AUTOHOL: Holiday, 02/16/2026","AUTOHOL: Holiday, 02/16/2026"
China,2026-02-17,6468031,CHINA,Various,INDIA/CHINA QA Feedback,SKIP_NO_CHANGE,PLANNED,"AUTOHOL: Holiday, 02/17/2026","AUTOHOL: Holiday, 02/17/2026"
China,2026-02-17,6468034,CHINA,Various groups,China CEIC,SKIP_NO_CHANGE,PLANNED,"AUTOHOL: Holiday, 02/17/2026","AUTOHOL: Holiday, 02/17/2026"
China,2026-02-17,6468175,INTDAILY,V59,Asian Stock Market -China Stock Indexes,SKIP_NO_CHANGE,PLANNED,"AUTOHOL: Holiday, 02/17/2026","AUTOHOL: Holiday, 02/17/2026"
China,2026-02-17,6468311,INTDAILY,P68,Wholesale Price Index,SKIP_NO_CHANGE,PLANNED,"AUTOHOL: Holiday, 02/17/2026","AUTOHOL: Holiday, 02/17/2026"
China,2026-02-17,6468440,CMDTY,L75,Shanghai Gold Exchange Prices,SKIP_NO_CHANGE,PLANNED,"AUTOHOL: Holiday, 02/17/2026","AUTOHOL: Holiday, 02/17/2026"
China,2026-02-17,6468489,CHINA,Various groups,China CEIC Check,SKIP_NO_CHANGE,PLANNED,"AUTOHOL: Holiday, 02/17/2026","AUTOHOL: Holiday, 02/17/2026"
China,2026-02-17,6468563,INTDAILY,S99,PBC: OMO Zero,SKIP_NO_CHANGE,PLANNED,"AUTOHOL: Holiday, 02/17/2026","AUTOHOL: Holiday, 02/17/2026"
China,2026-02-17,6468564,INTDAILY,V96,PBC: OMO Calculation,SKIP_NO_CHANGE,PLANNED,"AUTOHOL: Holiday, 02/17/2026","AUTOHOL: Holiday, 02/17/2026"
China,2026-02-17,6468592,CMDTY,L39,SHFE,SKIP_NO_CHANGE,PLANNED,"AUTOHOL: Holiday, 02/17/2026","AUTOHOL: Holiday, 02/17/2026"
China,2026-02-17,6468606,EMERGEPR,Various,CHINA to EMERGEPR Compare,SKIP_NO_CHANGE,PLANNED,"AUTOHOL: Holiday, 02/17/2026","AUTOHOL: Holiday, 02/17/2026"
China,2026-02-17,6468686,INTWKLY,T66,China Agricultural Food Prices,SKIP_NO_CHANGE,PLANNED,"AUTOHOL: Holiday, 02/17/2026","AUTOHOL: Holiday, 02/17/2026"
China,2026-02-17,6468803,FMRCOIND,F21,OMO China Net Injection,SKIP_NO_CHANGE,PLANNED,"AUTOHOL: Holiday, 02/17/2026","AUTOHOL: Holiday, 02/17/2026"
China,2026-02-17,6468809,CHINA,Various,China CEIC,SKIP_NO_CHANGE,PLANNED,"AUTOHOL: Holiday, 02/17/2026","AUTOHOL: Holiday, 02/17/2026"
China,2026-02-17,6468995,TRANSPRT,"T96, T97, T98",Subway Passenger Volume for Selected Transit Agencies,SKIP_NO_CHANGE,PLANNED,"AUTOHOL: Holiday, 02/17/2026","AUTOHOL: Holiday, 02/17/2026"
China,2026-02-17,6468999,TRANSPRT,"U02, U03, U04",Subway Passenger Volume for Selected Transit Agencies - Eviews,SKIP_NO_CHANGE,PLANNED,"AUTOHOL: Holiday, 02/17/2026","AUTOHOL: Holiday, 02/17/2026"
China,2026-02-17,6469109,TRANSPRT,"B12, B13, B14",China Subway Volume,SKIP_NO_CHANGE,PLANNED,"AUTOHOL: Holiday, 02/17/2026","AUTOHOL: Holiday, 02/17/2026"
China,2026-02-17,6469110,TRANSPRT,"U05, U06, U07",Baidu Congestion Index,SKIP_NO_CHANGE,PLANNED,"AUTOHOL: Holiday, 02/17/2026","AUTOHOL: Holiday, 02/17/2026"
China,2026-02-17,6469119,GLSECTOR,"F65, F66, F67",Maoyan Box,SKIP_NO_CHANGE,PLANNED,"AUTOHOL: Holiday, 02/17/2026","AUTOHOL: Holiday, 02/17/2026"
China,2026-02-17,6469121,CNSECTOR,"I65,I66,I67",Maoyan Box CMP to CNSECTOR,SKIP_NO_CHANGE,PLANNED,"AUTOHOL: Holiday, 02/17/2026","AUTOHOL: Holiday, 02/17/2026"
China,2026-02-17,6469155,INTDAILY,T86,Repeating Term Lending Facility,SKIP_NO_CHANGE,PLANNED,"AUTOHOL: Holiday, 02/17/2026","AUTOHOL: Holiday, 02/17/2026"
China,2026-02-17,6469156,CHINA,Various groups,China CEIC Check,SKIP_NO_CHANGE,PLANNED,"AUTOHOL: Holiday, 02/17/2026","AUTOHOL: Holiday, 02/17/2026"
China,2026-02-17,6469167,ENERGY,"O85, C50, C51",Coal Production and Inventory,SKIP_NO_CHANGE,PLANNED,"AUTOHOL: Holiday, 02/17/2026","AUTOHOL: Holiday, 02/17/2026"
China,2026-02-17,6469168,INTDAILY,"C85, C86, C87",Coal Production and Inventory Transfer,SKIP_NO_CHANGE,PLANNED,"AUTOHOL: Holiday, 02/17/2026","AUTOHOL: Holiday, 02/17/2026"
China,2026-02-17,6469173,INTDAILY,M18,Beijing Stock Exchange,SKIP_NO_CHANGE,PLANNED,"AUTOHOL: Holiday, 02/17/2026","AUTOHOL: Holiday, 02/17/2026"
China,2026-02-17,6469176,INTDAILY,U74,Thermal Coal Futures,SKIP_NO_CHANGE,PLANNED,"AUTOHOL: Holiday, 02/17/2026","AUTOHOL: Holiday, 02/17/2026"
China,2026-02-17,6469177,CMDTY,M51,Thermal Coal Futures Comp,SKIP_NO_CHANGE,PLANNED,"AUTOHOL: Holiday, 02/17/2026","AUTOHOL: Holiday, 02/17/2026"
China,2026-02-17,6469178,INTDAILY,I71,Treasury Yields and Medium Term Notes,SKIP_NO_CHANGE,PLANNED,"AUTOHOL: Holiday, 02/17/2026","AUTOHOL: Holiday, 02/17/2026"
China,2026-02-17,6469181,INTDAILY,G94,"Treasury Yields, Short Term Notes, Repo Rates",SKIP_NO_CHANGE,PLANNED,"AUTOHOL: Holiday, 02/17/2026","AUTOHOL: Holiday, 02/17/2026"
China,2026-02-17,6469190,INTDAILY,P33,Wholesale Agricultural Prices,SKIP_NO_CHANGE,PLANNED,"AUTOHOL: Holiday, 02/17/2026","AUTOHOL: Holiday, 02/17/2026"
China,2026-02-17,6469191,CMDTY,P41,Wholesale Agricultural Prices CMP,SKIP_NO_CHANGE,PLANNED,"AUTOHOL: Holiday, 02/17/2026","AUTOHOL: Holiday, 02/17/2026"
China,2026-02-17,6469197,INTDAILY,"U17, U18, U19",Alipay Tianhong Yue Bao Fund,SKIP_NO_CHANGE,PLANNED,"AUTOHOL: Holiday, 02/17/2026","AUTOHOL: Holiday, 02/17/2026"
China,2026-02-17,6469198,INTDAILY,M24,Parity Rates CFETS,SKIP_NO_CHANGE,PLANNED,"AUTOHOL: Holiday, 02/17/2026","AUTOHOL: Holiday, 02/17/2026"
China,2026-02-17,6469200,INTDAILY,U59,Shanghai Stock Connect,SKIP_NO_CHANGE,PLANNED,"AUTOHOL: Holiday, 02/17/2026","AUTOHOL: Holiday, 02/17/2026"
China,2026-02-17,6469201,INTDAILY,U40,Shanghai Stock Exchange Trading Statistics,SKIP_NO_CHANGE,PLANNED,"AUTOHOL: Holiday, 02/17/2026","AUTOHOL: Holiday, 02/17/2026"
China,2026-02-17,6469222,INTDAILY,Various,BACKUP China CFETS to K,SKIP_NO_CHANGE,PLANNED,"AUTOHOL: Holiday, 02/17/2026","AUTOHOL: Holiday, 02/17/2026"
China,2026-02-17,6469253,INTDAILY,D40,Central Bank Bill Yields,SKIP_NO_CHANGE,PLANNED,"AUTOHOL: Holiday, 02/17/2026","AUTOHOL: Holiday, 02/17/2026"
China,2026-02-17,6469262,INTDAILY,D45,Corporate Bond Yields,SKIP_NO_CHANGE,PLANNED,"AUTOHOL: Holiday, 02/17/2026","AUTOHOL: Holiday, 02/17/2026"
China,2026-02-17,6469274,INTDAILY,D48,NCDs,SKIP_NO_CHANGE,PLANNED,"AUTOHOL: Holiday, 02/17/2026","AUTOHOL: Holiday, 02/17/2026"
China,2026-02-17,6469284,INTDAILY,D54,Government-sponsored Agency Bonds,SKIP_NO_CHANGE,PLANNED,"AUTOHOL: Holiday, 02/17/2026","AUTOHOL: Holiday, 02/17/2026"
China,2026-02-17,6469287,INTDAILY,D57,Policy Bank Bonds by Rating,SKIP_NO_CHANGE,PLANNED,"AUTOHOL: Holiday, 02/17/2026","AUTOHOL: Holiday, 02/17/2026"
China,2026-02-17,6469288,INTDAILY,D60,Corporate Bonds by Rating,SKIP_NO_CHANGE,PLANNED,"AUTOHOL: Holiday, 02/17/2026","AUTOHOL: Holiday, 02/17/2026"
China,2026-02-17,6469292,INTDAILY,D63,Medium Term Notes by Rating,SKIP_NO_CHANGE,PLANNED,"AUTOHOL: Holiday, 02/17/2026","AUTOHOL: Holiday, 02/17/2026"
China,2026-02-17,6469299,INTDAILY,D66,Local Government Bonds by Rating,SKIP_NO_CHANGE,PLANNED,"AUTOHOL: Holiday, 02/17/2026","AUTOHOL: Holiday, 02/17/2026"
China,2026-02-17,6469304,INTWKLY,K85,Coal Production and Inventory Agg,SKIP_NO_CHANGE,PLANNED,"AUTOHOL: Holiday, 02/17/2026","AUTOHOL: Holiday, 02/17/2026"
China,2026-02-17,6469308,INTDAILY,D69,Financial Bonds of Commercial Banks by Rating,SKIP_NO_CHANGE,PLANNED,"AUTOHOL: Holiday, 02/17/2026","AUTOHOL: Holiday, 02/17/2026"
China,2026-02-17,6469321,INTDAILY,D72,Secondary Capital Bond of Commercial Banks,SKIP_NO_CHANGE,PLANNED,"AUTOHOL: Holiday, 02/17/2026","AUTOHOL: Holiday, 02/17/2026"
China,2026-02-17,6469325,ENERGY,K52,Oil Commodity Prices Update,SKIP_NO_CHANGE,PLANNED,"AUTOHOL: Holiday, 02/17/2026","AUTOHOL: Holiday, 02/17/2026"
China,2026-02-17,6469326,INTDAILY,P69,Oil Commodity Prices INTDAILY TRANSFER,SKIP_NO_CHANGE,PLANNED,"AUTOHOL: Holiday, 02/17/2026","AUTOHOL: Holiday, 02/17/2026"
China,2026-02-17,6469331,INTDAILY,D75,Asset-Backed Securities by Rating,SKIP_NO_CHANGE,PLANNED,"AUTOHOL: Holiday, 02/17/2026","AUTOHOL: Holiday, 02/17/2026"
China,2026-02-17,6469333,INTDAILY,D78,Commercial Paper of Securities Company by Rating,SKIP_NO_CHANGE,PLANNED,"AUTOHOL: Holiday, 02/17/2026","AUTOHOL: Holiday, 02/17/2026"
China,2026-02-17,6469334,CNSECTOR,"U05, U06, U07",Baidu Congestion Index,SKIP_NO_CHANGE,PLANNED,"AUTOHOL: Holiday, 02/17/2026","AUTOHOL: Holiday, 02/17/2026"
China,2026-02-17,6469335,CNSECTOR,"T96, T97, T98, U02, U03, U04",Subway Passenger Volume for Selected Transit Agencies CNSECTOR,SKIP_NO_CHANGE,PLANNED,"AUTOHOL: Holiday, 02/17/2026","AUTOHOL: Holiday, 02/17/2026"
China,2026-02-17,6469336,CNSECTOR,"C85, C86, C87",Coal Production and Inventory,SKIP_NO_CHANGE,PLANNED,"AUTOHOL: Holiday, 02/17/2026","AUTOHOL: Holiday, 02/17/2026"
China,2026-02-17,6469346,TRANSPRT,"U59, U66, U67",Baidu Migration Scale Index,SKIP_NO_CHANGE,PLANNED,"AUTOHOL: Holiday, 02/17/2026","AUTOHOL: Holiday, 02/17/2026"
China,2026-02-17,6469347,CNSECTOR,"U59, U66, U67",Baidu Migration Scale Index Comp,SKIP_NO_CHANGE,PLANNED,"AUTOHOL: Holiday, 02/17/2026","AUTOHOL: Holiday, 02/17/2026"
China,2026-02-17,6469400,CHINAR,D95,Air Quality Index [Province] Eviews,SKIP_NO_CHANGE,PLANNED,"AUTOHOL: Holiday, 02/17/2026","AUTOHOL: Holiday, 02/17/2026"
China,2026-02-17,6469401,INTDAILY,V42,Air Quality Index COMP to INTDAILY,SKIP_NO_CHANGE,PLANNED,"AUTOHOL: Holiday, 02/17/2026","AUTOHOL: Holiday, 02/17/2026"
China,2026-02-17,6469428,CHINAR,C97,Air Quality Index,SKIP_NO_CHANGE,PLANNED,"AUTOHOL: Holiday, 02/17/2026","AUTOHOL: Holiday, 02/17/2026"
China,2026-02-17,6469435,INTDAILY,D84,Private Placement Notes (PPN),SKIP_NO_CHANGE,PLANNED,"AUTOHOL: Holiday, 02/17/2026","AUTOHOL: Holiday, 02/17/2026"
China,2026-02-17,6469438,CMDTY,M59,SHFE Volume & Positions,SKIP_NO_CHANGE,PLANNED,"AUTOHOL: Holiday, 02/17/2026","AUTOHOL: Holiday, 02/17/2026"
China,2026-02-17,6469465,TRANSPRT,"T62, T63, T72",Yangtze Water Level - AM Comp,SKIP_NO_CHANGE,PLANNED,"AUTOHOL: Holiday, 02/17/2026","AUTOHOL: Holiday, 02/17/2026"
China,2026-02-17,6469466,GLSECTOR,"V61, V62, V63",Yangtze Water Level - PM,SKIP_NO_CHANGE,PLANNED,"AUTOHOL: Holiday, 02/17/2026","AUTOHOL: Holiday, 02/17/2026"
China,2026-02-17,6469468,TRANSPRT,"W66, W67, W68",Yangtze Water Level - PM Comp,SKIP_NO_CHANGE,PLANNED,"AUTOHOL: Holiday, 02/17/2026","AUTOHOL: Holiday, 02/17/2026"
China,2026-02-17,6469469,GLSECTOR,"V67, V68, V69",Yangtze Water Level - AM,SKIP_NO_CHANGE,PLANNED,"AUTOHOL: Holiday, 02/17/2026","AUTOHOL: Holiday, 02/17/2026"
China,2026-02-17,6469479,INTDAILY,"D91, D92, D93",Forward Rates,SKIP_NO_CHANGE,PLANNED,"AUTOHOL: Holiday, 02/17/2026","AUTOHOL: Holiday, 02/17/2026"
China,2026-02-17,6469619,INTDAILY,Various,CFETS Daily Bulletin Backup,SKIP_NO_CHANGE,PLANNED,"AUTOHOL: Holiday, 02/17/2026","AUTOHOL: Holiday, 02/17/2026"
China,2026-02-17,6469632,CMDTY,L55,Shanghai Gold Exchange Benchmark,SKIP_NO_CHANGE,PLANNED,"AUTOHOL: Holiday, 02/17/2026","AUTOHOL: Holiday, 02/17/2026"
China,2026-02-17,6469679,CMDTY,M30,Shanghai Metals Market Prices,SKIP_NO_CHANGE,PLANNED,"AUTOHOL: Holiday, 02/17/2026","AUTOHOL: Holiday, 02/17/2026"
China,2026-02-17,6469756,TRANSPRT,"U83,U95,U96",LNY Passenger Volume,SKIP_NO_CHANGE,PLANNED,"AUTOHOL: Holiday, 02/17/2026","AUTOHOL: Holiday, 02/17/2026"
China,2026-02-18,6466305,CHINA,Various,INDIA/CHINA QA Feedback,SKIP_NO_CHANGE,PLANNED,"AUTOHOL: Holiday, 02/18/2026","AUTOHOL: Holiday, 02/18/2026"
China,2026-02-18,6466308,CHINA,Various groups,China CEIC,SKIP_NO_CHANGE,PLANNED,"AUTOHOL: Holiday, 02/18/2026","AUTOHOL: Holiday, 02/18/2026"
China,2026-02-18,6466447,INTDAILY,V59,Asian Stock Market -China Stock Indexes,SKIP_NO_CHANGE,PLANNED,"AUTOHOL: Holiday, 02/18/2026","AUTOHOL: Holiday, 02/18/2026"
China,2026-02-18,6466586,INTDAILY,P68,Wholesale Price Index,SKIP_NO_CHANGE,PLANNED,"AUTOHOL: Holiday, 02/18/2026","AUTOHOL: Holiday, 02/18/2026"
China,2026-02-18,6466719,CMDTY,L75,Shanghai Gold Exchange Prices,SKIP_NO_CHANGE,PLANNED,"AUTOHOL: Holiday, 02/18/2026","AUTOHOL: Holiday, 02/18/2026"
China,2026-02-18,6466771,CHINA,Various groups,China CEIC Check,SKIP_NO_CHANGE,PLANNED,"AUTOHOL: Holiday, 02/18/2026","AUTOHOL: Holiday, 02/18/2026"
China,2026-02-18,6466841,INTDAILY,S99,PBC: OMO Zero,SKIP_NO_CHANGE,PLANNED,"AUTOHOL: Holiday, 02/18/2026","AUTOHOL: Holiday, 02/18/2026"
China,2026-02-18,6466842,INTDAILY,V96,PBC: OMO Calculation,SKIP_NO_CHANGE,PLANNED,"AUTOHOL: Holiday, 02/18/2026","AUTOHOL: Holiday, 02/18/2026"
China,2026-02-18,6466868,CMDTY,L39,SHFE,SKIP_NO_CHANGE,PLANNED,"AUTOHOL: Holiday, 02/18/2026","AUTOHOL: Holiday, 02/18/2026"
China,2026-02-18,6466882,EMERGEPR,Various,CHINA to EMERGEPR Compare,SKIP_NO_CHANGE,PLANNED,"AUTOHOL: Holiday, 02/18/2026","AUTOHOL: Holiday, 02/18/2026"
China,2026-02-18,6467082,FMRCOIND,F21,OMO China Net Injection,SKIP_NO_CHANGE,PLANNED,"AUTOHOL: Holiday, 02/18/2026","AUTOHOL: Holiday, 02/18/2026"
China,2026-02-18,6467088,CHINA,Various,China CEIC,SKIP_NO_CHANGE,PLANNED,"AUTOHOL: Holiday, 02/18/2026","AUTOHOL: Holiday, 02/18/2026"
China,2026-02-18,6467225,ENERGY,O06,Import Price of LNG,SKIP_NO_CHANGE,PLANNED,"AUTOHOL: Holiday, 02/18/2026","AUTOHOL: Holiday, 02/18/2026"
China,2026-02-18,6467280,TRANSPRT,"T96, T97, T98",Subway Passenger Volume for Selected Transit Agencies,SKIP_NO_CHANGE,PLANNED,"AUTOHOL: Holiday, 02/18/2026","AUTOHOL: Holiday, 02/18/2026"
China,2026-02-18,6467287,TRANSPRT,"U02, U03, U04",Subway Passenger Volume for Selected Transit Agencies - Eviews,SKIP_NO_CHANGE,PLANNED,"AUTOHOL: Holiday, 02/18/2026","AUTOHOL: Holiday, 02/18/2026"
China,2026-02-18,6467398,TRANSPRT,"B12, B13, B14",China Subway Volume,SKIP_NO_CHANGE,PLANNED,"AUTOHOL: Holiday, 02/18/2026","AUTOHOL: Holiday, 02/18/2026"
China,2026-02-18,6467399,TRANSPRT,"U05, U06, U07",Baidu Congestion Index,SKIP_NO_CHANGE,PLANNED,"AUTOHOL: Holiday, 02/18/2026","AUTOHOL: Holiday, 02/18/2026"
China,2026-02-18,6467410,GLSECTOR,"F65, F66, F67",Maoyan Box,SKIP_NO_CHANGE,PLANNED,"AUTOHOL: Holiday, 02/18/2026","AUTOHOL: Holiday, 02/18/2026"
China,2026-02-18,6467412,CNSECTOR,"I65,I66,I67",Maoyan Box CMP to CNSECTOR,SKIP_NO_CHANGE,PLANNED,"AUTOHOL: Holiday, 02/18/2026","AUTOHOL: Holiday, 02/18/2026"
China,2026-02-18,6467457,INTDAILY,T86,Repeating Term Lending Facility,SKIP_NO_CHANGE,PLANNED,"AUTOHOL: Holiday, 02/18/2026","AUTOHOL: Holiday, 02/18/2026"
China,2026-02-18,6467458,CHINA,Various groups,China CEIC Check,SKIP_NO_CHANGE,PLANNED,"AUTOHOL: Holiday, 02/18/2026","AUTOHOL: Holiday, 02/18/2026"
China,2026-02-18,6467470,ENERGY,"O85, C50, C51",Coal Production and Inventory,SKIP_NO_CHANGE,PLANNED,"AUTOHOL: Holiday, 02/18/2026","AUTOHOL: Holiday, 02/18/2026"
China,2026-02-18,6467471,INTDAILY,"C85, C86, C87",Coal Production and Inventory Transfer,SKIP_NO_CHANGE,PLANNED,"AUTOHOL: Holiday, 02/18/2026","AUTOHOL: Holiday, 02/18/2026"
China,2026-02-18,6467474,INTDAILY,M18,Beijing Stock Exchange,SKIP_NO_CHANGE,PLANNED,"AUTOHOL: Holiday, 02/18/2026","AUTOHOL: Holiday, 02/18/2026"
China,2026-02-18,6467476,INTDAILY,U74,Thermal Coal Futures,SKIP_NO_CHANGE,PLANNED,"AUTOHOL: Holiday, 02/18/2026","AUTOHOL: Holiday, 02/18/2026"
China,2026-02-18,6467477,CMDTY,M51,Thermal Coal Futures Comp,SKIP_NO_CHANGE,PLANNED,"AUTOHOL: Holiday, 02/18/2026","AUTOHOL: Holiday, 02/18/2026"
China,2026-02-18,6467478,INTDAILY,I71,Treasury Yields and Medium Term Notes,SKIP_NO_CHANGE,PLANNED,"AUTOHOL: Holiday, 02/18/2026","AUTOHOL: Holiday, 02/18/2026"
China,2026-02-18,6467481,INTDAILY,G94,"Treasury Yields, Short Term Notes, Repo Rates",SKIP_NO_CHANGE,PLANNED,"AUTOHOL: Holiday, 02/18/2026","AUTOHOL: Holiday, 02/18/2026"
China,2026-02-18,6467491,INTDAILY,P33,Wholesale Agricultural Prices,SKIP_NO_CHANGE,PLANNED,"AUTOHOL: Holiday, 02/18/2026","AUTOHOL: Holiday, 02/18/2026"
China,2026-02-18,6467492,CMDTY,P41,Wholesale Agricultural Prices CMP,SKIP_NO_CHANGE,PLANNED,"AUTOHOL: Holiday, 02/18/2026","AUTOHOL: Holiday, 02/18/2026"
China,2026-02-18,6467498,INTDAILY,"U17, U18, U19",Alipay Tianhong Yue Bao Fund,SKIP_NO_CHANGE,PLANNED,"AUTOHOL: Holiday, 02/18/2026","AUTOHOL: Holiday, 02/18/2026"
China,2026-02-18,6467499,INTDAILY,M24,Parity Rates CFETS,SKIP_NO_CHANGE,PLANNED,"AUTOHOL: Holiday, 02/18/2026","AUTOHOL: Holiday, 02/18/2026"
China,2026-02-18,6467501,INTDAILY,U59,Shanghai Stock Connect,SKIP_NO_CHANGE,PLANNED,"AUTOHOL: Holiday, 02/18/2026","AUTOHOL: Holiday, 02/18/2026"
China,2026-02-18,6467502,INTDAILY,U40,Shanghai Stock Exchange Trading Statistics,SKIP_NO_CHANGE,PLANNED,"AUTOHOL: Holiday, 02/18/2026","AUTOHOL: Holiday, 02/18/2026"
China,2026-02-18,6467525,INTDAILY,Various,BACKUP China CFETS to K,SKIP_NO_CHANGE,PLANNED,"AUTOHOL: Holiday, 02/18/2026","AUTOHOL: Holiday, 02/18/2026"
China,2026-02-18,6467558,INTDAILY,D40,Central Bank Bill Yields,SKIP_NO_CHANGE,PLANNED,"AUTOHOL: Holiday, 02/18/2026","AUTOHOL: Holiday, 02/18/2026"
China,2026-02-18,6467568,INTDAILY,D45,Corporate Bond Yields,SKIP_NO_CHANGE,PLANNED,"AUTOHOL: Holiday, 02/18/2026","AUTOHOL: Holiday, 02/18/2026"
China,2026-02-18,6467580,INTDAILY,D48,NCDs,SKIP_NO_CHANGE,PLANNED,"AUTOHOL: Holiday, 02/18/2026","AUTOHOL: Holiday, 02/18/2026"
China,2026-02-18,6467591,INTDAILY,D54,Government-sponsored Agency Bonds,SKIP_NO_CHANGE,PLANNED,"AUTOHOL: Holiday, 02/18/2026","AUTOHOL: Holiday, 02/18/2026"
China,2026-02-18,6467594,INTDAILY,D57,Policy Bank Bonds by Rating,SKIP_NO_CHANGE,PLANNED,"AUTOHOL: Holiday, 02/18/2026","AUTOHOL: Holiday, 02/18/2026"
China,2026-02-18,6467595,INTDAILY,D60,Corporate Bonds by Rating,SKIP_NO_CHANGE,PLANNED,"AUTOHOL: Holiday, 02/18/2026","AUTOHOL: Holiday, 02/18/2026"
China,2026-02-18,6467599,INTDAILY,D63,Medium Term Notes by Rating,SKIP_NO_CHANGE,PLANNED,"AUTOHOL: Holiday, 02/18/2026","AUTOHOL: Holiday, 02/18/2026"
China,2026-02-18,6467604,INTDAILY,D66,Local Government Bonds by Rating,SKIP_NO_CHANGE,PLANNED,"AUTOHOL: Holiday, 02/18/2026","AUTOHOL: Holiday, 02/18/2026"
China,2026-02-18,6467609,INTDAILY,D69,Financial Bonds of Commercial Banks by Rating,SKIP_NO_CHANGE,PLANNED,"AUTOHOL: Holiday, 02/18/2026","AUTOHOL: Holiday, 02/18/2026"
China,2026-02-18,6467617,INTDAILY,D72,Secondary Capital Bond of Commercial Banks,SKIP_NO_CHANGE,PLANNED,"AUTOHOL: Holiday, 02/18/2026","AUTOHOL: Holiday, 02/18/2026"
China,2026-02-18,6467621,ENERGY,K52,Oil Commodity Prices Update,SKIP_NO_CHANGE,PLANNED,"AUTOHOL: Holiday, 02/18/2026","AUTOHOL: Holiday, 02/18/2026"
China,2026-02-18,6467622,INTDAILY,P69,Oil Commodity Prices INTDAILY TRANSFER,SKIP_NO_CHANGE,PLANNED,"AUTOHOL: Holiday, 02/18/2026","AUTOHOL: Holiday, 02/18/2026"
China,2026-02-18,6467627,INTDAILY,D75,Asset-Backed Securities by Rating,SKIP_NO_CHANGE,PLANNED,"AUTOHOL: Holiday, 02/18/2026","AUTOHOL: Holiday, 02/18/2026"
China,2026-02-18,6467629,INTDAILY,D78,Commercial Paper of Securities Company by Rating,SKIP_NO_CHANGE,PLANNED,"AUTOHOL: Holiday, 02/18/2026","AUTOHOL: Holiday, 02/18/2026"
China,2026-02-18,6467630,CNSECTOR,"U05, U06, U07",Baidu Congestion Index,SKIP_NO_CHANGE,PLANNED,"AUTOHOL: Holiday, 02/18/2026","AUTOHOL: Holiday, 02/18/2026"
China,2026-02-18,6467631,CNSECTOR,"T96, T97, T98, U02, U03, U04",Subway Passenger Volume for Selected Transit Agencies CNSECTOR,SKIP_NO_CHANGE,PLANNED,"AUTOHOL: Holiday, 02/18/2026","AUTOHOL: Holiday, 02/18/2026"
China,2026-02-18,6467632,CNSECTOR,"C85, C86, C87",Coal Production and Inventory,SKIP_NO_CHANGE,PLANNED,"AUTOHOL: Holiday, 02/18/2026","AUTOHOL: Holiday, 02/18/2026"
China,2026-02-18,6467642,TRANSPRT,"U59, U66, U67",Baidu Migration Scale Index,SKIP_NO_CHANGE,PLANNED,"AUTOHOL: Holiday, 02/18/2026","AUTOHOL: Holiday, 02/18/2026"
China,2026-02-18,6467643,CNSECTOR,"U59, U66, U67",Baidu Migration Scale Index Comp,SKIP_NO_CHANGE,PLANNED,"AUTOHOL: Holiday, 02/18/2026","AUTOHOL: Holiday, 02/18/2026"
China,2026-02-18,6467690,CHINAR,D95,Air Quality Index [Province] Eviews,SKIP_NO_CHANGE,PLANNED,"AUTOHOL: Holiday, 02/18/2026","AUTOHOL: Holiday, 02/18/2026"
China,2026-02-18,6467691,INTDAILY,V42,Air Quality Index COMP to INTDAILY,SKIP_NO_CHANGE,PLANNED,"AUTOHOL: Holiday, 02/18/2026","AUTOHOL: Holiday, 02/18/2026"
China,2026-02-18,6467729,CHINAR,C97,Air Quality Index,SKIP_NO_CHANGE,PLANNED,"AUTOHOL: Holiday, 02/18/2026","AUTOHOL: Holiday, 02/18/2026"
China,2026-02-18,6467738,INTDAILY,D84,Private Placement Notes (PPN),SKIP_NO_CHANGE,PLANNED,"AUTOHOL: Holiday, 02/18/2026","AUTOHOL: Holiday, 02/18/2026"
China,2026-02-18,6467740,CMDTY,M59,SHFE Volume & Positions,SKIP_NO_CHANGE,PLANNED,"AUTOHOL: Holiday, 02/18/2026","AUTOHOL: Holiday, 02/18/2026"
China,2026-02-18,6467764,TRANSPRT,"T62, T63, T72",Yangtze Water Level - AM Comp,SKIP_NO_CHANGE,PLANNED,"AUTOHOL: Holiday, 02/18/2026","AUTOHOL: Holiday, 02/18/2026"
China,2026-02-18,6467765,GLSECTOR,"V61, V62, V63",Yangtze Water Level - PM,SKIP_NO_CHANGE,PLANNED,"AUTOHOL: Holiday, 02/18/2026","AUTOHOL: Holiday, 02/18/2026"
China,2026-02-18,6467767,TRANSPRT,"W66, W67, W68",Yangtze Water Level - PM Comp,SKIP_NO_CHANGE,PLANNED,"AUTOHOL: Holiday, 02/18/2026","AUTOHOL: Holiday, 02/18/2026"
China,2026-02-18,6467768,GLSECTOR,"V67, V68, V69",Yangtze Water Level - AM,SKIP_NO_CHANGE,PLANNED,"AUTOHOL: Holiday, 02/18/2026","AUTOHOL: Holiday, 02/18/2026"
China,2026-02-18,6467779,INTDAILY,"D91, D92, D93",Forward Rates,SKIP_NO_CHANGE,PLANNED,"AUTOHOL: Holiday, 02/18/2026","AUTOHOL: Holiday, 02/18/2026"
China,2026-02-18,6467926,INTDAILY,Various,CFETS Daily Bulletin Backup,SKIP_NO_CHANGE,PLANNED,"AUTOHOL: Holiday, 02/18/2026","AUTOHOL: Holiday, 02/18/2026"
China,2026-02-18,6467941,CMDTY,L55,Shanghai Gold Exchange Benchmark,SKIP_NO_CHANGE,PLANNED,"AUTOHOL: Holiday, 02/18/2026","AUTOHOL: Holiday, 02/18/2026"
China,2026-02-18,6467989,CMDTY,M30,Shanghai Metals Market Prices,SKIP_NO_CHANGE,PLANNED,"AUTOHOL: Holiday, 02/18/2026","AUTOHOL: Holiday, 02/18/2026"
China,2026-02-18,6469755,TRANSPRT,"U83,U95,U96",LNY Passenger Volume,SKIP_NO_CHANGE,PLANNED,"AUTOHOL: Holiday, 02/18/2026","AUTOHOL: Holiday, 02/18/2026"
China,2026-02-19,6464492,CHINA,Various,INDIA/CHINA QA Feedback,SKIP_NO_CHANGE,PLANNED,"AUTOHOL: Holiday, 02/19/2026","AUTOHOL: Holiday, 02/19/2026"
China,2026-02-19,6464495,CHINA,Various groups,China CEIC,SKIP_NO_CHANGE,PLANNED,"AUTOHOL: Holiday, 02/19/2026","AUTOHOL: Holiday, 02/19/2026"
China,2026-02-19,6464649,INTWKLY,F29,SHIBOR Aggregation,SKIP_NO_CHANGE,PLANNED,"AUTOHOL: Holiday, 02/19/2026","AUTOHOL: Holiday, 02/19/2026"
China,2026-02-19,6464651,INTDAILY,V59,Asian Stock Market -China Stock Indexes,SKIP_NO_CHANGE,PLANNED,"AUTOHOL: Holiday, 02/19/2026","AUTOHOL: Holiday, 02/19/2026"
China,2026-02-19,6464694,INTWKLY,P81,China Weekly Steel Prices & Indexes,SKIP_NO_CHANGE,PLANNED,"AUTOHOL: Holiday, 02/19/2026","AUTOHOL: Holiday, 02/19/2026"
China,2026-02-19,6464796,INTDAILY,P68,Wholesale Price Index,SKIP_NO_CHANGE,PLANNED,"AUTOHOL: Holiday, 02/19/2026","AUTOHOL: Holiday, 02/19/2026"
China,2026-02-19,6464938,CMDTY,L75,Shanghai Gold Exchange Prices,SKIP_NO_CHANGE,PLANNED,"AUTOHOL: Holiday, 02/19/2026","AUTOHOL: Holiday, 02/19/2026"
China,2026-02-19,6464984,CHINA,Various groups,China CEIC Check,SKIP_NO_CHANGE,PLANNED,"AUTOHOL: Holiday, 02/19/2026","AUTOHOL: Holiday, 02/19/2026"
China,2026-02-19,6465059,INTDAILY,S99,PBC: OMO Zero,SKIP_NO_CHANGE,PLANNED,"AUTOHOL: Holiday, 02/19/2026","AUTOHOL: Holiday, 02/19/2026"
China,2026-02-19,6465060,INTDAILY,V96,PBC: OMO Calculation,SKIP_NO_CHANGE,PLANNED,"AUTOHOL: Holiday, 02/19/2026","AUTOHOL: Holiday, 02/19/2026"
China,2026-02-19,6465064,INTWKLY,S99,PBC: OMO Aggregation,SKIP_NO_CHANGE,PLANNED,"AUTOHOL: Holiday, 02/19/2026","AUTOHOL: Holiday, 02/19/2026"
China,2026-02-19,6465089,CMDTY,L39,SHFE,SKIP_NO_CHANGE,PLANNED,"AUTOHOL: Holiday, 02/19/2026","AUTOHOL: Holiday, 02/19/2026"
China,2026-02-19,6465102,EMERGEPR,Various,CHINA to EMERGEPR Compare,SKIP_NO_CHANGE,PLANNED,"AUTOHOL: Holiday, 02/19/2026","AUTOHOL: Holiday, 02/19/2026"
China,2026-02-19,6465123,INTWKLY,R79,Aggregation: Exchange Rates,SKIP_NO_CHANGE,PLANNED,"AUTOHOL: Holiday, 02/19/2026","AUTOHOL: Holiday, 02/19/2026"
China,2026-02-19,6465342,FMRCOIND,F21,OMO China Net Injection,SKIP_NO_CHANGE,PLANNED,"AUTOHOL: Holiday, 02/19/2026","AUTOHOL: Holiday, 02/19/2026"
China,2026-02-19,6465348,CHINA,Various,China CEIC,SKIP_NO_CHANGE,PLANNED,"AUTOHOL: Holiday, 02/19/2026","AUTOHOL: Holiday, 02/19/2026"
China,2026-02-19,6465539,TRANSPRT,"T96, T97, T98",Subway Passenger Volume for Selected Transit Agencies,SKIP_NO_CHANGE,PLANNED,"AUTOHOL: Holiday, 02/19/2026","AUTOHOL: Holiday, 02/19/2026"
China,2026-02-19,6465541,TRANSPRT,"U02, U03, U04",Subway Passenger Volume for Selected Transit Agencies - Eviews,SKIP_NO_CHANGE,PLANNED,"AUTOHOL: Holiday, 02/19/2026","AUTOHOL: Holiday, 02/19/2026"
China,2026-02-19,6465662,TRANSPRT,"B12, B13, B14",China Subway Volume,SKIP_NO_CHANGE,PLANNED,"AUTOHOL: Holiday, 02/19/2026","AUTOHOL: Holiday, 02/19/2026"
China,2026-02-19,6465663,TRANSPRT,"U05, U06, U07",Baidu Congestion Index,SKIP_NO_CHANGE,PLANNED,"AUTOHOL: Holiday, 02/19/2026","AUTOHOL: Holiday, 02/19/2026"
China,2026-02-19,6465672,GLSECTOR,"F65, F66, F67",Maoyan Box,SKIP_NO_CHANGE,PLANNED,"AUTOHOL: Holiday, 02/19/2026","AUTOHOL: Holiday, 02/19/2026"
China,2026-02-19,6465674,CNSECTOR,"I65,I66,I67",Maoyan Box CMP to CNSECTOR,SKIP_NO_CHANGE,PLANNED,"AUTOHOL: Holiday, 02/19/2026","AUTOHOL: Holiday, 02/19/2026"
China,2026-02-19,6465710,CHINA,Various groups,China CEIC Check,SKIP_NO_CHANGE,PLANNED,"AUTOHOL: Holiday, 02/19/2026","AUTOHOL: Holiday, 02/19/2026"
China,2026-02-19,6465714,INTWKLY,W91,Interbank Repo Rates Aggregation,SKIP_NO_CHANGE,PLANNED,"AUTOHOL: Holiday, 02/19/2026","AUTOHOL: Holiday, 02/19/2026"
China,2026-02-19,6465724,ENERGY,"O85, C50, C51",Coal Production and Inventory,SKIP_NO_CHANGE,PLANNED,"AUTOHOL: Holiday, 02/19/2026","AUTOHOL: Holiday, 02/19/2026"
China,2026-02-19,6465725,INTDAILY,"C85, C86, C87",Coal Production and Inventory Transfer,SKIP_NO_CHANGE,PLANNED,"AUTOHOL: Holiday, 02/19/2026","AUTOHOL: Holiday, 02/19/2026"
China,2026-02-19,6465730,INTDAILY,M18,Beijing Stock Exchange,SKIP_NO_CHANGE,PLANNED,"AUTOHOL: Holiday, 02/19/2026","AUTOHOL: Holiday, 02/19/2026"
China,2026-02-19,6465732,INTDAILY,U74,Thermal Coal Futures,SKIP_NO_CHANGE,PLANNED,"AUTOHOL: Holiday, 02/19/2026","AUTOHOL: Holiday, 02/19/2026"
China,2026-02-19,6465733,CMDTY,M51,Thermal Coal Futures Comp,SKIP_NO_CHANGE,PLANNED,"AUTOHOL: Holiday, 02/19/2026","AUTOHOL: Holiday, 02/19/2026"
China,2026-02-19,6465734,INTDAILY,I71,Treasury Yields and Medium Term Notes,SKIP_NO_CHANGE,PLANNED,"AUTOHOL: Holiday, 02/19/2026","AUTOHOL: Holiday, 02/19/2026"
China,2026-02-19,6465737,INTDAILY,G94,"Treasury Yields, Short Term Notes, Repo Rates",SKIP_NO_CHANGE,PLANNED,"AUTOHOL: Holiday, 02/19/2026","AUTOHOL: Holiday, 02/19/2026"
China,2026-02-19,6465747,INTDAILY,P33,Wholesale Agricultural Prices,SKIP_NO_CHANGE,PLANNED,"AUTOHOL: Holiday, 02/19/2026","AUTOHOL: Holiday, 02/19/2026"
China,2026-02-19,6465748,CMDTY,P41,Wholesale Agricultural Prices CMP,SKIP_NO_CHANGE,PLANNED,"AUTOHOL: Holiday, 02/19/2026","AUTOHOL: Holiday, 02/19/2026"
China,2026-02-19,6465755,INTDAILY,"U17, U18, U19",Alipay Tianhong Yue Bao Fund,SKIP_NO_CHANGE,PLANNED,"AUTOHOL: Holiday, 02/19/2026","AUTOHOL: Holiday, 02/19/2026"
China,2026-02-19,6465756,INTDAILY,M24,Parity Rates CFETS,SKIP_NO_CHANGE,PLANNED,"AUTOHOL: Holiday, 02/19/2026","AUTOHOL: Holiday, 02/19/2026"
China,2026-02-19,6465758,INTDAILY,U59,Shanghai Stock Connect,SKIP_NO_CHANGE,PLANNED,"AUTOHOL: Holiday, 02/19/2026","AUTOHOL: Holiday, 02/19/2026"
China,2026-02-19,6465759,INTDAILY,U40,Shanghai Stock Exchange Trading Statistics,SKIP_NO_CHANGE,PLANNED,"AUTOHOL: Holiday, 02/19/2026","AUTOHOL: Holiday, 02/19/2026"
China,2026-02-19,6465782,INTDAILY,Various,BACKUP China CFETS to K,SKIP_NO_CHANGE,PLANNED,"AUTOHOL: Holiday, 02/19/2026","AUTOHOL: Holiday, 02/19/2026"
China,2026-02-19,6465818,INTDAILY,D40,Central Bank Bill Yields,SKIP_NO_CHANGE,PLANNED,"AUTOHOL: Holiday, 02/19/2026","AUTOHOL: Holiday, 02/19/2026"
China,2026-02-19,6465828,INTDAILY,D45,Corporate Bond Yields,SKIP_NO_CHANGE,PLANNED,"AUTOHOL: Holiday, 02/19/2026","AUTOHOL: Holiday, 02/19/2026"
China,2026-02-19,6465843,INTDAILY,D48,NCDs,SKIP_NO_CHANGE,PLANNED,"AUTOHOL: Holiday, 02/19/2026","AUTOHOL: Holiday, 02/19/2026"
China,2026-02-19,6465854,INTDAILY,D54,Government-sponsored Agency Bonds,SKIP_NO_CHANGE,PLANNED,"AUTOHOL: Holiday, 02/19/2026","AUTOHOL: Holiday, 02/19/2026"
China,2026-02-19,6465857,INTDAILY,D57,Policy Bank Bonds by Rating,SKIP_NO_CHANGE,PLANNED,"AUTOHOL: Holiday, 02/19/2026","AUTOHOL: Holiday, 02/19/2026"
China,2026-02-19,6465858,INTDAILY,D60,Corporate Bonds by Rating,SKIP_NO_CHANGE,PLANNED,"AUTOHOL: Holiday, 02/19/2026","AUTOHOL: Holiday, 02/19/2026"
China,2026-02-19,6465863,INTDAILY,D63,Medium Term Notes by Rating,SKIP_NO_CHANGE,PLANNED,"AUTOHOL: Holiday, 02/19/2026","AUTOHOL: Holiday, 02/19/2026"
China,2026-02-19,6465868,INTDAILY,D66,Local Government Bonds by Rating,SKIP_NO_CHANGE,PLANNED,"AUTOHOL: Holiday, 02/19/2026","AUTOHOL: Holiday, 02/19/2026"
China,2026-02-19,6465873,INTDAILY,D69,Financial Bonds of Commercial Banks by Rating,SKIP_NO_CHANGE,PLANNED,"AUTOHOL: Holiday, 02/19/2026","AUTOHOL: Holiday, 02/19/2026"
China,2026-02-19,6465883,INTDAILY,D72,Secondary Capital Bond of Commercial Banks,SKIP_NO_CHANGE,PLANNED,"AUTOHOL: Holiday, 02/19/2026","AUTOHOL: Holiday, 02/19/2026"
China,2026-02-19,6465887,ENERGY,K52,Oil Commodity Prices Update,SKIP_NO_CHANGE,PLANNED,"AUTOHOL: Holiday, 02/19/2026","AUTOHOL: Holiday, 02/19/2026"
China,2026-02-19,6465888,INTDAILY,P69,Oil Commodity Prices INTDAILY TRANSFER,SKIP_NO_CHANGE,PLANNED,"AUTOHOL: Holiday, 02/19/2026","AUTOHOL: Holiday, 02/19/2026"
China,2026-02-19,6465893,INTDAILY,D75,Asset-Backed Securities by Rating,SKIP_NO_CHANGE,PLANNED,"AUTOHOL: Holiday, 02/19/2026","AUTOHOL: Holiday, 02/19/2026"
China,2026-02-19,6465895,INTDAILY,D78,Commercial Paper of Securities Company by Rating,SKIP_NO_CHANGE,PLANNED,"AUTOHOL: Holiday, 02/19/2026","AUTOHOL: Holiday, 02/19/2026"
China,2026-02-19,6465896,CNSECTOR,"U05, U06, U07",Baidu Congestion Index,SKIP_NO_CHANGE,PLANNED,"AUTOHOL: Holiday, 02/19/2026","AUTOHOL: Holiday, 02/19/2026"
China,2026-02-19,6465897,CNSECTOR,"T96, T97, T98, U02, U03, U04",Subway Passenger Volume for Selected Transit Agencies CNSECTOR,SKIP_NO_CHANGE,PLANNED,"AUTOHOL: Holiday, 02/19/2026","AUTOHOL: Holiday, 02/19/2026"
China,2026-02-19,6465898,CNSECTOR,"C85, C86, C87",Coal Production and Inventory,SKIP_NO_CHANGE,PLANNED,"AUTOHOL: Holiday, 02/19/2026","AUTOHOL: Holiday, 02/19/2026"
China,2026-02-19,6465909,TRANSPRT,"U59, U66, U67",Baidu Migration Scale Index,SKIP_NO_CHANGE,PLANNED,"AUTOHOL: Holiday, 02/19/2026","AUTOHOL: Holiday, 02/19/2026"
China,2026-02-19,6465910,CNSECTOR,"U59, U66, U67",Baidu Migration Scale Index Comp,SKIP_NO_CHANGE,PLANNED,"AUTOHOL: Holiday, 02/19/2026","AUTOHOL: Holiday, 02/19/2026"
China,2026-02-19,6465964,CHINAR,D95,Air Quality Index [Province] Eviews,SKIP_NO_CHANGE,PLANNED,"AUTOHOL: Holiday, 02/19/2026","AUTOHOL: Holiday, 02/19/2026"
China,2026-02-19,6465965,INTDAILY,V42,Air Quality Index COMP to INTDAILY,SKIP_NO_CHANGE,PLANNED,"AUTOHOL: Holiday, 02/19/2026","AUTOHOL: Holiday, 02/19/2026"
China,2026-02-19,6465996,CHINAR,C97,Air Quality Index,SKIP_NO_CHANGE,PLANNED,"AUTOHOL: Holiday, 02/19/2026","AUTOHOL: Holiday, 02/19/2026"
China,2026-02-19,6466004,INTDAILY,D84,Private Placement Notes (PPN),SKIP_NO_CHANGE,PLANNED,"AUTOHOL: Holiday, 02/19/2026","AUTOHOL: Holiday, 02/19/2026"
China,2026-02-19,6466006,CMDTY,M59,SHFE Volume & Positions,SKIP_NO_CHANGE,PLANNED,"AUTOHOL: Holiday, 02/19/2026","AUTOHOL: Holiday, 02/19/2026"
China,2026-02-19,6466036,TRANSPRT,"T62, T63, T72",Yangtze Water Level - AM Comp,SKIP_NO_CHANGE,PLANNED,"AUTOHOL: Holiday, 02/19/2026","AUTOHOL: Holiday, 02/19/2026"
China,2026-02-19,6466037,GLSECTOR,"V61, V62, V63",Yangtze Water Level - PM,SKIP_NO_CHANGE,PLANNED,"AUTOHOL: Holiday, 02/19/2026","AUTOHOL: Holiday, 02/19/2026"
China,2026-02-19,6466039,TRANSPRT,"W66, W67, W68",Yangtze Water Level - PM Comp,SKIP_NO_CHANGE,PLANNED,"AUTOHOL: Holiday, 02/19/2026","AUTOHOL: Holiday, 02/19/2026"
China,2026-02-19,6466040,GLSECTOR,"V67, V68, V69",Yangtze Water Level - AM,SKIP_NO_CHANGE,PLANNED,"AUTOHOL: Holiday, 02/19/2026","AUTOHOL: Holiday, 02/19/2026"
China,2026-02-19,6466051,INTDAILY,"D91, D92, D93",Forward Rates,SKIP_NO_CHANGE,PLANNED,"AUTOHOL: Holiday, 02/19/2026","AUTOHOL: Holiday, 02/19/2026"
China,2026-02-19,6466202,INTDAILY,Various,CFETS Daily Bulletin Backup,SKIP_NO_CHANGE,PLANNED,"AUTOHOL: Holiday, 02/19/2026","AUTOHOL: Holiday, 02/19/2026"
China,2026-02-19,6466217,CMDTY,L55,Shanghai Gold Exchange Benchmark,SKIP_NO_CHANGE,PLANNED,"AUTOHOL: Holiday, 02/19/2026","AUTOHOL: Holiday, 02/19/2026"
China,2026-02-19,6466270,CMDTY,M30,Shanghai Metals Market Prices,SKIP_NO_CHANGE,PLANNED,"AUTOHOL: Holiday, 02/19/2026","AUTOHOL: Holiday, 02/19/2026"
China,2026-02-19,6469754,TRANSPRT,"U83,U95,U96",LNY Passenger Volume,SKIP_NO_CHANGE,PLANNED,"AUTOHOL: Holiday, 02/19/2026","AUTOHOL: Holiday, 02/19/2026"
China,2026-02-20,6462508,CHINA,Various,INDIA/CHINA QA Feedback,SKIP_NO_CHANGE,PLANNED,"AUTOHOL: Holiday, 02/20/2026","AUTOHOL: Holiday, 02/20/2026"
China,2026-02-20,6462510,CHINA,Various groups,China CEIC,SKIP_NO_CHANGE,PLANNED,"AUTOHOL: Holiday, 02/20/2026","AUTOHOL: Holiday, 02/20/2026"
China,2026-02-20,6462674,INTDAILY,V59,Asian Stock Market -China Stock Indexes,SKIP_NO_CHANGE,PLANNED,"AUTOHOL: Holiday, 02/20/2026","AUTOHOL: Holiday, 02/20/2026"
China,2026-02-20,6462777,CMDTY,L40,SHFE Warehouse Stocks (FastMarkets) [CHECK],SKIP_NO_CHANGE,PLANNED,"AUTOHOL: Holiday, 02/20/2026","AUTOHOL: Holiday, 02/20/2026"
China,2026-02-20,6462814,INTDAILY,P68,Wholesale Price Index,SKIP_NO_CHANGE,PLANNED,"AUTOHOL: Holiday, 02/20/2026","AUTOHOL: Holiday, 02/20/2026"
China,2026-02-20,6462815,INTWKLY,P68,Wholesale Price Index Aggregaton,SKIP_NO_CHANGE,PLANNED,"AUTOHOL: Holiday, 02/20/2026","AUTOHOL: Holiday, 02/20/2026"
China,2026-02-20,6462956,CMDTY,L75,Shanghai Gold Exchange Prices,SKIP_NO_CHANGE,PLANNED,"AUTOHOL: Holiday, 02/20/2026","AUTOHOL: Holiday, 02/20/2026"
China,2026-02-20,6463024,CHINA,Various groups,China CEIC Check,SKIP_NO_CHANGE,PLANNED,"AUTOHOL: Holiday, 02/20/2026","AUTOHOL: Holiday, 02/20/2026"
China,2026-02-20,6463157,INTWKLY,S93,Aggregation: Stock Market,SKIP_NO_CHANGE,PLANNED,"AUTOHOL: Holiday, 02/20/2026","AUTOHOL: Holiday, 02/20/2026"
China,2026-02-20,6463167,INTWKLY,W04,Aggregation: Asian Stock Market Indices DJ,SKIP_NO_CHANGE,PLANNED,"AUTOHOL: Holiday, 02/20/2026","AUTOHOL: Holiday, 02/20/2026"
China,2026-02-20,6463282,INTDAILY,W81,SH/SZ HK Connect BACKUP,SKIP_NO_CHANGE,PLANNED,"AUTOHOL: Holiday, 02/20/2026","AUTOHOL: Holiday, 02/20/2026"
China,2026-02-20,6463414,FMRCOIND,F21,OMO China Net Injection,SKIP_NO_CHANGE,PLANNED,"AUTOHOL: Holiday, 02/20/2026","AUTOHOL: Holiday, 02/20/2026"
China,2026-02-20,6463424,CHINA,Various,China CEIC,SKIP_NO_CHANGE,PLANNED,"AUTOHOL: Holiday, 02/20/2026","AUTOHOL: Holiday, 02/20/2026"
China,2026-02-20,6463648,INTWKLY,V88,Bond Issuance (not in global must be forced manually),SKIP_NO_CHANGE,PLANNED,"AUTOHOL: Holiday, 02/20/2026","AUTOHOL: Holiday, 02/20/2026"
China,2026-02-20,6463671,TRANSPRT,"T96, T97, T98",Subway Passenger Volume for Selected Transit Agencies,SKIP_NO_CHANGE,PLANNED,"AUTOHOL: Holiday, 02/20/2026","AUTOHOL: Holiday, 02/20/2026"
China,2026-02-20,6463673,TRANSPRT,"U02, U03, U04",Subway Passenger Volume for Selected Transit Agencies - Eviews,SKIP_NO_CHANGE,PLANNED,"AUTOHOL: Holiday, 02/20/2026","AUTOHOL: Holiday, 02/20/2026"
China,2026-02-20,6463710,INTWKLY,J75,China Government Bonds AGG,SKIP_NO_CHANGE,PLANNED,"AUTOHOL: Holiday, 02/20/2026","AUTOHOL: Holiday, 02/20/2026"
China,2026-02-20,6463817,TRANSPRT,"B12, B13, B14",China Subway Volume,SKIP_NO_CHANGE,PLANNED,"AUTOHOL: Holiday, 02/20/2026","AUTOHOL: Holiday, 02/20/2026"
China,2026-02-20,6463818,TRANSPRT,"U05, U06, U07",Baidu Congestion Index,SKIP_NO_CHANGE,PLANNED,"AUTOHOL: Holiday, 02/20/2026","AUTOHOL: Holiday, 02/20/2026"
China,2026-02-20,6463826,GLSECTOR,"F65, F66, F67",Maoyan Box,SKIP_NO_CHANGE,PLANNED,"AUTOHOL: Holiday, 02/20/2026","AUTOHOL: Holiday, 02/20/2026"
China,2026-02-20,6463828,CNSECTOR,"I65,I66,I67",Maoyan Box CMP to CNSECTOR,SKIP_NO_CHANGE,PLANNED,"AUTOHOL: Holiday, 02/20/2026","AUTOHOL: Holiday, 02/20/2026"
China,2026-02-20,6463857,CHINA,Various groups,China CEIC Check,SKIP_NO_CHANGE,PLANNED,"AUTOHOL: Holiday, 02/20/2026","AUTOHOL: Holiday, 02/20/2026"
China,2026-02-20,6463873,ENERGY,"O85, C50, C51",Coal Production and Inventory,SKIP_NO_CHANGE,PLANNED,"AUTOHOL: Holiday, 02/20/2026","AUTOHOL: Holiday, 02/20/2026"
China,2026-02-20,6463874,INTDAILY,"C85, C86, C87",Coal Production and Inventory Transfer,SKIP_NO_CHANGE,PLANNED,"AUTOHOL: Holiday, 02/20/2026","AUTOHOL: Holiday, 02/20/2026"
China,2026-02-20,6463878,INTDAILY,M18,Beijing Stock Exchange,SKIP_NO_CHANGE,PLANNED,"AUTOHOL: Holiday, 02/20/2026","AUTOHOL: Holiday, 02/20/2026"
China,2026-02-20,6463879,INTWKLY,M28,Beijing Stock Exchange AGG,SKIP_NO_CHANGE,PLANNED,"AUTOHOL: Holiday, 02/20/2026","AUTOHOL: Holiday, 02/20/2026"
China,2026-02-20,6463882,INTDAILY,U74,Thermal Coal Futures,SKIP_NO_CHANGE,PLANNED,"AUTOHOL: Holiday, 02/20/2026","AUTOHOL: Holiday, 02/20/2026"
China,2026-02-20,6463883,CMDTY,M51,Thermal Coal Futures Comp,SKIP_NO_CHANGE,PLANNED,"AUTOHOL: Holiday, 02/20/2026","AUTOHOL: Holiday, 02/20/2026"
China,2026-02-20,6463884,INTWKLY,C88,Thermal Coal Futures Aggregation,SKIP_NO_CHANGE,PLANNED,"AUTOHOL: Holiday, 02/20/2026","AUTOHOL: Holiday, 02/20/2026"
China,2026-02-20,6463885,INTDAILY,I71,Treasury Yields and Medium Term Notes,SKIP_NO_CHANGE,PLANNED,"AUTOHOL: Holiday, 02/20/2026","AUTOHOL: Holiday, 02/20/2026"
China,2026-02-20,6463886,INTWKLY,I74,AGG Treasury Yields and Medium Term Note,SKIP_NO_CHANGE,PLANNED,"AUTOHOL: Holiday, 02/20/2026","AUTOHOL: Holiday, 02/20/2026"
China,2026-02-20,6463890,INTDAILY,G94,"Treasury Yields, Short Term Notes, Repo Rates",SKIP_NO_CHANGE,PLANNED,"AUTOHOL: Holiday, 02/20/2026","AUTOHOL: Holiday, 02/20/2026"
China,2026-02-20,6463892,INTWKLY,I88,"AGG Treasury Yields, Short Term Notes, Repo Rates",SKIP_NO_CHANGE,PLANNED,"AUTOHOL: Holiday, 02/20/2026","AUTOHOL: Holiday, 02/20/2026"
China,2026-02-20,6463902,INTWKLY,I52,Pledged Repo Agg,SKIP_NO_CHANGE,PLANNED,"AUTOHOL: Holiday, 02/20/2026","AUTOHOL: Holiday, 02/20/2026"
China,2026-02-20,6463903,INTDAILY,P33,Wholesale Agricultural Prices,SKIP_NO_CHANGE,PLANNED,"AUTOHOL: Holiday, 02/20/2026","AUTOHOL: Holiday, 02/20/2026"
China,2026-02-20,6463904,CMDTY,P41,Wholesale Agricultural Prices CMP,SKIP_NO_CHANGE,PLANNED,"AUTOHOL: Holiday, 02/20/2026","AUTOHOL: Holiday, 02/20/2026"
China,2026-02-20,6463905,INTWKLY,X22,Wholesale Agricultural Prices AGG,SKIP_NO_CHANGE,PLANNED,"AUTOHOL: Holiday, 02/20/2026","AUTOHOL: Holiday, 02/20/2026"
China,2026-02-20,6463911,INTDAILY,"U17, U18, U19",Alipay Tianhong Yue Bao Fund,SKIP_NO_CHANGE,PLANNED,"AUTOHOL: Holiday, 02/20/2026","AUTOHOL: Holiday, 02/20/2026"
China,2026-02-20,6463912,INTDAILY,M24,Parity Rates CFETS,SKIP_NO_CHANGE,PLANNED,"AUTOHOL: Holiday, 02/20/2026","AUTOHOL: Holiday, 02/20/2026"
China,2026-02-20,6463913,INTWKLY,M29,Parity Rates CFETS AGG,SKIP_NO_CHANGE,PLANNED,"AUTOHOL: Holiday, 02/20/2026","AUTOHOL: Holiday, 02/20/2026"
China,2026-02-20,6463916,INTDAILY,U59,Shanghai Stock Connect,SKIP_NO_CHANGE,PLANNED,"AUTOHOL: Holiday, 02/20/2026","AUTOHOL: Holiday, 02/20/2026"
China,2026-02-20,6463917,INTWKLY,W59,Shanghai Stock Connect AGG,SKIP_NO_CHANGE,PLANNED,"AUTOHOL: Holiday, 02/20/2026","AUTOHOL: Holiday, 02/20/2026"
China,2026-02-20,6463918,INTDAILY,U40,Shanghai Stock Exchange Trading Statistics,SKIP_NO_CHANGE,PLANNED,"AUTOHOL: Holiday, 02/20/2026","AUTOHOL: Holiday, 02/20/2026"
China,2026-02-20,6463919,INTWKLY,U40,Shanghai Stock Exchange Trading Statistics Aggregation,SKIP_NO_CHANGE,PLANNED,"AUTOHOL: Holiday, 02/20/2026","AUTOHOL: Holiday, 02/20/2026"
China,2026-02-20,6463945,INTDAILY,Various,BACKUP China CFETS to K,SKIP_NO_CHANGE,PLANNED,"AUTOHOL: Holiday, 02/20/2026","AUTOHOL: Holiday, 02/20/2026"
China,2026-02-20,6463976,INTDAILY,D40,Central Bank Bill Yields,SKIP_NO_CHANGE,PLANNED,"AUTOHOL: Holiday, 02/20/2026","AUTOHOL: Holiday, 02/20/2026"
China,2026-02-20,6463977,INTWKLY,D40,Central Bank Bill Yields,SKIP_NO_CHANGE,PLANNED,"AUTOHOL: Holiday, 02/20/2026","AUTOHOL: Holiday, 02/20/2026"
China,2026-02-20,6463984,INTWKLY,D45,Corporate Bond Yields AGG,SKIP_NO_CHANGE,PLANNED,"AUTOHOL: Holiday, 02/20/2026","AUTOHOL: Holiday, 02/20/2026"
China,2026-02-20,6463985,INTDAILY,D45,Corporate Bond Yields,SKIP_NO_CHANGE,PLANNED,"AUTOHOL: Holiday, 02/20/2026","AUTOHOL: Holiday, 02/20/2026"
China,2026-02-20,6463994,INTWKLY,U17,Alipay Tianhong Yue Bao Fund Agg,SKIP_NO_CHANGE,PLANNED,"AUTOHOL: Holiday, 02/20/2026","AUTOHOL: Holiday, 02/20/2026"
China,2026-02-20,6463995,INTDAILY,D48,NCDs,SKIP_NO_CHANGE,PLANNED,"AUTOHOL: Holiday, 02/20/2026","AUTOHOL: Holiday, 02/20/2026"
China,2026-02-20,6463996,INTWKLY,D46,NCDs Aggregation,SKIP_NO_CHANGE,PLANNED,"AUTOHOL: Holiday, 02/20/2026","AUTOHOL: Holiday, 02/20/2026"
China,2026-02-20,6464012,INTDAILY,D54,Government-sponsored Agency Bonds,SKIP_NO_CHANGE,PLANNED,"AUTOHOL: Holiday, 02/20/2026","AUTOHOL: Holiday, 02/20/2026"
China,2026-02-20,6464013,INTWKLY,D42,Government-sponsored Agency Bonds,SKIP_NO_CHANGE,PLANNED,"AUTOHOL: Holiday, 02/20/2026","AUTOHOL: Holiday, 02/20/2026"
China,2026-02-20,6464018,INTDAILY,D57,Policy Bank Bonds by Rating,SKIP_NO_CHANGE,PLANNED,"AUTOHOL: Holiday, 02/20/2026","AUTOHOL: Holiday, 02/20/2026"
China,2026-02-20,6464019,INTWKLY,D47,Policy Bank Bonds by Rating AGG,SKIP_NO_CHANGE,PLANNED,"AUTOHOL: Holiday, 02/20/2026","AUTOHOL: Holiday, 02/20/2026"
China,2026-02-20,6464020,INTDAILY,D60,Corporate Bonds by Rating,SKIP_NO_CHANGE,PLANNED,"AUTOHOL: Holiday, 02/20/2026","AUTOHOL: Holiday, 02/20/2026"
China,2026-02-20,6464021,INTWKLY,D48,Corporate Bonds by Rating AGG,SKIP_NO_CHANGE,PLANNED,"AUTOHOL: Holiday, 02/20/2026","AUTOHOL: Holiday, 02/20/2026"
China,2026-02-20,6464025,INTDAILY,D63,Medium Term Notes by Rating,SKIP_NO_CHANGE,PLANNED,"AUTOHOL: Holiday, 02/20/2026","AUTOHOL: Holiday, 02/20/2026"
China,2026-02-20,6464026,INTWKLY,D49,Medium Term Notes by Rating AGG,SKIP_NO_CHANGE,PLANNED,"AUTOHOL: Holiday, 02/20/2026","AUTOHOL: Holiday, 02/20/2026"
China,2026-02-20,6464033,INTDAILY,D66,Local Government Bonds by Rating,SKIP_NO_CHANGE,PLANNED,"AUTOHOL: Holiday, 02/20/2026","AUTOHOL: Holiday, 02/20/2026"
China,2026-02-20,6464034,INTWKLY,D50,Local Government Bonds by Rating AGG,SKIP_NO_CHANGE,PLANNED,"AUTOHOL: Holiday, 02/20/2026","AUTOHOL: Holiday, 02/20/2026"
China,2026-02-20,6464035,CNSECTOR,A06,Capacity Utilization Rate in Energy Industry,SKIP_NO_CHANGE,PLANNED,"AUTOHOL: Holiday, 02/20/2026","AUTOHOL: Holiday, 02/20/2026"
China,2026-02-20,6464040,INTDAILY,D69,Financial Bonds of Commercial Banks by Rating,SKIP_NO_CHANGE,PLANNED,"AUTOHOL: Holiday, 02/20/2026","AUTOHOL: Holiday, 02/20/2026"
China,2026-02-20,6464041,INTWKLY,D51,Financial Bonds of Commercial Banks by Rating,SKIP_NO_CHANGE,PLANNED,"AUTOHOL: Holiday, 02/20/2026","AUTOHOL: Holiday, 02/20/2026"
China,2026-02-20,6464051,INTDAILY,D72,Secondary Capital Bond of Commercial Banks,SKIP_NO_CHANGE,PLANNED,"AUTOHOL: Holiday, 02/20/2026","AUTOHOL: Holiday, 02/20/2026"
China,2026-02-20,6464052,INTWKLY,D52,Secondary Capital Bond of Commercial Banks AGG,SKIP_NO_CHANGE,PLANNED,"AUTOHOL: Holiday, 02/20/2026","AUTOHOL: Holiday, 02/20/2026"
China,2026-02-20,6464056,ENERGY,K52,Oil Commodity Prices Update,SKIP_NO_CHANGE,PLANNED,"AUTOHOL: Holiday, 02/20/2026","AUTOHOL: Holiday, 02/20/2026"
China,2026-02-20,6464057,INTDAILY,P69,Oil Commodity Prices INTDAILY TRANSFER,SKIP_NO_CHANGE,PLANNED,"AUTOHOL: Holiday, 02/20/2026","AUTOHOL: Holiday, 02/20/2026"
China,2026-02-20,6464062,INTDAILY,D75,Asset-Backed Securities by Rating,SKIP_NO_CHANGE,PLANNED,"AUTOHOL: Holiday, 02/20/2026","AUTOHOL: Holiday, 02/20/2026"
China,2026-02-20,6464063,INTWKLY,D53,Asset-Backed Securities by Rating,SKIP_NO_CHANGE,PLANNED,"AUTOHOL: Holiday, 02/20/2026","AUTOHOL: Holiday, 02/20/2026"
China,2026-02-20,6464066,INTDAILY,D78,Commercial Paper of Securities Company by Rating,SKIP_NO_CHANGE,PLANNED,"AUTOHOL: Holiday, 02/20/2026","AUTOHOL: Holiday, 02/20/2026"
China,2026-02-20,6464067,INTWKLY,D54,Commercial Paper of Securities Company by Rating AGG,SKIP_NO_CHANGE,PLANNED,"AUTOHOL: Holiday, 02/20/2026","AUTOHOL: Holiday, 02/20/2026"
China,2026-02-20,6464068,CNSECTOR,"U05, U06, U07",Baidu Congestion Index,SKIP_NO_CHANGE,PLANNED,"AUTOHOL: Holiday, 02/20/2026","AUTOHOL: Holiday, 02/20/2026"
China,2026-02-20,6464069,CNSECTOR,"T96, T97, T98, U02, U03, U04",Subway Passenger Volume for Selected Transit Agencies CNSECTOR,SKIP_NO_CHANGE,PLANNED,"AUTOHOL: Holiday, 02/20/2026","AUTOHOL: Holiday, 02/20/2026"
China,2026-02-20,6464070,CNSECTOR,"C85, C86, C87",Coal Production and Inventory,SKIP_NO_CHANGE,PLANNED,"AUTOHOL: Holiday, 02/20/2026","AUTOHOL: Holiday, 02/20/2026"
China,2026-02-20,6464080,ENERGY,K63,Weekly Oil Commodity Prices,SKIP_NO_CHANGE,PLANNED,"AUTOHOL: Holiday, 02/20/2026","AUTOHOL: Holiday, 02/20/2026"
China,2026-02-20,6464085,TRANSPRT,"U59, U66, U67",Baidu Migration Scale Index,SKIP_NO_CHANGE,PLANNED,"AUTOHOL: Holiday, 02/20/2026","AUTOHOL: Holiday, 02/20/2026"
China,2026-02-20,6464086,CNSECTOR,"U59, U66, U67",Baidu Migration Scale Index Comp,SKIP_NO_CHANGE,PLANNED,"AUTOHOL: Holiday, 02/20/2026","AUTOHOL: Holiday, 02/20/2026"
China,2026-02-20,6464142,CHINAR,D95,Air Quality Index [Province] Eviews,SKIP_NO_CHANGE,PLANNED,"AUTOHOL: Holiday, 02/20/2026","AUTOHOL: Holiday, 02/20/2026"
China,2026-02-20,6464143,INTDAILY,V42,Air Quality Index COMP to INTDAILY,SKIP_NO_CHANGE,PLANNED,"AUTOHOL: Holiday, 02/20/2026","AUTOHOL: Holiday, 02/20/2026"
China,2026-02-20,6464169,CHINAR,C97,Air Quality Index,SKIP_NO_CHANGE,PLANNED,"AUTOHOL: Holiday, 02/20/2026","AUTOHOL: Holiday, 02/20/2026"
China,2026-02-20,6464177,INTDAILY,D84,Private Placement Notes (PPN),SKIP_NO_CHANGE,PLANNED,"AUTOHOL: Holiday, 02/20/2026","AUTOHOL: Holiday, 02/20/2026"
China,2026-02-20,6464178,INTWKLY,D88,Private Placement Notes (PPN) AGG,SKIP_NO_CHANGE,PLANNED,"AUTOHOL: Holiday, 02/20/2026","AUTOHOL: Holiday, 02/20/2026"
China,2026-02-20,6464182,CMDTY,M59,SHFE Volume & Positions,SKIP_NO_CHANGE,PLANNED,"AUTOHOL: Holiday, 02/20/2026","AUTOHOL: Holiday, 02/20/2026"
China,2026-02-20,6464191,INTWKLY,W16,SSE Margin AGG,SKIP_NO_CHANGE,PLANNED,"AUTOHOL: Holiday, 02/20/2026","AUTOHOL: Holiday, 02/20/2026"
China,2026-02-20,6464207,TRANSPRT,"T62, T63, T72",Yangtze Water Level - AM Comp,SKIP_NO_CHANGE,PLANNED,"AUTOHOL: Holiday, 02/20/2026","AUTOHOL: Holiday, 02/20/2026"
China,2026-02-20,6464208,GLSECTOR,"V61, V62, V63",Yangtze Water Level - PM,SKIP_NO_CHANGE,PLANNED,"AUTOHOL: Holiday, 02/20/2026","AUTOHOL: Holiday, 02/20/2026"
China,2026-02-20,6464211,TRANSPRT,"W66, W67, W68",Yangtze Water Level - PM Comp,SKIP_NO_CHANGE,PLANNED,"AUTOHOL: Holiday, 02/20/2026","AUTOHOL: Holiday, 02/20/2026"
China,2026-02-20,6464212,GLSECTOR,"V67, V68, V69",Yangtze Water Level - AM,SKIP_NO_CHANGE,PLANNED,"AUTOHOL: Holiday, 02/20/2026","AUTOHOL: Holiday, 02/20/2026"
China,2026-02-20,6464223,INTDAILY,"D91, D92, D93",Forward Rates,SKIP_NO_CHANGE,PLANNED,"AUTOHOL: Holiday, 02/20/2026","AUTOHOL: Holiday, 02/20/2026"
China,2026-02-20,6464224,INTWKLY,D92,Forward Rates AGG,SKIP_NO_CHANGE,PLANNED,"AUTOHOL: Holiday, 02/20/2026","AUTOHOL: Holiday, 02/20/2026"
China,2026-02-20,6464234,CMDTY,L40,SHFE Warehouse Stocks (SHFE),SKIP_NO_CHANGE,PLANNED,"AUTOHOL: Holiday, 02/20/2026","AUTOHOL: Holiday, 02/20/2026"
China,2026-02-20,6464384,INTDAILY,Various,CFETS Daily Bulletin Backup,SKIP_NO_CHANGE,PLANNED,"AUTOHOL: Holiday, 02/20/2026","AUTOHOL: Holiday, 02/20/2026"
China,2026-02-20,6464393,INTWKLY,K59,Interest Rate Swap AGG,SKIP_NO_CHANGE,PLANNED,"AUTOHOL: Holiday, 02/20/2026","AUTOHOL: Holiday, 02/20/2026"
China,2026-02-20,6464397,CMDTY,L55,Shanghai Gold Exchange Benchmark,SKIP_NO_CHANGE,PLANNED,"AUTOHOL: Holiday, 02/20/2026","AUTOHOL: Holiday, 02/20/2026"
China,2026-02-20,6464450,CMDTY,M30,Shanghai Metals Market Prices,SKIP_NO_CHANGE,PLANNED,"AUTOHOL: Holiday, 02/20/2026","AUTOHOL: Holiday, 02/20/2026"
China,2026-02-20,6464473,INTWKLY,P96,Intwkly Oil Commodity Prices,SKIP_NO_CHANGE,PLANNED,"AUTOHOL: Holiday, 02/20/2026","AUTOHOL: Holiday, 02/20/2026"
China,2026-02-20,6469753,TRANSPRT,"U83,U95,U96",LNY Passenger Volume,SKIP_NO_CHANGE,PLANNED,"AUTOHOL: Holiday, 02/20/2026","AUTOHOL: Holiday, 02/20/2026"
China,2026-02-21,6472008,TRANSPRT,"B12, B13, B14",China Subway Volume,SKIP_NO_CHANGE,PLANNED,"AUTOHOL: Holiday, 02/21/2026","AUTOHOL: Holiday, 02/21/2026"
China,2026-02-21,6472030,CHINAR,D96,Air Quality Index Provine SATURDAY[Eviews],SKIP_NO_CHANGE,PLANNED,"AUTOHOL: Holiday, 02/21/2026","AUTOHOL: Holiday, 02/21/2026"
China,2026-02-21,6472031,INTDAILY,H95,Air Quality Index SATURDAY COMP to INTDAILY,SKIP_NO_CHANGE,PLANNED,"AUTOHOL: Holiday, 02/21/2026","AUTOHOL: Holiday, 02/21/2026"
China,2026-02-21,6472035,CHINAR,D98,Air Quality Index SATURDAY,SKIP_NO_CHANGE,PLANNED,"AUTOHOL: Holiday, 02/21/2026","AUTOHOL: Holiday, 02/21/2026"
China,2026-02-22,6471675,INTWKLY,T21,Margin Transactions Aggregation,SKIP_NO_CHANGE,PLANNED,"AUTOHOL: Holiday, 02/22/2026","AUTOHOL: Holiday, 02/22/2026"
China,2026-02-22,6471681,INTDAILY,S99,PBC: OMO Zero,SKIP_NO_CHANGE,PLANNED,"AUTOHOL: Holiday, 02/22/2026","AUTOHOL: Holiday, 02/22/2026"
China,2026-02-22,6471682,INTDAILY,V96,PBC: OMO Calculation,SKIP_NO_CHANGE,PLANNED,"AUTOHOL: Holiday, 02/22/2026","AUTOHOL: Holiday, 02/22/2026"
China,2026-02-22,6471688,EMERGEPR,Various,CHINA to EMERGEPR Compare,SKIP_NO_CHANGE,PLANNED,"AUTOHOL: Holiday, 02/22/2026","AUTOHOL: Holiday, 02/22/2026"
China,2026-02-22,6471741,TRANSPRT,"T96, T97, T98",Subway Passenger Volume for Selected Transit Agencies,SKIP_NO_CHANGE,PLANNED,"AUTOHOL: Holiday, 02/22/2026","AUTOHOL: Holiday, 02/22/2026"
China,2026-02-22,6471742,TRANSPRT,"U02, U03, U04",Subway Passenger Volume for Selected Transit Agencies - Eviews,SKIP_NO_CHANGE,PLANNED,"AUTOHOL: Holiday, 02/22/2026","AUTOHOL: Holiday, 02/22/2026"
China,2026-02-22,6471772,TRANSPRT,"B12, B13, B14",China Subway Volume,SKIP_NO_CHANGE,PLANNED,"AUTOHOL: Holiday, 02/22/2026","AUTOHOL: Holiday, 02/22/2026"
China,2026-02-22,6471773,TRANSPRT,B15,China Subway Volume Aggregation,SKIP_NO_CHANGE,PLANNED,"AUTOHOL: Holiday, 02/22/2026","AUTOHOL: Holiday, 02/22/2026"
China,2026-02-22,6471775,TRANSPRT,"U05, U06, U07",Baidu Congestion Index,SKIP_NO_CHANGE,PLANNED,"AUTOHOL: Holiday, 02/22/2026","AUTOHOL: Holiday, 02/22/2026"
China,2026-02-22,6471780,GLSECTOR,"F65, F66, F67",Maoyan Box,SKIP_NO_CHANGE,PLANNED,"AUTOHOL: Holiday, 02/22/2026","AUTOHOL: Holiday, 02/22/2026"
China,2026-02-22,6471781,CNSECTOR,"I65,I66,I67",Maoyan Box CMP to CNSECTOR,SKIP_NO_CHANGE,PLANNED,"AUTOHOL: Holiday, 02/22/2026","AUTOHOL: Holiday, 02/22/2026"
China,2026-02-22,6471796,INTWKLY,R92,CFETS RMB Indexes,SKIP_NO_CHANGE,PLANNED,"AUTOHOL: Holiday, 02/22/2026","AUTOHOL: Holiday, 02/22/2026"
China,2026-02-22,6471813,INTDAILY,"U17, U18, U19",Alipay Tianhong Yue Bao Fund,SKIP_NO_CHANGE,PLANNED,"AUTOHOL: Holiday, 02/22/2026","AUTOHOL: Holiday, 02/22/2026"
China,2026-02-22,6471815,INTDAILY,"S99, V96, U01, U02, U23, U24",PBC: Open Market Operations - Sunday Check,SKIP_NO_CHANGE,PLANNED,"AUTOHOL: Holiday, 02/22/2026","AUTOHOL: Holiday, 02/22/2026"
China,2026-02-22,6471861,CNSECTOR,"U05, U06, U07",Baidu Congestion Index,SKIP_NO_CHANGE,PLANNED,"AUTOHOL: Holiday, 02/22/2026","AUTOHOL: Holiday, 02/22/2026"
China,2026-02-22,6471862,CNSECTOR,"T96, T97, T98, U02, U03, U04",Subway Passenger Volume for Selected Transit Agencies CNSECTOR,SKIP_NO_CHANGE,PLANNED,"AUTOHOL: Holiday, 02/22/2026","AUTOHOL: Holiday, 02/22/2026"
China,2026-02-22,6471863,TRANSPRT,"U59, U66, U67",Baidu Migration Scale Index,SKIP_NO_CHANGE,PLANNED,"AUTOHOL: Holiday, 02/22/2026","AUTOHOL: Holiday, 02/22/2026"
China,2026-02-22,6471864,CNSECTOR,"U59, U66, U67",Baidu Migration Scale Index Comp,SKIP_NO_CHANGE,PLANNED,"AUTOHOL: Holiday, 02/22/2026","AUTOHOL: Holiday, 02/22/2026"
China,2026-02-22,6471877,CHINAR,D97,Air Quality Index Province SUNDAY[Eviews],SKIP_NO_CHANGE,PLANNED,"AUTOHOL: Holiday, 02/22/2026","AUTOHOL: Holiday, 02/22/2026"
China,2026-02-22,6471878,INTDAILY,H96,Air Quality Index SUNDAY COMP to INTDAILY,SKIP_NO_CHANGE,PLANNED,"AUTOHOL: Holiday, 02/22/2026","AUTOHOL: Holiday, 02/22/2026"
China,2026-02-22,6471885,CHINAR,D99,Air Quality Index SUNDAY,SKIP_NO_CHANGE,PLANNED,"AUTOHOL: Holiday, 02/22/2026","AUTOHOL: Holiday, 02/22/2026"
China,2026-02-22,6471897,TRANSPRT,"T62, T63, T72",Yangtze Water Level - AM Comp,SKIP_NO_CHANGE,PLANNED,"AUTOHOL: Holiday, 02/22/2026","AUTOHOL: Holiday, 02/22/2026"
China,2026-02-22,6471898,GLSECTOR,"V61, V62, V63",Yangtze Water Level - PM,SKIP_NO_CHANGE,PLANNED,"AUTOHOL: Holiday, 02/22/2026","AUTOHOL: Holiday, 02/22/2026"
China,2026-02-22,6471899,TRANSPRT,"W66, W67, W68",Yangtze Water Level - PM Comp,SKIP_NO_CHANGE,PLANNED,"AUTOHOL: Holiday, 02/22/2026","AUTOHOL: Holiday, 02/22/2026"
China,2026-02-22,6471900,GLSECTOR,"V67, V68, V69",Yangtze Water Level - AM,SKIP_NO_CHANGE,PLANNED,"AUTOHOL: Holiday, 02/22/2026","AUTOHOL: Holiday, 02/22/2026"
Indonesia,2026-02-17,6468051,INTDAILY,R96,Exchange Rates,UPDATE_NOTE,BLOCKED_MAX_UPDATES,,"AUTOHOL: Holiday, 02/17/2026"
Indonesia,2026-02-17,6468471,INTDAILY,V50,Asian Stock Market- Jakarta Composite,UPDATE_NOTE,BLOCKED_MAX_UPDATES,,"AUTOHOL: Holiday, 02/17/2026"
Indonesia,2026-02-17,6468503,INTDAILY,V76,Holdings IDR Tradable Securities,UPDATE_NOTE,BLOCKED_MAX_UPDATES,,"AUTOHOL: Holiday, 02/17/2026"
Indonesia,2026-02-17,6468533,INTDAILY,H17,Exchange Rate Mid-Rates,UPDATE_NOTE,BLOCKED_MAX_UPDATES,,"AUTOHOL: Holiday, 02/17/2026"
Indonesia,2026-02-17,6468660,INTDAILY,G46,Daily Liquidity,UPDATE_NOTE,BLOCKED_MAX_UPDATES,,"AUTOHOL: Holiday, 02/17/2026"
Indonesia,2026-02-17,6468662,INTDAILY,K98,Daily Liquidity Projection Eviews Calculation,UPDATE_NOTE,BLOCKED_MAX_UPDATES,,"AUTOHOL: Holiday, 02/17/2026"
Indonesia,2026-02-17,6468689,INTDAILY,W87,Jakarta Interbank Reference Rate [JISDOR],UPDATE_NOTE,BLOCKED_MAX_UPDATES,,"AUTOHOL: Holiday, 02/17/2026"
Indonesia,2026-02-17,6468766,INTDAILY,X48,Monetary Operations Positions,UPDATE_NOTE,BLOCKED_MAX_UPDATES,,"AUTOHOL: Holiday, 02/17/2026"
Indonesia,2026-02-17,6468837,INTDAILY,J36,Indonia Rate,UPDATE_NOTE,BLOCKED_MAX_UPDATES,,"AUTOHOL: Holiday, 02/17/2026"
Indonesia,2026-02-17,6468944,INTDAILY,P44,Food Prices,UPDATE_NOTE,BLOCKED_MAX_UPDATES,,"AUTOHOL: Holiday, 02/17/2026"
Indonesia,2026-02-17,6469076,INTDAILY,J79,DNDF Afternoon,UPDATE_NOTE,BLOCKED_MAX_UPDATES,,"AUTOHOL: Holiday, 02/17/2026"
Indonesia,2026-02-17,6469132,INTDAILY,H91,Reverse Repo,UPDATE_NOTE,BLOCKED_MAX_UPDATES,,"AUTOHOL: Holiday, 02/17/2026"
Indonesia,2026-02-17,6469133,INTDAILY,H92,Term Deposits Morning,UPDATE_NOTE,BLOCKED_MAX_UPDATES,,"AUTOHOL: Holiday, 02/17/2026"
Indonesia,2026-02-17,6469134,INTDAILY,H93,Term Deposits Afternoon,UPDATE_NOTE,BLOCKED_MAX_UPDATES,,"AUTOHOL: Holiday, 02/17/2026"
Indonesia,2026-02-17,6469175,INTDAILY,G61,Government Securities Auction [SUSP],UPDATE_NOTE,BLOCKED_MAX_UPDATES,,"AUTOHOL: Holiday, 02/17/2026"
Indonesia,2026-02-17,6469184,ASEANR,B53,Market Prices,UPDATE_NOTE,BLOCKED_MAX_UPDATES,,"AUTOHOL: Holiday, 02/17/2026"
Indonesia,2026-02-17,6469317,ENERGY,K51,Indonesia Fuel Prices,UPDATE_NOTE,BLOCKED_MAX_UPDATES,,"AUTOHOL: Holiday, 02/17/2026"
Indonesia,2026-02-17,6469318,INTDAILY,O99,Indonesia Fuel Prices TRANSFER,UPDATE_NOTE,BLOCKED_MAX_UPDATES,,"AUTOHOL: Holiday, 02/17/2026"
Indonesia,2026-02-17,6469361,INTDAILY,F52,Indonia Rates & Index,UPDATE_NOTE,BLOCKED_MAX_UPDATES,,"AUTOHOL: Holiday, 02/17/2026"
Indonesia,2026-02-17,6469366,INTDAILY,R28,Bank Indonesia Reference Rate,UPDATE_NOTE,BLOCKED_MAX_UPDATES,,"AUTOHOL: Holiday, 02/17/2026"
Indonesia,2026-02-17,6469402,INTDAILY,Various,Indonesia OMO Check,UPDATE_NOTE,BLOCKED_MAX_UPDATES,,"AUTOHOL: Holiday, 02/17/2026"
Indonesia,2026-02-17,6469407,INTDAILY,M69,FX Term Deposit Auction,UPDATE_NOTE,BLOCKED_MAX_UPDATES,,"AUTOHOL: Holiday, 02/17/2026"
Indonesia,2026-02-17,6469482,ENERGY,D94,Indonesia Regional Fuel Price,UPDATE_NOTE,BLOCKED_MAX_UPDATES,,"AUTOHOL: Holiday, 02/17/2026"
Indonesia,2026-02-17,6469496,INTDAILY,J68,Bank Indonesia SVBI auction,UPDATE_NOTE,BLOCKED_MAX_UPDATES,,"AUTOHOL: Holiday, 02/17/2026"
Indonesia,2026-02-17,6469577,INTDAILY,N66,FX Swap,UPDATE_NOTE,BLOCKED_MAX_UPDATES,,"AUTOHOL: Holiday, 02/17/2026"
Indonesia,2026-02-17,6469656,INTDAILY,N51,Government Bond Auction,UPDATE_NOTE,BLOCKED_MAX_UPDATES,,"AUTOHOL: Holiday, 02/17/2026"
Indonesia,2026-02-17,6469657,INTDAILY,N53,Sharia Government Bond Auction,UPDATE_NOTE,BLOCKED_MAX_UPDATES,,"AUTOHOL: Holiday, 02/17/2026"
Korea,2026-02-16,6453025,INTDAILY,I74,Korea KORIBOR,UPDATE_NOTE,BLOCKED_MAX_UPDATES,,"AUTOHOL: Holiday, 02/16/2026"
Korea,2026-02-16,6453026,INTDAILY,I61,Interest Rates,UPDATE_NOTE,BLOCKED_MAX_UPDATES,,"AUTOHOL: Holiday, 02/16/2026"
Korea,2026-02-16,6453027,INTDAILY,V56,Asian Stock - KOSPI/KOSDAQ Market,UPDATE_NOTE,BLOCKED_MAX_UPDATES,R2D2 - errors in CSV2MODB output. Files on d:\intdaily\korea\kospi\auto [Az-AutoSrv1-Svc] Fri 02/13/2026 09:26:16.661 [Event ID: c3dc489e-08e5-11f1-9f2e-000d3a1a0faf],"R2D2 - errors in CSV2MODB output. Files on d:\intdaily\korea\kospi\auto [Az-AutoSrv1-Svc] Fri 02/13/2026 09:26:16.661 [Event ID: c3dc489e-08e5-11f1-9f2e-000d3a1a0faf] | AUTOHOL: Holiday, 02/16/2026"
Korea,2026-02-16,6453295,INTDAILY,J33,Government Bond Yields,UPDATE_NOTE,BLOCKED_MAX_UPDATES,,"AUTOHOL: Holiday, 02/16/2026"
Korea,2026-02-16,6453299,INTDAILY,K11,Total Return Calculation,UPDATE_NOTE,BLOCKED_MAX_UPDATES,,"AUTOHOL: Holiday, 02/16/2026"
Korea,2026-02-16,6453304,INTDAILY,R80,Exchange RATE,UPDATE_NOTE,BLOCKED_MAX_UPDATES,,"AUTOHOL: Holiday, 02/16/2026"
Korea,2026-02-16,6453448,INTDAILY,K02,Breakeven Inflation,UPDATE_NOTE,BLOCKED_MAX_UPDATES,,"AUTOHOL: Holiday, 02/16/2026"
Korea,2026-02-16,6453902,INTDAILY,S96,Asian Stock - KOSPI/KOSDAQ Market,UPDATE_NOTE,BLOCKED_MAX_UPDATES,,"AUTOHOL: Holiday, 02/16/2026"
Korea,2026-02-16,6453916,INTDAILY,V74,KRX Market Transactions,UPDATE_NOTE,BLOCKED_MAX_UPDATES,,"AUTOHOL: Holiday, 02/16/2026"
Korea,2026-02-16,6454008,INTDAILY,T28,US-Dollar Auctions CHECK,UPDATE_NOTE,BLOCKED_MAX_UPDATES,,"AUTOHOL: Holiday, 02/16/2026"
Korea,2026-02-16,6454098,INTDAILY,R39,Exchange RATE Lag,UPDATE_NOTE,BLOCKED_MAX_UPDATES,,"AUTOHOL: Holiday, 02/16/2026"
Korea,2026-02-16,6454195,INTDAILY,F65,Interest Rates and Yields,UPDATE_NOTE,BLOCKED_MAX_UPDATES,,"AUTOHOL: Holiday, 02/16/2026"
Korea,2026-02-16,6454259,CMDTY,L56,Agricultral Products Wholesale Price,UPDATE_NOTE,BLOCKED_MAX_UPDATES,,"AUTOHOL: Holiday, 02/16/2026"
Korea,2026-02-16,6454262,INTDAILY,Y58,KOFR Leading,UPDATE_NOTE,BLOCKED_MAX_UPDATES,,"AUTOHOL: Holiday, 02/16/2026"
Korea,2026-02-16,6454265,INTDAILY,Y20,KOFR,UPDATE_NOTE,BLOCKED_MAX_UPDATES,,"AUTOHOL: Holiday, 02/16/2026"
Korea,2026-02-16,6454266,INTWKLY,W20,KOFR Aggregation,UPDATE_NOTE,BLOCKED_MAX_UPDATES,,"AUTOHOL: Holiday, 02/16/2026"
Korea,2026-02-16,6454293,INTDAILY,U31,INTL Securities Activity,UPDATE_NOTE,BLOCKED_MAX_UPDATES,,"AUTOHOL: Holiday, 02/16/2026"
Korea,2026-02-16,6454294,INTDAILY,U32,INTL Securities Activity EVIEWS,UPDATE_NOTE,BLOCKED_MAX_UPDATES,,"AUTOHOL: Holiday, 02/16/2026"
Korea,2026-02-16,6454295,INTDAILY,U33,INTL Securities Custody,UPDATE_NOTE,BLOCKED_MAX_UPDATES,,"AUTOHOL: Holiday, 02/16/2026"
Korea,2026-02-16,6454304,INTWKLY,K50,Change in Credit Card Expenditure,UPDATE_NOTE,BLOCKED_MAX_UPDATES,,"AUTOHOL: Holiday, 02/16/2026"
Korea,2026-02-16,6454312,INTDAILY,K20,Equity Flows,UPDATE_NOTE,BLOCKED_MAX_UPDATES,,"AUTOHOL: Holiday, 02/16/2026"
Korea,2026-02-16,6454313,INTDAILY,K10,Bond Flows,UPDATE_NOTE,BLOCKED_MAX_UPDATES,,"AUTOHOL: Holiday, 02/16/2026"
Korea,2026-02-16,6454322,INTDAILY,K90,KOFR Interest Rate Distribution,UPDATE_NOTE,BLOCKED_MAX_UPDATES,,"AUTOHOL: Holiday, 02/16/2026"
Korea,2026-02-16,6454323,INTWKLY,K70,KOFR Interest Rate Distribution AGG,UPDATE_NOTE,BLOCKED_MAX_UPDATES,,"AUTOHOL: Holiday, 02/16/2026"
Korea,2026-02-16,6454383,INTDAILY,V99,KRX Foreign Ownership,UPDATE_NOTE,BLOCKED_MAX_UPDATES,,"AUTOHOL: Holiday, 02/16/2026"
Korea,2026-02-16,6454455,INTDAILY,U29,KOSPI Volatility 200 Index,UPDATE_NOTE,BLOCKED_MAX_UPDATES,,"AUTOHOL: Holiday, 02/16/2026"
Korea,2026-02-16,6454547,INTDAILY,M28,Korea Money Market Fund AUM,UPDATE_NOTE,BLOCKED_MAX_UPDATES,,"AUTOHOL: Holiday, 02/16/2026"
Korea,2026-02-16,6454548,INTWKLY,M14,Korea Money Market Fund AUM [AGG],UPDATE_NOTE,BLOCKED_MAX_UPDATES,,"AUTOHOL: Holiday, 02/16/2026"
Korea,2026-02-16,6454618,INTDAILY,O08,[COMP] Agricultral Products Wholesale Price,UPDATE_NOTE,BLOCKED_MAX_UPDATES,,"AUTOHOL: Holiday, 02/16/2026"
Korea,2026-02-16,6454626,INTDAILY,A09,News Psychology Index,UPDATE_NOTE,BLOCKED_MAX_UPDATES,,"AUTOHOL: Holiday, 02/16/2026"
Korea,2026-02-16,6454693,GLSECTOR,V36,Semiconductor Prices,UPDATE_NOTE,BLOCKED_MAX_UPDATES,,"AUTOHOL: Holiday, 02/16/2026"
Korea,2026-02-16,6454736,ENERGY,"P66, P67, P68",Korea Fuel Prices,UPDATE_NOTE,BLOCKED_MAX_UPDATES,,"AUTOHOL: Holiday, 02/16/2026"
Korea,2026-02-16,6454737,INTDAILY,"B66, B67, B68",Korea Fuel Prices TRANSFER,UPDATE_NOTE,BLOCKED_MAX_UPDATES,,"AUTOHOL: Holiday, 02/16/2026"
Korea,2026-02-16,6454740,INTDAILY,E60,Interest Rates on Loans & Deposits,UPDATE_NOTE,BLOCKED_MAX_UPDATES,,"AUTOHOL: Holiday, 02/16/2026"
Korea,2026-02-16,6454785,INTDAILY,E53,Korea OMO: RP Purchases of Government Securities,UPDATE_NOTE,BLOCKED_MAX_UPDATES,,"AUTOHOL: Holiday, 02/16/2026"
Korea,2026-02-16,6454786,INTDAILY,E52,Korea OMO: RP Sales of Government Securities,UPDATE_NOTE,BLOCKED_MAX_UPDATES,,"AUTOHOL: Holiday, 02/16/2026"
Korea,2026-02-16,6454787,INTDAILY,E46,Korea OMO: Monetary Stabilization Account Operations,UPDATE_NOTE,BLOCKED_MAX_UPDATES,,"AUTOHOL: Holiday, 02/16/2026"
Korea,2026-02-16,6454788,INTDAILY,E61,Korea OMO: Monetary Stabilization Bond Operations,UPDATE_NOTE,BLOCKED_MAX_UPDATES,,"AUTOHOL: Holiday, 02/16/2026"
Korea,2026-02-17,6468054,INTDAILY,I74,Korea KORIBOR,UPDATE_NOTE,BLOCKED_MAX_UPDATES,,"AUTOHOL: Holiday, 02/17/2026"
Korea,2026-02-17,6468055,INTDAILY,I61,Interest Rates,UPDATE_NOTE,BLOCKED_MAX_UPDATES,,"AUTOHOL: Holiday, 02/17/2026"
Korea,2026-02-17,6468056,INTDAILY,V56,Asian Stock - KOSPI/KOSDAQ Market,UPDATE_NOTE,BLOCKED_MAX_UPDATES,,"AUTOHOL: Holiday, 02/17/2026"
Korea,2026-02-17,6468314,INTDAILY,J33,Government Bond Yields,UPDATE_NOTE,BLOCKED_MAX_UPDATES,,"AUTOHOL: Holiday, 02/17/2026"
Korea,2026-02-17,6468318,INTDAILY,K11,Total Return Calculation,UPDATE_NOTE,BLOCKED_MAX_UPDATES,,"AUTOHOL: Holiday, 02/17/2026"
Korea,2026-02-17,6468323,INTDAILY,R80,Exchange RATE,UPDATE_NOTE,BLOCKED_MAX_UPDATES,,"AUTOHOL: Holiday, 02/17/2026"
Korea,2026-02-17,6468455,INTDAILY,K02,Breakeven Inflation,UPDATE_NOTE,BLOCKED_MAX_UPDATES,,"AUTOHOL: Holiday, 02/17/2026"
Korea,2026-02-17,6468873,INTDAILY,S96,Asian Stock - KOSPI/KOSDAQ Market,UPDATE_NOTE,BLOCKED_MAX_UPDATES,,"AUTOHOL: Holiday, 02/17/2026"
Korea,2026-02-17,6468885,INTDAILY,V74,KRX Market Transactions,UPDATE_NOTE,BLOCKED_MAX_UPDATES,,"AUTOHOL: Holiday, 02/17/2026"
Korea,2026-02-17,6468967,INTDAILY,T28,US-Dollar Auctions CHECK,UPDATE_NOTE,BLOCKED_MAX_UPDATES,,"AUTOHOL: Holiday, 02/17/2026"
Korea,2026-02-17,6469052,INTDAILY,R39,Exchange RATE Lag,UPDATE_NOTE,BLOCKED_MAX_UPDATES,,"AUTOHOL: Holiday, 02/17/2026"
Korea,2026-02-17,6469122,INTDAILY,F65,Interest Rates and Yields,UPDATE_NOTE,BLOCKED_MAX_UPDATES,,"AUTOHOL: Holiday, 02/17/2026"
Korea,2026-02-17,6469180,CMDTY,L56,Agricultral Products Wholesale Price,UPDATE_NOTE,BLOCKED_MAX_UPDATES,,"AUTOHOL: Holiday, 02/17/2026"
Korea,2026-02-17,6469183,INTDAILY,Y58,KOFR Leading,UPDATE_NOTE,BLOCKED_MAX_UPDATES,,"AUTOHOL: Holiday, 02/17/2026"
Korea,2026-02-17,6469185,INTDAILY,Y20,KOFR,UPDATE_NOTE,BLOCKED_MAX_UPDATES,,"AUTOHOL: Holiday, 02/17/2026"
Korea,2026-02-17,6469211,INTDAILY,U31,INTL Securities Activity,UPDATE_NOTE,BLOCKED_MAX_UPDATES,,"AUTOHOL: Holiday, 02/17/2026"
Korea,2026-02-17,6469212,INTDAILY,U32,INTL Securities Activity EVIEWS,UPDATE_NOTE,BLOCKED_MAX_UPDATES,,"AUTOHOL: Holiday, 02/17/2026"
Korea,2026-02-17,6469213,INTDAILY,U33,INTL Securities Custody,UPDATE_NOTE,BLOCKED_MAX_UPDATES,,"AUTOHOL: Holiday, 02/17/2026"
Korea,2026-02-17,6469214,INTWKLY,W33,INTL Securities Custody AGG,UPDATE_NOTE,BLOCKED_MAX_UPDATES,,"AUTOHOL: Holiday, 02/17/2026"
Korea,2026-02-17,6469228,INTDAILY,K20,Equity Flows,UPDATE_NOTE,BLOCKED_MAX_UPDATES,,"AUTOHOL: Holiday, 02/17/2026"
Korea,2026-02-17,6469229,INTDAILY,K10,Bond Flows,UPDATE_NOTE,BLOCKED_MAX_UPDATES,,"AUTOHOL: Holiday, 02/17/2026"
Korea,2026-02-17,6469237,INTDAILY,K90,KOFR Interest Rate Distribution,UPDATE_NOTE,BLOCKED_MAX_UPDATES,,"AUTOHOL: Holiday, 02/17/2026"
Korea,2026-02-17,6469289,INTDAILY,V99,KRX Foreign Ownership,UPDATE_NOTE,BLOCKED_MAX_UPDATES,,"AUTOHOL: Holiday, 02/17/2026"
Korea,2026-02-17,6469368,INTDAILY,U29,KOSPI Volatility 200 Index,UPDATE_NOTE,BLOCKED_MAX_UPDATES,,"AUTOHOL: Holiday, 02/17/2026"
Korea,2026-02-17,6469455,INTDAILY,M28,Korea Money Market Fund AUM,UPDATE_NOTE,BLOCKED_MAX_UPDATES,,"AUTOHOL: Holiday, 02/17/2026"
Korea,2026-02-17,6469531,INTDAILY,O08,[COMP] Agricultral Products Wholesale Price,UPDATE_NOTE,BLOCKED_MAX_UPDATES,,"AUTOHOL: Holiday, 02/17/2026"
Korea,2026-02-17,6469599,GLSECTOR,V36,Semiconductor Prices,UPDATE_NOTE,BLOCKED_MAX_UPDATES,,"AUTOHOL: Holiday, 02/17/2026"
Korea,2026-02-17,6469636,ENERGY,"P66, P67, P68",Korea Fuel Prices,UPDATE_NOTE,BLOCKED_MAX_UPDATES,,"AUTOHOL: Holiday, 02/17/2026"
Korea,2026-02-17,6469637,INTDAILY,"B66, B67, B68",Korea Fuel Prices TRANSFER,UPDATE_NOTE,BLOCKED_MAX_UPDATES,,"AUTOHOL: Holiday, 02/17/2026"
Korea,2026-02-17,6469639,INTDAILY,E60,Interest Rates on Loans & Deposits,UPDATE_NOTE,BLOCKED_MAX_UPDATES,,"AUTOHOL: Holiday, 02/17/2026"
Korea,2026-02-17,6469682,INTDAILY,E53,Korea OMO: RP Purchases of Government Securities,UPDATE_NOTE,BLOCKED_MAX_UPDATES,,"AUTOHOL: Holiday, 02/17/2026"
Korea,2026-02-17,6469683,INTDAILY,E52,Korea OMO: RP Sales of Government Securities,UPDATE_NOTE,BLOCKED_MAX_UPDATES,,"AUTOHOL: Holiday, 02/17/2026"
Korea,2026-02-17,6469684,INTDAILY,E46,Korea OMO: Monetary Stabilization Account Operations,UPDATE_NOTE,BLOCKED_MAX_UPDATES,,"AUTOHOL: Holiday, 02/17/2026"
Korea,2026-02-17,6469685,INTDAILY,E61,Korea OMO: Monetary Stabilization Bond Operations,UPDATE_NOTE,BLOCKED_MAX_UPDATES,,"AUTOHOL: Holiday, 02/17/2026"
Korea,2026-02-18,6466329,INTDAILY,I74,Korea KORIBOR,UPDATE_NOTE,BLOCKED_MAX_UPDATES,,"AUTOHOL: Holiday, 02/18/2026"
Korea,2026-02-18,6466330,INTDAILY,I61,Interest Rates,UPDATE_NOTE,BLOCKED_MAX_UPDATES,,"AUTOHOL: Holiday, 02/18/2026"
Korea,2026-02-18,6466331,INTDAILY,V56,Asian Stock - KOSPI/KOSDAQ Market,UPDATE_NOTE,BLOCKED_MAX_UPDATES,,"AUTOHOL: Holiday, 02/18/2026"
Korea,2026-02-18,6466589,INTDAILY,J33,Government Bond Yields,UPDATE_NOTE,BLOCKED_MAX_UPDATES,,"AUTOHOL: Holiday, 02/18/2026"
Korea,2026-02-18,6466594,INTDAILY,K11,Total Return Calculation,UPDATE_NOTE,BLOCKED_MAX_UPDATES,,"AUTOHOL: Holiday, 02/18/2026"
Korea,2026-02-18,6466599,INTDAILY,R80,Exchange RATE,UPDATE_NOTE,BLOCKED_MAX_UPDATES,,"AUTOHOL: Holiday, 02/18/2026"
Korea,2026-02-18,6466739,INTDAILY,K02,Breakeven Inflation,UPDATE_NOTE,BLOCKED_MAX_UPDATES,,"AUTOHOL: Holiday, 02/18/2026"
Korea,2026-02-18,6467154,INTDAILY,S96,Asian Stock - KOSPI/KOSDAQ Market,UPDATE_NOTE,BLOCKED_MAX_UPDATES,,"AUTOHOL: Holiday, 02/18/2026"
Korea,2026-02-18,6467169,INTDAILY,V74,KRX Market Transactions,UPDATE_NOTE,BLOCKED_MAX_UPDATES,,"AUTOHOL: Holiday, 02/18/2026"
Korea,2026-02-18,6467184,INTWKLY,P50,HPI and MKT Trends  from (REB),UPDATE_NOTE,BLOCKED_MAX_UPDATES,R2D2 - Data for 1260216 not out. CSVDATE=1260209. Files on d:\intwkly\korea\housing [Az-AutoSrv1-Svc] Thu 02/12/2026 22:29:06.573 [Event ID: bee9fe12-0885-11f1-85b3-000d3a1a0faf],"R2D2 - Data for 1260216 not out. CSVDATE=1260209. Files on d:\intwkly\korea\housing [Az-AutoSrv1-Svc] Thu 02/12/2026 22:29:06.573 [Event ID: bee9fe12-0885-11f1-85b3-000d3a1a0faf] | AUTOHOL: Holiday, 0"
Korea,2026-02-18,6467252,INTDAILY,T28,US-Dollar Auctions CHECK,UPDATE_NOTE,BLOCKED_MAX_UPDATES,,"AUTOHOL: Holiday, 02/18/2026"
Korea,2026-02-18,6467338,INTDAILY,R39,Exchange RATE Lag,UPDATE_NOTE,BLOCKED_MAX_UPDATES,,"AUTOHOL: Holiday, 02/18/2026"
Korea,2026-02-18,6467414,INTDAILY,F65,Interest Rates and Yields,UPDATE_NOTE,BLOCKED_MAX_UPDATES,,"AUTOHOL: Holiday, 02/18/2026"
Korea,2026-02-18,6467444,INTDAILY,Y59,Treasury Bill Auctions,UPDATE_NOTE,BLOCKED_MAX_UPDATES,,"AUTOHOL: Holiday, 02/18/2026"
Korea,2026-02-18,6467480,CMDTY,L56,Agricultral Products Wholesale Price,UPDATE_NOTE,BLOCKED_MAX_UPDATES,,"AUTOHOL: Holiday, 02/18/2026"
Korea,2026-02-18,6467483,INTDAILY,Y58,KOFR Leading,UPDATE_NOTE,BLOCKED_MAX_UPDATES,,"AUTOHOL: Holiday, 02/18/2026"
Korea,2026-02-18,6467485,INTDAILY,Y20,KOFR,UPDATE_NOTE,BLOCKED_MAX_UPDATES,,"AUTOHOL: Holiday, 02/18/2026"
Korea,2026-02-18,6467513,INTDAILY,U31,INTL Securities Activity,UPDATE_NOTE,BLOCKED_MAX_UPDATES,,"AUTOHOL: Holiday, 02/18/2026"
Korea,2026-02-18,6467514,INTDAILY,U32,INTL Securities Activity EVIEWS,UPDATE_NOTE,BLOCKED_MAX_UPDATES,,"AUTOHOL: Holiday, 02/18/2026"
Korea,2026-02-18,6467515,INTDAILY,U33,INTL Securities Custody,UPDATE_NOTE,BLOCKED_MAX_UPDATES,,"AUTOHOL: Holiday, 02/18/2026"
Korea,2026-02-18,6467531,INTDAILY,K20,Equity Flows,UPDATE_NOTE,BLOCKED_MAX_UPDATES,,"AUTOHOL: Holiday, 02/18/2026"
Korea,2026-02-18,6467532,INTDAILY,K10,Bond Flows,UPDATE_NOTE,BLOCKED_MAX_UPDATES,,"AUTOHOL: Holiday, 02/18/2026"
Korea,2026-02-18,6467541,INTDAILY,K90,KOFR Interest Rate Distribution,UPDATE_NOTE,BLOCKED_MAX_UPDATES,,"AUTOHOL: Holiday, 02/18/2026"
Korea,2026-02-18,6467596,INTDAILY,V99,KRX Foreign Ownership,UPDATE_NOTE,BLOCKED_MAX_UPDATES,,"AUTOHOL: Holiday, 02/18/2026"
Korea,2026-02-18,6467657,INTDAILY,U29,KOSPI Volatility 200 Index,UPDATE_NOTE,BLOCKED_MAX_UPDATES,,"AUTOHOL: Holiday, 02/18/2026"
Korea,2026-02-18,6467755,INTDAILY,M28,Korea Money Market Fund AUM,UPDATE_NOTE,BLOCKED_MAX_UPDATES,,"AUTOHOL: Holiday, 02/18/2026"
Korea,2026-02-18,6467833,INTDAILY,O08,[COMP] Agricultral Products Wholesale Price,UPDATE_NOTE,BLOCKED_MAX_UPDATES,,"AUTOHOL: Holiday, 02/18/2026"
Korea,2026-02-18,6467906,GLSECTOR,V36,Semiconductor Prices,UPDATE_NOTE,BLOCKED_MAX_UPDATES,,"AUTOHOL: Holiday, 02/18/2026"
Korea,2026-02-18,6467940,ASIAER,D48,HPI and MKT Trends  from (REB) [COMP],UPDATE_NOTE,BLOCKED_MAX_UPDATES,,"AUTOHOL: Holiday, 02/18/2026"
Korea,2026-02-18,6467946,ENERGY,"P66, P67, P68",Korea Fuel Prices,UPDATE_NOTE,BLOCKED_MAX_UPDATES,,"AUTOHOL: Holiday, 02/18/2026"
Korea,2026-02-18,6467947,INTDAILY,"B66, B67, B68",Korea Fuel Prices TRANSFER,UPDATE_NOTE,BLOCKED_MAX_UPDATES,,"AUTOHOL: Holiday, 02/18/2026"
Korea,2026-02-18,6467951,INTDAILY,E60,Interest Rates on Loans & Deposits,UPDATE_NOTE,BLOCKED_MAX_UPDATES,,"AUTOHOL: Holiday, 02/18/2026"
Korea,2026-02-18,6467991,INTDAILY,E53,Korea OMO: RP Purchases of Government Securities,UPDATE_NOTE,BLOCKED_MAX_UPDATES,,"AUTOHOL: Holiday, 02/18/2026"
Korea,2026-02-18,6467992,INTDAILY,E52,Korea OMO: RP Sales of Government Securities,UPDATE_NOTE,BLOCKED_MAX_UPDATES,,"AUTOHOL: Holiday, 02/18/2026"
Korea,2026-02-18,6467993,INTDAILY,E46,Korea OMO: Monetary Stabilization Account Operations,UPDATE_NOTE,BLOCKED_MAX_UPDATES,,"AUTOHOL: Holiday, 02/18/2026"
Korea,2026-02-18,6467994,INTDAILY,E61,Korea OMO: Monetary Stabilization Bond Operations,UPDATE_NOTE,BLOCKED_MAX_UPDATES,,"AUTOHOL: Holiday, 02/18/2026"
Malaysia,2026-02-17,6468057,INTDAILY,S74,Market Indices,UPDATE_NOTE,BLOCKED_MAX_UPDATES,,"AUTOHOL: Holiday, 02/17/2026"
Malaysia,2026-02-17,6468058,INTDAILY,R51,Exchange Rates,UPDATE_NOTE,BLOCKED_MAX_UPDATES,,"AUTOHOL: Holiday, 02/17/2026"
Malaysia,2026-02-17,6468059,INTDAILY,W15,Overall Operations Rates & Volumes,UPDATE_NOTE,BLOCKED_MAX_UPDATES,,"AUTOHOL: Holiday, 02/17/2026"
Malaysia,2026-02-17,6468453,CMDTY,L81,Crude Palm Oil,UPDATE_NOTE,BLOCKED_MAX_UPDATES,,"AUTOHOL: Holiday, 02/17/2026"
Malaysia,2026-02-17,6468473,INTDAILY,V52,Asian Stock Market- KLSE,UPDATE_NOTE,BLOCKED_MAX_UPDATES,,"AUTOHOL: Holiday, 02/17/2026"
Malaysia,2026-02-17,6468527,INTDAILY,P82,Closing Rubber,UPDATE_NOTE,BLOCKED_MAX_UPDATES,,"AUTOHOL: Holiday, 02/17/2026"
Malaysia,2026-02-17,6468528,CMDTY,L82,Closing Rubber  CMDTY Transfer,UPDATE_NOTE,BLOCKED_MAX_UPDATES,,"AUTOHOL: Holiday, 02/17/2026"
Malaysia,2026-02-17,6468535,INTDAILY,G72,Government Bonds,UPDATE_NOTE,BLOCKED_MAX_UPDATES,,"AUTOHOL: Holiday, 02/17/2026"
Malaysia,2026-02-17,6468596,INTDAILY,W10,Money Market Operations Rates & Volumes,UPDATE_NOTE,BLOCKED_MAX_UPDATES,,"AUTOHOL: Holiday, 02/17/2026"
Malaysia,2026-02-17,6468692,INTDAILY,W94,Kuala Lumpur USD/MYR Reference Rate,UPDATE_NOTE,BLOCKED_MAX_UPDATES,,"AUTOHOL: Holiday, 02/17/2026"
Malaysia,2026-02-17,6468706,INTDAILY,W49,Gold Bullion Prices,UPDATE_NOTE,BLOCKED_MAX_UPDATES,,"AUTOHOL: Holiday, 02/17/2026"
Malaysia,2026-02-17,6468707,INTDAILY,H49,Gold Prices MID-RATE,UPDATE_NOTE,BLOCKED_MAX_UPDATES,,"AUTOHOL: Holiday, 02/17/2026"
Malaysia,2026-02-17,6468713,CMDTY,L67,Gold Bullion Prices Comp,UPDATE_NOTE,BLOCKED_MAX_UPDATES,,"AUTOHOL: Holiday, 02/17/2026"
Malaysia,2026-02-17,6468717,INTDAILY,W21,Malaysia Islamic Interbank,UPDATE_NOTE,BLOCKED_MAX_UPDATES,,"AUTOHOL: Holiday, 02/17/2026"
Malaysia,2026-02-17,6468780,CMDTY,M02,Malaysia Crude Palm Oil Transfer,UPDATE_NOTE,BLOCKED_MAX_UPDATES,,"AUTOHOL: Holiday, 02/17/2026"
Malaysia,2026-02-17,6468781,INTDAILY,X70,Malaysia Crude Palm Oil Price,UPDATE_NOTE,BLOCKED_MAX_UPDATES,,"AUTOHOL: Holiday, 02/17/2026"
Malaysia,2026-02-17,6469051,INTDAILY,T95,KLIBOR Rates,UPDATE_NOTE,BLOCKED_MAX_UPDATES,,"AUTOHOL: Holiday, 02/17/2026"
Malaysia,2026-02-17,6469058,INTDAILY,W14,Interbank Swaps,UPDATE_NOTE,BLOCKED_MAX_UPDATES,,"AUTOHOL: Holiday, 02/17/2026"
Malaysia,2026-02-17,6469059,INTDAILY,W12,Interbank Volume and Rate,UPDATE_NOTE,BLOCKED_MAX_UPDATES,,"AUTOHOL: Holiday, 02/17/2026"
Malaysia,2026-02-17,6469060,INTDAILY,W11,Bond Volume,UPDATE_NOTE,BLOCKED_MAX_UPDATES,,"AUTOHOL: Holiday, 02/17/2026"
Malaysia,2026-02-17,6469061,INTDAILY,W13,Malaysia Bond FX,UPDATE_NOTE,BLOCKED_MAX_UPDATES,,"AUTOHOL: Holiday, 02/17/2026"
Malaysia,2026-02-17,6469217,INTDAILY,C66,Malaysia Overnight Rate (MYOR),UPDATE_NOTE,BLOCKED_MAX_UPDATES,,"AUTOHOL: Holiday, 02/17/2026"
Malaysia,2026-02-17,6469220,INTDAILY,C67,Islamic Overnight Rate,UPDATE_NOTE,BLOCKED_MAX_UPDATES,,"AUTOHOL: Holiday, 02/17/2026"
Malaysia,2026-02-17,6469613,INTDAILY,E38,Central Bank Liquidity Positions,UPDATE_NOTE,BLOCKED_MAX_UPDATES,,"AUTOHOL: Holiday, 02/17/2026"
Malaysia,2026-02-17,6469614,INTDAILY,E37,Central Bank OMOs,UPDATE_NOTE,BLOCKED_MAX_UPDATES,,"AUTOHOL: Holiday, 02/17/2026"
Malaysia,2026-02-17,6469694,INTDAILY,O06,Non-Resident Bond Holdings,UPDATE_NOTE,BLOCKED_MAX_UPDATES,,"AUTOHOL: Holiday, 02/17/2026"
Malaysia,2026-02-18,6466332,INTDAILY,S74,Market Indices,UPDATE_NOTE,BLOCKED_MAX_UPDATES,,"AUTOHOL: Holiday, 02/18/2026"
Malaysia,2026-02-18,6466333,INTDAILY,R51,Exchange Rates,UPDATE_NOTE,BLOCKED_MAX_UPDATES,,"AUTOHOL: Holiday, 02/18/2026"
Malaysia,2026-02-18,6466334,INTDAILY,W15,Overall Operations Rates & Volumes,UPDATE_NOTE,BLOCKED_MAX_UPDATES,,"AUTOHOL: Holiday, 02/18/2026"
Malaysia,2026-02-18,6466736,CMDTY,L81,Crude Palm Oil,UPDATE_NOTE,BLOCKED_MAX_UPDATES,,"AUTOHOL: Holiday, 02/18/2026"
Malaysia,2026-02-18,6466755,INTDAILY,V52,Asian Stock Market- KLSE,UPDATE_NOTE,BLOCKED_MAX_UPDATES,,"AUTOHOL: Holiday, 02/18/2026"
Malaysia,2026-02-18,6466809,INTDAILY,P82,Closing Rubber,UPDATE_NOTE,BLOCKED_MAX_UPDATES,,"AUTOHOL: Holiday, 02/18/2026"
Malaysia,2026-02-18,6466810,CMDTY,L82,Closing Rubber  CMDTY Transfer,UPDATE_NOTE,BLOCKED_MAX_UPDATES,,"AUTOHOL: Holiday, 02/18/2026"
Malaysia,2026-02-18,6466815,INTDAILY,G72,Government Bonds,UPDATE_NOTE,BLOCKED_MAX_UPDATES,,"AUTOHOL: Holiday, 02/18/2026"
Malaysia,2026-02-18,6466872,INTDAILY,W10,Money Market Operations Rates & Volumes,UPDATE_NOTE,BLOCKED_MAX_UPDATES,,"AUTOHOL: Holiday, 02/18/2026"
Malaysia,2026-02-18,6466966,INTDAILY,W94,Kuala Lumpur USD/MYR Reference Rate,UPDATE_NOTE,BLOCKED_MAX_UPDATES,,"AUTOHOL: Holiday, 02/18/2026"
Malaysia,2026-02-18,6466980,INTDAILY,W49,Gold Bullion Prices,UPDATE_NOTE,BLOCKED_MAX_UPDATES,,"AUTOHOL: Holiday, 02/18/2026"
Malaysia,2026-02-18,6466981,INTDAILY,H49,Gold Prices MID-RATE,UPDATE_NOTE,BLOCKED_MAX_UPDATES,,"AUTOHOL: Holiday, 02/18/2026"
Malaysia,2026-02-18,6466986,CMDTY,L67,Gold Bullion Prices Comp,UPDATE_NOTE,BLOCKED_MAX_UPDATES,,"AUTOHOL: Holiday, 02/18/2026"
Malaysia,2026-02-18,6466990,INTDAILY,W21,Malaysia Islamic Interbank,UPDATE_NOTE,BLOCKED_MAX_UPDATES,,"AUTOHOL: Holiday, 02/18/2026"
Malaysia,2026-02-18,6467002,INTWKLY,P32,Retail Pump Prices COMP [Press],UPDATE_NOTE,BLOCKED_MAX_UPDATES,,"AUTOHOL: Holiday, 02/18/2026"
Malaysia,2026-02-18,6467019,CMDTY,L24,Retail Pump Prices COMP [Press],UPDATE_NOTE,BLOCKED_MAX_UPDATES,,"AUTOHOL: Holiday, 02/18/2026"
Malaysia,2026-02-18,6467058,CMDTY,M02,Malaysia Crude Palm Oil Transfer,UPDATE_NOTE,BLOCKED_MAX_UPDATES,,"AUTOHOL: Holiday, 02/18/2026"
Malaysia,2026-02-18,6467059,INTDAILY,X70,Malaysia Crude Palm Oil Price,UPDATE_NOTE,BLOCKED_MAX_UPDATES,,"AUTOHOL: Holiday, 02/18/2026"
Malaysia,2026-02-18,6467337,INTDAILY,T95,KLIBOR Rates,UPDATE_NOTE,BLOCKED_MAX_UPDATES,,"AUTOHOL: Holiday, 02/18/2026"
Malaysia,2026-02-18,6467344,INTDAILY,W14,Interbank Swaps,UPDATE_NOTE,BLOCKED_MAX_UPDATES,,"AUTOHOL: Holiday, 02/18/2026"
Malaysia,2026-02-18,6467345,INTDAILY,W12,Interbank Volume and Rate,UPDATE_NOTE,BLOCKED_MAX_UPDATES,,"AUTOHOL: Holiday, 02/18/2026"
Malaysia,2026-02-18,6467346,INTDAILY,W11,Bond Volume,UPDATE_NOTE,BLOCKED_MAX_UPDATES,,"AUTOHOL: Holiday, 02/18/2026"
Malaysia,2026-02-18,6467347,INTDAILY,W13,Malaysia Bond FX,UPDATE_NOTE,BLOCKED_MAX_UPDATES,,"AUTOHOL: Holiday, 02/18/2026"
Malaysia,2026-02-18,6467394,INTDAILY,C58,Malaysia MTB/MITB Auction Data,UPDATE_NOTE,BLOCKED_MAX_UPDATES,,"AUTOHOL: Holiday, 02/18/2026"
Malaysia,2026-02-18,6467396,ENERGY,K43,Retail Pump Prices [Press],UPDATE_NOTE,BLOCKED_MAX_UPDATES,,"AUTOHOL: Holiday, 02/18/2026"
Malaysia,2026-02-18,6467518,INTDAILY,C66,Malaysia Overnight Rate (MYOR),UPDATE_NOTE,BLOCKED_MAX_UPDATES,,"AUTOHOL: Holiday, 02/18/2026"
Malaysia,2026-02-18,6467522,INTDAILY,C67,Islamic Overnight Rate,UPDATE_NOTE,BLOCKED_MAX_UPDATES,,"AUTOHOL: Holiday, 02/18/2026"
Malaysia,2026-02-18,6467920,INTDAILY,E38,Central Bank Liquidity Positions,UPDATE_NOTE,BLOCKED_MAX_UPDATES,,"AUTOHOL: Holiday, 02/18/2026"
Malaysia,2026-02-18,6467921,INTDAILY,E37,Central Bank OMOs,UPDATE_NOTE,BLOCKED_MAX_UPDATES,,"AUTOHOL: Holiday, 02/18/2026"
Malaysia,2026-02-18,6468003,INTDAILY,O06,Non-Resident Bond Holdings,UPDATE_NOTE,BLOCKED_MAX_UPDATES,,"AUTOHOL: Holiday, 02/18/2026"
Philippines,2026-02-17,6468076,INTDAILY,N56,Interest & Commodity Prices,UPDATE_NOTE,BLOCKED_MAX_UPDATES,,"AUTOHOL: Holiday, 02/17/2026"
Philippines,2026-02-17,6468328,INTDAILY,F64,Exchange Rates,UPDATE_NOTE,BLOCKED_MAX_UPDATES,,"AUTOHOL: Holiday, 02/17/2026"
Philippines,2026-02-17,6468474,INTDAILY,V53,Asian Stock Market- Manila Composite,UPDATE_NOTE,BLOCKED_MAX_UPDATES,,"AUTOHOL: Holiday, 02/17/2026"
Philippines,2026-02-17,6468741,INTWKLY,G58,Term Deposit Facility Auctions,UPDATE_NOTE,BLOCKED_MAX_UPDATES,,"AUTOHOL: Holiday, 02/17/2026"
Philippines,2026-02-17,6469088,CMDTY,L26,Agricultural Prices,UPDATE_NOTE,BLOCKED_MAX_UPDATES,,"AUTOHOL: Holiday, 02/17/2026"
Philippines,2026-02-17,6469261,CMDTY,L04,Agricultural Prices (Average Calculation),UPDATE_NOTE,BLOCKED_MAX_UPDATES,,"AUTOHOL: Holiday, 02/17/2026"
Philippines,2026-02-17,6469371,INTDAILY,F66,Commodity Prices,UPDATE_NOTE,BLOCKED_MAX_UPDATES,,"AUTOHOL: Holiday, 02/17/2026"
Philippines,2026-02-17,6469399,ASEANR,D13,Daily Minimum Wages,UPDATE_NOTE,BLOCKED_MAX_UPDATES,,"AUTOHOL: Holiday, 02/17/2026"
Philippines,2026-02-17,6469530,INTDAILY,N35,Agricultural Prices - Transfer to INTDAILY,UPDATE_NOTE,BLOCKED_MAX_UPDATES,,"AUTOHOL: Holiday, 02/17/2026"
Russia,2026-02-21,6471998,INTDAILY,P93,Russia VIX (NEW),UPDATE_NOTE,BLOCKED_MAX_UPDATES,,"AUTOHOL: Holiday, 02/21/2026"
Russia,2026-02-22,6471614,INTDAILY,"P88, A98, A99",Deposit Accounts,UPDATE_NOTE,BLOCKED_MAX_UPDATES,,"AUTOHOL: Holiday, 02/22/2026"
Russia,2026-02-22,6471619,INTDAILY,"P87, P40, P80",RTS Indexes Mkt,UPDATE_NOTE,BLOCKED_MAX_UPDATES,,"AUTOHOL: Holiday, 02/22/2026"
Russia,2026-02-22,6471625,INTDAILY,"J26, D98, D99",Fixed Repo,UPDATE_NOTE,BLOCKED_MAX_UPDATES,,"AUTOHOL: Holiday, 02/22/2026"
Russia,2026-02-22,6471630,INTDAILY,"G14, B78, B79",Ruble Overnight Average,UPDATE_NOTE,BLOCKED_MAX_UPDATES,,"AUTOHOL: Holiday, 02/22/2026"
Russia,2026-02-22,6471634,INTDAILY,"G17, A95, A96",Loan Debt,UPDATE_NOTE,BLOCKED_MAX_UPDATES,,"AUTOHOL: Holiday, 02/22/2026"
Russia,2026-02-22,6471637,INTDAILY,"V27, B53, B54",Factors Affectiing Banking Sector Liquidity,UPDATE_NOTE,BLOCKED_MAX_UPDATES,,"AUTOHOL: Holiday, 02/22/2026"
Russia,2026-02-22,6471638,INTDAILY,P93,Russia VIX (NEW),UPDATE_NOTE,BLOCKED_MAX_UPDATES,,"AUTOHOL: Holiday, 02/22/2026"
Russia,2026-02-22,6471639,INTDAILY,"I58, A13, A19",Deposit Rates,UPDATE_NOTE,BLOCKED_MAX_UPDATES,,"AUTOHOL: Holiday, 02/22/2026"
Russia,2026-02-22,6471658,INTDAILY,J85,Repo Auctions,UPDATE_NOTE,BLOCKED_MAX_UPDATES,,"AUTOHOL: Holiday, 02/22/2026"
Russia,2026-02-22,6471668,INTDAILY,"J94, K95, K96",Repo Transactions,UPDATE_NOTE,BLOCKED_MAX_UPDATES,,"AUTOHOL: Holiday, 02/22/2026"
Russia,2026-02-22,6471673,INTDAILY,V89,ROISfix,UPDATE_NOTE,BLOCKED_MAX_UPDATES,,"AUTOHOL: Holiday, 02/22/2026"
Russia,2026-02-22,6471708,INTDAILY,"G38, A11, A12",Banking Sector Structural Liquidity,UPDATE_NOTE,BLOCKED_MAX_UPDATES,,"AUTOHOL: Holiday, 02/22/2026"
Russia,2026-02-22,6471726,INTDAILY,"G08, A21, A22",Intraday Loans,UPDATE_NOTE,BLOCKED_MAX_UPDATES,,"AUTOHOL: Holiday, 02/22/2026"
Russia,2026-02-22,6471748,INTDAILY,"P77, A93, A79",Correspondent Accounts,UPDATE_NOTE,BLOCKED_MAX_UPDATES,,"AUTOHOL: Holiday, 02/22/2026"
Russia,2026-02-22,6471886,INTDAILY,"I26, N27, N28",RUONIA Index,UPDATE_NOTE,BLOCKED_MAX_UPDATES,,"AUTOHOL: Holiday, 02/22/2026"
Russia,2026-02-22,6471992,INTDAILY,"C32, C33, C34",RUSFAR Accrued Yield Index,UPDATE_NOTE,BLOCKED_MAX_UPDATES,,"AUTOHOL: Holiday, 02/22/2026"
Russia,2026-02-22,6471993,INTDAILY,"B95, B96, B97",RUSFAR,UPDATE_NOTE,BLOCKED_MAX_UPDATES,,"AUTOHOL: Holiday, 02/22/2026"
Serbia,2026-02-16,6453056,INTDAILY,R60,Exchange Rates,UPDATE_NOTE,BLOCKED_MAX_UPDATES,,"AUTOHOL: Holiday, 02/16/2026"
Serbia,2026-02-16,6453221,INTDAILY,G92,Belex Stock,UPDATE_NOTE,BLOCKED_MAX_UPDATES,,"AUTOHOL: Holiday, 02/16/2026"
Serbia,2026-02-16,6453353,INTDAILY,J57,BEONIA,UPDATE_NOTE,BLOCKED_MAX_UPDATES,,"AUTOHOL: Holiday, 02/16/2026"
Serbia,2026-02-16,6453355,INTWKLY,J58,BEONIA Aggregation,UPDATE_NOTE,BLOCKED_MAX_UPDATES,,"AUTOHOL: Holiday, 02/16/2026"
Serbia,2026-02-16,6454116,INTDAILY,T85,FX Transactions,UPDATE_NOTE,BLOCKED_MAX_UPDATES,,"AUTOHOL: Holiday, 02/16/2026"
Serbia,2026-02-16,6454495,INTDAILY,J58,BELIBOR,UPDATE_NOTE,BLOCKED_MAX_UPDATES,,"AUTOHOL: Holiday, 02/16/2026"
Serbia,2026-02-16,6454698,INTDAILY,L40,Serbia Secondary Trading Maturities,UPDATE_NOTE,BLOCKED_MAX_UPDATES,,"AUTOHOL: Holiday, 02/16/2026"
Serbia,2026-02-16,6454699,INTWKLY,L41,Serbia Secondary Trading Maturities Aggregation,UPDATE_NOTE,BLOCKED_MAX_UPDATES,,"AUTOHOL: Holiday, 02/16/2026"
Serbia,2026-02-17,6468083,INTDAILY,R60,Exchange Rates,UPDATE_NOTE,BLOCKED_MAX_UPDATES,,"AUTOHOL: Holiday, 02/17/2026"
Serbia,2026-02-17,6468243,INTDAILY,G92,Belex Stock,UPDATE_NOTE,BLOCKED_MAX_UPDATES,,"AUTOHOL: Holiday, 02/17/2026"
Serbia,2026-02-17,6468367,INTDAILY,J57,BEONIA,UPDATE_NOTE,BLOCKED_MAX_UPDATES,,"AUTOHOL: Holiday, 02/17/2026"
Serbia,2026-02-17,6469065,INTDAILY,T85,FX Transactions,UPDATE_NOTE,BLOCKED_MAX_UPDATES,,"AUTOHOL: Holiday, 02/17/2026"
Serbia,2026-02-17,6469066,INTWKLY,M55,FX Transactions Agg,UPDATE_NOTE,BLOCKED_MAX_UPDATES,,"AUTOHOL: Holiday, 02/17/2026"
Serbia,2026-02-17,6469406,INTDAILY,J58,BELIBOR,UPDATE_NOTE,BLOCKED_MAX_UPDATES,,"AUTOHOL: Holiday, 02/17/2026"
Serbia,2026-02-17,6469603,INTDAILY,L40,Serbia Secondary Trading Maturities,UPDATE_NOTE,BLOCKED_MAX_UPDATES,,"AUTOHOL: Holiday, 02/17/2026"
Singapore,2026-02-17,6468084,INTDAILY,I44,Bond Yields,UPDATE_NOTE,BLOCKED_MAX_UPDATES,,"AUTOHOL: Holiday, 02/17/2026"
Singapore,2026-02-17,6468138,INTDAILY,R52,Exchange Rate,UPDATE_NOTE,BLOCKED_MAX_UPDATES,,"AUTOHOL: Holiday, 02/17/2026"
Singapore,2026-02-17,6468475,INTDAILY,V54,Asian Stock Market- Straits Times,UPDATE_NOTE,BLOCKED_MAX_UPDATES,,"AUTOHOL: Holiday, 02/17/2026"
Singapore,2026-02-17,6468515,INTDAILY,V79,Pollution Index,UPDATE_NOTE,BLOCKED_MAX_UPDATES,,"AUTOHOL: Holiday, 02/17/2026"
Singapore,2026-02-17,6468536,INTDAILY,H16,Pollution Index EVIEWS Calculation,UPDATE_NOTE,BLOCKED_MAX_UPDATES,,"AUTOHOL: Holiday, 02/17/2026"
Singapore,2026-02-17,6469004,INTDAILY,I02,Interest Rates,UPDATE_NOTE,BLOCKED_MAX_UPDATES,,"AUTOHOL: Holiday, 02/17/2026"
Singapore,2026-02-17,6469005,INTDAILY,T35,SORA Rates,UPDATE_NOTE,BLOCKED_MAX_UPDATES,,"AUTOHOL: Holiday, 02/17/2026"
Singapore,2026-02-17,6469071,INTDAILY,T36,Overnight Rate,UPDATE_NOTE,BLOCKED_MAX_UPDATES,,"AUTOHOL: Holiday, 02/17/2026"
Singapore,2026-02-17,6469150,INTDAILY,T90,MAS Bills,UPDATE_NOTE,BLOCKED_MAX_UPDATES,,"AUTOHOL: Holiday, 02/17/2026"
Singapore,2026-02-17,6469391,INTDAILY,K28,Singapore MAS Bills Auction,UPDATE_NOTE,BLOCKED_MAX_UPDATES,,"AUTOHOL: Holiday, 02/17/2026"
Singapore,2026-02-18,6466359,INTDAILY,I44,Bond Yields,UPDATE_NOTE,BLOCKED_MAX_UPDATES,,"AUTOHOL: Holiday, 02/18/2026"
Singapore,2026-02-18,6466414,INTDAILY,R52,Exchange Rate,UPDATE_NOTE,BLOCKED_MAX_UPDATES,,"AUTOHOL: Holiday, 02/18/2026"
Singapore,2026-02-18,6466757,INTDAILY,V54,Asian Stock Market- Straits Times,UPDATE_NOTE,BLOCKED_MAX_UPDATES,,"AUTOHOL: Holiday, 02/18/2026"
Singapore,2026-02-18,6466797,INTDAILY,V79,Pollution Index,UPDATE_NOTE,BLOCKED_MAX_UPDATES,,"AUTOHOL: Holiday, 02/18/2026"
Singapore,2026-02-18,6466816,INTDAILY,H16,Pollution Index EVIEWS Calculation,UPDATE_NOTE,BLOCKED_MAX_UPDATES,,"AUTOHOL: Holiday, 02/18/2026"
Singapore,2026-02-18,6467294,INTDAILY,I02,Interest Rates,UPDATE_NOTE,BLOCKED_MAX_UPDATES,,"AUTOHOL: Holiday, 02/18/2026"
Singapore,2026-02-18,6467295,INTDAILY,T35,SORA Rates,UPDATE_NOTE,BLOCKED_MAX_UPDATES,,"AUTOHOL: Holiday, 02/18/2026"
Singapore,2026-02-18,6467358,INTDAILY,T36,Overnight Rate,UPDATE_NOTE,BLOCKED_MAX_UPDATES,,"AUTOHOL: Holiday, 02/18/2026"
Singapore,2026-02-18,6467449,INTDAILY,T90,MAS Bills,UPDATE_NOTE,BLOCKED_MAX_UPDATES,,"AUTOHOL: Holiday, 02/18/2026"
Venezuela,2026-02-16,6453106,INTDAILY,R53,Exchange Rates,UPDATE_NOTE,BLOCKED_MAX_UPDATES,,"AUTOHOL: Holiday, 02/16/2026"
Venezuela,2026-02-16,6453303,INTDAILY,W38,Caracas Stock Market Index,UPDATE_NOTE,BLOCKED_MAX_UPDATES,,"AUTOHOL: Holiday, 02/16/2026"
Venezuela,2026-02-16,6453396,INTDAILY,H30,Mid-Rate Calculation,UPDATE_NOTE,BLOCKED_MAX_UPDATES,,"AUTOHOL: Holiday, 02/16/2026"
Venezuela,2026-02-16,6453407,INTDAILY,J78,International Reserves,UPDATE_NOTE,BLOCKED_MAX_UPDATES,,"AUTOHOL: Holiday, 02/16/2026"
Venezuela,2026-02-16,6453610,INTWKLY,J81,International Reserves AGG,UPDATE_NOTE,BLOCKED_MAX_UPDATES,,"AUTOHOL: Holiday, 02/16/2026"
Venezuela,2026-02-16,6453666,INTDAILY,W68,Venezuela Overnight Rates,UPDATE_NOTE,BLOCKED_MAX_UPDATES,,"AUTOHOL: Holiday, 02/16/2026"
Venezuela,2026-02-16,6453927,INTDAILY,Y35,Reference Exchange Rates,UPDATE_NOTE,BLOCKED_MAX_UPDATES,,"AUTOHOL: Holiday, 02/16/2026"
Venezuela,2026-02-16,6453928,INTDAILY,Y33,Reference Exchange Mid Rates,UPDATE_NOTE,BLOCKED_MAX_UPDATES,,"AUTOHOL: Holiday, 02/16/2026"
Venezuela,2026-02-16,6453929,INTWKLY,"Y37, Y38",Reference Exchange Rates AGG,UPDATE_NOTE,BLOCKED_MAX_UPDATES,,"AUTOHOL: Holiday, 02/16/2026"
Venezuela,2026-02-17,6468124,INTDAILY,R53,Exchange Rates,UPDATE_NOTE,BLOCKED_MAX_UPDATES,,"AUTOHOL: Holiday, 02/17/2026"
Venezuela,2026-02-17,6468322,INTDAILY,W38,Caracas Stock Market Index,UPDATE_NOTE,BLOCKED_MAX_UPDATES,,"AUTOHOL: Holiday, 02/17/2026"
Venezuela,2026-02-17,6468409,INTDAILY,H30,Mid-Rate Calculation,UPDATE_NOTE,BLOCKED_MAX_UPDATES,,"AUTOHOL: Holiday, 02/17/2026"
Venezuela,2026-02-17,6468416,INTDAILY,J78,International Reserves,UPDATE_NOTE,BLOCKED_MAX_UPDATES,,"AUTOHOL: Holiday, 02/17/2026"
Venezuela,2026-02-17,6468664,INTDAILY,W68,Venezuela Overnight Rates,UPDATE_NOTE,BLOCKED_MAX_UPDATES,,"AUTOHOL: Holiday, 02/17/2026"
Venezuela,2026-02-17,6468901,INTDAILY,Y35,Reference Exchange Rates,UPDATE_NOTE,BLOCKED_MAX_UPDATES,,"AUTOHOL: Holiday, 02/17/2026"
Venezuela,2026-02-17,6468902,INTDAILY,Y33,Reference Exchange Mid Rates,UPDATE_NOTE,BLOCKED_MAX_UPDATES,,"AUTOHOL: Holiday, 02/17/2026"
Vietnam,2026-02-16,6453107,INTDAILY,R76,Exchange Rate,SKIP_NO_CHANGE,PLANNED,"AUTOHOL: Holiday, 02/16/2026","AUTOHOL: Holiday, 02/16/2026"
Vietnam,2026-02-16,6453276,INTDAILY,G96,VI Index,SKIP_NO_CHANGE,PLANNED,"AUTOHOL: Holiday, 02/16/2026","AUTOHOL: Holiday, 02/16/2026"
Vietnam,2026-02-16,6453397,INTDAILY,H14,[ Mid-Rate Calculation] Exchange Rates,SKIP_NO_CHANGE,PLANNED,"AUTOHOL: Holiday, 02/16/2026","AUTOHOL: Holiday, 02/16/2026"
Vietnam,2026-02-16,6453491,INTDAILY,V69,3 Month Deposit Rate,SKIP_NO_CHANGE,PLANNED,"AUTOHOL: Holiday, 02/16/2026","AUTOHOL: Holiday, 02/16/2026"
Vietnam,2026-02-16,6453595,INTDAILY,"W19, W20",State Bank Exchange Rates,SKIP_NO_CHANGE,PLANNED,"AUTOHOL: Holiday, 02/16/2026","AUTOHOL: Holiday, 02/16/2026"
Vietnam,2026-02-16,6453596,INTDAILY,W23,Vietnam Interbank Rate,SKIP_NO_CHANGE,PLANNED,"AUTOHOL: Holiday, 02/16/2026","AUTOHOL: Holiday, 02/16/2026"
Vietnam,2026-02-16,6453597,INTDAILY,H07,State Bank Exchange Rates Mid-Rates Calculation,SKIP_NO_CHANGE,PLANNED,"AUTOHOL: Holiday, 02/16/2026","AUTOHOL: Holiday, 02/16/2026"
Vietnam,2026-02-16,6454142,INTWKLY,H66,Interbank Rate Agg,SKIP_NO_CHANGE,PLANNED,"AUTOHOL: Holiday, 02/16/2026","AUTOHOL: Holiday, 02/16/2026"
Vietnam,2026-02-16,6454208,INTDAILY,H94,Government Bond Auctions,SKIP_NO_CHANGE,PLANNED,"AUTOHOL: Holiday, 02/16/2026","AUTOHOL: Holiday, 02/16/2026"
Vietnam,2026-02-16,6454508,ENERGY,K11,Vietnam Pump Prices,SKIP_NO_CHANGE,PLANNED,"AUTOHOL: Holiday, 02/16/2026","AUTOHOL: Holiday, 02/16/2026"
Vietnam,2026-02-16,6454509,INTDAILY,P61,Vietnam Pump Prices - INTD Transfer,SKIP_NO_CHANGE,PLANNED,"AUTOHOL: Holiday, 02/16/2026","AUTOHOL: Holiday, 02/16/2026"
Vietnam,2026-02-16,6454639,INTDAILY,K61,Open Market Operations,SKIP_NO_CHANGE,PLANNED,"AUTOHOL: Holiday, 02/16/2026","AUTOHOL: Holiday, 02/16/2026"
Vietnam,2026-02-17,6468125,INTDAILY,R76,Exchange Rate,SKIP_NO_CHANGE,PLANNED,"AUTOHOL: Holiday, 02/17/2026","AUTOHOL: Holiday, 02/17/2026"
Vietnam,2026-02-17,6468297,INTDAILY,G96,VI Index,SKIP_NO_CHANGE,PLANNED,"AUTOHOL: Holiday, 02/17/2026","AUTOHOL: Holiday, 02/17/2026"
Vietnam,2026-02-17,6468410,INTDAILY,H14,[ Mid-Rate Calculation] Exchange Rates,SKIP_NO_CHANGE,PLANNED,"AUTOHOL: Holiday, 02/17/2026","AUTOHOL: Holiday, 02/17/2026"
Vietnam,2026-02-17,6468496,INTDAILY,V69,3 Month Deposit Rate,SKIP_NO_CHANGE,PLANNED,"AUTOHOL: Holiday, 02/17/2026","AUTOHOL: Holiday, 02/17/2026"
Vietnam,2026-02-17,6468607,INTDAILY,"W19, W20",State Bank Exchange Rates,SKIP_NO_CHANGE,PLANNED,"AUTOHOL: Holiday, 02/17/2026","AUTOHOL: Holiday, 02/17/2026"
Vietnam,2026-02-17,6468608,INTDAILY,W23,Vietnam Interbank Rate,SKIP_NO_CHANGE,PLANNED,"AUTOHOL: Holiday, 02/17/2026","AUTOHOL: Holiday, 02/17/2026"
Vietnam,2026-02-17,6468609,INTDAILY,H07,State Bank Exchange Rates Mid-Rates Calculation,SKIP_NO_CHANGE,PLANNED,"AUTOHOL: Holiday, 02/17/2026","AUTOHOL: Holiday, 02/17/2026"
Vietnam,2026-02-17,6469135,INTDAILY,H94,Government Bond Auctions,SKIP_NO_CHANGE,PLANNED,"AUTOHOL: Holiday, 02/17/2026","AUTOHOL: Holiday, 02/17/2026"
Vietnam,2026-02-17,6469416,ENERGY,K11,Vietnam Pump Prices,SKIP_NO_CHANGE,PLANNED,"AUTOHOL: Holiday, 02/17/2026","AUTOHOL: Holiday, 02/17/2026"
Vietnam,2026-02-17,6469417,INTDAILY,P61,Vietnam Pump Prices - INTD Transfer,SKIP_NO_CHANGE,PLANNED,"AUTOHOL: Holiday, 02/17/2026","AUTOHOL: Holiday, 02/17/2026"
Vietnam,2026-02-17,6469550,INTDAILY,K61,Open Market Operations,SKIP_NO_CHANGE,PLANNED,"AUTOHOL: Holiday, 02/17/2026","AUTOHOL: Holiday, 02/17/2026"
Vietnam,2026-02-18,6466400,INTDAILY,R76,Exchange Rate,SKIP_NO_CHANGE,PLANNED,"AUTOHOL: Holiday, 02/18/2026","AUTOHOL: Holiday, 02/18/2026"
Vietnam,2026-02-18,6466573,INTDAILY,G96,VI Index,SKIP_NO_CHANGE,PLANNED,"AUTOHOL: Holiday, 02/18/2026","AUTOHOL: Holiday, 02/18/2026"
Vietnam,2026-02-18,6466688,INTDAILY,H14,[ Mid-Rate Calculation] Exchange Rates,SKIP_NO_CHANGE,PLANNED,"AUTOHOL: Holiday, 02/18/2026","AUTOHOL: Holiday, 02/18/2026"
Vietnam,2026-02-18,6466778,INTDAILY,V69,3 Month Deposit Rate,SKIP_NO_CHANGE,PLANNED,"AUTOHOL: Holiday, 02/18/2026","AUTOHOL: Holiday, 02/18/2026"
Vietnam,2026-02-18,6466883,INTDAILY,"W19, W20",State Bank Exchange Rates,SKIP_NO_CHANGE,PLANNED,"AUTOHOL: Holiday, 02/18/2026","AUTOHOL: Holiday, 02/18/2026"
Vietnam,2026-02-18,6466884,INTDAILY,W23,Vietnam Interbank Rate,SKIP_NO_CHANGE,PLANNED,"AUTOHOL: Holiday, 02/18/2026","AUTOHOL: Holiday, 02/18/2026"
Vietnam,2026-02-18,6466885,INTDAILY,H07,State Bank Exchange Rates Mid-Rates Calculation,SKIP_NO_CHANGE,PLANNED,"AUTOHOL: Holiday, 02/18/2026","AUTOHOL: Holiday, 02/18/2026"
Vietnam,2026-02-18,6467430,INTDAILY,H94,Government Bond Auctions,SKIP_NO_CHANGE,PLANNED,"AUTOHOL: Holiday, 02/18/2026","AUTOHOL: Holiday, 02/18/2026"
Vietnam,2026-02-18,6467716,ENERGY,K11,Vietnam Pump Prices,SKIP_NO_CHANGE,PLANNED,"AUTOHOL: Holiday, 02/18/2026","AUTOHOL: Holiday, 02/18/2026"
Vietnam,2026-02-18,6467717,INTDAILY,P61,Vietnam Pump Prices - INTD Transfer,SKIP_NO_CHANGE,PLANNED,"AUTOHOL: Holiday, 02/18/2026","AUTOHOL: Holiday, 02/18/2026"
Vietnam,2026-02-18,6467856,INTDAILY,K61,Open Market Operations,SKIP_NO_CHANGE,PLANNED,"AUTOHOL: Holiday, 02/18/2026","AUTOHOL: Holiday, 02/18/2026"
Vietnam,2026-02-19,6464600,INTDAILY,R76,Exchange Rate,SKIP_NO_CHANGE,PLANNED,"AUTOHOL: Holiday, 02/19/2026","AUTOHOL: Holiday, 02/19/2026"
Vietnam,2026-02-19,6464780,INTDAILY,G96,VI Index,SKIP_NO_CHANGE,PLANNED,"AUTOHOL: Holiday, 02/19/2026","AUTOHOL: Holiday, 02/19/2026"
Vietnam,2026-02-19,6464907,INTDAILY,H14,[ Mid-Rate Calculation] Exchange Rates,SKIP_NO_CHANGE,PLANNED,"AUTOHOL: Holiday, 02/19/2026","AUTOHOL: Holiday, 02/19/2026"
Vietnam,2026-02-19,6464993,INTDAILY,V69,3 Month Deposit Rate,SKIP_NO_CHANGE,PLANNED,"AUTOHOL: Holiday, 02/19/2026","AUTOHOL: Holiday, 02/19/2026"
Vietnam,2026-02-19,6465103,INTDAILY,"W19, W20",State Bank Exchange Rates,SKIP_NO_CHANGE,PLANNED,"AUTOHOL: Holiday, 02/19/2026","AUTOHOL: Holiday, 02/19/2026"
Vietnam,2026-02-19,6465104,INTDAILY,W23,Vietnam Interbank Rate,SKIP_NO_CHANGE,PLANNED,"AUTOHOL: Holiday, 02/19/2026","AUTOHOL: Holiday, 02/19/2026"
Vietnam,2026-02-19,6465105,INTDAILY,H07,State Bank Exchange Rates Mid-Rates Calculation,SKIP_NO_CHANGE,PLANNED,"AUTOHOL: Holiday, 02/19/2026","AUTOHOL: Holiday, 02/19/2026"
Vietnam,2026-02-19,6465106,INTWKLY,H88,Exchange Rate Aggregation,SKIP_NO_CHANGE,PLANNED,"AUTOHOL: Holiday, 02/19/2026","AUTOHOL: Holiday, 02/19/2026"
Vietnam,2026-02-19,6465687,INTDAILY,H94,Government Bond Auctions,SKIP_NO_CHANGE,PLANNED,"AUTOHOL: Holiday, 02/19/2026","AUTOHOL: Holiday, 02/19/2026"
Vietnam,2026-02-19,6465983,ENERGY,K11,Vietnam Pump Prices,SKIP_NO_CHANGE,PLANNED,"AUTOHOL: Holiday, 02/19/2026","AUTOHOL: Holiday, 02/19/2026"
Vietnam,2026-02-19,6465984,INTDAILY,P61,Vietnam Pump Prices - INTD Transfer,SKIP_NO_CHANGE,PLANNED,"AUTOHOL: Holiday, 02/19/2026","AUTOHOL: Holiday, 02/19/2026"
Vietnam,2026-02-19,6466121,INTDAILY,K61,Open Market Operations,SKIP_NO_CHANGE,PLANNED,"AUTOHOL: Holiday, 02/19/2026","AUTOHOL: Holiday, 02/19/2026"
Vietnam,2026-02-20,6462604,INTDAILY,R76,Exchange Rate,SKIP_NO_CHANGE,PLANNED,"AUTOHOL: Holiday, 02/20/2026","AUTOHOL: Holiday, 02/20/2026"
Vietnam,2026-02-20,6462663,INTWKLY,"R76, V09",Aggregation: Exchange Rates,SKIP_NO_CHANGE,PLANNED,"AUTOHOL: Holiday, 02/20/2026","AUTOHOL: Holiday, 02/20/2026"
Vietnam,2026-02-20,6462802,INTDAILY,G96,VI Index,SKIP_NO_CHANGE,PLANNED,"AUTOHOL: Holiday, 02/20/2026","AUTOHOL: Holiday, 02/20/2026"
Vietnam,2026-02-20,6462803,INTWKLY,G97,Aggregation: VI Index,SKIP_NO_CHANGE,PLANNED,"AUTOHOL: Holiday, 02/20/2026","AUTOHOL: Holiday, 02/20/2026"
Vietnam,2026-02-20,6462933,INTDAILY,H14,[ Mid-Rate Calculation] Exchange Rates,SKIP_NO_CHANGE,PLANNED,"AUTOHOL: Holiday, 02/20/2026","AUTOHOL: Holiday, 02/20/2026"
Vietnam,2026-02-20,6463032,INTDAILY,V69,3 Month Deposit Rate,SKIP_NO_CHANGE,PLANNED,"AUTOHOL: Holiday, 02/20/2026","AUTOHOL: Holiday, 02/20/2026"
Vietnam,2026-02-20,6463142,INTDAILY,W23,Vietnam Interbank Rate,SKIP_NO_CHANGE,PLANNED,"AUTOHOL: Holiday, 02/20/2026","AUTOHOL: Holiday, 02/20/2026"
Vietnam,2026-02-20,6463525,INTWKLY,J10,3 Month Deposit Rate Aggregation,SKIP_NO_CHANGE,PLANNED,"AUTOHOL: Holiday, 02/20/2026","AUTOHOL: Holiday, 02/20/2026"
Vietnam,2026-02-20,6463583,INTDAILY,I90,Vietnam Zero Coupon Yields,SKIP_NO_CHANGE,PLANNED,"AUTOHOL: Holiday, 02/20/2026","AUTOHOL: Holiday, 02/20/2026"
Vietnam,2026-02-20,6464156,ENERGY,K11,Vietnam Pump Prices,SKIP_NO_CHANGE,PLANNED,"AUTOHOL: Holiday, 02/20/2026","AUTOHOL: Holiday, 02/20/2026"
Vietnam,2026-02-20,6464157,INTDAILY,P61,Vietnam Pump Prices - INTD Transfer,SKIP_NO_CHANGE,PLANNED,"AUTOHOL: Holiday, 02/20/2026","AUTOHOL: Holiday, 02/20/2026"
Vietnam,2026-02-20,6464158,INTWKLY,Q61,Vietnam Pump Prices - INTW AGG,SKIP_NO_CHANGE,PLANNED,"AUTOHOL: Holiday, 02/20/2026","AUTOHOL: Holiday, 02/20/2026"
Vietnam,2026-02-20,6464307,INTDAILY,K61,Open Market Operations,SKIP_NO_CHANGE,PLANNED,"AUTOHOL: Holiday, 02/20/2026","AUTOHOL: Holiday, 02/20/2026"
Vietnam,2026-02-22,6471689,INTDAILY,"W19, W20",State Bank Exchange Rates,SKIP_NO_CHANGE,PLANNED,"AUTOHOL: Holiday, 02/22/2026","AUTOHOL: Holiday, 02/22/2026"
Vietnam,2026-02-22,6471690,INTDAILY,H07,State Bank Exchange Rates Mid-Rates Calculation,SKIP_NO_CHANGE,PLANNED,"AUTOHOL: Holiday, 02/22/2026","AUTOHOL: Holiday, 02/22/2026"
Vietnam,2026-02-22,6471789,INTDAILY,H94,Government Bond Auctions,SKIP_NO_CHANGE,PLANNED,"AUTOHOL: Holiday, 02/22/2026","AUTOHOL: Holiday, 02/22/2026"
Hong Kong,2026-02-17,6468132,INTDAILY,P64,Platinum Prices (HK),UPDATE_NOTE,BLOCKED_MAX_UPDATES,,"AUTOHOL: Holiday, 02/17/2026"
Hong Kong,2026-02-17,6468158,INTDAILY,J08,Official Interest Rates,UPDATE_NOTE,BLOCKED_MAX_UPDATES,,"AUTOHOL: Holiday, 02/17/2026"
Hong Kong,2026-02-17,6468186,INTDAILY,S90,Hang Seng --,UPDATE_NOTE,BLOCKED_MAX_UPDATES,,"AUTOHOL: Holiday, 02/17/2026"
Hong Kong,2026-02-17,6468196,INTDAILY,J07,Interest Settlement Rates,UPDATE_NOTE,BLOCKED_MAX_UPDATES,,"AUTOHOL: Holiday, 02/17/2026"
Hong Kong,2026-02-17,6468319,INTDAILY,H03,10 Year Bond Yield Total Return Calculation,UPDATE_NOTE,BLOCKED_MAX_UPDATES,,"AUTOHOL: Holiday, 02/17/2026"
Hong Kong,2026-02-17,6468611,INTDAILY,W25,Interbank Liquidity,UPDATE_NOTE,BLOCKED_MAX_UPDATES,,"AUTOHOL: Holiday, 02/17/2026"
Hong Kong,2026-02-17,6468614,INTDAILY,G70,Monetary Base,UPDATE_NOTE,BLOCKED_MAX_UPDATES,,"AUTOHOL: Holiday, 02/17/2026"
Hong Kong,2026-02-17,6468615,INTDAILY,T50,Trade Weighted Index,UPDATE_NOTE,BLOCKED_MAX_UPDATES,,"AUTOHOL: Holiday, 02/17/2026"
Hong Kong,2026-02-17,6468691,INTDAILY,W89,Renminbi Liquidity Facility,UPDATE_NOTE,BLOCKED_MAX_UPDATES,,"AUTOHOL: Holiday, 02/17/2026"
Hong Kong,2026-02-17,6468808,INTDAILY,X91,HSI Volatility Index,UPDATE_NOTE,BLOCKED_MAX_UPDATES,,"AUTOHOL: Holiday, 02/17/2026"
Hong Kong,2026-02-17,6468926,INTDAILY,J37,Exchange Fund Bills & Notes Fixings,UPDATE_NOTE,BLOCKED_MAX_UPDATES,,"AUTOHOL: Holiday, 02/17/2026"
Hong Kong,2026-02-17,6469048,CMDTY,L09,Platinum Prices (HK) - Transfer to CMDTY,UPDATE_NOTE,BLOCKED_MAX_UPDATES,,"AUTOHOL: Holiday, 02/17/2026"
Hong Kong,2026-02-17,6469179,INTDAILY,V95,HKEX Daily Transactions,UPDATE_NOTE,BLOCKED_MAX_UPDATES,,"AUTOHOL: Holiday, 02/17/2026"
Hong Kong,2026-02-17,6469490,TOURISM,"W48, W49, W50",Hong Kong Passenger Traffic,UPDATE_NOTE,BLOCKED_MAX_UPDATES,,"AUTOHOL: Holiday, 02/17/2026"
Hong Kong,2026-02-17,6469552,INTDAILY,E30,HK Infrastructure_Sustainable Bond Closing Reference Yields,UPDATE_NOTE,BLOCKED_MAX_UPDATES,,"AUTOHOL: Holiday, 02/17/2026"
Hong Kong,2026-02-17,6469553,INTDAILY,E28,HK Infrastructure_Sustainable Bond Indicative Yields,UPDATE_NOTE,BLOCKED_MAX_UPDATES,,"AUTOHOL: Holiday, 02/17/2026"
Hong Kong,2026-02-17,6469607,ENERGY,"D58, D59, D60",Pump Prices,UPDATE_NOTE,BLOCKED_MAX_UPDATES,,"AUTOHOL: Holiday, 02/17/2026"
Hong Kong,2026-02-17,6469608,INTDAILY,"B75, B76, B77",Pump Prices TRANSFER,UPDATE_NOTE,BLOCKED_MAX_UPDATES,,"AUTOHOL: Holiday, 02/17/2026"
Hong Kong,2026-02-18,6466407,INTDAILY,P64,Platinum Prices (HK),UPDATE_NOTE,BLOCKED_MAX_UPDATES,,"AUTOHOL: Holiday, 02/18/2026"
Hong Kong,2026-02-18,6466431,INTDAILY,J08,Official Interest Rates,UPDATE_NOTE,BLOCKED_MAX_UPDATES,,"AUTOHOL: Holiday, 02/18/2026"
Hong Kong,2026-02-18,6466458,INTDAILY,S90,Hang Seng --,UPDATE_NOTE,BLOCKED_MAX_UPDATES,,"AUTOHOL: Holiday, 02/18/2026"
Hong Kong,2026-02-18,6466467,INTDAILY,J07,Interest Settlement Rates,UPDATE_NOTE,BLOCKED_MAX_UPDATES,,"AUTOHOL: Holiday, 02/18/2026"
Hong Kong,2026-02-18,6466595,INTDAILY,H03,10 Year Bond Yield Total Return Calculation,UPDATE_NOTE,BLOCKED_MAX_UPDATES,,"AUTOHOL: Holiday, 02/18/2026"
Hong Kong,2026-02-18,6466887,INTDAILY,W25,Interbank Liquidity,UPDATE_NOTE,BLOCKED_MAX_UPDATES,,"AUTOHOL: Holiday, 02/18/2026"
Hong Kong,2026-02-18,6466889,INTDAILY,G70,Monetary Base,UPDATE_NOTE,BLOCKED_MAX_UPDATES,,"AUTOHOL: Holiday, 02/18/2026"
Hong Kong,2026-02-18,6466890,INTDAILY,T50,Trade Weighted Index,UPDATE_NOTE,BLOCKED_MAX_UPDATES,,"AUTOHOL: Holiday, 02/18/2026"
Hong Kong,2026-02-18,6466965,INTDAILY,W89,Renminbi Liquidity Facility,UPDATE_NOTE,BLOCKED_MAX_UPDATES,,"AUTOHOL: Holiday, 02/18/2026"
Hong Kong,2026-02-18,6467087,INTDAILY,X91,HSI Volatility Index,UPDATE_NOTE,BLOCKED_MAX_UPDATES,,"AUTOHOL: Holiday, 02/18/2026"
Hong Kong,2026-02-18,6467207,INTDAILY,J37,Exchange Fund Bills & Notes Fixings,UPDATE_NOTE,BLOCKED_MAX_UPDATES,,"AUTOHOL: Holiday, 02/18/2026"
Hong Kong,2026-02-18,6467333,CMDTY,L09,Platinum Prices (HK) - Transfer to CMDTY,UPDATE_NOTE,BLOCKED_MAX_UPDATES,,"AUTOHOL: Holiday, 02/18/2026"
Hong Kong,2026-02-18,6467479,INTDAILY,V95,HKEX Daily Transactions,UPDATE_NOTE,BLOCKED_MAX_UPDATES,,"AUTOHOL: Holiday, 02/18/2026"
Hong Kong,2026-02-18,6467676,INTWKLY,O93,HK Centaline Salesman Index,UPDATE_NOTE,BLOCKED_MAX_UPDATES,,"AUTOHOL: Holiday, 02/18/2026"
Hong Kong,2026-02-18,6467799,TOURISM,"W48, W49, W50",Hong Kong Passenger Traffic,UPDATE_NOTE,BLOCKED_MAX_UPDATES,,"AUTOHOL: Holiday, 02/18/2026"
Hong Kong,2026-02-18,6467858,INTDAILY,E30,HK Infrastructure_Sustainable Bond Closing Reference Yields,UPDATE_NOTE,BLOCKED_MAX_UPDATES,,"AUTOHOL: Holiday, 02/18/2026"
Hong Kong,2026-02-18,6467859,INTDAILY,E28,HK Infrastructure_Sustainable Bond Indicative Yields,UPDATE_NOTE,BLOCKED_MAX_UPDATES,,"AUTOHOL: Holiday, 02/18/2026"
Hong Kong,2026-02-18,6467913,ENERGY,"D58, D59, D60",Pump Prices,UPDATE_NOTE,BLOCKED_MAX_UPDATES,,"AUTOHOL: Holiday, 02/18/2026"
Hong Kong,2026-02-18,6467914,INTDAILY,"B75, B76, B77",Pump Prices TRANSFER,UPDATE_NOTE,BLOCKED_MAX_UPDATES,,"AUTOHOL: Holiday, 02/18/2026"
Hong Kong,2026-02-18,6468007,INTDAILY,E68,Exchange Fund Bills Tender,UPDATE_NOTE,BLOCKED_MAX_UPDATES,,"AUTOHOL: Holiday, 02/18/2026"
Hong Kong,2026-02-19,6464608,INTDAILY,P64,Platinum Prices (HK),UPDATE_NOTE,BLOCKED_MAX_UPDATES,,"AUTOHOL: Holiday, 02/19/2026"
Hong Kong,2026-02-19,6464633,INTDAILY,J08,Official Interest Rates,UPDATE_NOTE,BLOCKED_MAX_UPDATES,,"AUTOHOL: Holiday, 02/19/2026"
Hong Kong,2026-02-19,6464664,INTDAILY,S90,Hang Seng --,UPDATE_NOTE,BLOCKED_MAX_UPDATES,,"AUTOHOL: Holiday, 02/19/2026"
Hong Kong,2026-02-19,6464674,INTDAILY,J07,Interest Settlement Rates,UPDATE_NOTE,BLOCKED_MAX_UPDATES,,"AUTOHOL: Holiday, 02/19/2026"
Hong Kong,2026-02-19,6464773,INTWKLY,J02,Interest Settlement Rates Aggregation,UPDATE_NOTE,BLOCKED_MAX_UPDATES,,"AUTOHOL: Holiday, 02/19/2026"
Hong Kong,2026-02-19,6464809,INTDAILY,H03,10 Year Bond Yield Total Return Calculation,UPDATE_NOTE,BLOCKED_MAX_UPDATES,,"AUTOHOL: Holiday, 02/19/2026"
Hong Kong,2026-02-19,6465108,INTDAILY,W25,Interbank Liquidity,UPDATE_NOTE,BLOCKED_MAX_UPDATES,,"AUTOHOL: Holiday, 02/19/2026"
Hong Kong,2026-02-19,6465111,INTDAILY,G70,Monetary Base,UPDATE_NOTE,BLOCKED_MAX_UPDATES,,"AUTOHOL: Holiday, 02/19/2026"
Hong Kong,2026-02-19,6465112,INTDAILY,T50,Trade Weighted Index,UPDATE_NOTE,BLOCKED_MAX_UPDATES,,"AUTOHOL: Holiday, 02/19/2026"
Hong Kong,2026-02-19,6465206,INTDAILY,W89,Renminbi Liquidity Facility,UPDATE_NOTE,BLOCKED_MAX_UPDATES,,"AUTOHOL: Holiday, 02/19/2026"
Hong Kong,2026-02-19,6465347,INTDAILY,X91,HSI Volatility Index,UPDATE_NOTE,BLOCKED_MAX_UPDATES,,"AUTOHOL: Holiday, 02/19/2026"
Hong Kong,2026-02-19,6465469,INTDAILY,J37,Exchange Fund Bills & Notes Fixings,UPDATE_NOTE,BLOCKED_MAX_UPDATES,,"AUTOHOL: Holiday, 02/19/2026"
Hong Kong,2026-02-19,6465587,CMDTY,L09,Platinum Prices (HK) - Transfer to CMDTY,UPDATE_NOTE,BLOCKED_MAX_UPDATES,,"AUTOHOL: Holiday, 02/19/2026"
Hong Kong,2026-02-19,6465735,INTDAILY,V95,HKEX Daily Transactions,UPDATE_NOTE,BLOCKED_MAX_UPDATES,,"AUTOHOL: Holiday, 02/19/2026"
Hong Kong,2026-02-19,6465947,INTWKLY,O94,HK Centaline Valuation Index,UPDATE_NOTE,BLOCKED_MAX_UPDATES,,"AUTOHOL: Holiday, 02/19/2026"
Hong Kong,2026-02-19,6466065,TOURISM,"W48, W49, W50",Hong Kong Passenger Traffic,UPDATE_NOTE,BLOCKED_MAX_UPDATES,,"AUTOHOL: Holiday, 02/19/2026"
Hong Kong,2026-02-19,6466124,INTDAILY,E30,HK Infrastructure_Sustainable Bond Closing Reference Yields,UPDATE_NOTE,BLOCKED_MAX_UPDATES,,"AUTOHOL: Holiday, 02/19/2026"
Hong Kong,2026-02-19,6466125,INTDAILY,E28,HK Infrastructure_Sustainable Bond Indicative Yields,UPDATE_NOTE,BLOCKED_MAX_UPDATES,,"AUTOHOL: Holiday, 02/19/2026"
Hong Kong,2026-02-19,6466190,ENERGY,"D58, D59, D60",Pump Prices,UPDATE_NOTE,BLOCKED_MAX_UPDATES,,"AUTOHOL: Holiday, 02/19/2026"
Hong Kong,2026-02-19,6466191,INTDAILY,"B75, B76, B77",Pump Prices TRANSFER,UPDATE_NOTE,BLOCKED_MAX_UPDATES,,"AUTOHOL: Holiday, 02/19/2026"
Argentina,2026-02-16,6453151,INTDAILY,I50,International Reserves,UPDATE_NOTE,BLOCKED_MAX_UPDATES,,"AUTOHOL: Holiday, 02/16/2026"
Argentina,2026-02-16,6453212,INTDAILY,R67,Exchange Rates,UPDATE_NOTE,BLOCKED_MAX_UPDATES,,"AUTOHOL: Holiday, 02/16/2026"
Argentina,2026-02-16,6453279,INTDAILY,V18,Merval Indexes,UPDATE_NOTE,BLOCKED_MAX_UPDATES,,"AUTOHOL: Holiday, 02/16/2026"
Argentina,2026-02-16,6453347,INTDAILY,J56,Interest Rate on Time Deposits,UPDATE_NOTE,BLOCKED_MAX_UPDATES,,"AUTOHOL: Holiday, 02/16/2026"
Argentina,2026-02-16,6453349,INTDAILY,I52,BADLAR Rates,UPDATE_NOTE,BLOCKED_MAX_UPDATES,,"AUTOHOL: Holiday, 02/16/2026"
Argentina,2026-02-16,6453350,INTWKLY,J57,BADLAR Rates Agg,UPDATE_NOTE,BLOCKED_MAX_UPDATES,,"AUTOHOL: Holiday, 02/16/2026"
Argentina,2026-02-16,6453404,INTDAILY,J72,BAIBAR Interest Rates,UPDATE_NOTE,BLOCKED_MAX_UPDATES,,"AUTOHOL: Holiday, 02/16/2026"
Argentina,2026-02-16,6453405,INTWKLY,J74,BAIBAR Interest Rates Agg,UPDATE_NOTE,BLOCKED_MAX_UPDATES,,"AUTOHOL: Holiday, 02/16/2026"
Argentina,2026-02-16,6453574,INTDAILY,P22,Dolar Blue [AMBITO],UPDATE_NOTE,BLOCKED_MAX_UPDATES,,"AUTOHOL: Holiday, 02/16/2026"
Argentina,2026-02-16,6453588,INTDAILY,H66,Dolar Blue [AMBITO] Mid,UPDATE_NOTE,BLOCKED_MAX_UPDATES,,"AUTOHOL: Holiday, 02/16/2026"
Argentina,2026-02-16,6453611,INTWKLY,J76,Interest rate on Time Deposits Agg,UPDATE_NOTE,BLOCKED_MAX_UPDATES,,"AUTOHOL: Holiday, 02/16/2026"
Argentina,2026-02-16,6453674,INTDAILY,J64,Policy Instruments,UPDATE_NOTE,BLOCKED_MAX_UPDATES,,"AUTOHOL: Holiday, 02/16/2026"
Argentina,2026-02-16,6453675,INTWKLY,J56,Policy Instruments Aggregation,UPDATE_NOTE,BLOCKED_MAX_UPDATES,,"AUTOHOL: Holiday, 02/16/2026"
Argentina,2026-02-16,6453806,INTDAILY,X74,Main Assets of Financial Institutions,UPDATE_NOTE,BLOCKED_MAX_UPDATES,,"AUTOHOL: Holiday, 02/16/2026"
Argentina,2026-02-16,6453808,INTDAILY,X78,Main Liabilities of Financial Institutions,UPDATE_NOTE,BLOCKED_MAX_UPDATES,,"AUTOHOL: Holiday, 02/16/2026"
Argentina,2026-02-16,6453836,INTDAILY,Y01,Effective Exchange Rate,UPDATE_NOTE,BLOCKED_MAX_UPDATES,,"AUTOHOL: Holiday, 02/16/2026"
Argentina,2026-02-16,6453842,INTDAILY,Y04,Daily Monetary Report,UPDATE_NOTE,BLOCKED_MAX_UPDATES,,"AUTOHOL: Holiday, 02/16/2026"
Argentina,2026-02-16,6453864,INTDAILY,Y05,Daily Monetary Report Calc [LELIQ],UPDATE_NOTE,BLOCKED_MAX_UPDATES,,"AUTOHOL: Holiday, 02/16/2026"
Argentina,2026-02-16,6453906,INTDAILY,Y19,Non-Financial Loans,UPDATE_NOTE,BLOCKED_MAX_UPDATES,,"AUTOHOL: Holiday, 02/16/2026"
Argentina,2026-02-16,6453909,INTWKLY,Y21,Non-Financial Loans agg,UPDATE_NOTE,BLOCKED_MAX_UPDATES,,"AUTOHOL: Holiday, 02/16/2026"
Argentina,2026-02-16,6453943,INTDAILY,P28,Dolar CCL [AMBITO],UPDATE_NOTE,BLOCKED_MAX_UPDATES,,"AUTOHOL: Holiday, 02/16/2026"
Argentina,2026-02-16,6454076,INTDAILY,I11,Policy Rate Check,UPDATE_NOTE,BLOCKED_MAX_UPDATES,,"AUTOHOL: Holiday, 02/16/2026"
Argentina,2026-02-16,6454080,INTDAILY,H60,Dolar MEP [AMBITO],UPDATE_NOTE,BLOCKED_MAX_UPDATES,,"AUTOHOL: Holiday, 02/16/2026"
Argentina,2026-02-16,6454081,INTDAILY,H61,Dolar Turista [AMBITO],UPDATE_NOTE,BLOCKED_MAX_UPDATES,,"AUTOHOL: Holiday, 02/16/2026"
Argentina,2026-02-16,6454082,INTDAILY,H62,US$ [AMBITO] Mid,UPDATE_NOTE,BLOCKED_MAX_UPDATES,,"AUTOHOL: Holiday, 02/16/2026"
Argentina,2026-02-16,6454083,INTDAILY,H63,US$ [AMBITO],UPDATE_NOTE,BLOCKED_MAX_UPDATES,,"AUTOHOL: Holiday, 02/16/2026"
Argentina,2026-02-16,6454084,INTDAILY,H64,Dolar Mayorista [AMBITO] Mid,UPDATE_NOTE,BLOCKED_MAX_UPDATES,,"AUTOHOL: Holiday, 02/16/2026"
Argentina,2026-02-16,6454085,INTDAILY,H65,Dolar Mayorista [AMBITO],UPDATE_NOTE,BLOCKED_MAX_UPDATES,,"AUTOHOL: Holiday, 02/16/2026"
Argentina,2026-02-16,6454099,INTDAILY,T80,Interest Rates on Personal Loans,UPDATE_NOTE,BLOCKED_MAX_UPDATES,,"AUTOHOL: Holiday, 02/16/2026"
Argentina,2026-02-16,6454100,INTWKLY,W81,Interest Rates on Personal Loans Aggregation,UPDATE_NOTE,BLOCKED_MAX_UPDATES,,"AUTOHOL: Holiday, 02/16/2026"
Argentina,2026-02-16,6454113,INTDAILY,M71,Market Rates,UPDATE_NOTE,BLOCKED_MAX_UPDATES,,"AUTOHOL: Holiday, 02/16/2026"
Argentina,2026-02-16,6454114,INTWKLY,M61,Market Rates AGG,UPDATE_NOTE,BLOCKED_MAX_UPDATES,,"AUTOHOL: Holiday, 02/16/2026"
Argentina,2026-02-16,6454130,INTDAILY,P75,Commodity Price Index,UPDATE_NOTE,BLOCKED_MAX_UPDATES,,"AUTOHOL: Holiday, 02/16/2026"
Argentina,2026-02-16,6454131,INTDAILY,P76,Commodity Price Index Weights,UPDATE_NOTE,BLOCKED_MAX_UPDATES,,"AUTOHOL: Holiday, 02/16/2026"
Argentina,2026-02-16,6454132,CMDTY,P75,Commodity Price Index Comp,UPDATE_NOTE,BLOCKED_MAX_UPDATES,,"AUTOHOL: Holiday, 02/16/2026"
Argentina,2026-02-16,6454133,INTWKLY,O75,Commodity Price Index Agg,UPDATE_NOTE,BLOCKED_MAX_UPDATES,,"AUTOHOL: Holiday, 02/16/2026"
Argentina,2026-02-16,6454134,INTWKLY,O76,Commodity Price Index Weights Agg,UPDATE_NOTE,BLOCKED_MAX_UPDATES,,"AUTOHOL: Holiday, 02/16/2026"
Argentina,2026-02-16,6454155,CMDTY,P76,Commodity Price Index Weights Comp,UPDATE_NOTE,BLOCKED_MAX_UPDATES,,"AUTOHOL: Holiday, 02/16/2026"
Argentina,2026-02-16,6454368,INTDAILY,H42,Dolar Lujo [AMBITO],UPDATE_NOTE,BLOCKED_MAX_UPDATES,,"AUTOHOL: Holiday, 02/16/2026"
Argentina,2026-02-16,6454369,INTDAILY,H43,Dolar Banco Nacion [AMBITO],UPDATE_NOTE,BLOCKED_MAX_UPDATES,,"AUTOHOL: Holiday, 02/16/2026"
Argentina,2026-02-16,6454370,INTDAILY,H44,Dolar Banco Nacion [AMBITO] Mid,UPDATE_NOTE,BLOCKED_MAX_UPDATES,,"AUTOHOL: Holiday, 02/16/2026"
Argentina,2026-02-16,6454460,INTDAILY,H09,Dolar Cripto [AMBITO],UPDATE_NOTE,BLOCKED_MAX_UPDATES,,"AUTOHOL: Holiday, 02/16/2026"
Argentina,2026-02-16,6454461,INTDAILY,H41,Euro Blue [AMBITO],UPDATE_NOTE,BLOCKED_MAX_UPDATES,,"AUTOHOL: Holiday, 02/16/2026"
Argentina,2026-02-16,6454462,INTDAILY,H47,Euro Blue [AMBITO] Mid,UPDATE_NOTE,BLOCKED_MAX_UPDATES,,"AUTOHOL: Holiday, 02/16/2026"
Argentina,2026-02-16,6454463,INTDAILY,H48,Euro [AMBITO],UPDATE_NOTE,BLOCKED_MAX_UPDATES,,"AUTOHOL: Holiday, 02/16/2026"
Argentina,2026-02-16,6454464,INTDAILY,H79,Euro [AMBITO] Mid,UPDATE_NOTE,BLOCKED_MAX_UPDATES,,"AUTOHOL: Holiday, 02/16/2026"
Argentina,2026-02-16,6454779,INTDAILY,L06,Exchange Rate Band Check,UPDATE_NOTE,BLOCKED_MAX_UPDATES,,"AUTOHOL: Holiday, 02/16/2026"
Argentina,2026-02-17,6468173,INTDAILY,I50,International Reserves,UPDATE_NOTE,BLOCKED_MAX_UPDATES,,"AUTOHOL: Holiday, 02/17/2026"
Argentina,2026-02-17,6468234,INTDAILY,R67,Exchange Rates,UPDATE_NOTE,BLOCKED_MAX_UPDATES,,"AUTOHOL: Holiday, 02/17/2026"
Argentina,2026-02-17,6468300,INTDAILY,V18,Merval Indexes,UPDATE_NOTE,BLOCKED_MAX_UPDATES,,"AUTOHOL: Holiday, 02/17/2026"
Argentina,2026-02-17,6468363,INTDAILY,J56,Interest Rate on Time Deposits,UPDATE_NOTE,BLOCKED_MAX_UPDATES,,"AUTOHOL: Holiday, 02/17/2026"
Argentina,2026-02-17,6468365,INTDAILY,I52,BADLAR Rates,UPDATE_NOTE,BLOCKED_MAX_UPDATES,,"AUTOHOL: Holiday, 02/17/2026"
Argentina,2026-02-17,6468415,INTDAILY,J72,BAIBAR Interest Rates,UPDATE_NOTE,BLOCKED_MAX_UPDATES,,"AUTOHOL: Holiday, 02/17/2026"
Argentina,2026-02-17,6468584,INTDAILY,P22,Dolar Blue [AMBITO],UPDATE_NOTE,BLOCKED_MAX_UPDATES,,"AUTOHOL: Holiday, 02/17/2026"
Argentina,2026-02-17,6468602,INTDAILY,H66,Dolar Blue [AMBITO] Mid,UPDATE_NOTE,BLOCKED_MAX_UPDATES,,"AUTOHOL: Holiday, 02/17/2026"
Argentina,2026-02-17,6468613,INTWKLY,M75,International Reserves AGG,UPDATE_NOTE,BLOCKED_MAX_UPDATES,,"AUTOHOL: Holiday, 02/17/2026"
Argentina,2026-02-17,6468672,INTDAILY,J64,Policy Instruments,UPDATE_NOTE,BLOCKED_MAX_UPDATES,,"AUTOHOL: Holiday, 02/17/2026"
Argentina,2026-02-17,6468791,INTDAILY,X74,Main Assets of Financial Institutions,UPDATE_NOTE,BLOCKED_MAX_UPDATES,,"AUTOHOL: Holiday, 02/17/2026"
Argentina,2026-02-17,6468792,INTWKLY,T55,Main Assets of Financial Institutions Agg,UPDATE_NOTE,BLOCKED_MAX_UPDATES,,"AUTOHOL: Holiday, 02/17/2026"
Argentina,2026-02-17,6468794,INTDAILY,X78,Main Liabilities of Financial Institutions,UPDATE_NOTE,BLOCKED_MAX_UPDATES,,"AUTOHOL: Holiday, 02/17/2026"
Argentina,2026-02-17,6468795,INTWKLY,T54,Main Liabilities of Financial Institutions Agg,UPDATE_NOTE,BLOCKED_MAX_UPDATES,,"AUTOHOL: Holiday, 02/17/2026"
Argentina,2026-02-17,6468817,INTDAILY,Y01,Effective Exchange Rate,UPDATE_NOTE,BLOCKED_MAX_UPDATES,,"AUTOHOL: Holiday, 02/17/2026"
Argentina,2026-02-17,6468823,INTDAILY,Y04,Daily Monetary Report,UPDATE_NOTE,BLOCKED_MAX_UPDATES,,"AUTOHOL: Holiday, 02/17/2026"
Argentina,2026-02-17,6468841,INTDAILY,Y05,Daily Monetary Report Calc [LELIQ],UPDATE_NOTE,BLOCKED_MAX_UPDATES,,"AUTOHOL: Holiday, 02/17/2026"
Argentina,2026-02-17,6468876,INTDAILY,Y19,Non-Financial Loans,UPDATE_NOTE,BLOCKED_MAX_UPDATES,,"AUTOHOL: Holiday, 02/17/2026"
Argentina,2026-02-17,6468911,INTDAILY,P28,Dolar CCL [AMBITO],UPDATE_NOTE,BLOCKED_MAX_UPDATES,,"AUTOHOL: Holiday, 02/17/2026"
Argentina,2026-02-17,6469030,INTDAILY,I11,Policy Rate Check,UPDATE_NOTE,BLOCKED_MAX_UPDATES,,"AUTOHOL: Holiday, 02/17/2026"
Argentina,2026-02-17,6469035,INTDAILY,H60,Dolar MEP [AMBITO],UPDATE_NOTE,BLOCKED_MAX_UPDATES,,"AUTOHOL: Holiday, 02/17/2026"
Argentina,2026-02-17,6469036,INTDAILY,H61,Dolar Turista [AMBITO],UPDATE_NOTE,BLOCKED_MAX_UPDATES,,"AUTOHOL: Holiday, 02/17/2026"
Argentina,2026-02-17,6469037,INTDAILY,H62,US$ [AMBITO] Mid,UPDATE_NOTE,BLOCKED_MAX_UPDATES,,"AUTOHOL: Holiday, 02/17/2026"
Argentina,2026-02-17,6469038,INTDAILY,H63,US$ [AMBITO],UPDATE_NOTE,BLOCKED_MAX_UPDATES,,"AUTOHOL: Holiday, 02/17/2026"
Argentina,2026-02-17,6469039,INTDAILY,H64,Dolar Mayorista [AMBITO] Mid,UPDATE_NOTE,BLOCKED_MAX_UPDATES,,"AUTOHOL: Holiday, 02/17/2026"
Argentina,2026-02-17,6469040,INTDAILY,H65,Dolar Mayorista [AMBITO],UPDATE_NOTE,BLOCKED_MAX_UPDATES,,"AUTOHOL: Holiday, 02/17/2026"
Argentina,2026-02-17,6469053,INTDAILY,T80,Interest Rates on Personal Loans,UPDATE_NOTE,BLOCKED_MAX_UPDATES,,"AUTOHOL: Holiday, 02/17/2026"
Argentina,2026-02-17,6469064,INTDAILY,M71,Market Rates,UPDATE_NOTE,BLOCKED_MAX_UPDATES,,"AUTOHOL: Holiday, 02/17/2026"
Argentina,2026-02-17,6469073,INTDAILY,P75,Commodity Price Index,UPDATE_NOTE,BLOCKED_MAX_UPDATES,,"AUTOHOL: Holiday, 02/17/2026"
Argentina,2026-02-17,6469074,INTDAILY,P76,Commodity Price Index Weights,UPDATE_NOTE,BLOCKED_MAX_UPDATES,,"AUTOHOL: Holiday, 02/17/2026"
Argentina,2026-02-17,6469075,CMDTY,P75,Commodity Price Index Comp,UPDATE_NOTE,BLOCKED_MAX_UPDATES,,"AUTOHOL: Holiday, 02/17/2026"
Argentina,2026-02-17,6469087,CMDTY,P76,Commodity Price Index Weights Comp,UPDATE_NOTE,BLOCKED_MAX_UPDATES,,"AUTOHOL: Holiday, 02/17/2026"
Argentina,2026-02-17,6469275,INTDAILY,H42,Dolar Lujo [AMBITO],UPDATE_NOTE,BLOCKED_MAX_UPDATES,,"AUTOHOL: Holiday, 02/17/2026"
Argentina,2026-02-17,6469276,INTDAILY,H43,Dolar Banco Nacion [AMBITO],UPDATE_NOTE,BLOCKED_MAX_UPDATES,,"AUTOHOL: Holiday, 02/17/2026"
Argentina,2026-02-17,6469277,INTDAILY,H44,Dolar Banco Nacion [AMBITO] Mid,UPDATE_NOTE,BLOCKED_MAX_UPDATES,,"AUTOHOL: Holiday, 02/17/2026"
Argentina,2026-02-17,6469374,INTDAILY,H09,Dolar Cripto [AMBITO],UPDATE_NOTE,BLOCKED_MAX_UPDATES,,"AUTOHOL: Holiday, 02/17/2026"
Argentina,2026-02-17,6469375,INTDAILY,H41,Euro Blue [AMBITO],UPDATE_NOTE,BLOCKED_MAX_UPDATES,,"AUTOHOL: Holiday, 02/17/2026"
Argentina,2026-02-17,6469376,INTDAILY,H47,Euro Blue [AMBITO] Mid,UPDATE_NOTE,BLOCKED_MAX_UPDATES,,"AUTOHOL: Holiday, 02/17/2026"
Argentina,2026-02-17,6469377,INTDAILY,H48,Euro [AMBITO],UPDATE_NOTE,BLOCKED_MAX_UPDATES,,"AUTOHOL: Holiday, 02/17/2026"
Argentina,2026-02-17,6469378,INTDAILY,H79,Euro [AMBITO] Mid,UPDATE_NOTE,BLOCKED_MAX_UPDATES,,"AUTOHOL: Holiday, 02/17/2026"
Argentina,2026-02-17,6469676,INTDAILY,L06,Exchange Rate Band Check,UPDATE_NOTE,BLOCKED_MAX_UPDATES,,"AUTOHOL: Holiday, 02/17/2026"
Uganda,2026-02-16,6453192,INTDAILY,V13,Stock Indicators,UPDATE_NOTE,BLOCKED_MAX_UPDATES,,"AUTOHOL: Holiday, 02/16/2026"
Uganda,2026-02-16,6453270,INTDAILY,V17,Exchange Rates,UPDATE_NOTE,BLOCKED_MAX_UPDATES,,"AUTOHOL: Holiday, 02/16/2026"
Uganda,2026-02-16,6453388,INTDAILY,H15,[ Mid-Rate Calculation] Exchange Rates,UPDATE_NOTE,BLOCKED_MAX_UPDATES,,"AUTOHOL: Holiday, 02/16/2026"
Uganda,2026-02-16,6454227,INTDAILY,H89,Uganda Bond Yields,UPDATE_NOTE,BLOCKED_MAX_UPDATES,"R2D2 Running... [Retry 10/10, wait=600s] 2/13/2026 12:12:52 [Az-AutoSrv1-Svc]","R2D2 Running... [Retry 10/10, wait=600s] 2/13/2026 12:12:52 [Az-AutoSrv1-Svc] | AUTOHOL: Holiday, 02/16/2026"
Uganda,2026-02-16,6454228,INTWKLY,C86,Uganda Bond Yields Agg,UPDATE_NOTE,BLOCKED_MAX_UPDATES,,"AUTOHOL: Holiday, 02/16/2026"
Uganda,2026-02-16,6454506,INTDAILY,A81,Interbank Rates,UPDATE_NOTE,BLOCKED_MAX_UPDATES,,"AUTOHOL: Holiday, 02/16/2026"
Uganda,2026-02-16,6454507,INTWKLY,A81,Interbank Rates Agg,UPDATE_NOTE,BLOCKED_MAX_UPDATES,,"AUTOHOL: Holiday, 02/16/2026"
Taiwan,2026-02-16,6453231,INTDAILY,J13,3 Month Deposit Rate,UPDATE_NOTE,BLOCKED_MAX_UPDATES,,"AUTOHOL: Holiday, 02/16/2026"
Taiwan,2026-02-16,6453470,INTDAILY,V57,Asian Stock Market - TAIEX,UPDATE_NOTE,BLOCKED_MAX_UPDATES,,"AUTOHOL: Holiday, 02/16/2026"
Taiwan,2026-02-16,6453626,INTDAILY,W47,US Exchange Rates,UPDATE_NOTE,BLOCKED_MAX_UPDATES,,"AUTOHOL: Holiday, 02/16/2026"
Taiwan,2026-02-16,6453627,INTDAILY,W48,Interbank Overnight Rate,UPDATE_NOTE,BLOCKED_MAX_UPDATES,,"AUTOHOL: Holiday, 02/16/2026"
Taiwan,2026-02-16,6453785,INTDAILY,X60,Taiwan Interbank Rates [TAIBOR],UPDATE_NOTE,BLOCKED_MAX_UPDATES,,"AUTOHOL: Holiday, 02/16/2026"
Taiwan,2026-02-16,6454039,INTDAILY,J90,TAIBIR,UPDATE_NOTE,BLOCKED_MAX_UPDATES,,"AUTOHOL: Holiday, 02/16/2026"
Taiwan,2026-02-17,6468255,INTDAILY,J13,3 Month Deposit Rate,UPDATE_NOTE,BLOCKED_MAX_UPDATES,,"AUTOHOL: Holiday, 02/17/2026"
Taiwan,2026-02-17,6468477,INTDAILY,V57,Asian Stock Market - TAIEX,UPDATE_NOTE,BLOCKED_MAX_UPDATES,,"AUTOHOL: Holiday, 02/17/2026"
Taiwan,2026-02-17,6468632,INTDAILY,W47,US Exchange Rates,UPDATE_NOTE,BLOCKED_MAX_UPDATES,,"AUTOHOL: Holiday, 02/17/2026"
Taiwan,2026-02-17,6468633,INTDAILY,W48,Interbank Overnight Rate,UPDATE_NOTE,BLOCKED_MAX_UPDATES,,"AUTOHOL: Holiday, 02/17/2026"
Taiwan,2026-02-17,6468772,INTDAILY,X60,Taiwan Interbank Rates [TAIBOR],UPDATE_NOTE,BLOCKED_MAX_UPDATES,,"AUTOHOL: Holiday, 02/17/2026"
Taiwan,2026-02-17,6468993,INTDAILY,J90,TAIBIR,UPDATE_NOTE,BLOCKED_MAX_UPDATES,,"AUTOHOL: Holiday, 02/17/2026"
Taiwan,2026-02-18,6466528,INTDAILY,J13,3 Month Deposit Rate,UPDATE_NOTE,BLOCKED_MAX_UPDATES,,"AUTOHOL: Holiday, 02/18/2026"
Taiwan,2026-02-18,6466759,INTDAILY,V57,Asian Stock Market - TAIEX,UPDATE_NOTE,BLOCKED_MAX_UPDATES,,"AUTOHOL: Holiday, 02/18/2026"
Taiwan,2026-02-18,6466907,INTDAILY,W47,US Exchange Rates,UPDATE_NOTE,BLOCKED_MAX_UPDATES,,"AUTOHOL: Holiday, 02/18/2026"
Taiwan,2026-02-18,6466908,INTDAILY,W48,Interbank Overnight Rate,UPDATE_NOTE,BLOCKED_MAX_UPDATES,,"AUTOHOL: Holiday, 02/18/2026"
Taiwan,2026-02-18,6467050,INTDAILY,X60,Taiwan Interbank Rates [TAIBOR],UPDATE_NOTE,BLOCKED_MAX_UPDATES,,"AUTOHOL: Holiday, 02/18/2026"
Taiwan,2026-02-18,6467278,INTDAILY,J90,TAIBIR,UPDATE_NOTE,BLOCKED_MAX_UPDATES,,"AUTOHOL: Holiday, 02/18/2026"
Taiwan,2026-02-19,6464732,INTDAILY,J13,3 Month Deposit Rate,UPDATE_NOTE,BLOCKED_MAX_UPDATES,,"AUTOHOL: Holiday, 02/19/2026"
Taiwan,2026-02-19,6464735,INTWKLY,J11,3 Month Deposit Rate Agg,UPDATE_NOTE,BLOCKED_MAX_UPDATES,,"AUTOHOL: Holiday, 02/19/2026"
Taiwan,2026-02-19,6464972,INTDAILY,V57,Asian Stock Market - TAIEX,UPDATE_NOTE,BLOCKED_MAX_UPDATES,,"AUTOHOL: Holiday, 02/19/2026"
Taiwan,2026-02-19,6465135,INTDAILY,W47,US Exchange Rates,UPDATE_NOTE,BLOCKED_MAX_UPDATES,,"AUTOHOL: Holiday, 02/19/2026"
Taiwan,2026-02-19,6465136,INTDAILY,W48,Interbank Overnight Rate,UPDATE_NOTE,BLOCKED_MAX_UPDATES,,"AUTOHOL: Holiday, 02/19/2026"
Taiwan,2026-02-19,6465305,INTDAILY,X60,Taiwan Interbank Rates [TAIBOR],UPDATE_NOTE,BLOCKED_MAX_UPDATES,,"AUTOHOL: Holiday, 02/19/2026"
Taiwan,2026-02-19,6465306,INTWKLY,T89,Taiwan Interbank Rates [TAIBOR] Aggregation,UPDATE_NOTE,BLOCKED_MAX_UPDATES,,"AUTOHOL: Holiday, 02/19/2026"
Taiwan,2026-02-19,6465536,INTDAILY,J90,TAIBIR,UPDATE_NOTE,BLOCKED_MAX_UPDATES,,"AUTOHOL: Holiday, 02/19/2026"
Taiwan,2026-02-19,6465537,INTWKLY,J90,TAIBIR Aggregation,UPDATE_NOTE,BLOCKED_MAX_UPDATES,,"AUTOHOL: Holiday, 02/19/2026"
Taiwan,2026-02-20,6463012,INTDAILY,V57,Asian Stock Market - TAIEX,UPDATE_NOTE,BLOCKED_MAX_UPDATES,,"AUTOHOL: Holiday, 02/20/2026"
Taiwan,2026-02-20,6463191,INTDAILY,W47,US Exchange Rates,UPDATE_NOTE,BLOCKED_MAX_UPDATES,,"AUTOHOL: Holiday, 02/20/2026"
Taiwan,2026-02-20,6463192,INTDAILY,W48,Interbank Overnight Rate,UPDATE_NOTE,BLOCKED_MAX_UPDATES,,"AUTOHOL: Holiday, 02/20/2026"
Taiwan,2026-02-20,6463193,INTWKLY,T28,Aggregation: Taiwan US Exchange Rates,UPDATE_NOTE,BLOCKED_MAX_UPDATES,,"AUTOHOL: Holiday, 02/20/2026"
Taiwan,2026-02-20,6463201,INTWKLY,T29,Aggregation: Taiwan Interbank Rate,UPDATE_NOTE,BLOCKED_MAX_UPDATES,,"AUTOHOL: Holiday, 02/20/2026"
Taiwan,2026-02-20,6463676,INTWKLY,W01,Asian Stock Market - TAIEX Aggregation,UPDATE_NOTE,BLOCKED_MAX_UPDATES,,"AUTOHOL: Holiday, 02/20/2026"
Taiwan,2026-02-22,6471616,INTDAILY,J13,3 Month Deposit Rate,UPDATE_NOTE,BLOCKED_MAX_UPDATES,,"AUTOHOL: Holiday, 02/22/2026"
Taiwan,2026-02-22,6471710,INTDAILY,X60,Taiwan Interbank Rates [TAIBOR],UPDATE_NOTE,BLOCKED_MAX_UPDATES,,"AUTOHOL: Holiday, 02/22/2026"
Taiwan,2026-02-22,6471738,INTDAILY,J90,TAIBIR,UPDATE_NOTE,BLOCKED_MAX_UPDATES,,"AUTOHOL: Holiday, 02/22/2026"
Taiwan,2026-02-22,6471918,ENERGY,K77,Taiwan Fuel Prices,UPDATE_NOTE,BLOCKED_MAX_UPDATES,,"AUTOHOL: Holiday, 02/22/2026"
Taiwan,2026-02-22,6471929,INTWKLY,K77,Taiwan Fuel Prices Transfer,UPDATE_NOTE,BLOCKED_MAX_UPDATES,,"AUTOHOL: Holiday, 02/22/2026"
Macao,2026-02-17,6468258,INTDAILY,J14,Interbank Rates,UPDATE_NOTE,BLOCKED_MAX_UPDATES,,"AUTOHOL: Holiday, 02/17/2026"
Macao,2026-02-17,6468259,INTDAILY,R31,Exchange Rates,UPDATE_NOTE,BLOCKED_MAX_UPDATES,,"AUTOHOL: Holiday, 02/17/2026"
Macao,2026-02-17,6469069,INTDAILY,T60,MONIA,UPDATE_NOTE,BLOCKED_MAX_UPDATES,,"AUTOHOL: Holiday, 02/17/2026"
Macao,2026-02-18,6466531,INTDAILY,J14,Interbank Rates,UPDATE_NOTE,BLOCKED_MAX_UPDATES,,"AUTOHOL: Holiday, 02/18/2026"
Macao,2026-02-18,6466532,INTDAILY,R31,Exchange Rates,UPDATE_NOTE,BLOCKED_MAX_UPDATES,,"AUTOHOL: Holiday, 02/18/2026"
Macao,2026-02-18,6467356,INTDAILY,T60,MONIA,UPDATE_NOTE,BLOCKED_MAX_UPDATES,,"AUTOHOL: Holiday, 02/18/2026"
Macao,2026-02-19,6464736,INTDAILY,J14,Interbank Rates,UPDATE_NOTE,BLOCKED_MAX_UPDATES,,"AUTOHOL: Holiday, 02/19/2026"
Macao,2026-02-19,6464737,INTDAILY,R31,Exchange Rates,UPDATE_NOTE,BLOCKED_MAX_UPDATES,,"AUTOHOL: Holiday, 02/19/2026"
Macao,2026-02-19,6464740,INTWKLY,R77,Exchange Rates Aggregation,UPDATE_NOTE,BLOCKED_MAX_UPDATES,,"AUTOHOL: Holiday, 02/19/2026"
Macao,2026-02-19,6465428,INTWKLY,J12,Interbank Rates Aggreagation,UPDATE_NOTE,BLOCKED_MAX_UPDATES,,"AUTOHOL: Holiday, 02/19/2026"
Macao,2026-02-19,6465610,INTDAILY,T60,MONIA,UPDATE_NOTE,BLOCKED_MAX_UPDATES,,"AUTOHOL: Holiday, 02/19/2026"
Ecuador,2026-02-17,6468432,INTWKLY,G03,Monetary Bulletin: IMS2,UPDATE_NOTE,BLOCKED_MAX_UPDATES,,"AUTOHOL: Holiday, 02/17/2026"
Ecuador,2026-02-17,6468929,INTWKLY,O86,Monetary Bulletin: IMS13,UPDATE_NOTE,BLOCKED_MAX_UPDATES,,"AUTOHOL: Holiday, 02/17/2026"
Ecuador,2026-02-17,6469348,INTWKLY,O74,Monetary Bulletin: IMS3,UPDATE_NOTE,BLOCKED_MAX_UPDATES,,"AUTOHOL: Holiday, 02/17/2026"
Ecuador,2026-02-17,6469349,INTWKLY,O78,Monetary Bulletin: IMS4,UPDATE_NOTE,BLOCKED_MAX_UPDATES,,"AUTOHOL: Holiday, 02/17/2026"
Ecuador,2026-02-17,6469350,INTWKLY,O87,Monetary Bulletin: IMS5,UPDATE_NOTE,BLOCKED_MAX_UPDATES,,"AUTOHOL: Holiday, 02/17/2026"
Ecuador,2026-02-17,6469351,INTWKLY,O79,Monetary Bulletin: IMS6,UPDATE_NOTE,BLOCKED_MAX_UPDATES,,"AUTOHOL: Holiday, 02/17/2026"
Ecuador,2026-02-17,6469352,INTWKLY,O80,Monetary Bulletin: IMS7,UPDATE_NOTE,BLOCKED_MAX_UPDATES,,"AUTOHOL: Holiday, 02/17/2026"
Ecuador,2026-02-17,6469353,INTWKLY,O81,Monetary Bulletin: IMS8,UPDATE_NOTE,BLOCKED_MAX_UPDATES,,"AUTOHOL: Holiday, 02/17/2026"
Ecuador,2026-02-17,6469354,INTWKLY,O82,Monetary Bulletin: IMS9,UPDATE_NOTE,BLOCKED_MAX_UPDATES,,"AUTOHOL: Holiday, 02/17/2026"
Ecuador,2026-02-17,6469355,INTWKLY,O83,Monetary Bulletin: IMS10,UPDATE_NOTE,BLOCKED_MAX_UPDATES,,"AUTOHOL: Holiday, 02/17/2026"
Ecuador,2026-02-17,6469356,INTWKLY,O84,Monetary Bulletin: IMS11,UPDATE_NOTE,BLOCKED_MAX_UPDATES,,"AUTOHOL: Holiday, 02/17/2026"
Ecuador,2026-02-17,6469357,INTWKLY,O85,Monetary Bulletin: IMS12,UPDATE_NOTE,BLOCKED_MAX_UPDATES,,"AUTOHOL: Holiday, 02/17/2026"
Ecuador,2026-02-17,6469436,INTWKLY,Y77,Monetary Bulletin: IMS14,UPDATE_NOTE,BLOCKED_MAX_UPDATES,,"AUTOHOL: Holiday, 02/17/2026"
Mongolia,2026-02-18,6466879,INTDAILY,W16,Exchange Rates,UPDATE_NOTE,BLOCKED_MAX_UPDATES,,"AUTOHOL: Holiday, 02/18/2026"
Mongolia,2026-02-18,6466954,INTDAILY,W74,Mongolia Stock Exchange Index,UPDATE_NOTE,BLOCKED_MAX_UPDATES,,"AUTOHOL: Holiday, 02/18/2026"
Mongolia,2026-02-19,6465099,INTDAILY,W16,Exchange Rates,UPDATE_NOTE,BLOCKED_MAX_UPDATES,,"AUTOHOL: Holiday, 02/19/2026"
Mongolia,2026-02-19,6465194,INTDAILY,W74,Mongolia Stock Exchange Index,UPDATE_NOTE,BLOCKED_MAX_UPDATES,,"AUTOHOL: Holiday, 02/19/2026"
Mongolia,2026-02-20,6463136,INTDAILY,W16,Exchange Rates,UPDATE_NOTE,BLOCKED_MAX_UPDATES,,"AUTOHOL: Holiday, 02/20/2026"
Mongolia,2026-02-20,6463274,INTDAILY,W74,Mongolia Stock Exchange Index,UPDATE_NOTE,BLOCKED_MAX_UPDATES,,"AUTOHOL: Holiday, 02/20/2026"
Mongolia,2026-02-20,6463275,INTWKLY,T65,Mongolia Stock Exchange Aggregation,UPDATE_NOTE,BLOCKED_MAX_UPDATES,,"AUTOHOL: Holiday, 02/20/2026"
Mongolia,2026-02-20,6463770,INTWKLY,H86,Exchange Rates Aggregation,UPDATE_NOTE,BLOCKED_MAX_UPDATES,,"AUTOHOL: Holiday, 02/20/2026"
Saudi Arabia,2026-02-22,6471801,INTDAILY,T82,Stock Market (Full File),UPDATE_NOTE,BLOCKED_MAX_UPDATES,,"AUTOHOL: Holiday, 02/22/2026"
Mauritius,2026-02-17,6468651,INTDAILY,W57,Mauritius Stock,UPDATE_NOTE,BLOCKED_MAX_UPDATES,,"AUTOHOL: Holiday, 02/17/2026"
Mauritius,2026-02-17,6468652,INTDAILY,W59,Mauritius Exchange Rates,UPDATE_NOTE,BLOCKED_MAX_UPDATES,,"AUTOHOL: Holiday, 02/17/2026"
Mauritius,2026-02-17,6468653,INTDAILY,H10,[ Mid-Rate Calculation] Mauritius Exchange Rates,UPDATE_NOTE,BLOCKED_MAX_UPDATES,,"AUTOHOL: Holiday, 02/17/2026"
Mauritius,2026-02-17,6468661,INTDAILY,W65,Mauritius PLIBOR,UPDATE_NOTE,BLOCKED_MAX_UPDATES,,"AUTOHOL: Holiday, 02/17/2026"
Jamaica,2026-02-18,6466976,INTDAILY,V10,Jamaica Stock Exchange,UPDATE_NOTE,BLOCKED_MAX_UPDATES,,"AUTOHOL: Holiday, 02/18/2026"
Jamaica,2026-02-18,6466988,INTDAILY,G36,Jamaica Exchange Rates,UPDATE_NOTE,BLOCKED_MAX_UPDATES,,"AUTOHOL: Holiday, 02/18/2026"
Jamaica,2026-02-18,6466989,INTDAILY,H36,Mid Rates: Jamaica Exchange Rates,UPDATE_NOTE,BLOCKED_MAX_UPDATES,,"AUTOHOL: Holiday, 02/18/2026"
Jamaica,2026-02-18,6466996,INTDAILY,X04,Jamaica USD Reference Rate,UPDATE_NOTE,BLOCKED_MAX_UPDATES,,"AUTOHOL: Holiday, 02/18/2026"
Myanmar,2026-02-16,6453764,INTDAILY,X39,Stock Market Indicators,UPDATE_NOTE,BLOCKED_MAX_UPDATES,,"AUTOHOL: Holiday, 02/16/2026"
Myanmar,2026-02-16,6453767,INTDAILY,X38,Exchange,UPDATE_NOTE,BLOCKED_MAX_UPDATES,,"AUTOHOL: Holiday, 02/16/2026"
Myanmar,2026-02-16,6454498,INTDAILY,N15,Forex Market Trade Rates & Volume,UPDATE_NOTE,BLOCKED_MAX_UPDATES,,"AUTOHOL: Holiday, 02/16/2026"
Myanmar,2026-02-16,6454572,INTDAILY,O10,Daily Activities of FX Market,UPDATE_NOTE,BLOCKED_MAX_UPDATES,,"AUTOHOL: Holiday, 02/16/2026"
Myanmar,2026-02-17,6468751,INTDAILY,X39,Stock Market Indicators,UPDATE_NOTE,BLOCKED_MAX_UPDATES,,"AUTOHOL: Holiday, 02/17/2026"
Myanmar,2026-02-17,6468754,INTDAILY,X38,Exchange,UPDATE_NOTE,BLOCKED_MAX_UPDATES,,"AUTOHOL: Holiday, 02/17/2026"
Myanmar,2026-02-17,6469409,INTDAILY,N15,Forex Market Trade Rates & Volume,UPDATE_NOTE,BLOCKED_MAX_UPDATES,,"AUTOHOL: Holiday, 02/17/2026"
Myanmar,2026-02-17,6469478,INTDAILY,O10,Daily Activities of FX Market,UPDATE_NOTE,BLOCKED_MAX_UPDATES,,"AUTOHOL: Holiday, 02/17/2026"
Angola,2026-02-16,6453856,INTDAILY,V09,Exchange Rates,UPDATE_NOTE,BLOCKED_MAX_UPDATES,,"AUTOHOL: Holiday, 02/16/2026"
Angola,2026-02-16,6454596,INTDAILY,A23,Parallel Exchange Rates,UPDATE_NOTE,BLOCKED_MAX_UPDATES,,"AUTOHOL: Holiday, 02/16/2026"
Angola,2026-02-16,6454597,INTDAILY,A24,Parallel Exchange Mid Rates,UPDATE_NOTE,BLOCKED_MAX_UPDATES,,"AUTOHOL: Holiday, 02/16/2026"
Angola,2026-02-17,6468835,INTDAILY,V09,Exchange Rates,UPDATE_NOTE,BLOCKED_MAX_UPDATES,,"AUTOHOL: Holiday, 02/17/2026"
Angola,2026-02-17,6469063,INTDAILY,C88,International Reserves,UPDATE_NOTE,BLOCKED_MAX_UPDATES,,"AUTOHOL: Holiday, 02/17/2026"
Angola,2026-02-17,6469509,INTDAILY,A23,Parallel Exchange Rates,UPDATE_NOTE,BLOCKED_MAX_UPDATES,,"AUTOHOL: Holiday, 02/17/2026"
Angola,2026-02-17,6469510,INTDAILY,A24,Parallel Exchange Mid Rates,UPDATE_NOTE,BLOCKED_MAX_UPDATES,,"AUTOHOL: Holiday, 02/17/2026"
Suriname,2026-02-17,6468903,INTDAILY,Y36,Exchange Rates,UPDATE_NOTE,BLOCKED_MAX_UPDATES,,"AUTOHOL: Holiday, 02/17/2026"
Suriname,2026-02-17,6468904,INTDAILY,Y37,Exchange Rates [Mid],UPDATE_NOTE,BLOCKED_MAX_UPDATES,,"AUTOHOL: Holiday, 02/17/2026"
Nepal,2026-02-18,6467377,INTDAILY,M72,Nepal Stock Exchange,UPDATE_NOTE,BLOCKED_MAX_UPDATES,,"AUTOHOL: Holiday, 02/18/2026"
Nepal,2026-02-18,6467384,INTDAILY,M78,Exchange Rates,UPDATE_NOTE,BLOCKED_MAX_UPDATES,,"AUTOHOL: Holiday, 02/18/2026"
Nepal,2026-02-18,6467385,INTDAILY,M79,Exchange Rates MID,UPDATE_NOTE,BLOCKED_MAX_UPDATES,,"AUTOHOL: Holiday, 02/18/2026"
Nepal,2026-02-19,6465638,INTDAILY,M72,Nepal Stock Exchange,UPDATE_NOTE,BLOCKED_MAX_UPDATES,,"AUTOHOL: Holiday, 02/19/2026"
Nepal,2026-02-19,6465639,INTWKLY,M78,Nepal Stock Exchange AGG,UPDATE_NOTE,BLOCKED_MAX_UPDATES,,"AUTOHOL: Holiday, 02/19/2026"
Nepal,2026-02-19,6465649,INTDAILY,M78,Exchange Rates,UPDATE_NOTE,BLOCKED_MAX_UPDATES,,"AUTOHOL: Holiday, 02/19/2026"
Nepal,2026-02-19,6465650,INTDAILY,M79,Exchange Rates MID,UPDATE_NOTE,BLOCKED_MAX_UPDATES,,"AUTOHOL: Holiday, 02/19/2026"
Maldives,2026-02-18,6467549,INTDAILY,U05,Exchange Rates,UPDATE_NOTE,BLOCKED_MAX_UPDATES,,"AUTOHOL: Holiday, 02/18/2026"
Maldives,2026-02-18,6467597,TOURISM,"C75, C76, C77",Maldives Daily Tourists,UPDATE_NOTE,BLOCKED_MAX_UPDATES,,"AUTOHOL: Holiday, 02/18/2026"
Panama,2026-02-17,6469385,TRANSPRT,"P48, P49, P50",Gatun Lake Water Level,UPDATE_NOTE,BLOCKED_MAX_UPDATES,,"AUTOHOL: Holiday, 02/17/2026"
Panama,2026-02-17,6469483,GLSECTOR,"W70, W59, W69",Gatun Lake Water Level Transfer,UPDATE_NOTE,BLOCKED_MAX_UPDATES,,"AUTOHOL: Holiday, 02/17/2026"
Libya,2026-02-17,6469715,INTDAILY,"B43, B44, B45",Parallel Exchange Rate,UPDATE_NOTE,BLOCKED_MAX_UPDATES,,"AUTOHOL: Holiday, 02/17/2026"
Libya,2026-02-17,6469587,INTDAILY,"E10, E11, E12",Exchange Rates,UPDATE_NOTE,BLOCKED_MAX_UPDATES,,"AUTOHOL: Holiday, 02/17/2026"
Libya,2026-02-17,6469725,INTDAILY,"E27, E29, E39",LY Black Parallel Exchange Rate,UPDATE_NOTE,BLOCKED_MAX_UPDATES,,"AUTOHOL: Holiday, 02/17/2026"
Sierra Leone,2026-02-18,6467952,INTDAILY,A04,Exchange Rates,UPDATE_NOTE,BLOCKED_MAX_UPDATES,,"AUTOHOL: Holiday, 02/18/2026"
Bolivia,2026-02-16,6452995,INTDAILY,R97,Exchange Rates,UPDATE_NOTE,WROTE,,"AUTOHOL: Holiday, 02/16/2026"
Bolivia,2026-02-16,6453398,INTDAILY,Y53,Exchange Rates Mid-Rates Calculation,UPDATE_NOTE,WROTE,,"AUTOHOL: Holiday, 02/16/2026"
Bolivia,2026-02-17,6468024,INTDAILY,R97,Exchange Rates,UPDATE_NOTE,WROTE,,"AUTOHOL: Holiday, 02/17/2026"
Bolivia,2026-02-17,6468411,INTDAILY,Y53,Exchange Rates Mid-Rates Calculation,UPDATE_NOTE,WROTE,,"AUTOHOL: Holiday, 02/17/2026"
China,2026-02-16,6453002,CHINA,Various,INDIA/CHINA QA Feedback,SKIP_NO_CHANGE,SKIP_NO_CHANGE,"AUTOHOL: Holiday, 02/16/2026","AUTOHOL: Holiday, 02/16/2026"
China,2026-02-16,6453005,CHINA,Various groups,China CEIC,SKIP_NO_CHANGE,SKIP_NO_CHANGE,"AUTOHOL: Holiday, 02/16/2026","AUTOHOL: Holiday, 02/16/2026"
China,2026-02-16,6453153,INTDAILY,V59,Asian Stock Market -China Stock Indexes,SKIP_NO_CHANGE,SKIP_NO_CHANGE,"AUTOHOL: Holiday, 02/16/2026","AUTOHOL: Holiday, 02/16/2026"
China,2026-02-16,6453290,INTDAILY,P68,Wholesale Price Index,SKIP_NO_CHANGE,SKIP_NO_CHANGE,"AUTOHOL: Holiday, 02/16/2026","AUTOHOL: Holiday, 02/16/2026"
China,2026-02-16,6453430,CMDTY,L75,Shanghai Gold Exchange Prices,SKIP_NO_CHANGE,SKIP_NO_CHANGE,"AUTOHOL: Holiday, 02/16/2026","AUTOHOL: Holiday, 02/16/2026"
China,2026-02-16,6453484,CHINA,Various groups,China CEIC Check,SKIP_NO_CHANGE,SKIP_NO_CHANGE,"AUTOHOL: Holiday, 02/16/2026","AUTOHOL: Holiday, 02/16/2026"
China,2026-02-16,6453554,INTDAILY,S99,PBC: OMO Zero,SKIP_NO_CHANGE,SKIP_NO_CHANGE,"AUTOHOL: Holiday, 02/16/2026","AUTOHOL: Holiday, 02/16/2026"
China,2026-02-16,6453555,INTDAILY,V96,PBC: OMO Calculation,SKIP_NO_CHANGE,SKIP_NO_CHANGE,"AUTOHOL: Holiday, 02/16/2026","AUTOHOL: Holiday, 02/16/2026"
China,2026-02-16,6453578,CMDTY,L39,SHFE,SKIP_NO_CHANGE,SKIP_NO_CHANGE,"AUTOHOL: Holiday, 02/16/2026","AUTOHOL: Holiday, 02/16/2026"
China,2026-02-16,6453593,EMERGEPR,Various,CHINA to EMERGEPR Compare,SKIP_NO_CHANGE,SKIP_NO_CHANGE,"AUTOHOL: Holiday, 02/16/2026","AUTOHOL: Holiday, 02/16/2026"
China,2026-02-16,6453751,INTDAILY,S99/X95,PBoC Operations/HK CMU CHECK,SKIP_NO_CHANGE,SKIP_NO_CHANGE,"check 2/14 data | AUTOHOL: Holiday, 02/16/2026","check 2/14 data | AUTOHOL: Holiday, 02/16/2026"
China,2026-02-16,6453816,FMRCOIND,F21,OMO China Net Injection,SKIP_NO_CHANGE,SKIP_NO_CHANGE,"AUTOHOL: Holiday, 02/16/2026","AUTOHOL: Holiday, 02/16/2026"
China,2026-02-16,6453824,CHINA,Various,China CEIC,SKIP_NO_CHANGE,SKIP_NO_CHANGE,"AUTOHOL: Holiday, 02/16/2026","AUTOHOL: Holiday, 02/16/2026"
China,2026-02-16,6453873,CMDTY,M44,Oil Prices CMDTY,SKIP_NO_CHANGE,SKIP_NO_CHANGE,"AUTOHOL: Holiday, 02/16/2026","AUTOHOL: Holiday, 02/16/2026"
China,2026-02-16,6454020,INTDAILY,V67,Bond Issuance,SKIP_NO_CHANGE,SKIP_NO_CHANGE,"may have 2/14 data? | AUTOHOL: Holiday, 02/16/2026","may have 2/14 data? | AUTOHOL: Holiday, 02/16/2026"
China,2026-02-16,6456436,INTWKLY,V88,Bond Issuance (not in global must be forced manually),SKIP_NO_CHANGE,SKIP_NO_CHANGE,"AUTOHOL: Holiday, 02/16/2026","AUTOHOL: Holiday, 02/16/2026"
China,2026-02-16,6454041,TRANSPRT,"T96, T97, T98",Subway Passenger Volume for Selected Transit Agencies,SKIP_NO_CHANGE,SKIP_NO_CHANGE,"AUTOHOL: Holiday, 02/16/2026","AUTOHOL: Holiday, 02/16/2026"
China,2026-02-16,6454043,TRANSPRT,"U02, U03, U04",Subway Passenger Volume for Selected Transit Agencies - Eviews,SKIP_NO_CHANGE,SKIP_NO_CHANGE,"AUTOHOL: Holiday, 02/16/2026","AUTOHOL: Holiday, 02/16/2026"
China,2026-02-16,6454077,INTDAILY,G74,China Government Bonds,SKIP_NO_CHANGE,SKIP_NO_CHANGE,"update 2/14 data | AUTOHOL: Holiday, 02/16/2026","update 2/14 data | AUTOHOL: Holiday, 02/16/2026"
China,2026-02-16,6454180,TRANSPRT,"B12, B13, B14",China Subway Volume,SKIP_NO_CHANGE,SKIP_NO_CHANGE,"AUTOHOL: Holiday, 02/16/2026","AUTOHOL: Holiday, 02/16/2026"
China,2026-02-16,6454181,TRANSPRT,"U05, U06, U07",Baidu Congestion Index,SKIP_NO_CHANGE,SKIP_NO_CHANGE,"AUTOHOL: Holiday, 02/16/2026","AUTOHOL: Holiday, 02/16/2026"
China,2026-02-16,6454191,GLSECTOR,"F65, F66, F67",Maoyan Box,SKIP_NO_CHANGE,SKIP_NO_CHANGE,"AUTOHOL: Holiday, 02/16/2026","AUTOHOL: Holiday, 02/16/2026"
China,2026-02-16,6454194,CNSECTOR,"I65,I66,I67",Maoyan Box CMP to CNSECTOR,SKIP_NO_CHANGE,SKIP_NO_CHANGE,"AUTOHOL: Holiday, 02/16/2026","AUTOHOL: Holiday, 02/16/2026"
China,2026-02-16,6454231,INTDAILY,T86,Repeating Term Lending Facility,SKIP_NO_CHANGE,SKIP_NO_CHANGE,"AUTOHOL: Holiday, 02/16/2026","AUTOHOL: Holiday, 02/16/2026"
China,2026-02-16,6454232,CHINA,Various groups,China CEIC Check,SKIP_NO_CHANGE,SKIP_NO_CHANGE,"AUTOHOL: Holiday, 02/16/2026","AUTOHOL: Holiday, 02/16/2026"
China,2026-02-16,6454247,ENERGY,"O85, C50, C51",Coal Production and Inventory,SKIP_NO_CHANGE,SKIP_NO_CHANGE,"AUTOHOL: Holiday, 02/16/2026","AUTOHOL: Holiday, 02/16/2026"
China,2026-02-16,6454248,INTDAILY,"C85, C86, C87",Coal Production and Inventory Transfer,SKIP_NO_CHANGE,SKIP_NO_CHANGE,"AUTOHOL: Holiday, 02/16/2026","AUTOHOL: Holiday, 02/16/2026"
China,2026-02-16,6454251,INTDAILY,M18,Beijing Stock Exchange,SKIP_NO_CHANGE,SKIP_NO_CHANGE,"AUTOHOL: Holiday, 02/16/2026","AUTOHOL: Holiday, 02/16/2026"
China,2026-02-16,6454255,INTDAILY,U74,Thermal Coal Futures,SKIP_NO_CHANGE,SKIP_NO_CHANGE,"AUTOHOL: Holiday, 02/16/2026","AUTOHOL: Holiday, 02/16/2026"
China,2026-02-16,6454256,CMDTY,M51,Thermal Coal Futures Comp,SKIP_NO_CHANGE,SKIP_NO_CHANGE,"AUTOHOL: Holiday, 02/16/2026","AUTOHOL: Holiday, 02/16/2026"
China,2026-02-16,6454257,INTDAILY,I71,Treasury Yields and Medium Term Notes,SKIP_NO_CHANGE,SKIP_NO_CHANGE,"AUTOHOL: Holiday, 02/16/2026","AUTOHOL: Holiday, 02/16/2026"
China,2026-02-16,6454260,INTDAILY,G94,"Treasury Yields, Short Term Notes, Repo Rates",SKIP_NO_CHANGE,SKIP_NO_CHANGE,"AUTOHOL: Holiday, 02/16/2026","AUTOHOL: Holiday, 02/16/2026"
China,2026-02-16,6454271,INTDAILY,U60,Pledged Repo,SKIP_NO_CHANGE,SKIP_NO_CHANGE,"update 2/14 data | AUTOHOL: Holiday, 02/16/2026","update 2/14 data | AUTOHOL: Holiday, 02/16/2026"
China,2026-02-16,6454272,INTDAILY,P33,Wholesale Agricultural Prices,SKIP_NO_CHANGE,SKIP_NO_CHANGE,"AUTOHOL: Holiday, 02/16/2026","AUTOHOL: Holiday, 02/16/2026"
China,2026-02-16,6454273,CMDTY,P41,Wholesale Agricultural Prices CMP,SKIP_NO_CHANGE,SKIP_NO_CHANGE,"AUTOHOL: Holiday, 02/16/2026","AUTOHOL: Holiday, 02/16/2026"
China,2026-02-16,6454279,INTDAILY,"U17, U18, U19",Alipay Tianhong Yue Bao Fund,SKIP_NO_CHANGE,SKIP_NO_CHANGE,"AUTOHOL: Holiday, 02/16/2026","AUTOHOL: Holiday, 02/16/2026"
China,2026-02-16,6454280,INTDAILY,M24,Parity Rates CFETS,SKIP_NO_CHANGE,SKIP_NO_CHANGE,"AUTOHOL: Holiday, 02/16/2026","AUTOHOL: Holiday, 02/16/2026"
China,2026-02-16,6454282,INTDAILY,U59,Shanghai Stock Connect,SKIP_NO_CHANGE,SKIP_NO_CHANGE,"AUTOHOL: Holiday, 02/16/2026","AUTOHOL: Holiday, 02/16/2026"
China,2026-02-16,6454283,INTDAILY,U40,Shanghai Stock Exchange Trading Statistics,SKIP_NO_CHANGE,SKIP_NO_CHANGE,"AUTOHOL: Holiday, 02/16/2026","AUTOHOL: Holiday, 02/16/2026"
China,2026-02-16,6454303,INTDAILY,Various,BACKUP China CFETS to K,SKIP_NO_CHANGE,SKIP_NO_CHANGE,"AUTOHOL: Holiday, 02/16/2026","AUTOHOL: Holiday, 02/16/2026"
China,2026-02-16,6454342,INTDAILY,D40,Central Bank Bill Yields,SKIP_NO_CHANGE,SKIP_NO_CHANGE,"AUTOHOL: Holiday, 02/16/2026","AUTOHOL: Holiday, 02/16/2026"
China,2026-02-16,6454354,INTDAILY,D45,Corporate Bond Yields,SKIP_NO_CHANGE,SKIP_NO_CHANGE,"AUTOHOL: Holiday, 02/16/2026","AUTOHOL: Holiday, 02/16/2026"
China,2026-02-16,6454367,INTDAILY,D48,NCDs,SKIP_NO_CHANGE,SKIP_NO_CHANGE,"AUTOHOL: Holiday, 02/16/2026","AUTOHOL: Holiday, 02/16/2026"
China,2026-02-16,6454378,INTDAILY,D54,Government-sponsored Agency Bonds,SKIP_NO_CHANGE,SKIP_NO_CHANGE,"AUTOHOL: Holiday, 02/16/2026","AUTOHOL: Holiday, 02/16/2026"
China,2026-02-16,6454381,INTDAILY,D57,Policy Bank Bonds by Rating,SKIP_NO_CHANGE,SKIP_NO_CHANGE,"AUTOHOL: Holiday, 02/16/2026","AUTOHOL: Holiday, 02/16/2026"
China,2026-02-16,6454382,INTDAILY,D60,Corporate Bonds by Rating,SKIP_NO_CHANGE,SKIP_NO_CHANGE,"AUTOHOL: Holiday, 02/16/2026","AUTOHOL: Holiday, 02/16/2026"
China,2026-02-16,6454385,INTDAILY,D63,Medium Term Notes by Rating,SKIP_NO_CHANGE,SKIP_NO_CHANGE,"AUTOHOL: Holiday, 02/16/2026","AUTOHOL: Holiday, 02/16/2026"
China,2026-02-16,6454392,INTDAILY,D66,Local Government Bonds by Rating,SKIP_NO_CHANGE,SKIP_NO_CHANGE,"AUTOHOL: Holiday, 02/16/2026","AUTOHOL: Holiday, 02/16/2026"
China,2026-02-16,6454398,INTDAILY,D69,Financial Bonds of Commercial Banks by Rating,SKIP_NO_CHANGE,SKIP_NO_CHANGE,"AUTOHOL: Holiday, 02/16/2026","AUTOHOL: Holiday, 02/16/2026"
China,2026-02-16,6454407,INTDAILY,D72,Secondary Capital Bond of Commercial Banks,SKIP_NO_CHANGE,SKIP_NO_CHANGE,"AUTOHOL: Holiday, 02/16/2026","AUTOHOL: Holiday, 02/16/2026"
China,2026-02-16,6454413,ENERGY,K52,Oil Commodity Prices Update,SKIP_NO_CHANGE,SKIP_NO_CHANGE,"AUTOHOL: Holiday, 02/16/2026","AUTOHOL: Holiday, 02/16/2026"
China,2026-02-16,6454414,INTDAILY,P69,Oil Commodity Prices INTDAILY TRANSFER,SKIP_NO_CHANGE,SKIP_NO_CHANGE,"AUTOHOL: Holiday, 02/16/2026","AUTOHOL: Holiday, 02/16/2026"
China,2026-02-16,6454419,INTDAILY,D75,Asset-Backed Securities by Rating,SKIP_NO_CHANGE,SKIP_NO_CHANGE,"AUTOHOL: Holiday, 02/16/2026","AUTOHOL: Holiday, 02/16/2026"
China,2026-02-16,6454422,INTDAILY,D78,Commercial Paper of Securities Company by Rating,SKIP_NO_CHANGE,SKIP_NO_CHANGE,"AUTOHOL: Holiday, 02/16/2026","AUTOHOL: Holiday, 02/16/2026"
China,2026-02-16,6454423,CNSECTOR,"U05, U06, U07",Baidu Congestion Index,SKIP_NO_CHANGE,SKIP_NO_CHANGE,"AUTOHOL: Holiday, 02/16/2026","AUTOHOL: Holiday, 02/16/2026"
China,2026-02-16,6454424,CNSECTOR,"T96, T97, T98, U02, U03, U04",Subway Passenger Volume for Selected Transit Agencies CNSECTOR,SKIP_NO_CHANGE,SKIP_NO_CHANGE,"AUTOHOL: Holiday, 02/16/2026","AUTOHOL: Holiday, 02/16/2026"
China,2026-02-16,6454425,CNSECTOR,"C85, C86, C87",Coal Production and Inventory,SKIP_NO_CHANGE,SKIP_NO_CHANGE,"AUTOHOL: Holiday, 02/16/2026","AUTOHOL: Holiday, 02/16/2026"
China,2026-02-16,6454438,TRANSPRT,"U59, U66, U67",Baidu Migration Scale Index,SKIP_NO_CHANGE,SKIP_NO_CHANGE,"AUTOHOL: Holiday, 02/16/2026","AUTOHOL: Holiday, 02/16/2026"
China,2026-02-16,6454439,CNSECTOR,"U59, U66, U67",Baidu Migration Scale Index Comp,SKIP_NO_CHANGE,SKIP_NO_CHANGE,"AUTOHOL: Holiday, 02/16/2026","AUTOHOL: Holiday, 02/16/2026"
China,2026-02-16,6454486,CHINAR,D95,Air Quality Index [Province] Eviews,SKIP_NO_CHANGE,SKIP_NO_CHANGE,"AUTOHOL: Holiday, 02/16/2026","AUTOHOL: Holiday, 02/16/2026"
China,2026-02-16,6454487,INTDAILY,V42,Air Quality Index COMP to INTDAILY,SKIP_NO_CHANGE,SKIP_NO_CHANGE,"AUTOHOL: Holiday, 02/16/2026","AUTOHOL: Holiday, 02/16/2026"
China,2026-02-16,6454522,CHINAR,C97,Air Quality Index,SKIP_NO_CHANGE,SKIP_NO_CHANGE,"AUTOHOL: Holiday, 02/16/2026","AUTOHOL: Holiday, 02/16/2026"
China,2026-02-16,6454529,INTDAILY,D84,Private Placement Notes (PPN),SKIP_NO_CHANGE,SKIP_NO_CHANGE,"AUTOHOL: Holiday, 02/16/2026","AUTOHOL: Holiday, 02/16/2026"
China,2026-02-16,6454531,CMDTY,M59,SHFE Volume & Positions,SKIP_NO_CHANGE,SKIP_NO_CHANGE,"AUTOHOL: Holiday, 02/16/2026","AUTOHOL: Holiday, 02/16/2026"
China,2026-02-16,6454560,TRANSPRT,"T62, T63, T72",Yangtze Water Level - AM Comp,SKIP_NO_CHANGE,SKIP_NO_CHANGE,"AUTOHOL: Holiday, 02/16/2026","AUTOHOL: Holiday, 02/16/2026"
China,2026-02-16,6454561,GLSECTOR,"V61, V62, V63",Yangtze Water Level - PM,SKIP_NO_CHANGE,SKIP_NO_CHANGE,"AUTOHOL: Holiday, 02/16/2026","AUTOHOL: Holiday, 02/16/2026"
China,2026-02-16,6454563,TRANSPRT,"W66, W67, W68",Yangtze Water Level - PM Comp,SKIP_NO_CHANGE,SKIP_NO_CHANGE,"AUTOHOL: Holiday, 02/16/2026","AUTOHOL: Holiday, 02/16/2026"
China,2026-02-16,6454564,GLSECTOR,"V67, V68, V69",Yangtze Water Level - AM,SKIP_NO_CHANGE,SKIP_NO_CHANGE,"AUTOHOL: Holiday, 02/16/2026","AUTOHOL: Holiday, 02/16/2026"
China,2026-02-16,6454573,INTDAILY,"D91, D92, D93",Forward Rates,SKIP_NO_CHANGE,SKIP_NO_CHANGE,"AUTOHOL: Holiday, 02/16/2026","AUTOHOL: Holiday, 02/16/2026"
China,2026-02-16,6454629,TRANSPRT,C83,Selected Weekly Transportation Indicators,SKIP_NO_CHANGE,SKIP_NO_CHANGE,"AUTOHOL: Holiday, 02/16/2026","AUTOHOL: Holiday, 02/16/2026"
China,2026-02-16,6454714,INTDAILY,Various,CFETS Daily Bulletin Backup,SKIP_NO_CHANGE,SKIP_NO_CHANGE,"AUTOHOL: Holiday, 02/16/2026","AUTOHOL: Holiday, 02/16/2026"
China,2026-02-16,6454723,INTDAILY,"K59, K76, K77",Interest Rate Swap,SKIP_NO_CHANGE,SKIP_NO_CHANGE,"update 2/14 data | AUTOHOL: Holiday, 02/16/2026","update 2/14 data | AUTOHOL: Holiday, 02/16/2026"
China,2026-02-16,6454731,CMDTY,L55,Shanghai Gold Exchange Benchmark,SKIP_NO_CHANGE,SKIP_NO_CHANGE,"AUTOHOL: Holiday, 02/16/2026","AUTOHOL: Holiday, 02/16/2026"
China,2026-02-16,6454764,INTDAILY,K97,Margin Trading Transaction,SKIP_NO_CHANGE,SKIP_NO_CHANGE,"AUTOHOL: Holiday, 02/16/2026","AUTOHOL: Holiday, 02/16/2026"
China,2026-02-16,6454765,INTWKLY,K97,Margin Trading Transaction AGG,SKIP_NO_CHANGE,SKIP_NO_CHANGE,"AUTOHOL: Holiday, 02/16/2026","AUTOHOL: Holiday, 02/16/2026"
China,2026-02-16,6454783,CMDTY,M30,Shanghai Metals Market Prices,SKIP_NO_CHANGE,SKIP_NO_CHANGE,"AUTOHOL: Holiday, 02/16/2026","AUTOHOL: Holiday, 02/16/2026"
China,2026-02-16,6469757,TRANSPRT,"U83,U95,U96",LNY Passenger Volume,SKIP_NO_CHANGE,SKIP_NO_CHANGE,"AUTOHOL: Holiday, 02/16/2026","AUTOHOL: Holiday, 02/16/2026"
China,2026-02-17,6468031,CHINA,Various,INDIA/CHINA QA Feedback,SKIP_NO_CHANGE,SKIP_NO_CHANGE,"AUTOHOL: Holiday, 02/17/2026","AUTOHOL: Holiday, 02/17/2026"
China,2026-02-17,6468034,CHINA,Various groups,China CEIC,SKIP_NO_CHANGE,SKIP_NO_CHANGE,"AUTOHOL: Holiday, 02/17/2026","AUTOHOL: Holiday, 02/17/2026"
China,2026-02-17,6468175,INTDAILY,V59,Asian Stock Market -China Stock Indexes,SKIP_NO_CHANGE,SKIP_NO_CHANGE,"AUTOHOL: Holiday, 02/17/2026","AUTOHOL: Holiday, 02/17/2026"
China,2026-02-17,6468311,INTDAILY,P68,Wholesale Price Index,SKIP_NO_CHANGE,SKIP_NO_CHANGE,"AUTOHOL: Holiday, 02/17/2026","AUTOHOL: Holiday, 02/17/2026"
China,2026-02-17,6468440,CMDTY,L75,Shanghai Gold Exchange Prices,SKIP_NO_CHANGE,SKIP_NO_CHANGE,"AUTOHOL: Holiday, 02/17/2026","AUTOHOL: Holiday, 02/17/2026"
China,2026-02-17,6468489,CHINA,Various groups,China CEIC Check,SKIP_NO_CHANGE,SKIP_NO_CHANGE,"AUTOHOL: Holiday, 02/17/2026","AUTOHOL: Holiday, 02/17/2026"
China,2026-02-17,6468563,INTDAILY,S99,PBC: OMO Zero,SKIP_NO_CHANGE,SKIP_NO_CHANGE,"AUTOHOL: Holiday, 02/17/2026","AUTOHOL: Holiday, 02/17/2026"
China,2026-02-17,6468564,INTDAILY,V96,PBC: OMO Calculation,SKIP_NO_CHANGE,SKIP_NO_CHANGE,"AUTOHOL: Holiday, 02/17/2026","AUTOHOL: Holiday, 02/17/2026"
China,2026-02-17,6468592,CMDTY,L39,SHFE,SKIP_NO_CHANGE,SKIP_NO_CHANGE,"AUTOHOL: Holiday, 02/17/2026","AUTOHOL: Holiday, 02/17/2026"
China,2026-02-17,6468606,EMERGEPR,Various,CHINA to EMERGEPR Compare,SKIP_NO_CHANGE,SKIP_NO_CHANGE,"AUTOHOL: Holiday, 02/17/2026","AUTOHOL: Holiday, 02/17/2026"
China,2026-02-17,6468686,INTWKLY,T66,China Agricultural Food Prices,SKIP_NO_CHANGE,SKIP_NO_CHANGE,"AUTOHOL: Holiday, 02/17/2026","AUTOHOL: Holiday, 02/17/2026"
China,2026-02-17,6468803,FMRCOIND,F21,OMO China Net Injection,SKIP_NO_CHANGE,SKIP_NO_CHANGE,"AUTOHOL: Holiday, 02/17/2026","AUTOHOL: Holiday, 02/17/2026"
China,2026-02-17,6468809,CHINA,Various,China CEIC,SKIP_NO_CHANGE,SKIP_NO_CHANGE,"AUTOHOL: Holiday, 02/17/2026","AUTOHOL: Holiday, 02/17/2026"
China,2026-02-17,6468995,TRANSPRT,"T96, T97, T98",Subway Passenger Volume for Selected Transit Agencies,SKIP_NO_CHANGE,SKIP_NO_CHANGE,"AUTOHOL: Holiday, 02/17/2026","AUTOHOL: Holiday, 02/17/2026"
China,2026-02-17,6468999,TRANSPRT,"U02, U03, U04",Subway Passenger Volume for Selected Transit Agencies - Eviews,SKIP_NO_CHANGE,SKIP_NO_CHANGE,"AUTOHOL: Holiday, 02/17/2026","AUTOHOL: Holiday, 02/17/2026"
China,2026-02-17,6469109,TRANSPRT,"B12, B13, B14",China Subway Volume,SKIP_NO_CHANGE,SKIP_NO_CHANGE,"AUTOHOL: Holiday, 02/17/2026","AUTOHOL: Holiday, 02/17/2026"
China,2026-02-17,6469110,TRANSPRT,"U05, U06, U07",Baidu Congestion Index,SKIP_NO_CHANGE,SKIP_NO_CHANGE,"AUTOHOL: Holiday, 02/17/2026","AUTOHOL: Holiday, 02/17/2026"
China,2026-02-17,6469119,GLSECTOR,"F65, F66, F67",Maoyan Box,SKIP_NO_CHANGE,SKIP_NO_CHANGE,"AUTOHOL: Holiday, 02/17/2026","AUTOHOL: Holiday, 02/17/2026"
China,2026-02-17,6469121,CNSECTOR,"I65,I66,I67",Maoyan Box CMP to CNSECTOR,SKIP_NO_CHANGE,SKIP_NO_CHANGE,"AUTOHOL: Holiday, 02/17/2026","AUTOHOL: Holiday, 02/17/2026"
China,2026-02-17,6469155,INTDAILY,T86,Repeating Term Lending Facility,SKIP_NO_CHANGE,SKIP_NO_CHANGE,"AUTOHOL: Holiday, 02/17/2026","AUTOHOL: Holiday, 02/17/2026"
China,2026-02-17,6469156,CHINA,Various groups,China CEIC Check,SKIP_NO_CHANGE,SKIP_NO_CHANGE,"AUTOHOL: Holiday, 02/17/2026","AUTOHOL: Holiday, 02/17/2026"
China,2026-02-17,6469167,ENERGY,"O85, C50, C51",Coal Production and Inventory,SKIP_NO_CHANGE,SKIP_NO_CHANGE,"AUTOHOL: Holiday, 02/17/2026","AUTOHOL: Holiday, 02/17/2026"
China,2026-02-17,6469168,INTDAILY,"C85, C86, C87",Coal Production and Inventory Transfer,SKIP_NO_CHANGE,SKIP_NO_CHANGE,"AUTOHOL: Holiday, 02/17/2026","AUTOHOL: Holiday, 02/17/2026"
China,2026-02-17,6469173,INTDAILY,M18,Beijing Stock Exchange,SKIP_NO_CHANGE,SKIP_NO_CHANGE,"AUTOHOL: Holiday, 02/17/2026","AUTOHOL: Holiday, 02/17/2026"
China,2026-02-17,6469176,INTDAILY,U74,Thermal Coal Futures,SKIP_NO_CHANGE,SKIP_NO_CHANGE,"AUTOHOL: Holiday, 02/17/2026","AUTOHOL: Holiday, 02/17/2026"
China,2026-02-17,6469177,CMDTY,M51,Thermal Coal Futures Comp,SKIP_NO_CHANGE,SKIP_NO_CHANGE,"AUTOHOL: Holiday, 02/17/2026","AUTOHOL: Holiday, 02/17/2026"
China,2026-02-17,6469178,INTDAILY,I71,Treasury Yields and Medium Term Notes,SKIP_NO_CHANGE,SKIP_NO_CHANGE,"AUTOHOL: Holiday, 02/17/2026","AUTOHOL: Holiday, 02/17/2026"
China,2026-02-17,6469181,INTDAILY,G94,"Treasury Yields, Short Term Notes, Repo Rates",SKIP_NO_CHANGE,SKIP_NO_CHANGE,"AUTOHOL: Holiday, 02/17/2026","AUTOHOL: Holiday, 02/17/2026"
China,2026-02-17,6469190,INTDAILY,P33,Wholesale Agricultural Prices,SKIP_NO_CHANGE,SKIP_NO_CHANGE,"AUTOHOL: Holiday, 02/17/2026","AUTOHOL: Holiday, 02/17/2026"
China,2026-02-17,6469191,CMDTY,P41,Wholesale Agricultural Prices CMP,SKIP_NO_CHANGE,SKIP_NO_CHANGE,"AUTOHOL: Holiday, 02/17/2026","AUTOHOL: Holiday, 02/17/2026"
China,2026-02-17,6469197,INTDAILY,"U17, U18, U19",Alipay Tianhong Yue Bao Fund,SKIP_NO_CHANGE,SKIP_NO_CHANGE,"AUTOHOL: Holiday, 02/17/2026","AUTOHOL: Holiday, 02/17/2026"
China,2026-02-17,6469198,INTDAILY,M24,Parity Rates CFETS,SKIP_NO_CHANGE,SKIP_NO_CHANGE,"AUTOHOL: Holiday, 02/17/2026","AUTOHOL: Holiday, 02/17/2026"
China,2026-02-17,6469200,INTDAILY,U59,Shanghai Stock Connect,SKIP_NO_CHANGE,SKIP_NO_CHANGE,"AUTOHOL: Holiday, 02/17/2026","AUTOHOL: Holiday, 02/17/2026"
China,2026-02-17,6469201,INTDAILY,U40,Shanghai Stock Exchange Trading Statistics,SKIP_NO_CHANGE,SKIP_NO_CHANGE,"AUTOHOL: Holiday, 02/17/2026","AUTOHOL: Holiday, 02/17/2026"
China,2026-02-17,6469222,INTDAILY,Various,BACKUP China CFETS to K,SKIP_NO_CHANGE,SKIP_NO_CHANGE,"AUTOHOL: Holiday, 02/17/2026","AUTOHOL: Holiday, 02/17/2026"
China,2026-02-17,6469253,INTDAILY,D40,Central Bank Bill Yields,SKIP_NO_CHANGE,SKIP_NO_CHANGE,"AUTOHOL: Holiday, 02/17/2026","AUTOHOL: Holiday, 02/17/2026"
China,2026-02-17,6469262,INTDAILY,D45,Corporate Bond Yields,SKIP_NO_CHANGE,SKIP_NO_CHANGE,"AUTOHOL: Holiday, 02/17/2026","AUTOHOL: Holiday, 02/17/2026"
China,2026-02-17,6469274,INTDAILY,D48,NCDs,SKIP_NO_CHANGE,SKIP_NO_CHANGE,"AUTOHOL: Holiday, 02/17/2026","AUTOHOL: Holiday, 02/17/2026"
China,2026-02-17,6469284,INTDAILY,D54,Government-sponsored Agency Bonds,SKIP_NO_CHANGE,SKIP_NO_CHANGE,"AUTOHOL: Holiday, 02/17/2026","AUTOHOL: Holiday, 02/17/2026"
China,2026-02-17,6469287,INTDAILY,D57,Policy Bank Bonds by Rating,SKIP_NO_CHANGE,SKIP_NO_CHANGE,"AUTOHOL: Holiday, 02/17/2026","AUTOHOL: Holiday, 02/17/2026"
China,2026-02-17,6469288,INTDAILY,D60,Corporate Bonds by Rating,SKIP_NO_CHANGE,SKIP_NO_CHANGE,"AUTOHOL: Holiday, 02/17/2026","AUTOHOL: Holiday, 02/17/2026"
China,2026-02-17,6469292,INTDAILY,D63,Medium Term Notes by Rating,SKIP_NO_CHANGE,SKIP_NO_CHANGE,"AUTOHOL: Holiday, 02/17/2026","AUTOHOL: Holiday, 02/17/2026"
China,2026-02-17,6469299,INTDAILY,D66,Local Government Bonds by Rating,SKIP_NO_CHANGE,SKIP_NO_CHANGE,"AUTOHOL: Holiday, 02/17/2026","AUTOHOL: Holiday, 02/17/2026"
China,2026-02-17,6469304,INTWKLY,K85,Coal Production and Inventory Agg,SKIP_NO_CHANGE,SKIP_NO_CHANGE,"AUTOHOL: Holiday, 02/17/2026","AUTOHOL: Holiday, 02/17/2026"
China,2026-02-17,6469308,INTDAILY,D69,Financial Bonds of Commercial Banks by Rating,SKIP_NO_CHANGE,SKIP_NO_CHANGE,"AUTOHOL: Holiday, 02/17/2026","AUTOHOL: Holiday, 02/17/2026"
China,2026-02-17,6469321,INTDAILY,D72,Secondary Capital Bond of Commercial Banks,SKIP_NO_CHANGE,SKIP_NO_CHANGE,"AUTOHOL: Holiday, 02/17/2026","AUTOHOL: Holiday, 02/17/2026"
China,2026-02-17,6469325,ENERGY,K52,Oil Commodity Prices Update,SKIP_NO_CHANGE,SKIP_NO_CHANGE,"AUTOHOL: Holiday, 02/17/2026","AUTOHOL: Holiday, 02/17/2026"
China,2026-02-17,6469326,INTDAILY,P69,Oil Commodity Prices INTDAILY TRANSFER,SKIP_NO_CHANGE,SKIP_NO_CHANGE,"AUTOHOL: Holiday, 02/17/2026","AUTOHOL: Holiday, 02/17/2026"
China,2026-02-17,6469331,INTDAILY,D75,Asset-Backed Securities by Rating,SKIP_NO_CHANGE,SKIP_NO_CHANGE,"AUTOHOL: Holiday, 02/17/2026","AUTOHOL: Holiday, 02/17/2026"
China,2026-02-17,6469333,INTDAILY,D78,Commercial Paper of Securities Company by Rating,SKIP_NO_CHANGE,SKIP_NO_CHANGE,"AUTOHOL: Holiday, 02/17/2026","AUTOHOL: Holiday, 02/17/2026"
China,2026-02-17,6469334,CNSECTOR,"U05, U06, U07",Baidu Congestion Index,SKIP_NO_CHANGE,SKIP_NO_CHANGE,"AUTOHOL: Holiday, 02/17/2026","AUTOHOL: Holiday, 02/17/2026"
China,2026-02-17,6469335,CNSECTOR,"T96, T97, T98, U02, U03, U04",Subway Passenger Volume for Selected Transit Agencies CNSECTOR,SKIP_NO_CHANGE,SKIP_NO_CHANGE,"AUTOHOL: Holiday, 02/17/2026","AUTOHOL: Holiday, 02/17/2026"
China,2026-02-17,6469336,CNSECTOR,"C85, C86, C87",Coal Production and Inventory,SKIP_NO_CHANGE,SKIP_NO_CHANGE,"AUTOHOL: Holiday, 02/17/2026","AUTOHOL: Holiday, 02/17/2026"
China,2026-02-17,6469346,TRANSPRT,"U59, U66, U67",Baidu Migration Scale Index,SKIP_NO_CHANGE,SKIP_NO_CHANGE,"AUTOHOL: Holiday, 02/17/2026","AUTOHOL: Holiday, 02/17/2026"
China,2026-02-17,6469347,CNSECTOR,"U59, U66, U67",Baidu Migration Scale Index Comp,SKIP_NO_CHANGE,SKIP_NO_CHANGE,"AUTOHOL: Holiday, 02/17/2026","AUTOHOL: Holiday, 02/17/2026"
China,2026-02-17,6469400,CHINAR,D95,Air Quality Index [Province] Eviews,SKIP_NO_CHANGE,SKIP_NO_CHANGE,"AUTOHOL: Holiday, 02/17/2026","AUTOHOL: Holiday, 02/17/2026"
China,2026-02-17,6469401,INTDAILY,V42,Air Quality Index COMP to INTDAILY,SKIP_NO_CHANGE,SKIP_NO_CHANGE,"AUTOHOL: Holiday, 02/17/2026","AUTOHOL: Holiday, 02/17/2026"
China,2026-02-17,6469428,CHINAR,C97,Air Quality Index,SKIP_NO_CHANGE,SKIP_NO_CHANGE,"AUTOHOL: Holiday, 02/17/2026","AUTOHOL: Holiday, 02/17/2026"
China,2026-02-17,6469435,INTDAILY,D84,Private Placement Notes (PPN),SKIP_NO_CHANGE,SKIP_NO_CHANGE,"AUTOHOL: Holiday, 02/17/2026","AUTOHOL: Holiday, 02/17/2026"
China,2026-02-17,6469438,CMDTY,M59,SHFE Volume & Positions,SKIP_NO_CHANGE,SKIP_NO_CHANGE,"AUTOHOL: Holiday, 02/17/2026","AUTOHOL: Holiday, 02/17/2026"
China,2026-02-17,6469465,TRANSPRT,"T62, T63, T72",Yangtze Water Level - AM Comp,SKIP_NO_CHANGE,SKIP_NO_CHANGE,"AUTOHOL: Holiday, 02/17/2026","AUTOHOL: Holiday, 02/17/2026"
China,2026-02-17,6469466,GLSECTOR,"V61, V62, V63",Yangtze Water Level - PM,SKIP_NO_CHANGE,SKIP_NO_CHANGE,"AUTOHOL: Holiday, 02/17/2026","AUTOHOL: Holiday, 02/17/2026"
China,2026-02-17,6469468,TRANSPRT,"W66, W67, W68",Yangtze Water Level - PM Comp,SKIP_NO_CHANGE,SKIP_NO_CHANGE,"AUTOHOL: Holiday, 02/17/2026","AUTOHOL: Holiday, 02/17/2026"
China,2026-02-17,6469469,GLSECTOR,"V67, V68, V69",Yangtze Water Level - AM,SKIP_NO_CHANGE,SKIP_NO_CHANGE,"AUTOHOL: Holiday, 02/17/2026","AUTOHOL: Holiday, 02/17/2026"
China,2026-02-17,6469479,INTDAILY,"D91, D92, D93",Forward Rates,SKIP_NO_CHANGE,SKIP_NO_CHANGE,"AUTOHOL: Holiday, 02/17/2026","AUTOHOL: Holiday, 02/17/2026"
China,2026-02-17,6469619,INTDAILY,Various,CFETS Daily Bulletin Backup,SKIP_NO_CHANGE,SKIP_NO_CHANGE,"AUTOHOL: Holiday, 02/17/2026","AUTOHOL: Holiday, 02/17/2026"
China,2026-02-17,6469632,CMDTY,L55,Shanghai Gold Exchange Benchmark,SKIP_NO_CHANGE,SKIP_NO_CHANGE,"AUTOHOL: Holiday, 02/17/2026","AUTOHOL: Holiday, 02/17/2026"
China,2026-02-17,6469679,CMDTY,M30,Shanghai Metals Market Prices,SKIP_NO_CHANGE,SKIP_NO_CHANGE,"AUTOHOL: Holiday, 02/17/2026","AUTOHOL: Holiday, 02/17/2026"
China,2026-02-17,6469756,TRANSPRT,"U83,U95,U96",LNY Passenger Volume,SKIP_NO_CHANGE,SKIP_NO_CHANGE,"AUTOHOL: Holiday, 02/17/2026","AUTOHOL: Holiday, 02/17/2026"
China,2026-02-18,6466305,CHINA,Various,INDIA/CHINA QA Feedback,SKIP_NO_CHANGE,SKIP_NO_CHANGE,"AUTOHOL: Holiday, 02/18/2026","AUTOHOL: Holiday, 02/18/2026"
China,2026-02-18,6466308,CHINA,Various groups,China CEIC,SKIP_NO_CHANGE,SKIP_NO_CHANGE,"AUTOHOL: Holiday, 02/18/2026","AUTOHOL: Holiday, 02/18/2026"
China,2026-02-18,6466447,INTDAILY,V59,Asian Stock Market -China Stock Indexes,SKIP_NO_CHANGE,SKIP_NO_CHANGE,"AUTOHOL: Holiday, 02/18/2026","AUTOHOL: Holiday, 02/18/2026"
China,2026-02-18,6466586,INTDAILY,P68,Wholesale Price Index,SKIP_NO_CHANGE,SKIP_NO_CHANGE,"AUTOHOL: Holiday, 02/18/2026","AUTOHOL: Holiday, 02/18/2026"
China,2026-02-18,6466719,CMDTY,L75,Shanghai Gold Exchange Prices,SKIP_NO_CHANGE,SKIP_NO_CHANGE,"AUTOHOL: Holiday, 02/18/2026","AUTOHOL: Holiday, 02/18/2026"
China,2026-02-18,6466771,CHINA,Various groups,China CEIC Check,SKIP_NO_CHANGE,SKIP_NO_CHANGE,"AUTOHOL: Holiday, 02/18/2026","AUTOHOL: Holiday, 02/18/2026"
China,2026-02-18,6466841,INTDAILY,S99,PBC: OMO Zero,SKIP_NO_CHANGE,SKIP_NO_CHANGE,"AUTOHOL: Holiday, 02/18/2026","AUTOHOL: Holiday, 02/18/2026"
China,2026-02-18,6466842,INTDAILY,V96,PBC: OMO Calculation,SKIP_NO_CHANGE,SKIP_NO_CHANGE,"AUTOHOL: Holiday, 02/18/2026","AUTOHOL: Holiday, 02/18/2026"
China,2026-02-18,6466868,CMDTY,L39,SHFE,SKIP_NO_CHANGE,SKIP_NO_CHANGE,"AUTOHOL: Holiday, 02/18/2026","AUTOHOL: Holiday, 02/18/2026"
China,2026-02-18,6466882,EMERGEPR,Various,CHINA to EMERGEPR Compare,SKIP_NO_CHANGE,SKIP_NO_CHANGE,"AUTOHOL: Holiday, 02/18/2026","AUTOHOL: Holiday, 02/18/2026"
China,2026-02-18,6467082,FMRCOIND,F21,OMO China Net Injection,SKIP_NO_CHANGE,SKIP_NO_CHANGE,"AUTOHOL: Holiday, 02/18/2026","AUTOHOL: Holiday, 02/18/2026"
China,2026-02-18,6467088,CHINA,Various,China CEIC,SKIP_NO_CHANGE,SKIP_NO_CHANGE,"AUTOHOL: Holiday, 02/18/2026","AUTOHOL: Holiday, 02/18/2026"
China,2026-02-18,6467225,ENERGY,O06,Import Price of LNG,SKIP_NO_CHANGE,SKIP_NO_CHANGE,"AUTOHOL: Holiday, 02/18/2026","AUTOHOL: Holiday, 02/18/2026"
China,2026-02-18,6467280,TRANSPRT,"T96, T97, T98",Subway Passenger Volume for Selected Transit Agencies,SKIP_NO_CHANGE,SKIP_NO_CHANGE,"AUTOHOL: Holiday, 02/18/2026","AUTOHOL: Holiday, 02/18/2026"
China,2026-02-18,6467287,TRANSPRT,"U02, U03, U04",Subway Passenger Volume for Selected Transit Agencies - Eviews,SKIP_NO_CHANGE,SKIP_NO_CHANGE,"AUTOHOL: Holiday, 02/18/2026","AUTOHOL: Holiday, 02/18/2026"
China,2026-02-18,6467398,TRANSPRT,"B12, B13, B14",China Subway Volume,SKIP_NO_CHANGE,SKIP_NO_CHANGE,"AUTOHOL: Holiday, 02/18/2026","AUTOHOL: Holiday, 02/18/2026"
China,2026-02-18,6467399,TRANSPRT,"U05, U06, U07",Baidu Congestion Index,SKIP_NO_CHANGE,SKIP_NO_CHANGE,"AUTOHOL: Holiday, 02/18/2026","AUTOHOL: Holiday, 02/18/2026"
China,2026-02-18,6467410,GLSECTOR,"F65, F66, F67",Maoyan Box,SKIP_NO_CHANGE,SKIP_NO_CHANGE,"AUTOHOL: Holiday, 02/18/2026","AUTOHOL: Holiday, 02/18/2026"
China,2026-02-18,6467412,CNSECTOR,"I65,I66,I67",Maoyan Box CMP to CNSECTOR,SKIP_NO_CHANGE,SKIP_NO_CHANGE,"AUTOHOL: Holiday, 02/18/2026","AUTOHOL: Holiday, 02/18/2026"
China,2026-02-18,6467457,INTDAILY,T86,Repeating Term Lending Facility,SKIP_NO_CHANGE,SKIP_NO_CHANGE,"AUTOHOL: Holiday, 02/18/2026","AUTOHOL: Holiday, 02/18/2026"
China,2026-02-18,6467458,CHINA,Various groups,China CEIC Check,SKIP_NO_CHANGE,SKIP_NO_CHANGE,"AUTOHOL: Holiday, 02/18/2026","AUTOHOL: Holiday, 02/18/2026"
China,2026-02-18,6467470,ENERGY,"O85, C50, C51",Coal Production and Inventory,SKIP_NO_CHANGE,SKIP_NO_CHANGE,"AUTOHOL: Holiday, 02/18/2026","AUTOHOL: Holiday, 02/18/2026"
China,2026-02-18,6467471,INTDAILY,"C85, C86, C87",Coal Production and Inventory Transfer,SKIP_NO_CHANGE,SKIP_NO_CHANGE,"AUTOHOL: Holiday, 02/18/2026","AUTOHOL: Holiday, 02/18/2026"
China,2026-02-18,6467474,INTDAILY,M18,Beijing Stock Exchange,SKIP_NO_CHANGE,SKIP_NO_CHANGE,"AUTOHOL: Holiday, 02/18/2026","AUTOHOL: Holiday, 02/18/2026"
China,2026-02-18,6467476,INTDAILY,U74,Thermal Coal Futures,SKIP_NO_CHANGE,SKIP_NO_CHANGE,"AUTOHOL: Holiday, 02/18/2026","AUTOHOL: Holiday, 02/18/2026"
China,2026-02-18,6467477,CMDTY,M51,Thermal Coal Futures Comp,SKIP_NO_CHANGE,SKIP_NO_CHANGE,"AUTOHOL: Holiday, 02/18/2026","AUTOHOL: Holiday, 02/18/2026"
China,2026-02-18,6467478,INTDAILY,I71,Treasury Yields and Medium Term Notes,SKIP_NO_CHANGE,SKIP_NO_CHANGE,"AUTOHOL: Holiday, 02/18/2026","AUTOHOL: Holiday, 02/18/2026"
China,2026-02-18,6467481,INTDAILY,G94,"Treasury Yields, Short Term Notes, Repo Rates",SKIP_NO_CHANGE,SKIP_NO_CHANGE,"AUTOHOL: Holiday, 02/18/2026","AUTOHOL: Holiday, 02/18/2026"
China,2026-02-18,6467491,INTDAILY,P33,Wholesale Agricultural Prices,SKIP_NO_CHANGE,SKIP_NO_CHANGE,"AUTOHOL: Holiday, 02/18/2026","AUTOHOL: Holiday, 02/18/2026"
China,2026-02-18,6467492,CMDTY,P41,Wholesale Agricultural Prices CMP,SKIP_NO_CHANGE,SKIP_NO_CHANGE,"AUTOHOL: Holiday, 02/18/2026","AUTOHOL: Holiday, 02/18/2026"
China,2026-02-18,6467498,INTDAILY,"U17, U18, U19",Alipay Tianhong Yue Bao Fund,SKIP_NO_CHANGE,SKIP_NO_CHANGE,"AUTOHOL: Holiday, 02/18/2026","AUTOHOL: Holiday, 02/18/2026"
China,2026-02-18,6467499,INTDAILY,M24,Parity Rates CFETS,SKIP_NO_CHANGE,SKIP_NO_CHANGE,"AUTOHOL: Holiday, 02/18/2026","AUTOHOL: Holiday, 02/18/2026"
China,2026-02-18,6467501,INTDAILY,U59,Shanghai Stock Connect,SKIP_NO_CHANGE,SKIP_NO_CHANGE,"AUTOHOL: Holiday, 02/18/2026","AUTOHOL: Holiday, 02/18/2026"
China,2026-02-18,6467502,INTDAILY,U40,Shanghai Stock Exchange Trading Statistics,SKIP_NO_CHANGE,SKIP_NO_CHANGE,"AUTOHOL: Holiday, 02/18/2026","AUTOHOL: Holiday, 02/18/2026"
China,2026-02-18,6467525,INTDAILY,Various,BACKUP China CFETS to K,SKIP_NO_CHANGE,SKIP_NO_CHANGE,"AUTOHOL: Holiday, 02/18/2026","AUTOHOL: Holiday, 02/18/2026"
China,2026-02-18,6467558,INTDAILY,D40,Central Bank Bill Yields,SKIP_NO_CHANGE,SKIP_NO_CHANGE,"AUTOHOL: Holiday, 02/18/2026","AUTOHOL: Holiday, 02/18/2026"
China,2026-02-18,6467568,INTDAILY,D45,Corporate Bond Yields,SKIP_NO_CHANGE,SKIP_NO_CHANGE,"AUTOHOL: Holiday, 02/18/2026","AUTOHOL: Holiday, 02/18/2026"
China,2026-02-18,6467580,INTDAILY,D48,NCDs,SKIP_NO_CHANGE,SKIP_NO_CHANGE,"AUTOHOL: Holiday, 02/18/2026","AUTOHOL: Holiday, 02/18/2026"
China,2026-02-18,6467591,INTDAILY,D54,Government-sponsored Agency Bonds,SKIP_NO_CHANGE,SKIP_NO_CHANGE,"AUTOHOL: Holiday, 02/18/2026","AUTOHOL: Holiday, 02/18/2026"
China,2026-02-18,6467594,INTDAILY,D57,Policy Bank Bonds by Rating,SKIP_NO_CHANGE,SKIP_NO_CHANGE,"AUTOHOL: Holiday, 02/18/2026","AUTOHOL: Holiday, 02/18/2026"
China,2026-02-18,6467595,INTDAILY,D60,Corporate Bonds by Rating,SKIP_NO_CHANGE,SKIP_NO_CHANGE,"AUTOHOL: Holiday, 02/18/2026","AUTOHOL: Holiday, 02/18/2026"
China,2026-02-18,6467599,INTDAILY,D63,Medium Term Notes by Rating,SKIP_NO_CHANGE,SKIP_NO_CHANGE,"AUTOHOL: Holiday, 02/18/2026","AUTOHOL: Holiday, 02/18/2026"
China,2026-02-18,6467604,INTDAILY,D66,Local Government Bonds by Rating,SKIP_NO_CHANGE,SKIP_NO_CHANGE,"AUTOHOL: Holiday, 02/18/2026","AUTOHOL: Holiday, 02/18/2026"
China,2026-02-18,6467609,INTDAILY,D69,Financial Bonds of Commercial Banks by Rating,SKIP_NO_CHANGE,SKIP_NO_CHANGE,"AUTOHOL: Holiday, 02/18/2026","AUTOHOL: Holiday, 02/18/2026"
China,2026-02-18,6467617,INTDAILY,D72,Secondary Capital Bond of Commercial Banks,SKIP_NO_CHANGE,SKIP_NO_CHANGE,"AUTOHOL: Holiday, 02/18/2026","AUTOHOL: Holiday, 02/18/2026"
China,2026-02-18,6467621,ENERGY,K52,Oil Commodity Prices Update,SKIP_NO_CHANGE,SKIP_NO_CHANGE,"AUTOHOL: Holiday, 02/18/2026","AUTOHOL: Holiday, 02/18/2026"
China,2026-02-18,6467622,INTDAILY,P69,Oil Commodity Prices INTDAILY TRANSFER,SKIP_NO_CHANGE,SKIP_NO_CHANGE,"AUTOHOL: Holiday, 02/18/2026","AUTOHOL: Holiday, 02/18/2026"
China,2026-02-18,6467627,INTDAILY,D75,Asset-Backed Securities by Rating,SKIP_NO_CHANGE,SKIP_NO_CHANGE,"AUTOHOL: Holiday, 02/18/2026","AUTOHOL: Holiday, 02/18/2026"
China,2026-02-18,6467629,INTDAILY,D78,Commercial Paper of Securities Company by Rating,SKIP_NO_CHANGE,SKIP_NO_CHANGE,"AUTOHOL: Holiday, 02/18/2026","AUTOHOL: Holiday, 02/18/2026"
China,2026-02-18,6467630,CNSECTOR,"U05, U06, U07",Baidu Congestion Index,SKIP_NO_CHANGE,SKIP_NO_CHANGE,"AUTOHOL: Holiday, 02/18/2026","AUTOHOL: Holiday, 02/18/2026"
China,2026-02-18,6467631,CNSECTOR,"T96, T97, T98, U02, U03, U04",Subway Passenger Volume for Selected Transit Agencies CNSECTOR,SKIP_NO_CHANGE,SKIP_NO_CHANGE,"AUTOHOL: Holiday, 02/18/2026","AUTOHOL: Holiday, 02/18/2026"
China,2026-02-18,6467632,CNSECTOR,"C85, C86, C87",Coal Production and Inventory,SKIP_NO_CHANGE,SKIP_NO_CHANGE,"AUTOHOL: Holiday, 02/18/2026","AUTOHOL: Holiday, 02/18/2026"
China,2026-02-18,6467642,TRANSPRT,"U59, U66, U67",Baidu Migration Scale Index,SKIP_NO_CHANGE,SKIP_NO_CHANGE,"AUTOHOL: Holiday, 02/18/2026","AUTOHOL: Holiday, 02/18/2026"
China,2026-02-18,6467643,CNSECTOR,"U59, U66, U67",Baidu Migration Scale Index Comp,SKIP_NO_CHANGE,SKIP_NO_CHANGE,"AUTOHOL: Holiday, 02/18/2026","AUTOHOL: Holiday, 02/18/2026"
China,2026-02-18,6467690,CHINAR,D95,Air Quality Index [Province] Eviews,SKIP_NO_CHANGE,SKIP_NO_CHANGE,"AUTOHOL: Holiday, 02/18/2026","AUTOHOL: Holiday, 02/18/2026"
China,2026-02-18,6467691,INTDAILY,V42,Air Quality Index COMP to INTDAILY,SKIP_NO_CHANGE,SKIP_NO_CHANGE,"AUTOHOL: Holiday, 02/18/2026","AUTOHOL: Holiday, 02/18/2026"
China,2026-02-18,6467729,CHINAR,C97,Air Quality Index,SKIP_NO_CHANGE,SKIP_NO_CHANGE,"AUTOHOL: Holiday, 02/18/2026","AUTOHOL: Holiday, 02/18/2026"
China,2026-02-18,6467738,INTDAILY,D84,Private Placement Notes (PPN),SKIP_NO_CHANGE,SKIP_NO_CHANGE,"AUTOHOL: Holiday, 02/18/2026","AUTOHOL: Holiday, 02/18/2026"
China,2026-02-18,6467740,CMDTY,M59,SHFE Volume & Positions,SKIP_NO_CHANGE,SKIP_NO_CHANGE,"AUTOHOL: Holiday, 02/18/2026","AUTOHOL: Holiday, 02/18/2026"
China,2026-02-18,6467764,TRANSPRT,"T62, T63, T72",Yangtze Water Level - AM Comp,SKIP_NO_CHANGE,SKIP_NO_CHANGE,"AUTOHOL: Holiday, 02/18/2026","AUTOHOL: Holiday, 02/18/2026"
China,2026-02-18,6467765,GLSECTOR,"V61, V62, V63",Yangtze Water Level - PM,SKIP_NO_CHANGE,SKIP_NO_CHANGE,"AUTOHOL: Holiday, 02/18/2026","AUTOHOL: Holiday, 02/18/2026"
China,2026-02-18,6467767,TRANSPRT,"W66, W67, W68",Yangtze Water Level - PM Comp,SKIP_NO_CHANGE,SKIP_NO_CHANGE,"AUTOHOL: Holiday, 02/18/2026","AUTOHOL: Holiday, 02/18/2026"
China,2026-02-18,6467768,GLSECTOR,"V67, V68, V69",Yangtze Water Level - AM,SKIP_NO_CHANGE,SKIP_NO_CHANGE,"AUTOHOL: Holiday, 02/18/2026","AUTOHOL: Holiday, 02/18/2026"
China,2026-02-18,6467779,INTDAILY,"D91, D92, D93",Forward Rates,SKIP_NO_CHANGE,SKIP_NO_CHANGE,"AUTOHOL: Holiday, 02/18/2026","AUTOHOL: Holiday, 02/18/2026"
China,2026-02-18,6467926,INTDAILY,Various,CFETS Daily Bulletin Backup,SKIP_NO_CHANGE,SKIP_NO_CHANGE,"AUTOHOL: Holiday, 02/18/2026","AUTOHOL: Holiday, 02/18/2026"
China,2026-02-18,6467941,CMDTY,L55,Shanghai Gold Exchange Benchmark,SKIP_NO_CHANGE,SKIP_NO_CHANGE,"AUTOHOL: Holiday, 02/18/2026","AUTOHOL: Holiday, 02/18/2026"
China,2026-02-18,6467989,CMDTY,M30,Shanghai Metals Market Prices,SKIP_NO_CHANGE,SKIP_NO_CHANGE,"AUTOHOL: Holiday, 02/18/2026","AUTOHOL: Holiday, 02/18/2026"
China,2026-02-18,6469755,TRANSPRT,"U83,U95,U96",LNY Passenger Volume,SKIP_NO_CHANGE,SKIP_NO_CHANGE,"AUTOHOL: Holiday, 02/18/2026","AUTOHOL: Holiday, 02/18/2026"
China,2026-02-19,6464492,CHINA,Various,INDIA/CHINA QA Feedback,SKIP_NO_CHANGE,SKIP_NO_CHANGE,"AUTOHOL: Holiday, 02/19/2026","AUTOHOL: Holiday, 02/19/2026"
China,2026-02-19,6464495,CHINA,Various groups,China CEIC,SKIP_NO_CHANGE,SKIP_NO_CHANGE,"AUTOHOL: Holiday, 02/19/2026","AUTOHOL: Holiday, 02/19/2026"
China,2026-02-19,6464649,INTWKLY,F29,SHIBOR Aggregation,SKIP_NO_CHANGE,SKIP_NO_CHANGE,"AUTOHOL: Holiday, 02/19/2026","AUTOHOL: Holiday, 02/19/2026"
China,2026-02-19,6464651,INTDAILY,V59,Asian Stock Market -China Stock Indexes,SKIP_NO_CHANGE,SKIP_NO_CHANGE,"AUTOHOL: Holiday, 02/19/2026","AUTOHOL: Holiday, 02/19/2026"
China,2026-02-19,6464694,INTWKLY,P81,China Weekly Steel Prices & Indexes,SKIP_NO_CHANGE,SKIP_NO_CHANGE,"AUTOHOL: Holiday, 02/19/2026","AUTOHOL: Holiday, 02/19/2026"
China,2026-02-19,6464796,INTDAILY,P68,Wholesale Price Index,SKIP_NO_CHANGE,SKIP_NO_CHANGE,"AUTOHOL: Holiday, 02/19/2026","AUTOHOL: Holiday, 02/19/2026"
China,2026-02-19,6464938,CMDTY,L75,Shanghai Gold Exchange Prices,SKIP_NO_CHANGE,SKIP_NO_CHANGE,"AUTOHOL: Holiday, 02/19/2026","AUTOHOL: Holiday, 02/19/2026"
China,2026-02-19,6464984,CHINA,Various groups,China CEIC Check,SKIP_NO_CHANGE,SKIP_NO_CHANGE,"AUTOHOL: Holiday, 02/19/2026","AUTOHOL: Holiday, 02/19/2026"
China,2026-02-19,6465059,INTDAILY,S99,PBC: OMO Zero,SKIP_NO_CHANGE,SKIP_NO_CHANGE,"AUTOHOL: Holiday, 02/19/2026","AUTOHOL: Holiday, 02/19/2026"
China,2026-02-19,6465060,INTDAILY,V96,PBC: OMO Calculation,SKIP_NO_CHANGE,SKIP_NO_CHANGE,"AUTOHOL: Holiday, 02/19/2026","AUTOHOL: Holiday, 02/19/2026"
China,2026-02-19,6465064,INTWKLY,S99,PBC: OMO Aggregation,SKIP_NO_CHANGE,SKIP_NO_CHANGE,"AUTOHOL: Holiday, 02/19/2026","AUTOHOL: Holiday, 02/19/2026"
China,2026-02-19,6465089,CMDTY,L39,SHFE,SKIP_NO_CHANGE,SKIP_NO_CHANGE,"AUTOHOL: Holiday, 02/19/2026","AUTOHOL: Holiday, 02/19/2026"
China,2026-02-19,6465102,EMERGEPR,Various,CHINA to EMERGEPR Compare,SKIP_NO_CHANGE,SKIP_NO_CHANGE,"AUTOHOL: Holiday, 02/19/2026","AUTOHOL: Holiday, 02/19/2026"
China,2026-02-19,6465123,INTWKLY,R79,Aggregation: Exchange Rates,SKIP_NO_CHANGE,SKIP_NO_CHANGE,"AUTOHOL: Holiday, 02/19/2026","AUTOHOL: Holiday, 02/19/2026"
China,2026-02-19,6465342,FMRCOIND,F21,OMO China Net Injection,SKIP_NO_CHANGE,SKIP_NO_CHANGE,"AUTOHOL: Holiday, 02/19/2026","AUTOHOL: Holiday, 02/19/2026"
China,2026-02-19,6465348,CHINA,Various,China CEIC,SKIP_NO_CHANGE,SKIP_NO_CHANGE,"AUTOHOL: Holiday, 02/19/2026","AUTOHOL: Holiday, 02/19/2026"
China,2026-02-19,6465539,TRANSPRT,"T96, T97, T98",Subway Passenger Volume for Selected Transit Agencies,SKIP_NO_CHANGE,SKIP_NO_CHANGE,"AUTOHOL: Holiday, 02/19/2026","AUTOHOL: Holiday, 02/19/2026"
China,2026-02-19,6465541,TRANSPRT,"U02, U03, U04",Subway Passenger Volume for Selected Transit Agencies - Eviews,SKIP_NO_CHANGE,SKIP_NO_CHANGE,"AUTOHOL: Holiday, 02/19/2026","AUTOHOL: Holiday, 02/19/2026"
China,2026-02-19,6465662,TRANSPRT,"B12, B13, B14",China Subway Volume,SKIP_NO_CHANGE,SKIP_NO_CHANGE,"AUTOHOL: Holiday, 02/19/2026","AUTOHOL: Holiday, 02/19/2026"
China,2026-02-19,6465663,TRANSPRT,"U05, U06, U07",Baidu Congestion Index,SKIP_NO_CHANGE,SKIP_NO_CHANGE,"AUTOHOL: Holiday, 02/19/2026","AUTOHOL: Holiday, 02/19/2026"
China,2026-02-19,6465672,GLSECTOR,"F65, F66, F67",Maoyan Box,SKIP_NO_CHANGE,SKIP_NO_CHANGE,"AUTOHOL: Holiday, 02/19/2026","AUTOHOL: Holiday, 02/19/2026"
China,2026-02-19,6465674,CNSECTOR,"I65,I66,I67",Maoyan Box CMP to CNSECTOR,SKIP_NO_CHANGE,SKIP_NO_CHANGE,"AUTOHOL: Holiday, 02/19/2026","AUTOHOL: Holiday, 02/19/2026"
China,2026-02-19,6465710,CHINA,Various groups,China CEIC Check,SKIP_NO_CHANGE,SKIP_NO_CHANGE,"AUTOHOL: Holiday, 02/19/2026","AUTOHOL: Holiday, 02/19/2026"
China,2026-02-19,6465714,INTWKLY,W91,Interbank Repo Rates Aggregation,SKIP_NO_CHANGE,SKIP_NO_CHANGE,"AUTOHOL: Holiday, 02/19/2026","AUTOHOL: Holiday, 02/19/2026"
China,2026-02-19,6465724,ENERGY,"O85, C50, C51",Coal Production and Inventory,SKIP_NO_CHANGE,SKIP_NO_CHANGE,"AUTOHOL: Holiday, 02/19/2026","AUTOHOL: Holiday, 02/19/2026"
China,2026-02-19,6465725,INTDAILY,"C85, C86, C87",Coal Production and Inventory Transfer,SKIP_NO_CHANGE,SKIP_NO_CHANGE,"AUTOHOL: Holiday, 02/19/2026","AUTOHOL: Holiday, 02/19/2026"
China,2026-02-19,6465730,INTDAILY,M18,Beijing Stock Exchange,SKIP_NO_CHANGE,SKIP_NO_CHANGE,"AUTOHOL: Holiday, 02/19/2026","AUTOHOL: Holiday, 02/19/2026"
China,2026-02-19,6465732,INTDAILY,U74,Thermal Coal Futures,SKIP_NO_CHANGE,SKIP_NO_CHANGE,"AUTOHOL: Holiday, 02/19/2026","AUTOHOL: Holiday, 02/19/2026"
China,2026-02-19,6465733,CMDTY,M51,Thermal Coal Futures Comp,SKIP_NO_CHANGE,SKIP_NO_CHANGE,"AUTOHOL: Holiday, 02/19/2026","AUTOHOL: Holiday, 02/19/2026"
China,2026-02-19,6465734,INTDAILY,I71,Treasury Yields and Medium Term Notes,SKIP_NO_CHANGE,SKIP_NO_CHANGE,"AUTOHOL: Holiday, 02/19/2026","AUTOHOL: Holiday, 02/19/2026"
China,2026-02-19,6465737,INTDAILY,G94,"Treasury Yields, Short Term Notes, Repo Rates",SKIP_NO_CHANGE,SKIP_NO_CHANGE,"AUTOHOL: Holiday, 02/19/2026","AUTOHOL: Holiday, 02/19/2026"
China,2026-02-19,6465747,INTDAILY,P33,Wholesale Agricultural Prices,SKIP_NO_CHANGE,SKIP_NO_CHANGE,"AUTOHOL: Holiday, 02/19/2026","AUTOHOL: Holiday, 02/19/2026"
China,2026-02-19,6465748,CMDTY,P41,Wholesale Agricultural Prices CMP,SKIP_NO_CHANGE,SKIP_NO_CHANGE,"AUTOHOL: Holiday, 02/19/2026","AUTOHOL: Holiday, 02/19/2026"
China,2026-02-19,6465755,INTDAILY,"U17, U18, U19",Alipay Tianhong Yue Bao Fund,SKIP_NO_CHANGE,SKIP_NO_CHANGE,"AUTOHOL: Holiday, 02/19/2026","AUTOHOL: Holiday, 02/19/2026"
China,2026-02-19,6465756,INTDAILY,M24,Parity Rates CFETS,SKIP_NO_CHANGE,SKIP_NO_CHANGE,"AUTOHOL: Holiday, 02/19/2026","AUTOHOL: Holiday, 02/19/2026"
China,2026-02-19,6465758,INTDAILY,U59,Shanghai Stock Connect,SKIP_NO_CHANGE,SKIP_NO_CHANGE,"AUTOHOL: Holiday, 02/19/2026","AUTOHOL: Holiday, 02/19/2026"
China,2026-02-19,6465759,INTDAILY,U40,Shanghai Stock Exchange Trading Statistics,SKIP_NO_CHANGE,SKIP_NO_CHANGE,"AUTOHOL: Holiday, 02/19/2026","AUTOHOL: Holiday, 02/19/2026"
China,2026-02-19,6465782,INTDAILY,Various,BACKUP China CFETS to K,SKIP_NO_CHANGE,SKIP_NO_CHANGE,"AUTOHOL: Holiday, 02/19/2026","AUTOHOL: Holiday, 02/19/2026"
China,2026-02-19,6465818,INTDAILY,D40,Central Bank Bill Yields,SKIP_NO_CHANGE,SKIP_NO_CHANGE,"AUTOHOL: Holiday, 02/19/2026","AUTOHOL: Holiday, 02/19/2026"
China,2026-02-19,6465828,INTDAILY,D45,Corporate Bond Yields,SKIP_NO_CHANGE,SKIP_NO_CHANGE,"AUTOHOL: Holiday, 02/19/2026","AUTOHOL: Holiday, 02/19/2026"
China,2026-02-19,6465843,INTDAILY,D48,NCDs,SKIP_NO_CHANGE,SKIP_NO_CHANGE,"AUTOHOL: Holiday, 02/19/2026","AUTOHOL: Holiday, 02/19/2026"
China,2026-02-19,6465854,INTDAILY,D54,Government-sponsored Agency Bonds,SKIP_NO_CHANGE,SKIP_NO_CHANGE,"AUTOHOL: Holiday, 02/19/2026","AUTOHOL: Holiday, 02/19/2026"
China,2026-02-19,6465857,INTDAILY,D57,Policy Bank Bonds by Rating,SKIP_NO_CHANGE,SKIP_NO_CHANGE,"AUTOHOL: Holiday, 02/19/2026","AUTOHOL: Holiday, 02/19/2026"
China,2026-02-19,6465858,INTDAILY,D60,Corporate Bonds by Rating,SKIP_NO_CHANGE,SKIP_NO_CHANGE,"AUTOHOL: Holiday, 02/19/2026","AUTOHOL: Holiday, 02/19/2026"
China,2026-02-19,6465863,INTDAILY,D63,Medium Term Notes by Rating,SKIP_NO_CHANGE,SKIP_NO_CHANGE,"AUTOHOL: Holiday, 02/19/2026","AUTOHOL: Holiday, 02/19/2026"
China,2026-02-19,6465868,INTDAILY,D66,Local Government Bonds by Rating,SKIP_NO_CHANGE,SKIP_NO_CHANGE,"AUTOHOL: Holiday, 02/19/2026","AUTOHOL: Holiday, 02/19/2026"
China,2026-02-19,6465873,INTDAILY,D69,Financial Bonds of Commercial Banks by Rating,SKIP_NO_CHANGE,SKIP_NO_CHANGE,"AUTOHOL: Holiday, 02/19/2026","AUTOHOL: Holiday, 02/19/2026"
China,2026-02-19,6465883,INTDAILY,D72,Secondary Capital Bond of Commercial Banks,SKIP_NO_CHANGE,SKIP_NO_CHANGE,"AUTOHOL: Holiday, 02/19/2026","AUTOHOL: Holiday, 02/19/2026"
China,2026-02-19,6465887,ENERGY,K52,Oil Commodity Prices Update,SKIP_NO_CHANGE,SKIP_NO_CHANGE,"AUTOHOL: Holiday, 02/19/2026","AUTOHOL: Holiday, 02/19/2026"
China,2026-02-19,6465888,INTDAILY,P69,Oil Commodity Prices INTDAILY TRANSFER,SKIP_NO_CHANGE,SKIP_NO_CHANGE,"AUTOHOL: Holiday, 02/19/2026","AUTOHOL: Holiday, 02/19/2026"
China,2026-02-19,6465893,INTDAILY,D75,Asset-Backed Securities by Rating,SKIP_NO_CHANGE,SKIP_NO_CHANGE,"AUTOHOL: Holiday, 02/19/2026","AUTOHOL: Holiday, 02/19/2026"
China,2026-02-19,6465895,INTDAILY,D78,Commercial Paper of Securities Company by Rating,SKIP_NO_CHANGE,SKIP_NO_CHANGE,"AUTOHOL: Holiday, 02/19/2026","AUTOHOL: Holiday, 02/19/2026"
China,2026-02-19,6465896,CNSECTOR,"U05, U06, U07",Baidu Congestion Index,SKIP_NO_CHANGE,SKIP_NO_CHANGE,"AUTOHOL: Holiday, 02/19/2026","AUTOHOL: Holiday, 02/19/2026"
China,2026-02-19,6465897,CNSECTOR,"T96, T97, T98, U02, U03, U04",Subway Passenger Volume for Selected Transit Agencies CNSECTOR,SKIP_NO_CHANGE,SKIP_NO_CHANGE,"AUTOHOL: Holiday, 02/19/2026","AUTOHOL: Holiday, 02/19/2026"
China,2026-02-19,6465898,CNSECTOR,"C85, C86, C87",Coal Production and Inventory,SKIP_NO_CHANGE,SKIP_NO_CHANGE,"AUTOHOL: Holiday, 02/19/2026","AUTOHOL: Holiday, 02/19/2026"
China,2026-02-19,6465909,TRANSPRT,"U59, U66, U67",Baidu Migration Scale Index,SKIP_NO_CHANGE,SKIP_NO_CHANGE,"AUTOHOL: Holiday, 02/19/2026","AUTOHOL: Holiday, 02/19/2026"
China,2026-02-19,6465910,CNSECTOR,"U59, U66, U67",Baidu Migration Scale Index Comp,SKIP_NO_CHANGE,SKIP_NO_CHANGE,"AUTOHOL: Holiday, 02/19/2026","AUTOHOL: Holiday, 02/19/2026"
China,2026-02-19,6465964,CHINAR,D95,Air Quality Index [Province] Eviews,SKIP_NO_CHANGE,SKIP_NO_CHANGE,"AUTOHOL: Holiday, 02/19/2026","AUTOHOL: Holiday, 02/19/2026"
China,2026-02-19,6465965,INTDAILY,V42,Air Quality Index COMP to INTDAILY,SKIP_NO_CHANGE,SKIP_NO_CHANGE,"AUTOHOL: Holiday, 02/19/2026","AUTOHOL: Holiday, 02/19/2026"
China,2026-02-19,6465996,CHINAR,C97,Air Quality Index,SKIP_NO_CHANGE,SKIP_NO_CHANGE,"AUTOHOL: Holiday, 02/19/2026","AUTOHOL: Holiday, 02/19/2026"
China,2026-02-19,6466004,INTDAILY,D84,Private Placement Notes (PPN),SKIP_NO_CHANGE,SKIP_NO_CHANGE,"AUTOHOL: Holiday, 02/19/2026","AUTOHOL: Holiday, 02/19/2026"
China,2026-02-19,6466006,CMDTY,M59,SHFE Volume & Positions,SKIP_NO_CHANGE,SKIP_NO_CHANGE,"AUTOHOL: Holiday, 02/19/2026","AUTOHOL: Holiday, 02/19/2026"
China,2026-02-19,6466036,TRANSPRT,"T62, T63, T72",Yangtze Water Level - AM Comp,SKIP_NO_CHANGE,SKIP_NO_CHANGE,"AUTOHOL: Holiday, 02/19/2026","AUTOHOL: Holiday, 02/19/2026"
China,2026-02-19,6466037,GLSECTOR,"V61, V62, V63",Yangtze Water Level - PM,SKIP_NO_CHANGE,SKIP_NO_CHANGE,"AUTOHOL: Holiday, 02/19/2026","AUTOHOL: Holiday, 02/19/2026"
China,2026-02-19,6466039,TRANSPRT,"W66, W67, W68",Yangtze Water Level - PM Comp,SKIP_NO_CHANGE,SKIP_NO_CHANGE,"AUTOHOL: Holiday, 02/19/2026","AUTOHOL: Holiday, 02/19/2026"
China,2026-02-19,6466040,GLSECTOR,"V67, V68, V69",Yangtze Water Level - AM,SKIP_NO_CHANGE,SKIP_NO_CHANGE,"AUTOHOL: Holiday, 02/19/2026","AUTOHOL: Holiday, 02/19/2026"
China,2026-02-19,6466051,INTDAILY,"D91, D92, D93",Forward Rates,SKIP_NO_CHANGE,SKIP_NO_CHANGE,"AUTOHOL: Holiday, 02/19/2026","AUTOHOL: Holiday, 02/19/2026"
China,2026-02-19,6466202,INTDAILY,Various,CFETS Daily Bulletin Backup,SKIP_NO_CHANGE,SKIP_NO_CHANGE,"AUTOHOL: Holiday, 02/19/2026","AUTOHOL: Holiday, 02/19/2026"
China,2026-02-19,6466217,CMDTY,L55,Shanghai Gold Exchange Benchmark,SKIP_NO_CHANGE,SKIP_NO_CHANGE,"AUTOHOL: Holiday, 02/19/2026","AUTOHOL: Holiday, 02/19/2026"
China,2026-02-19,6466270,CMDTY,M30,Shanghai Metals Market Prices,SKIP_NO_CHANGE,SKIP_NO_CHANGE,"AUTOHOL: Holiday, 02/19/2026","AUTOHOL: Holiday, 02/19/2026"
China,2026-02-19,6469754,TRANSPRT,"U83,U95,U96",LNY Passenger Volume,SKIP_NO_CHANGE,SKIP_NO_CHANGE,"AUTOHOL: Holiday, 02/19/2026","AUTOHOL: Holiday, 02/19/2026"
China,2026-02-20,6462508,CHINA,Various,INDIA/CHINA QA Feedback,SKIP_NO_CHANGE,SKIP_NO_CHANGE,"AUTOHOL: Holiday, 02/20/2026","AUTOHOL: Holiday, 02/20/2026"
China,2026-02-20,6462510,CHINA,Various groups,China CEIC,SKIP_NO_CHANGE,SKIP_NO_CHANGE,"AUTOHOL: Holiday, 02/20/2026","AUTOHOL: Holiday, 02/20/2026"
China,2026-02-20,6462674,INTDAILY,V59,Asian Stock Market -China Stock Indexes,SKIP_NO_CHANGE,SKIP_NO_CHANGE,"AUTOHOL: Holiday, 02/20/2026","AUTOHOL: Holiday, 02/20/2026"
China,2026-02-20,6462777,CMDTY,L40,SHFE Warehouse Stocks (FastMarkets) [CHECK],SKIP_NO_CHANGE,SKIP_NO_CHANGE,"AUTOHOL: Holiday, 02/20/2026","AUTOHOL: Holiday, 02/20/2026"
China,2026-02-20,6462814,INTDAILY,P68,Wholesale Price Index,SKIP_NO_CHANGE,SKIP_NO_CHANGE,"AUTOHOL: Holiday, 02/20/2026","AUTOHOL: Holiday, 02/20/2026"
China,2026-02-20,6462815,INTWKLY,P68,Wholesale Price Index Aggregaton,SKIP_NO_CHANGE,SKIP_NO_CHANGE,"AUTOHOL: Holiday, 02/20/2026","AUTOHOL: Holiday, 02/20/2026"
China,2026-02-20,6462956,CMDTY,L75,Shanghai Gold Exchange Prices,SKIP_NO_CHANGE,SKIP_NO_CHANGE,"AUTOHOL: Holiday, 02/20/2026","AUTOHOL: Holiday, 02/20/2026"
China,2026-02-20,6463024,CHINA,Various groups,China CEIC Check,SKIP_NO_CHANGE,SKIP_NO_CHANGE,"AUTOHOL: Holiday, 02/20/2026","AUTOHOL: Holiday, 02/20/2026"
China,2026-02-20,6463157,INTWKLY,S93,Aggregation: Stock Market,SKIP_NO_CHANGE,SKIP_NO_CHANGE,"AUTOHOL: Holiday, 02/20/2026","AUTOHOL: Holiday, 02/20/2026"
China,2026-02-20,6463167,INTWKLY,W04,Aggregation: Asian Stock Market Indices DJ,SKIP_NO_CHANGE,SKIP_NO_CHANGE,"AUTOHOL: Holiday, 02/20/2026","AUTOHOL: Holiday, 02/20/2026"
China,2026-02-20,6463282,INTDAILY,W81,SH/SZ HK Connect BACKUP,SKIP_NO_CHANGE,SKIP_NO_CHANGE,"AUTOHOL: Holiday, 02/20/2026","AUTOHOL: Holiday, 02/20/2026"
China,2026-02-20,6463414,FMRCOIND,F21,OMO China Net Injection,SKIP_NO_CHANGE,SKIP_NO_CHANGE,"AUTOHOL: Holiday, 02/20/2026","AUTOHOL: Holiday, 02/20/2026"
China,2026-02-20,6463424,CHINA,Various,China CEIC,SKIP_NO_CHANGE,SKIP_NO_CHANGE,"AUTOHOL: Holiday, 02/20/2026","AUTOHOL: Holiday, 02/20/2026"
China,2026-02-20,6463648,INTWKLY,V88,Bond Issuance (not in global must be forced manually),SKIP_NO_CHANGE,SKIP_NO_CHANGE,"AUTOHOL: Holiday, 02/20/2026","AUTOHOL: Holiday, 02/20/2026"
China,2026-02-20,6463671,TRANSPRT,"T96, T97, T98",Subway Passenger Volume for Selected Transit Agencies,SKIP_NO_CHANGE,SKIP_NO_CHANGE,"AUTOHOL: Holiday, 02/20/2026","AUTOHOL: Holiday, 02/20/2026"
China,2026-02-20,6463673,TRANSPRT,"U02, U03, U04",Subway Passenger Volume for Selected Transit Agencies - Eviews,SKIP_NO_CHANGE,SKIP_NO_CHANGE,"AUTOHOL: Holiday, 02/20/2026","AUTOHOL: Holiday, 02/20/2026"
China,2026-02-20,6463710,INTWKLY,J75,China Government Bonds AGG,SKIP_NO_CHANGE,SKIP_NO_CHANGE,"AUTOHOL: Holiday, 02/20/2026","AUTOHOL: Holiday, 02/20/2026"
China,2026-02-20,6463817,TRANSPRT,"B12, B13, B14",China Subway Volume,SKIP_NO_CHANGE,SKIP_NO_CHANGE,"AUTOHOL: Holiday, 02/20/2026","AUTOHOL: Holiday, 02/20/2026"
China,2026-02-20,6463818,TRANSPRT,"U05, U06, U07",Baidu Congestion Index,SKIP_NO_CHANGE,SKIP_NO_CHANGE,"AUTOHOL: Holiday, 02/20/2026","AUTOHOL: Holiday, 02/20/2026"
China,2026-02-20,6463826,GLSECTOR,"F65, F66, F67",Maoyan Box,SKIP_NO_CHANGE,SKIP_NO_CHANGE,"AUTOHOL: Holiday, 02/20/2026","AUTOHOL: Holiday, 02/20/2026"
China,2026-02-20,6463828,CNSECTOR,"I65,I66,I67",Maoyan Box CMP to CNSECTOR,SKIP_NO_CHANGE,SKIP_NO_CHANGE,"AUTOHOL: Holiday, 02/20/2026","AUTOHOL: Holiday, 02/20/2026"
China,2026-02-20,6463857,CHINA,Various groups,China CEIC Check,SKIP_NO_CHANGE,SKIP_NO_CHANGE,"AUTOHOL: Holiday, 02/20/2026","AUTOHOL: Holiday, 02/20/2026"
China,2026-02-20,6463873,ENERGY,"O85, C50, C51",Coal Production and Inventory,SKIP_NO_CHANGE,SKIP_NO_CHANGE,"AUTOHOL: Holiday, 02/20/2026","AUTOHOL: Holiday, 02/20/2026"
China,2026-02-20,6463874,INTDAILY,"C85, C86, C87",Coal Production and Inventory Transfer,SKIP_NO_CHANGE,SKIP_NO_CHANGE,"AUTOHOL: Holiday, 02/20/2026","AUTOHOL: Holiday, 02/20/2026"
China,2026-02-20,6463878,INTDAILY,M18,Beijing Stock Exchange,SKIP_NO_CHANGE,SKIP_NO_CHANGE,"AUTOHOL: Holiday, 02/20/2026","AUTOHOL: Holiday, 02/20/2026"
China,2026-02-20,6463879,INTWKLY,M28,Beijing Stock Exchange AGG,SKIP_NO_CHANGE,SKIP_NO_CHANGE,"AUTOHOL: Holiday, 02/20/2026","AUTOHOL: Holiday, 02/20/2026"
China,2026-02-20,6463882,INTDAILY,U74,Thermal Coal Futures,SKIP_NO_CHANGE,SKIP_NO_CHANGE,"AUTOHOL: Holiday, 02/20/2026","AUTOHOL: Holiday, 02/20/2026"
China,2026-02-20,6463883,CMDTY,M51,Thermal Coal Futures Comp,SKIP_NO_CHANGE,SKIP_NO_CHANGE,"AUTOHOL: Holiday, 02/20/2026","AUTOHOL: Holiday, 02/20/2026"
China,2026-02-20,6463884,INTWKLY,C88,Thermal Coal Futures Aggregation,SKIP_NO_CHANGE,SKIP_NO_CHANGE,"AUTOHOL: Holiday, 02/20/2026","AUTOHOL: Holiday, 02/20/2026"
China,2026-02-20,6463885,INTDAILY,I71,Treasury Yields and Medium Term Notes,SKIP_NO_CHANGE,SKIP_NO_CHANGE,"AUTOHOL: Holiday, 02/20/2026","AUTOHOL: Holiday, 02/20/2026"
China,2026-02-20,6463886,INTWKLY,I74,AGG Treasury Yields and Medium Term Note,SKIP_NO_CHANGE,SKIP_NO_CHANGE,"AUTOHOL: Holiday, 02/20/2026","AUTOHOL: Holiday, 02/20/2026"
China,2026-02-20,6463890,INTDAILY,G94,"Treasury Yields, Short Term Notes, Repo Rates",SKIP_NO_CHANGE,SKIP_NO_CHANGE,"AUTOHOL: Holiday, 02/20/2026","AUTOHOL: Holiday, 02/20/2026"
China,2026-02-20,6463892,INTWKLY,I88,"AGG Treasury Yields, Short Term Notes, Repo Rates",SKIP_NO_CHANGE,SKIP_NO_CHANGE,"AUTOHOL: Holiday, 02/20/2026","AUTOHOL: Holiday, 02/20/2026"
China,2026-02-20,6463902,INTWKLY,I52,Pledged Repo Agg,SKIP_NO_CHANGE,SKIP_NO_CHANGE,"AUTOHOL: Holiday, 02/20/2026","AUTOHOL: Holiday, 02/20/2026"
China,2026-02-20,6463903,INTDAILY,P33,Wholesale Agricultural Prices,SKIP_NO_CHANGE,SKIP_NO_CHANGE,"AUTOHOL: Holiday, 02/20/2026","AUTOHOL: Holiday, 02/20/2026"
China,2026-02-20,6463904,CMDTY,P41,Wholesale Agricultural Prices CMP,SKIP_NO_CHANGE,SKIP_NO_CHANGE,"AUTOHOL: Holiday, 02/20/2026","AUTOHOL: Holiday, 02/20/2026"
China,2026-02-20,6463905,INTWKLY,X22,Wholesale Agricultural Prices AGG,SKIP_NO_CHANGE,SKIP_NO_CHANGE,"AUTOHOL: Holiday, 02/20/2026","AUTOHOL: Holiday, 02/20/2026"
China,2026-02-20,6463911,INTDAILY,"U17, U18, U19",Alipay Tianhong Yue Bao Fund,SKIP_NO_CHANGE,SKIP_NO_CHANGE,"AUTOHOL: Holiday, 02/20/2026","AUTOHOL: Holiday, 02/20/2026"
China,2026-02-20,6463912,INTDAILY,M24,Parity Rates CFETS,SKIP_NO_CHANGE,SKIP_NO_CHANGE,"AUTOHOL: Holiday, 02/20/2026","AUTOHOL: Holiday, 02/20/2026"
China,2026-02-20,6463913,INTWKLY,M29,Parity Rates CFETS AGG,SKIP_NO_CHANGE,SKIP_NO_CHANGE,"AUTOHOL: Holiday, 02/20/2026","AUTOHOL: Holiday, 02/20/2026"
China,2026-02-20,6463916,INTDAILY,U59,Shanghai Stock Connect,SKIP_NO_CHANGE,SKIP_NO_CHANGE,"AUTOHOL: Holiday, 02/20/2026","AUTOHOL: Holiday, 02/20/2026"
China,2026-02-20,6463917,INTWKLY,W59,Shanghai Stock Connect AGG,SKIP_NO_CHANGE,SKIP_NO_CHANGE,"AUTOHOL: Holiday, 02/20/2026","AUTOHOL: Holiday, 02/20/2026"
China,2026-02-20,6463918,INTDAILY,U40,Shanghai Stock Exchange Trading Statistics,SKIP_NO_CHANGE,SKIP_NO_CHANGE,"AUTOHOL: Holiday, 02/20/2026","AUTOHOL: Holiday, 02/20/2026"
China,2026-02-20,6463919,INTWKLY,U40,Shanghai Stock Exchange Trading Statistics Aggregation,SKIP_NO_CHANGE,SKIP_NO_CHANGE,"AUTOHOL: Holiday, 02/20/2026","AUTOHOL: Holiday, 02/20/2026"
China,2026-02-20,6463945,INTDAILY,Various,BACKUP China CFETS to K,SKIP_NO_CHANGE,SKIP_NO_CHANGE,"AUTOHOL: Holiday, 02/20/2026","AUTOHOL: Holiday, 02/20/2026"
China,2026-02-20,6463976,INTDAILY,D40,Central Bank Bill Yields,SKIP_NO_CHANGE,SKIP_NO_CHANGE,"AUTOHOL: Holiday, 02/20/2026","AUTOHOL: Holiday, 02/20/2026"
China,2026-02-20,6463977,INTWKLY,D40,Central Bank Bill Yields,SKIP_NO_CHANGE,SKIP_NO_CHANGE,"AUTOHOL: Holiday, 02/20/2026","AUTOHOL: Holiday, 02/20/2026"
China,2026-02-20,6463984,INTWKLY,D45,Corporate Bond Yields AGG,SKIP_NO_CHANGE,SKIP_NO_CHANGE,"AUTOHOL: Holiday, 02/20/2026","AUTOHOL: Holiday, 02/20/2026"
China,2026-02-20,6463985,INTDAILY,D45,Corporate Bond Yields,SKIP_NO_CHANGE,SKIP_NO_CHANGE,"AUTOHOL: Holiday, 02/20/2026","AUTOHOL: Holiday, 02/20/2026"
China,2026-02-20,6463994,INTWKLY,U17,Alipay Tianhong Yue Bao Fund Agg,SKIP_NO_CHANGE,SKIP_NO_CHANGE,"AUTOHOL: Holiday, 02/20/2026","AUTOHOL: Holiday, 02/20/2026"
China,2026-02-20,6463995,INTDAILY,D48,NCDs,SKIP_NO_CHANGE,SKIP_NO_CHANGE,"AUTOHOL: Holiday, 02/20/2026","AUTOHOL: Holiday, 02/20/2026"
China,2026-02-20,6463996,INTWKLY,D46,NCDs Aggregation,SKIP_NO_CHANGE,SKIP_NO_CHANGE,"AUTOHOL: Holiday, 02/20/2026","AUTOHOL: Holiday, 02/20/2026"
China,2026-02-20,6464012,INTDAILY,D54,Government-sponsored Agency Bonds,SKIP_NO_CHANGE,SKIP_NO_CHANGE,"AUTOHOL: Holiday, 02/20/2026","AUTOHOL: Holiday, 02/20/2026"
China,2026-02-20,6464013,INTWKLY,D42,Government-sponsored Agency Bonds,SKIP_NO_CHANGE,SKIP_NO_CHANGE,"AUTOHOL: Holiday, 02/20/2026","AUTOHOL: Holiday, 02/20/2026"
China,2026-02-20,6464018,INTDAILY,D57,Policy Bank Bonds by Rating,SKIP_NO_CHANGE,SKIP_NO_CHANGE,"AUTOHOL: Holiday, 02/20/2026","AUTOHOL: Holiday, 02/20/2026"
China,2026-02-20,6464019,INTWKLY,D47,Policy Bank Bonds by Rating AGG,SKIP_NO_CHANGE,SKIP_NO_CHANGE,"AUTOHOL: Holiday, 02/20/2026","AUTOHOL: Holiday, 02/20/2026"
China,2026-02-20,6464020,INTDAILY,D60,Corporate Bonds by Rating,SKIP_NO_CHANGE,SKIP_NO_CHANGE,"AUTOHOL: Holiday, 02/20/2026","AUTOHOL: Holiday, 02/20/2026"
China,2026-02-20,6464021,INTWKLY,D48,Corporate Bonds by Rating AGG,SKIP_NO_CHANGE,SKIP_NO_CHANGE,"AUTOHOL: Holiday, 02/20/2026","AUTOHOL: Holiday, 02/20/2026"
China,2026-02-20,6464025,INTDAILY,D63,Medium Term Notes by Rating,SKIP_NO_CHANGE,SKIP_NO_CHANGE,"AUTOHOL: Holiday, 02/20/2026","AUTOHOL: Holiday, 02/20/2026"
China,2026-02-20,6464026,INTWKLY,D49,Medium Term Notes by Rating AGG,SKIP_NO_CHANGE,SKIP_NO_CHANGE,"AUTOHOL: Holiday, 02/20/2026","AUTOHOL: Holiday, 02/20/2026"
China,2026-02-20,6464033,INTDAILY,D66,Local Government Bonds by Rating,SKIP_NO_CHANGE,SKIP_NO_CHANGE,"AUTOHOL: Holiday, 02/20/2026","AUTOHOL: Holiday, 02/20/2026"
China,2026-02-20,6464034,INTWKLY,D50,Local Government Bonds by Rating AGG,SKIP_NO_CHANGE,SKIP_NO_CHANGE,"AUTOHOL: Holiday, 02/20/2026","AUTOHOL: Holiday, 02/20/2026"
China,2026-02-20,6464035,CNSECTOR,A06,Capacity Utilization Rate in Energy Industry,SKIP_NO_CHANGE,SKIP_NO_CHANGE,"AUTOHOL: Holiday, 02/20/2026","AUTOHOL: Holiday, 02/20/2026"
China,2026-02-20,6464040,INTDAILY,D69,Financial Bonds of Commercial Banks by Rating,SKIP_NO_CHANGE,SKIP_NO_CHANGE,"AUTOHOL: Holiday, 02/20/2026","AUTOHOL: Holiday, 02/20/2026"
China,2026-02-20,6464041,INTWKLY,D51,Financial Bonds of Commercial Banks by Rating,SKIP_NO_CHANGE,SKIP_NO_CHANGE,"AUTOHOL: Holiday, 02/20/2026","AUTOHOL: Holiday, 02/20/2026"
China,2026-02-20,6464051,INTDAILY,D72,Secondary Capital Bond of Commercial Banks,SKIP_NO_CHANGE,SKIP_NO_CHANGE,"AUTOHOL: Holiday, 02/20/2026","AUTOHOL: Holiday, 02/20/2026"
China,2026-02-20,6464052,INTWKLY,D52,Secondary Capital Bond of Commercial Banks AGG,SKIP_NO_CHANGE,SKIP_NO_CHANGE,"AUTOHOL: Holiday, 02/20/2026","AUTOHOL: Holiday, 02/20/2026"
China,2026-02-20,6464056,ENERGY,K52,Oil Commodity Prices Update,SKIP_NO_CHANGE,SKIP_NO_CHANGE,"AUTOHOL: Holiday, 02/20/2026","AUTOHOL: Holiday, 02/20/2026"
China,2026-02-20,6464057,INTDAILY,P69,Oil Commodity Prices INTDAILY TRANSFER,SKIP_NO_CHANGE,SKIP_NO_CHANGE,"AUTOHOL: Holiday, 02/20/2026","AUTOHOL: Holiday, 02/20/2026"
China,2026-02-20,6464062,INTDAILY,D75,Asset-Backed Securities by Rating,SKIP_NO_CHANGE,SKIP_NO_CHANGE,"AUTOHOL: Holiday, 02/20/2026","AUTOHOL: Holiday, 02/20/2026"
China,2026-02-20,6464063,INTWKLY,D53,Asset-Backed Securities by Rating,SKIP_NO_CHANGE,SKIP_NO_CHANGE,"AUTOHOL: Holiday, 02/20/2026","AUTOHOL: Holiday, 02/20/2026"
China,2026-02-20,6464066,INTDAILY,D78,Commercial Paper of Securities Company by Rating,SKIP_NO_CHANGE,SKIP_NO_CHANGE,"AUTOHOL: Holiday, 02/20/2026","AUTOHOL: Holiday, 02/20/2026"
China,2026-02-20,6464067,INTWKLY,D54,Commercial Paper of Securities Company by Rating AGG,SKIP_NO_CHANGE,SKIP_NO_CHANGE,"AUTOHOL: Holiday, 02/20/2026","AUTOHOL: Holiday, 02/20/2026"
China,2026-02-20,6464068,CNSECTOR,"U05, U06, U07",Baidu Congestion Index,SKIP_NO_CHANGE,SKIP_NO_CHANGE,"AUTOHOL: Holiday, 02/20/2026","AUTOHOL: Holiday, 02/20/2026"
China,2026-02-20,6464069,CNSECTOR,"T96, T97, T98, U02, U03, U04",Subway Passenger Volume for Selected Transit Agencies CNSECTOR,SKIP_NO_CHANGE,SKIP_NO_CHANGE,"AUTOHOL: Holiday, 02/20/2026","AUTOHOL: Holiday, 02/20/2026"
China,2026-02-20,6464070,CNSECTOR,"C85, C86, C87",Coal Production and Inventory,SKIP_NO_CHANGE,SKIP_NO_CHANGE,"AUTOHOL: Holiday, 02/20/2026","AUTOHOL: Holiday, 02/20/2026"
China,2026-02-20,6464080,ENERGY,K63,Weekly Oil Commodity Prices,SKIP_NO_CHANGE,SKIP_NO_CHANGE,"AUTOHOL: Holiday, 02/20/2026","AUTOHOL: Holiday, 02/20/2026"
China,2026-02-20,6464085,TRANSPRT,"U59, U66, U67",Baidu Migration Scale Index,SKIP_NO_CHANGE,SKIP_NO_CHANGE,"AUTOHOL: Holiday, 02/20/2026","AUTOHOL: Holiday, 02/20/2026"
China,2026-02-20,6464086,CNSECTOR,"U59, U66, U67",Baidu Migration Scale Index Comp,SKIP_NO_CHANGE,SKIP_NO_CHANGE,"AUTOHOL: Holiday, 02/20/2026","AUTOHOL: Holiday, 02/20/2026"
China,2026-02-20,6464142,CHINAR,D95,Air Quality Index [Province] Eviews,SKIP_NO_CHANGE,SKIP_NO_CHANGE,"AUTOHOL: Holiday, 02/20/2026","AUTOHOL: Holiday, 02/20/2026"
China,2026-02-20,6464143,INTDAILY,V42,Air Quality Index COMP to INTDAILY,SKIP_NO_CHANGE,SKIP_NO_CHANGE,"AUTOHOL: Holiday, 02/20/2026","AUTOHOL: Holiday, 02/20/2026"
China,2026-02-20,6464169,CHINAR,C97,Air Quality Index,SKIP_NO_CHANGE,SKIP_NO_CHANGE,"AUTOHOL: Holiday, 02/20/2026","AUTOHOL: Holiday, 02/20/2026"
China,2026-02-20,6464177,INTDAILY,D84,Private Placement Notes (PPN),SKIP_NO_CHANGE,SKIP_NO_CHANGE,"AUTOHOL: Holiday, 02/20/2026","AUTOHOL: Holiday, 02/20/2026"
China,2026-02-20,6464178,INTWKLY,D88,Private Placement Notes (PPN) AGG,SKIP_NO_CHANGE,SKIP_NO_CHANGE,"AUTOHOL: Holiday, 02/20/2026","AUTOHOL: Holiday, 02/20/2026"
China,2026-02-20,6464182,CMDTY,M59,SHFE Volume & Positions,SKIP_NO_CHANGE,SKIP_NO_CHANGE,"AUTOHOL: Holiday, 02/20/2026","AUTOHOL: Holiday, 02/20/2026"
China,2026-02-20,6464191,INTWKLY,W16,SSE Margin AGG,SKIP_NO_CHANGE,SKIP_NO_CHANGE,"AUTOHOL: Holiday, 02/20/2026","AUTOHOL: Holiday, 02/20/2026"
China,2026-02-20,6464207,TRANSPRT,"T62, T63, T72",Yangtze Water Level - AM Comp,SKIP_NO_CHANGE,SKIP_NO_CHANGE,"AUTOHOL: Holiday, 02/20/2026","AUTOHOL: Holiday, 02/20/2026"
China,2026-02-20,6464208,GLSECTOR,"V61, V62, V63",Yangtze Water Level - PM,SKIP_NO_CHANGE,SKIP_NO_CHANGE,"AUTOHOL: Holiday, 02/20/2026","AUTOHOL: Holiday, 02/20/2026"
China,2026-02-20,6464211,TRANSPRT,"W66, W67, W68",Yangtze Water Level - PM Comp,SKIP_NO_CHANGE,SKIP_NO_CHANGE,"AUTOHOL: Holiday, 02/20/2026","AUTOHOL: Holiday, 02/20/2026"
China,2026-02-20,6464212,GLSECTOR,"V67, V68, V69",Yangtze Water Level - AM,SKIP_NO_CHANGE,SKIP_NO_CHANGE,"AUTOHOL: Holiday, 02/20/2026","AUTOHOL: Holiday, 02/20/2026"
China,2026-02-20,6464223,INTDAILY,"D91, D92, D93",Forward Rates,SKIP_NO_CHANGE,SKIP_NO_CHANGE,"AUTOHOL: Holiday, 02/20/2026","AUTOHOL: Holiday, 02/20/2026"
China,2026-02-20,6464224,INTWKLY,D92,Forward Rates AGG,SKIP_NO_CHANGE,SKIP_NO_CHANGE,"AUTOHOL: Holiday, 02/20/2026","AUTOHOL: Holiday, 02/20/2026"
China,2026-02-20,6464234,CMDTY,L40,SHFE Warehouse Stocks (SHFE),SKIP_NO_CHANGE,SKIP_NO_CHANGE,"AUTOHOL: Holiday, 02/20/2026","AUTOHOL: Holiday, 02/20/2026"
China,2026-02-20,6464384,INTDAILY,Various,CFETS Daily Bulletin Backup,SKIP_NO_CHANGE,SKIP_NO_CHANGE,"AUTOHOL: Holiday, 02/20/2026","AUTOHOL: Holiday, 02/20/2026"
China,2026-02-20,6464393,INTWKLY,K59,Interest Rate Swap AGG,SKIP_NO_CHANGE,SKIP_NO_CHANGE,"AUTOHOL: Holiday, 02/20/2026","AUTOHOL: Holiday, 02/20/2026"
China,2026-02-20,6464397,CMDTY,L55,Shanghai Gold Exchange Benchmark,SKIP_NO_CHANGE,SKIP_NO_CHANGE,"AUTOHOL: Holiday, 02/20/2026","AUTOHOL: Holiday, 02/20/2026"
China,2026-02-20,6464450,CMDTY,M30,Shanghai Metals Market Prices,SKIP_NO_CHANGE,SKIP_NO_CHANGE,"AUTOHOL: Holiday, 02/20/2026","AUTOHOL: Holiday, 02/20/2026"
China,2026-02-20,6464473,INTWKLY,P96,Intwkly Oil Commodity Prices,SKIP_NO_CHANGE,SKIP_NO_CHANGE,"AUTOHOL: Holiday, 02/20/2026","AUTOHOL: Holiday, 02/20/2026"
China,2026-02-20,6469753,TRANSPRT,"U83,U95,U96",LNY Passenger Volume,SKIP_NO_CHANGE,SKIP_NO_CHANGE,"AUTOHOL: Holiday, 02/20/2026","AUTOHOL: Holiday, 02/20/2026"
China,2026-02-21,6472008,TRANSPRT,"B12, B13, B14",China Subway Volume,SKIP_NO_CHANGE,SKIP_NO_CHANGE,"AUTOHOL: Holiday, 02/21/2026","AUTOHOL: Holiday, 02/21/2026"
China,2026-02-21,6472030,CHINAR,D96,Air Quality Index Provine SATURDAY[Eviews],SKIP_NO_CHANGE,SKIP_NO_CHANGE,"AUTOHOL: Holiday, 02/21/2026","AUTOHOL: Holiday, 02/21/2026"
China,2026-02-21,6472031,INTDAILY,H95,Air Quality Index SATURDAY COMP to INTDAILY,SKIP_NO_CHANGE,SKIP_NO_CHANGE,"AUTOHOL: Holiday, 02/21/2026","AUTOHOL: Holiday, 02/21/2026"
China,2026-02-21,6472035,CHINAR,D98,Air Quality Index SATURDAY,SKIP_NO_CHANGE,SKIP_NO_CHANGE,"AUTOHOL: Holiday, 02/21/2026","AUTOHOL: Holiday, 02/21/2026"
China,2026-02-22,6471675,INTWKLY,T21,Margin Transactions Aggregation,SKIP_NO_CHANGE,SKIP_NO_CHANGE,"AUTOHOL: Holiday, 02/22/2026","AUTOHOL: Holiday, 02/22/2026"
China,2026-02-22,6471681,INTDAILY,S99,PBC: OMO Zero,SKIP_NO_CHANGE,SKIP_NO_CHANGE,"AUTOHOL: Holiday, 02/22/2026","AUTOHOL: Holiday, 02/22/2026"
China,2026-02-22,6471682,INTDAILY,V96,PBC: OMO Calculation,SKIP_NO_CHANGE,SKIP_NO_CHANGE,"AUTOHOL: Holiday, 02/22/2026","AUTOHOL: Holiday, 02/22/2026"
China,2026-02-22,6471688,EMERGEPR,Various,CHINA to EMERGEPR Compare,SKIP_NO_CHANGE,SKIP_NO_CHANGE,"AUTOHOL: Holiday, 02/22/2026","AUTOHOL: Holiday, 02/22/2026"
China,2026-02-22,6471741,TRANSPRT,"T96, T97, T98",Subway Passenger Volume for Selected Transit Agencies,SKIP_NO_CHANGE,SKIP_NO_CHANGE,"AUTOHOL: Holiday, 02/22/2026","AUTOHOL: Holiday, 02/22/2026"
China,2026-02-22,6471742,TRANSPRT,"U02, U03, U04",Subway Passenger Volume for Selected Transit Agencies - Eviews,SKIP_NO_CHANGE,SKIP_NO_CHANGE,"AUTOHOL: Holiday, 02/22/2026","AUTOHOL: Holiday, 02/22/2026"
China,2026-02-22,6471772,TRANSPRT,"B12, B13, B14",China Subway Volume,SKIP_NO_CHANGE,SKIP_NO_CHANGE,"AUTOHOL: Holiday, 02/22/2026","AUTOHOL: Holiday, 02/22/2026"
China,2026-02-22,6471773,TRANSPRT,B15,China Subway Volume Aggregation,SKIP_NO_CHANGE,SKIP_NO_CHANGE,"AUTOHOL: Holiday, 02/22/2026","AUTOHOL: Holiday, 02/22/2026"
China,2026-02-22,6471775,TRANSPRT,"U05, U06, U07",Baidu Congestion Index,SKIP_NO_CHANGE,SKIP_NO_CHANGE,"AUTOHOL: Holiday, 02/22/2026","AUTOHOL: Holiday, 02/22/2026"
China,2026-02-22,6471780,GLSECTOR,"F65, F66, F67",Maoyan Box,SKIP_NO_CHANGE,SKIP_NO_CHANGE,"AUTOHOL: Holiday, 02/22/2026","AUTOHOL: Holiday, 02/22/2026"
China,2026-02-22,6471781,CNSECTOR,"I65,I66,I67",Maoyan Box CMP to CNSECTOR,SKIP_NO_CHANGE,SKIP_NO_CHANGE,"AUTOHOL: Holiday, 02/22/2026","AUTOHOL: Holiday, 02/22/2026"
China,2026-02-22,6471796,INTWKLY,R92,CFETS RMB Indexes,SKIP_NO_CHANGE,SKIP_NO_CHANGE,"AUTOHOL: Holiday, 02/22/2026","AUTOHOL: Holiday, 02/22/2026"
China,2026-02-22,6471813,INTDAILY,"U17, U18, U19",Alipay Tianhong Yue Bao Fund,SKIP_NO_CHANGE,SKIP_NO_CHANGE,"AUTOHOL: Holiday, 02/22/2026","AUTOHOL: Holiday, 02/22/2026"
China,2026-02-22,6471815,INTDAILY,"S99, V96, U01, U02, U23, U24",PBC: Open Market Operations - Sunday Check,SKIP_NO_CHANGE,SKIP_NO_CHANGE,"AUTOHOL: Holiday, 02/22/2026","AUTOHOL: Holiday, 02/22/2026"
China,2026-02-22,6471861,CNSECTOR,"U05, U06, U07",Baidu Congestion Index,SKIP_NO_CHANGE,SKIP_NO_CHANGE,"AUTOHOL: Holiday, 02/22/2026","AUTOHOL: Holiday, 02/22/2026"
China,2026-02-22,6471862,CNSECTOR,"T96, T97, T98, U02, U03, U04",Subway Passenger Volume for Selected Transit Agencies CNSECTOR,SKIP_NO_CHANGE,SKIP_NO_CHANGE,"AUTOHOL: Holiday, 02/22/2026","AUTOHOL: Holiday, 02/22/2026"
China,2026-02-22,6471863,TRANSPRT,"U59, U66, U67",Baidu Migration Scale Index,SKIP_NO_CHANGE,SKIP_NO_CHANGE,"AUTOHOL: Holiday, 02/22/2026","AUTOHOL: Holiday, 02/22/2026"
China,2026-02-22,6471864,CNSECTOR,"U59, U66, U67",Baidu Migration Scale Index Comp,SKIP_NO_CHANGE,SKIP_NO_CHANGE,"AUTOHOL: Holiday, 02/22/2026","AUTOHOL: Holiday, 02/22/2026"
China,2026-02-22,6471877,CHINAR,D97,Air Quality Index Province SUNDAY[Eviews],SKIP_NO_CHANGE,SKIP_NO_CHANGE,"AUTOHOL: Holiday, 02/22/2026","AUTOHOL: Holiday, 02/22/2026"
China,2026-02-22,6471878,INTDAILY,H96,Air Quality Index SUNDAY COMP to INTDAILY,SKIP_NO_CHANGE,SKIP_NO_CHANGE,"AUTOHOL: Holiday, 02/22/2026","AUTOHOL: Holiday, 02/22/2026"
China,2026-02-22,6471885,CHINAR,D99,Air Quality Index SUNDAY,SKIP_NO_CHANGE,SKIP_NO_CHANGE,"AUTOHOL: Holiday, 02/22/2026","AUTOHOL: Holiday, 02/22/2026"
China,2026-02-22,6471897,TRANSPRT,"T62, T63, T72",Yangtze Water Level - AM Comp,SKIP_NO_CHANGE,SKIP_NO_CHANGE,"AUTOHOL: Holiday, 02/22/2026","AUTOHOL: Holiday, 02/22/2026"
China,2026-02-22,6471898,GLSECTOR,"V61, V62, V63",Yangtze Water Level - PM,SKIP_NO_CHANGE,SKIP_NO_CHANGE,"AUTOHOL: Holiday, 02/22/2026","AUTOHOL: Holiday, 02/22/2026"
China,2026-02-22,6471899,TRANSPRT,"W66, W67, W68",Yangtze Water Level - PM Comp,SKIP_NO_CHANGE,SKIP_NO_CHANGE,"AUTOHOL: Holiday, 02/22/2026","AUTOHOL: Holiday, 02/22/2026"
China,2026-02-22,6471900,GLSECTOR,"V67, V68, V69",Yangtze Water Level - AM,SKIP_NO_CHANGE,SKIP_NO_CHANGE,"AUTOHOL: Holiday, 02/22/2026","AUTOHOL: Holiday, 02/22/2026"
Indonesia,2026-02-17,6468051,INTDAILY,R96,Exchange Rates,UPDATE_NOTE,WROTE,,"AUTOHOL: Holiday, 02/17/2026"
Indonesia,2026-02-17,6468471,INTDAILY,V50,Asian Stock Market- Jakarta Composite,UPDATE_NOTE,WROTE,,"AUTOHOL: Holiday, 02/17/2026"
Indonesia,2026-02-17,6468503,INTDAILY,V76,Holdings IDR Tradable Securities,UPDATE_NOTE,WROTE,,"AUTOHOL: Holiday, 02/17/2026"
Indonesia,2026-02-17,6468533,INTDAILY,H17,Exchange Rate Mid-Rates,UPDATE_NOTE,WROTE,,"AUTOHOL: Holiday, 02/17/2026"
Indonesia,2026-02-17,6468660,INTDAILY,G46,Daily Liquidity,UPDATE_NOTE,WROTE,,"AUTOHOL: Holiday, 02/17/2026"
Indonesia,2026-02-17,6468662,INTDAILY,K98,Daily Liquidity Projection Eviews Calculation,UPDATE_NOTE,WROTE,,"AUTOHOL: Holiday, 02/17/2026"
Indonesia,2026-02-17,6468689,INTDAILY,W87,Jakarta Interbank Reference Rate [JISDOR],UPDATE_NOTE,WROTE,,"AUTOHOL: Holiday, 02/17/2026"
Indonesia,2026-02-17,6468766,INTDAILY,X48,Monetary Operations Positions,UPDATE_NOTE,WROTE,,"AUTOHOL: Holiday, 02/17/2026"
Indonesia,2026-02-17,6468837,INTDAILY,J36,Indonia Rate,UPDATE_NOTE,WROTE,,"AUTOHOL: Holiday, 02/17/2026"
Indonesia,2026-02-17,6468944,INTDAILY,P44,Food Prices,UPDATE_NOTE,WROTE,,"AUTOHOL: Holiday, 02/17/2026"
Indonesia,2026-02-17,6469076,INTDAILY,J79,DNDF Afternoon,UPDATE_NOTE,WROTE,,"AUTOHOL: Holiday, 02/17/2026"
Indonesia,2026-02-17,6469132,INTDAILY,H91,Reverse Repo,UPDATE_NOTE,WROTE,,"AUTOHOL: Holiday, 02/17/2026"
Indonesia,2026-02-17,6469133,INTDAILY,H92,Term Deposits Morning,UPDATE_NOTE,WROTE,,"AUTOHOL: Holiday, 02/17/2026"
Indonesia,2026-02-17,6469134,INTDAILY,H93,Term Deposits Afternoon,UPDATE_NOTE,WROTE,,"AUTOHOL: Holiday, 02/17/2026"
Indonesia,2026-02-17,6469175,INTDAILY,G61,Government Securities Auction [SUSP],UPDATE_NOTE,WROTE,,"AUTOHOL: Holiday, 02/17/2026"
Indonesia,2026-02-17,6469184,ASEANR,B53,Market Prices,UPDATE_NOTE,WROTE,,"AUTOHOL: Holiday, 02/17/2026"
Indonesia,2026-02-17,6469317,ENERGY,K51,Indonesia Fuel Prices,UPDATE_NOTE,WROTE,,"AUTOHOL: Holiday, 02/17/2026"
Indonesia,2026-02-17,6469318,INTDAILY,O99,Indonesia Fuel Prices TRANSFER,UPDATE_NOTE,WROTE,,"AUTOHOL: Holiday, 02/17/2026"
Indonesia,2026-02-17,6469361,INTDAILY,F52,Indonia Rates & Index,UPDATE_NOTE,WROTE,,"AUTOHOL: Holiday, 02/17/2026"
Indonesia,2026-02-17,6469366,INTDAILY,R28,Bank Indonesia Reference Rate,UPDATE_NOTE,WROTE,,"AUTOHOL: Holiday, 02/17/2026"
Indonesia,2026-02-17,6469402,INTDAILY,Various,Indonesia OMO Check,UPDATE_NOTE,WROTE,,"AUTOHOL: Holiday, 02/17/2026"
Indonesia,2026-02-17,6469407,INTDAILY,M69,FX Term Deposit Auction,UPDATE_NOTE,WROTE,,"AUTOHOL: Holiday, 02/17/2026"
Indonesia,2026-02-17,6469482,ENERGY,D94,Indonesia Regional Fuel Price,UPDATE_NOTE,WROTE,,"AUTOHOL: Holiday, 02/17/2026"
Indonesia,2026-02-17,6469496,INTDAILY,J68,Bank Indonesia SVBI auction,UPDATE_NOTE,WROTE,,"AUTOHOL: Holiday, 02/17/2026"
Indonesia,2026-02-17,6469577,INTDAILY,N66,FX Swap,UPDATE_NOTE,WROTE,,"AUTOHOL: Holiday, 02/17/2026"
Indonesia,2026-02-17,6469656,INTDAILY,N51,Government Bond Auction,UPDATE_NOTE,WROTE,,"AUTOHOL: Holiday, 02/17/2026"
Indonesia,2026-02-17,6469657,INTDAILY,N53,Sharia Government Bond Auction,UPDATE_NOTE,WROTE,,"AUTOHOL: Holiday, 02/17/2026"
Korea,2026-02-16,6453025,INTDAILY,I74,Korea KORIBOR,UPDATE_NOTE,WROTE,,"AUTOHOL: Holiday, 02/16/2026"
Korea,2026-02-16,6453026,INTDAILY,I61,Interest Rates,UPDATE_NOTE,WROTE,,"AUTOHOL: Holiday, 02/16/2026"
Korea,2026-02-16,6453027,INTDAILY,V56,Asian Stock - KOSPI/KOSDAQ Market,UPDATE_NOTE,WROTE,R2D2 - errors in CSV2MODB output. Files on d:\intdaily\korea\kospi\auto [Az-AutoSrv1-Svc] Fri 02/13/2026 09:26:16.661 [Event ID: c3dc489e-08e5-11f1-9f2e-000d3a1a0faf],"R2D2 - errors in CSV2MODB output. Files on d:\intdaily\korea\kospi\auto [Az-AutoSrv1-Svc] Fri 02/13/2026 09:26:16.661 [Event ID: c3dc489e-08e5-11f1-9f2e-000d3a1a0faf] | AUTOHOL: Holiday, 02/16/2026"
Korea,2026-02-16,6453295,INTDAILY,J33,Government Bond Yields,UPDATE_NOTE,WROTE,,"AUTOHOL: Holiday, 02/16/2026"
Korea,2026-02-16,6453299,INTDAILY,K11,Total Return Calculation,UPDATE_NOTE,WROTE,,"AUTOHOL: Holiday, 02/16/2026"
Korea,2026-02-16,6453304,INTDAILY,R80,Exchange RATE,UPDATE_NOTE,WROTE,,"AUTOHOL: Holiday, 02/16/2026"
Korea,2026-02-16,6453448,INTDAILY,K02,Breakeven Inflation,UPDATE_NOTE,WROTE,,"AUTOHOL: Holiday, 02/16/2026"
Korea,2026-02-16,6453902,INTDAILY,S96,Asian Stock - KOSPI/KOSDAQ Market,UPDATE_NOTE,WROTE,,"AUTOHOL: Holiday, 02/16/2026"
Korea,2026-02-16,6453916,INTDAILY,V74,KRX Market Transactions,UPDATE_NOTE,WROTE,,"AUTOHOL: Holiday, 02/16/2026"
Korea,2026-02-16,6454008,INTDAILY,T28,US-Dollar Auctions CHECK,UPDATE_NOTE,WROTE,,"AUTOHOL: Holiday, 02/16/2026"
Korea,2026-02-16,6454098,INTDAILY,R39,Exchange RATE Lag,UPDATE_NOTE,WROTE,,"AUTOHOL: Holiday, 02/16/2026"
Korea,2026-02-16,6454195,INTDAILY,F65,Interest Rates and Yields,UPDATE_NOTE,WROTE,,"AUTOHOL: Holiday, 02/16/2026"
Korea,2026-02-16,6454259,CMDTY,L56,Agricultral Products Wholesale Price,UPDATE_NOTE,WROTE,,"AUTOHOL: Holiday, 02/16/2026"
Korea,2026-02-16,6454262,INTDAILY,Y58,KOFR Leading,UPDATE_NOTE,WROTE,,"AUTOHOL: Holiday, 02/16/2026"
Korea,2026-02-16,6454265,INTDAILY,Y20,KOFR,UPDATE_NOTE,WROTE,,"AUTOHOL: Holiday, 02/16/2026"
Korea,2026-02-16,6454266,INTWKLY,W20,KOFR Aggregation,UPDATE_NOTE,WROTE,,"AUTOHOL: Holiday, 02/16/2026"
Korea,2026-02-16,6454293,INTDAILY,U31,INTL Securities Activity,UPDATE_NOTE,WROTE,,"AUTOHOL: Holiday, 02/16/2026"
Korea,2026-02-16,6454294,INTDAILY,U32,INTL Securities Activity EVIEWS,UPDATE_NOTE,WROTE,,"AUTOHOL: Holiday, 02/16/2026"
Korea,2026-02-16,6454295,INTDAILY,U33,INTL Securities Custody,UPDATE_NOTE,WROTE,,"AUTOHOL: Holiday, 02/16/2026"
Korea,2026-02-16,6454304,INTWKLY,K50,Change in Credit Card Expenditure,UPDATE_NOTE,WROTE,,"AUTOHOL: Holiday, 02/16/2026"
Korea,2026-02-16,6454312,INTDAILY,K20,Equity Flows,UPDATE_NOTE,WROTE,,"AUTOHOL: Holiday, 02/16/2026"
Korea,2026-02-16,6454313,INTDAILY,K10,Bond Flows,UPDATE_NOTE,WROTE,,"AUTOHOL: Holiday, 02/16/2026"
Korea,2026-02-16,6454322,INTDAILY,K90,KOFR Interest Rate Distribution,UPDATE_NOTE,WROTE,,"AUTOHOL: Holiday, 02/16/2026"
Korea,2026-02-16,6454323,INTWKLY,K70,KOFR Interest Rate Distribution AGG,UPDATE_NOTE,WROTE,,"AUTOHOL: Holiday, 02/16/2026"
Korea,2026-02-16,6454383,INTDAILY,V99,KRX Foreign Ownership,UPDATE_NOTE,WROTE,,"AUTOHOL: Holiday, 02/16/2026"
Korea,2026-02-16,6454455,INTDAILY,U29,KOSPI Volatility 200 Index,UPDATE_NOTE,WROTE,,"AUTOHOL: Holiday, 02/16/2026"
Korea,2026-02-16,6454547,INTDAILY,M28,Korea Money Market Fund AUM,UPDATE_NOTE,WROTE,,"AUTOHOL: Holiday, 02/16/2026"
Korea,2026-02-16,6454548,INTWKLY,M14,Korea Money Market Fund AUM [AGG],UPDATE_NOTE,WROTE,,"AUTOHOL: Holiday, 02/16/2026"
Korea,2026-02-16,6454618,INTDAILY,O08,[COMP] Agricultral Products Wholesale Price,UPDATE_NOTE,WROTE,,"AUTOHOL: Holiday, 02/16/2026"
Korea,2026-02-16,6454626,INTDAILY,A09,News Psychology Index,UPDATE_NOTE,WROTE,,"AUTOHOL: Holiday, 02/16/2026"
Korea,2026-02-16,6454693,GLSECTOR,V36,Semiconductor Prices,UPDATE_NOTE,WROTE,,"AUTOHOL: Holiday, 02/16/2026"
Korea,2026-02-16,6454736,ENERGY,"P66, P67, P68",Korea Fuel Prices,UPDATE_NOTE,WROTE,,"AUTOHOL: Holiday, 02/16/2026"
Korea,2026-02-16,6454737,INTDAILY,"B66, B67, B68",Korea Fuel Prices TRANSFER,UPDATE_NOTE,WROTE,,"AUTOHOL: Holiday, 02/16/2026"
Korea,2026-02-16,6454740,INTDAILY,E60,Interest Rates on Loans & Deposits,UPDATE_NOTE,WROTE,,"AUTOHOL: Holiday, 02/16/2026"
Korea,2026-02-16,6454785,INTDAILY,E53,Korea OMO: RP Purchases of Government Securities,UPDATE_NOTE,WROTE,,"AUTOHOL: Holiday, 02/16/2026"
Korea,2026-02-16,6454786,INTDAILY,E52,Korea OMO: RP Sales of Government Securities,UPDATE_NOTE,WROTE,,"AUTOHOL: Holiday, 02/16/2026"
Korea,2026-02-16,6454787,INTDAILY,E46,Korea OMO: Monetary Stabilization Account Operations,UPDATE_NOTE,WROTE,,"AUTOHOL: Holiday, 02/16/2026"
Korea,2026-02-16,6454788,INTDAILY,E61,Korea OMO: Monetary Stabilization Bond Operations,UPDATE_NOTE,WROTE,,"AUTOHOL: Holiday, 02/16/2026"
Korea,2026-02-17,6468054,INTDAILY,I74,Korea KORIBOR,UPDATE_NOTE,WROTE,,"AUTOHOL: Holiday, 02/17/2026"
Korea,2026-02-17,6468055,INTDAILY,I61,Interest Rates,UPDATE_NOTE,WROTE,,"AUTOHOL: Holiday, 02/17/2026"
Korea,2026-02-17,6468056,INTDAILY,V56,Asian Stock - KOSPI/KOSDAQ Market,UPDATE_NOTE,WROTE,,"AUTOHOL: Holiday, 02/17/2026"
Korea,2026-02-17,6468314,INTDAILY,J33,Government Bond Yields,UPDATE_NOTE,WROTE,,"AUTOHOL: Holiday, 02/17/2026"
Korea,2026-02-17,6468318,INTDAILY,K11,Total Return Calculation,UPDATE_NOTE,WROTE,,"AUTOHOL: Holiday, 02/17/2026"
Korea,2026-02-17,6468323,INTDAILY,R80,Exchange RATE,UPDATE_NOTE,WROTE,,"AUTOHOL: Holiday, 02/17/2026"
Korea,2026-02-17,6468455,INTDAILY,K02,Breakeven Inflation,UPDATE_NOTE,WROTE,,"AUTOHOL: Holiday, 02/17/2026"
Korea,2026-02-17,6468873,INTDAILY,S96,Asian Stock - KOSPI/KOSDAQ Market,UPDATE_NOTE,WROTE,,"AUTOHOL: Holiday, 02/17/2026"
Korea,2026-02-17,6468885,INTDAILY,V74,KRX Market Transactions,UPDATE_NOTE,WROTE,,"AUTOHOL: Holiday, 02/17/2026"
Korea,2026-02-17,6468967,INTDAILY,T28,US-Dollar Auctions CHECK,UPDATE_NOTE,WROTE,,"AUTOHOL: Holiday, 02/17/2026"
Korea,2026-02-17,6469052,INTDAILY,R39,Exchange RATE Lag,UPDATE_NOTE,WROTE,,"AUTOHOL: Holiday, 02/17/2026"
Korea,2026-02-17,6469122,INTDAILY,F65,Interest Rates and Yields,UPDATE_NOTE,WROTE,,"AUTOHOL: Holiday, 02/17/2026"
Korea,2026-02-17,6469180,CMDTY,L56,Agricultral Products Wholesale Price,UPDATE_NOTE,WROTE,,"AUTOHOL: Holiday, 02/17/2026"
Korea,2026-02-17,6469183,INTDAILY,Y58,KOFR Leading,UPDATE_NOTE,WROTE,,"AUTOHOL: Holiday, 02/17/2026"
Korea,2026-02-17,6469185,INTDAILY,Y20,KOFR,UPDATE_NOTE,WROTE,,"AUTOHOL: Holiday, 02/17/2026"
Korea,2026-02-17,6469211,INTDAILY,U31,INTL Securities Activity,UPDATE_NOTE,WROTE,,"AUTOHOL: Holiday, 02/17/2026"
Korea,2026-02-17,6469212,INTDAILY,U32,INTL Securities Activity EVIEWS,UPDATE_NOTE,WROTE,,"AUTOHOL: Holiday, 02/17/2026"
Korea,2026-02-17,6469213,INTDAILY,U33,INTL Securities Custody,UPDATE_NOTE,WROTE,,"AUTOHOL: Holiday, 02/17/2026"
Korea,2026-02-17,6469214,INTWKLY,W33,INTL Securities Custody AGG,UPDATE_NOTE,WROTE,,"AUTOHOL: Holiday, 02/17/2026"
Korea,2026-02-17,6469228,INTDAILY,K20,Equity Flows,UPDATE_NOTE,WROTE,,"AUTOHOL: Holiday, 02/17/2026"
Korea,2026-02-17,6469229,INTDAILY,K10,Bond Flows,UPDATE_NOTE,WROTE,,"AUTOHOL: Holiday, 02/17/2026"
Korea,2026-02-17,6469237,INTDAILY,K90,KOFR Interest Rate Distribution,UPDATE_NOTE,WROTE,,"AUTOHOL: Holiday, 02/17/2026"
Korea,2026-02-17,6469289,INTDAILY,V99,KRX Foreign Ownership,UPDATE_NOTE,WROTE,,"AUTOHOL: Holiday, 02/17/2026"
Korea,2026-02-17,6469368,INTDAILY,U29,KOSPI Volatility 200 Index,UPDATE_NOTE,WROTE,,"AUTOHOL: Holiday, 02/17/2026"
Korea,2026-02-17,6469455,INTDAILY,M28,Korea Money Market Fund AUM,UPDATE_NOTE,WROTE,,"AUTOHOL: Holiday, 02/17/2026"
Korea,2026-02-17,6469531,INTDAILY,O08,[COMP] Agricultral Products Wholesale Price,UPDATE_NOTE,WROTE,,"AUTOHOL: Holiday, 02/17/2026"
Korea,2026-02-17,6469599,GLSECTOR,V36,Semiconductor Prices,UPDATE_NOTE,WROTE,,"AUTOHOL: Holiday, 02/17/2026"
Korea,2026-02-17,6469636,ENERGY,"P66, P67, P68",Korea Fuel Prices,UPDATE_NOTE,WROTE,,"AUTOHOL: Holiday, 02/17/2026"
Korea,2026-02-17,6469637,INTDAILY,"B66, B67, B68",Korea Fuel Prices TRANSFER,UPDATE_NOTE,WROTE,,"AUTOHOL: Holiday, 02/17/2026"
Korea,2026-02-17,6469639,INTDAILY,E60,Interest Rates on Loans & Deposits,UPDATE_NOTE,WROTE,,"AUTOHOL: Holiday, 02/17/2026"
Korea,2026-02-17,6469682,INTDAILY,E53,Korea OMO: RP Purchases of Government Securities,UPDATE_NOTE,WROTE,,"AUTOHOL: Holiday, 02/17/2026"
Korea,2026-02-17,6469683,INTDAILY,E52,Korea OMO: RP Sales of Government Securities,UPDATE_NOTE,WROTE,,"AUTOHOL: Holiday, 02/17/2026"
Korea,2026-02-17,6469684,INTDAILY,E46,Korea OMO: Monetary Stabilization Account Operations,UPDATE_NOTE,WROTE,,"AUTOHOL: Holiday, 02/17/2026"
Korea,2026-02-17,6469685,INTDAILY,E61,Korea OMO: Monetary Stabilization Bond Operations,UPDATE_NOTE,WROTE,,"AUTOHOL: Holiday, 02/17/2026"
Korea,2026-02-18,6466329,INTDAILY,I74,Korea KORIBOR,UPDATE_NOTE,WROTE,,"AUTOHOL: Holiday, 02/18/2026"
Korea,2026-02-18,6466330,INTDAILY,I61,Interest Rates,UPDATE_NOTE,WROTE,,"AUTOHOL: Holiday, 02/18/2026"
Korea,2026-02-18,6466331,INTDAILY,V56,Asian Stock - KOSPI/KOSDAQ Market,UPDATE_NOTE,WROTE,,"AUTOHOL: Holiday, 02/18/2026"
Korea,2026-02-18,6466589,INTDAILY,J33,Government Bond Yields,UPDATE_NOTE,WROTE,,"AUTOHOL: Holiday, 02/18/2026"
Korea,2026-02-18,6466594,INTDAILY,K11,Total Return Calculation,UPDATE_NOTE,WROTE,,"AUTOHOL: Holiday, 02/18/2026"
Korea,2026-02-18,6466599,INTDAILY,R80,Exchange RATE,UPDATE_NOTE,WROTE,,"AUTOHOL: Holiday, 02/18/2026"
Korea,2026-02-18,6466739,INTDAILY,K02,Breakeven Inflation,UPDATE_NOTE,WROTE,,"AUTOHOL: Holiday, 02/18/2026"
Korea,2026-02-18,6467154,INTDAILY,S96,Asian Stock - KOSPI/KOSDAQ Market,UPDATE_NOTE,WROTE,,"AUTOHOL: Holiday, 02/18/2026"
Korea,2026-02-18,6467169,INTDAILY,V74,KRX Market Transactions,UPDATE_NOTE,WROTE,,"AUTOHOL: Holiday, 02/18/2026"
Korea,2026-02-18,6467184,INTWKLY,P50,HPI and MKT Trends  from (REB),UPDATE_NOTE,WROTE,R2D2 - Data for 1260216 not out. CSVDATE=1260209. Files on d:\intwkly\korea\housing [Az-AutoSrv1-Svc] Thu 02/12/2026 22:29:06.573 [Event ID: bee9fe12-0885-11f1-85b3-000d3a1a0faf],"R2D2 - Data for 1260216 not out. CSVDATE=1260209. Files on d:\intwkly\korea\housing [Az-AutoSrv1-Svc] Thu 02/12/2026 22:29:06.573 [Event ID: bee9fe12-0885-11f1-85b3-000d3a1a0faf] | AUTOHOL: Holiday, 0"
Korea,2026-02-18,6467252,INTDAILY,T28,US-Dollar Auctions CHECK,UPDATE_NOTE,WROTE,,"AUTOHOL: Holiday, 02/18/2026"
Korea,2026-02-18,6467338,INTDAILY,R39,Exchange RATE Lag,UPDATE_NOTE,WROTE,,"AUTOHOL: Holiday, 02/18/2026"
Korea,2026-02-18,6467414,INTDAILY,F65,Interest Rates and Yields,UPDATE_NOTE,WROTE,,"AUTOHOL: Holiday, 02/18/2026"
Korea,2026-02-18,6467444,INTDAILY,Y59,Treasury Bill Auctions,UPDATE_NOTE,WROTE,,"AUTOHOL: Holiday, 02/18/2026"
Korea,2026-02-18,6467480,CMDTY,L56,Agricultral Products Wholesale Price,UPDATE_NOTE,WROTE,,"AUTOHOL: Holiday, 02/18/2026"
Korea,2026-02-18,6467483,INTDAILY,Y58,KOFR Leading,UPDATE_NOTE,WROTE,,"AUTOHOL: Holiday, 02/18/2026"
Korea,2026-02-18,6467485,INTDAILY,Y20,KOFR,UPDATE_NOTE,WROTE,,"AUTOHOL: Holiday, 02/18/2026"
Korea,2026-02-18,6467513,INTDAILY,U31,INTL Securities Activity,UPDATE_NOTE,WROTE,,"AUTOHOL: Holiday, 02/18/2026"
Korea,2026-02-18,6467514,INTDAILY,U32,INTL Securities Activity EVIEWS,UPDATE_NOTE,WROTE,,"AUTOHOL: Holiday, 02/18/2026"
Korea,2026-02-18,6467515,INTDAILY,U33,INTL Securities Custody,UPDATE_NOTE,WROTE,,"AUTOHOL: Holiday, 02/18/2026"
Korea,2026-02-18,6467531,INTDAILY,K20,Equity Flows,UPDATE_NOTE,WROTE,,"AUTOHOL: Holiday, 02/18/2026"
Korea,2026-02-18,6467532,INTDAILY,K10,Bond Flows,UPDATE_NOTE,WROTE,,"AUTOHOL: Holiday, 02/18/2026"
Korea,2026-02-18,6467541,INTDAILY,K90,KOFR Interest Rate Distribution,UPDATE_NOTE,WROTE,,"AUTOHOL: Holiday, 02/18/2026"
Korea,2026-02-18,6467596,INTDAILY,V99,KRX Foreign Ownership,UPDATE_NOTE,WROTE,,"AUTOHOL: Holiday, 02/18/2026"
Korea,2026-02-18,6467657,INTDAILY,U29,KOSPI Volatility 200 Index,UPDATE_NOTE,WROTE,,"AUTOHOL: Holiday, 02/18/2026"
Korea,2026-02-18,6467755,INTDAILY,M28,Korea Money Market Fund AUM,UPDATE_NOTE,WROTE,,"AUTOHOL: Holiday, 02/18/2026"
Korea,2026-02-18,6467833,INTDAILY,O08,[COMP] Agricultral Products Wholesale Price,UPDATE_NOTE,WROTE,,"AUTOHOL: Holiday, 02/18/2026"
Korea,2026-02-18,6467906,GLSECTOR,V36,Semiconductor Prices,UPDATE_NOTE,WROTE,,"AUTOHOL: Holiday, 02/18/2026"
Korea,2026-02-18,6467940,ASIAER,D48,HPI and MKT Trends  from (REB) [COMP],UPDATE_NOTE,WROTE,,"AUTOHOL: Holiday, 02/18/2026"
Korea,2026-02-18,6467946,ENERGY,"P66, P67, P68",Korea Fuel Prices,UPDATE_NOTE,WROTE,,"AUTOHOL: Holiday, 02/18/2026"
Korea,2026-02-18,6467947,INTDAILY,"B66, B67, B68",Korea Fuel Prices TRANSFER,UPDATE_NOTE,WROTE,,"AUTOHOL: Holiday, 02/18/2026"
Korea,2026-02-18,6467951,INTDAILY,E60,Interest Rates on Loans & Deposits,UPDATE_NOTE,WROTE,,"AUTOHOL: Holiday, 02/18/2026"
Korea,2026-02-18,6467991,INTDAILY,E53,Korea OMO: RP Purchases of Government Securities,UPDATE_NOTE,WROTE,,"AUTOHOL: Holiday, 02/18/2026"
Korea,2026-02-18,6467992,INTDAILY,E52,Korea OMO: RP Sales of Government Securities,UPDATE_NOTE,WROTE,,"AUTOHOL: Holiday, 02/18/2026"
Korea,2026-02-18,6467993,INTDAILY,E46,Korea OMO: Monetary Stabilization Account Operations,UPDATE_NOTE,WROTE,,"AUTOHOL: Holiday, 02/18/2026"
Korea,2026-02-18,6467994,INTDAILY,E61,Korea OMO: Monetary Stabilization Bond Operations,UPDATE_NOTE,WROTE,,"AUTOHOL: Holiday, 02/18/2026"
Malaysia,2026-02-17,6468057,INTDAILY,S74,Market Indices,UPDATE_NOTE,WROTE,,"AUTOHOL: Holiday, 02/17/2026"
Malaysia,2026-02-17,6468058,INTDAILY,R51,Exchange Rates,UPDATE_NOTE,WROTE,,"AUTOHOL: Holiday, 02/17/2026"
Malaysia,2026-02-17,6468059,INTDAILY,W15,Overall Operations Rates & Volumes,UPDATE_NOTE,WROTE,,"AUTOHOL: Holiday, 02/17/2026"
Malaysia,2026-02-17,6468453,CMDTY,L81,Crude Palm Oil,UPDATE_NOTE,WROTE,,"AUTOHOL: Holiday, 02/17/2026"
Malaysia,2026-02-17,6468473,INTDAILY,V52,Asian Stock Market- KLSE,UPDATE_NOTE,WROTE,,"AUTOHOL: Holiday, 02/17/2026"
Malaysia,2026-02-17,6468527,INTDAILY,P82,Closing Rubber,UPDATE_NOTE,WROTE,,"AUTOHOL: Holiday, 02/17/2026"
Malaysia,2026-02-17,6468528,CMDTY,L82,Closing Rubber  CMDTY Transfer,UPDATE_NOTE,WROTE,,"AUTOHOL: Holiday, 02/17/2026"
Malaysia,2026-02-17,6468535,INTDAILY,G72,Government Bonds,UPDATE_NOTE,WROTE,,"AUTOHOL: Holiday, 02/17/2026"
Malaysia,2026-02-17,6468596,INTDAILY,W10,Money Market Operations Rates & Volumes,UPDATE_NOTE,WROTE,,"AUTOHOL: Holiday, 02/17/2026"
Malaysia,2026-02-17,6468692,INTDAILY,W94,Kuala Lumpur USD/MYR Reference Rate,UPDATE_NOTE,WROTE,,"AUTOHOL: Holiday, 02/17/2026"
Malaysia,2026-02-17,6468706,INTDAILY,W49,Gold Bullion Prices,UPDATE_NOTE,WROTE,,"AUTOHOL: Holiday, 02/17/2026"
Malaysia,2026-02-17,6468707,INTDAILY,H49,Gold Prices MID-RATE,UPDATE_NOTE,WROTE,,"AUTOHOL: Holiday, 02/17/2026"
Malaysia,2026-02-17,6468713,CMDTY,L67,Gold Bullion Prices Comp,UPDATE_NOTE,WROTE,,"AUTOHOL: Holiday, 02/17/2026"
Malaysia,2026-02-17,6468717,INTDAILY,W21,Malaysia Islamic Interbank,UPDATE_NOTE,WROTE,,"AUTOHOL: Holiday, 02/17/2026"
Malaysia,2026-02-17,6468780,CMDTY,M02,Malaysia Crude Palm Oil Transfer,UPDATE_NOTE,WROTE,,"AUTOHOL: Holiday, 02/17/2026"
Malaysia,2026-02-17,6468781,INTDAILY,X70,Malaysia Crude Palm Oil Price,UPDATE_NOTE,WROTE,,"AUTOHOL: Holiday, 02/17/2026"
Malaysia,2026-02-17,6469051,INTDAILY,T95,KLIBOR Rates,UPDATE_NOTE,WROTE,,"AUTOHOL: Holiday, 02/17/2026"
Malaysia,2026-02-17,6469058,INTDAILY,W14,Interbank Swaps,UPDATE_NOTE,WROTE,,"AUTOHOL: Holiday, 02/17/2026"
Malaysia,2026-02-17,6469059,INTDAILY,W12,Interbank Volume and Rate,UPDATE_NOTE,WROTE,,"AUTOHOL: Holiday, 02/17/2026"
Malaysia,2026-02-17,6469060,INTDAILY,W11,Bond Volume,UPDATE_NOTE,WROTE,,"AUTOHOL: Holiday, 02/17/2026"
Malaysia,2026-02-17,6469061,INTDAILY,W13,Malaysia Bond FX,UPDATE_NOTE,WROTE,,"AUTOHOL: Holiday, 02/17/2026"
Malaysia,2026-02-17,6469217,INTDAILY,C66,Malaysia Overnight Rate (MYOR),UPDATE_NOTE,WROTE,,"AUTOHOL: Holiday, 02/17/2026"
Malaysia,2026-02-17,6469220,INTDAILY,C67,Islamic Overnight Rate,UPDATE_NOTE,WROTE,,"AUTOHOL: Holiday, 02/17/2026"
Malaysia,2026-02-17,6469613,INTDAILY,E38,Central Bank Liquidity Positions,UPDATE_NOTE,WROTE,,"AUTOHOL: Holiday, 02/17/2026"
Malaysia,2026-02-17,6469614,INTDAILY,E37,Central Bank OMOs,UPDATE_NOTE,WROTE,,"AUTOHOL: Holiday, 02/17/2026"
Malaysia,2026-02-17,6469694,INTDAILY,O06,Non-Resident Bond Holdings,UPDATE_NOTE,WROTE,,"AUTOHOL: Holiday, 02/17/2026"
Malaysia,2026-02-18,6466332,INTDAILY,S74,Market Indices,UPDATE_NOTE,WROTE,,"AUTOHOL: Holiday, 02/18/2026"
Malaysia,2026-02-18,6466333,INTDAILY,R51,Exchange Rates,UPDATE_NOTE,WROTE,,"AUTOHOL: Holiday, 02/18/2026"
Malaysia,2026-02-18,6466334,INTDAILY,W15,Overall Operations Rates & Volumes,UPDATE_NOTE,WROTE,,"AUTOHOL: Holiday, 02/18/2026"
Malaysia,2026-02-18,6466736,CMDTY,L81,Crude Palm Oil,UPDATE_NOTE,WROTE,,"AUTOHOL: Holiday, 02/18/2026"
Malaysia,2026-02-18,6466755,INTDAILY,V52,Asian Stock Market- KLSE,UPDATE_NOTE,WROTE,,"AUTOHOL: Holiday, 02/18/2026"
Malaysia,2026-02-18,6466809,INTDAILY,P82,Closing Rubber,UPDATE_NOTE,WROTE,,"AUTOHOL: Holiday, 02/18/2026"
Malaysia,2026-02-18,6466810,CMDTY,L82,Closing Rubber  CMDTY Transfer,UPDATE_NOTE,WROTE,,"AUTOHOL: Holiday, 02/18/2026"
Malaysia,2026-02-18,6466815,INTDAILY,G72,Government Bonds,UPDATE_NOTE,WROTE,,"AUTOHOL: Holiday, 02/18/2026"
Malaysia,2026-02-18,6466872,INTDAILY,W10,Money Market Operations Rates & Volumes,UPDATE_NOTE,WROTE,,"AUTOHOL: Holiday, 02/18/2026"
Malaysia,2026-02-18,6466966,INTDAILY,W94,Kuala Lumpur USD/MYR Reference Rate,UPDATE_NOTE,WROTE,,"AUTOHOL: Holiday, 02/18/2026"
Malaysia,2026-02-18,6466980,INTDAILY,W49,Gold Bullion Prices,UPDATE_NOTE,WROTE,,"AUTOHOL: Holiday, 02/18/2026"
Malaysia,2026-02-18,6466981,INTDAILY,H49,Gold Prices MID-RATE,UPDATE_NOTE,WROTE,,"AUTOHOL: Holiday, 02/18/2026"
Malaysia,2026-02-18,6466986,CMDTY,L67,Gold Bullion Prices Comp,UPDATE_NOTE,WROTE,,"AUTOHOL: Holiday, 02/18/2026"
Malaysia,2026-02-18,6466990,INTDAILY,W21,Malaysia Islamic Interbank,UPDATE_NOTE,WROTE,,"AUTOHOL: Holiday, 02/18/2026"
Malaysia,2026-02-18,6467002,INTWKLY,P32,Retail Pump Prices COMP [Press],UPDATE_NOTE,WROTE,,"AUTOHOL: Holiday, 02/18/2026"
Malaysia,2026-02-18,6467019,CMDTY,L24,Retail Pump Prices COMP [Press],UPDATE_NOTE,WROTE,,"AUTOHOL: Holiday, 02/18/2026"
Malaysia,2026-02-18,6467058,CMDTY,M02,Malaysia Crude Palm Oil Transfer,UPDATE_NOTE,WROTE,,"AUTOHOL: Holiday, 02/18/2026"
Malaysia,2026-02-18,6467059,INTDAILY,X70,Malaysia Crude Palm Oil Price,UPDATE_NOTE,WROTE,,"AUTOHOL: Holiday, 02/18/2026"
Malaysia,2026-02-18,6467337,INTDAILY,T95,KLIBOR Rates,UPDATE_NOTE,WROTE,,"AUTOHOL: Holiday, 02/18/2026"
Malaysia,2026-02-18,6467344,INTDAILY,W14,Interbank Swaps,UPDATE_NOTE,WROTE,,"AUTOHOL: Holiday, 02/18/2026"
Malaysia,2026-02-18,6467345,INTDAILY,W12,Interbank Volume and Rate,UPDATE_NOTE,WROTE,,"AUTOHOL: Holiday, 02/18/2026"
Malaysia,2026-02-18,6467346,INTDAILY,W11,Bond Volume,UPDATE_NOTE,WROTE,,"AUTOHOL: Holiday, 02/18/2026"
Malaysia,2026-02-18,6467347,INTDAILY,W13,Malaysia Bond FX,UPDATE_NOTE,WROTE,,"AUTOHOL: Holiday, 02/18/2026"
Malaysia,2026-02-18,6467394,INTDAILY,C58,Malaysia MTB/MITB Auction Data,UPDATE_NOTE,WROTE,,"AUTOHOL: Holiday, 02/18/2026"
Malaysia,2026-02-18,6467396,ENERGY,K43,Retail Pump Prices [Press],UPDATE_NOTE,WROTE,,"AUTOHOL: Holiday, 02/18/2026"
Malaysia,2026-02-18,6467518,INTDAILY,C66,Malaysia Overnight Rate (MYOR),UPDATE_NOTE,WROTE,,"AUTOHOL: Holiday, 02/18/2026"
Malaysia,2026-02-18,6467522,INTDAILY,C67,Islamic Overnight Rate,UPDATE_NOTE,WROTE,,"AUTOHOL: Holiday, 02/18/2026"
Malaysia,2026-02-18,6467920,INTDAILY,E38,Central Bank Liquidity Positions,UPDATE_NOTE,WROTE,,"AUTOHOL: Holiday, 02/18/2026"
Malaysia,2026-02-18,6467921,INTDAILY,E37,Central Bank OMOs,UPDATE_NOTE,WROTE,,"AUTOHOL: Holiday, 02/18/2026"
Malaysia,2026-02-18,6468003,INTDAILY,O06,Non-Resident Bond Holdings,UPDATE_NOTE,WROTE,,"AUTOHOL: Holiday, 02/18/2026"
Philippines,2026-02-17,6468076,INTDAILY,N56,Interest & Commodity Prices,UPDATE_NOTE,WROTE,,"AUTOHOL: Holiday, 02/17/2026"
Philippines,2026-02-17,6468328,INTDAILY,F64,Exchange Rates,UPDATE_NOTE,WROTE,,"AUTOHOL: Holiday, 02/17/2026"
Philippines,2026-02-17,6468474,INTDAILY,V53,Asian Stock Market- Manila Composite,UPDATE_NOTE,WROTE,,"AUTOHOL: Holiday, 02/17/2026"
Philippines,2026-02-17,6468741,INTWKLY,G58,Term Deposit Facility Auctions,UPDATE_NOTE,WROTE,,"AUTOHOL: Holiday, 02/17/2026"
Philippines,2026-02-17,6469088,CMDTY,L26,Agricultural Prices,UPDATE_NOTE,WROTE,,"AUTOHOL: Holiday, 02/17/2026"
Philippines,2026-02-17,6469261,CMDTY,L04,Agricultural Prices (Average Calculation),UPDATE_NOTE,WROTE,,"AUTOHOL: Holiday, 02/17/2026"
Philippines,2026-02-17,6469371,INTDAILY,F66,Commodity Prices,UPDATE_NOTE,WROTE,,"AUTOHOL: Holiday, 02/17/2026"
Philippines,2026-02-17,6469399,ASEANR,D13,Daily Minimum Wages,UPDATE_NOTE,WROTE,,"AUTOHOL: Holiday, 02/17/2026"
Philippines,2026-02-17,6469530,INTDAILY,N35,Agricultural Prices - Transfer to INTDAILY,UPDATE_NOTE,WROTE,,"AUTOHOL: Holiday, 02/17/2026"
Russia,2026-02-21,6471998,INTDAILY,P93,Russia VIX (NEW),UPDATE_NOTE,WROTE,,"AUTOHOL: Holiday, 02/21/2026"
Russia,2026-02-22,6471614,INTDAILY,"P88, A98, A99",Deposit Accounts,UPDATE_NOTE,WROTE,,"AUTOHOL: Holiday, 02/22/2026"
Russia,2026-02-22,6471619,INTDAILY,"P87, P40, P80",RTS Indexes Mkt,UPDATE_NOTE,WROTE,,"AUTOHOL: Holiday, 02/22/2026"
Russia,2026-02-22,6471625,INTDAILY,"J26, D98, D99",Fixed Repo,UPDATE_NOTE,WROTE,,"AUTOHOL: Holiday, 02/22/2026"
Russia,2026-02-22,6471630,INTDAILY,"G14, B78, B79",Ruble Overnight Average,UPDATE_NOTE,WROTE,,"AUTOHOL: Holiday, 02/22/2026"
Russia,2026-02-22,6471634,INTDAILY,"G17, A95, A96",Loan Debt,UPDATE_NOTE,WROTE,,"AUTOHOL: Holiday, 02/22/2026"
Russia,2026-02-22,6471637,INTDAILY,"V27, B53, B54",Factors Affectiing Banking Sector Liquidity,UPDATE_NOTE,WROTE,,"AUTOHOL: Holiday, 02/22/2026"
Russia,2026-02-22,6471638,INTDAILY,P93,Russia VIX (NEW),UPDATE_NOTE,WROTE,,"AUTOHOL: Holiday, 02/22/2026"
Russia,2026-02-22,6471639,INTDAILY,"I58, A13, A19",Deposit Rates,UPDATE_NOTE,WROTE,,"AUTOHOL: Holiday, 02/22/2026"
Russia,2026-02-22,6471658,INTDAILY,J85,Repo Auctions,UPDATE_NOTE,WROTE,,"AUTOHOL: Holiday, 02/22/2026"
Russia,2026-02-22,6471668,INTDAILY,"J94, K95, K96",Repo Transactions,UPDATE_NOTE,WROTE,,"AUTOHOL: Holiday, 02/22/2026"
Russia,2026-02-22,6471673,INTDAILY,V89,ROISfix,UPDATE_NOTE,WROTE,,"AUTOHOL: Holiday, 02/22/2026"
Russia,2026-02-22,6471708,INTDAILY,"G38, A11, A12",Banking Sector Structural Liquidity,UPDATE_NOTE,WROTE,,"AUTOHOL: Holiday, 02/22/2026"
Russia,2026-02-22,6471726,INTDAILY,"G08, A21, A22",Intraday Loans,UPDATE_NOTE,WROTE,,"AUTOHOL: Holiday, 02/22/2026"
Russia,2026-02-22,6471748,INTDAILY,"P77, A93, A79",Correspondent Accounts,UPDATE_NOTE,WROTE,,"AUTOHOL: Holiday, 02/22/2026"
Russia,2026-02-22,6471886,INTDAILY,"I26, N27, N28",RUONIA Index,UPDATE_NOTE,WROTE,,"AUTOHOL: Holiday, 02/22/2026"
Russia,2026-02-22,6471992,INTDAILY,"C32, C33, C34",RUSFAR Accrued Yield Index,UPDATE_NOTE,WROTE,,"AUTOHOL: Holiday, 02/22/2026"
Russia,2026-02-22,6471993,INTDAILY,"B95, B96, B97",RUSFAR,UPDATE_NOTE,WROTE,,"AUTOHOL: Holiday, 02/22/2026"
Serbia,2026-02-16,6453056,INTDAILY,R60,Exchange Rates,UPDATE_NOTE,WROTE,,"AUTOHOL: Holiday, 02/16/2026"
Serbia,2026-02-16,6453221,INTDAILY,G92,Belex Stock,UPDATE_NOTE,WROTE,,"AUTOHOL: Holiday, 02/16/2026"
Serbia,2026-02-16,6453353,INTDAILY,J57,BEONIA,UPDATE_NOTE,WROTE,,"AUTOHOL: Holiday, 02/16/2026"
Serbia,2026-02-16,6453355,INTWKLY,J58,BEONIA Aggregation,UPDATE_NOTE,WROTE,,"AUTOHOL: Holiday, 02/16/2026"
Serbia,2026-02-16,6454116,INTDAILY,T85,FX Transactions,UPDATE_NOTE,WROTE,,"AUTOHOL: Holiday, 02/16/2026"
Serbia,2026-02-16,6454495,INTDAILY,J58,BELIBOR,UPDATE_NOTE,WROTE,,"AUTOHOL: Holiday, 02/16/2026"
Serbia,2026-02-16,6454698,INTDAILY,L40,Serbia Secondary Trading Maturities,UPDATE_NOTE,WROTE,,"AUTOHOL: Holiday, 02/16/2026"
Serbia,2026-02-16,6454699,INTWKLY,L41,Serbia Secondary Trading Maturities Aggregation,UPDATE_NOTE,WROTE,,"AUTOHOL: Holiday, 02/16/2026"
Serbia,2026-02-17,6468083,INTDAILY,R60,Exchange Rates,UPDATE_NOTE,WROTE,,"AUTOHOL: Holiday, 02/17/2026"
Serbia,2026-02-17,6468243,INTDAILY,G92,Belex Stock,UPDATE_NOTE,WROTE,,"AUTOHOL: Holiday, 02/17/2026"
Serbia,2026-02-17,6468367,INTDAILY,J57,BEONIA,UPDATE_NOTE,WROTE,,"AUTOHOL: Holiday, 02/17/2026"
Serbia,2026-02-17,6469065,INTDAILY,T85,FX Transactions,UPDATE_NOTE,WROTE,,"AUTOHOL: Holiday, 02/17/2026"
Serbia,2026-02-17,6469066,INTWKLY,M55,FX Transactions Agg,UPDATE_NOTE,WROTE,,"AUTOHOL: Holiday, 02/17/2026"
Serbia,2026-02-17,6469406,INTDAILY,J58,BELIBOR,UPDATE_NOTE,WROTE,,"AUTOHOL: Holiday, 02/17/2026"
Serbia,2026-02-17,6469603,INTDAILY,L40,Serbia Secondary Trading Maturities,UPDATE_NOTE,WROTE,,"AUTOHOL: Holiday, 02/17/2026"
Singapore,2026-02-17,6468084,INTDAILY,I44,Bond Yields,UPDATE_NOTE,WROTE,,"AUTOHOL: Holiday, 02/17/2026"
Singapore,2026-02-17,6468138,INTDAILY,R52,Exchange Rate,UPDATE_NOTE,WROTE,,"AUTOHOL: Holiday, 02/17/2026"
Singapore,2026-02-17,6468475,INTDAILY,V54,Asian Stock Market- Straits Times,UPDATE_NOTE,WROTE,,"AUTOHOL: Holiday, 02/17/2026"
Singapore,2026-02-17,6468515,INTDAILY,V79,Pollution Index,UPDATE_NOTE,WROTE,,"AUTOHOL: Holiday, 02/17/2026"
Singapore,2026-02-17,6468536,INTDAILY,H16,Pollution Index EVIEWS Calculation,UPDATE_NOTE,WROTE,,"AUTOHOL: Holiday, 02/17/2026"
Singapore,2026-02-17,6469004,INTDAILY,I02,Interest Rates,UPDATE_NOTE,WROTE,,"AUTOHOL: Holiday, 02/17/2026"
Singapore,2026-02-17,6469005,INTDAILY,T35,SORA Rates,UPDATE_NOTE,WROTE,,"AUTOHOL: Holiday, 02/17/2026"
Singapore,2026-02-17,6469071,INTDAILY,T36,Overnight Rate,UPDATE_NOTE,WROTE,,"AUTOHOL: Holiday, 02/17/2026"
Singapore,2026-02-17,6469150,INTDAILY,T90,MAS Bills,UPDATE_NOTE,WROTE,,"AUTOHOL: Holiday, 02/17/2026"
Singapore,2026-02-17,6469391,INTDAILY,K28,Singapore MAS Bills Auction,UPDATE_NOTE,WROTE,,"AUTOHOL: Holiday, 02/17/2026"
Singapore,2026-02-18,6466359,INTDAILY,I44,Bond Yields,UPDATE_NOTE,WROTE,,"AUTOHOL: Holiday, 02/18/2026"
Singapore,2026-02-18,6466414,INTDAILY,R52,Exchange Rate,UPDATE_NOTE,WROTE,,"AUTOHOL: Holiday, 02/18/2026"
Singapore,2026-02-18,6466757,INTDAILY,V54,Asian Stock Market- Straits Times,UPDATE_NOTE,WROTE,,"AUTOHOL: Holiday, 02/18/2026"
Singapore,2026-02-18,6466797,INTDAILY,V79,Pollution Index,UPDATE_NOTE,WROTE,,"AUTOHOL: Holiday, 02/18/2026"
Singapore,2026-02-18,6466816,INTDAILY,H16,Pollution Index EVIEWS Calculation,UPDATE_NOTE,WROTE,,"AUTOHOL: Holiday, 02/18/2026"
Singapore,2026-02-18,6467294,INTDAILY,I02,Interest Rates,UPDATE_NOTE,WROTE,,"AUTOHOL: Holiday, 02/18/2026"
Singapore,2026-02-18,6467295,INTDAILY,T35,SORA Rates,UPDATE_NOTE,WROTE,,"AUTOHOL: Holiday, 02/18/2026"
Singapore,2026-02-18,6467358,INTDAILY,T36,Overnight Rate,UPDATE_NOTE,WROTE,,"AUTOHOL: Holiday, 02/18/2026"
Singapore,2026-02-18,6467449,INTDAILY,T90,MAS Bills,UPDATE_NOTE,WROTE,,"AUTOHOL: Holiday, 02/18/2026"
Venezuela,2026-02-16,6453106,INTDAILY,R53,Exchange Rates,UPDATE_NOTE,WROTE,,"AUTOHOL: Holiday, 02/16/2026"
Venezuela,2026-02-16,6453303,INTDAILY,W38,Caracas Stock Market Index,UPDATE_NOTE,WROTE,,"AUTOHOL: Holiday, 02/16/2026"
Venezuela,2026-02-16,6453396,INTDAILY,H30,Mid-Rate Calculation,UPDATE_NOTE,WROTE,,"AUTOHOL: Holiday, 02/16/2026"
Venezuela,2026-02-16,6453407,INTDAILY,J78,International Reserves,UPDATE_NOTE,WROTE,,"AUTOHOL: Holiday, 02/16/2026"
Venezuela,2026-02-16,6453610,INTWKLY,J81,International Reserves AGG,UPDATE_NOTE,WROTE,,"AUTOHOL: Holiday, 02/16/2026"
Venezuela,2026-02-16,6453666,INTDAILY,W68,Venezuela Overnight Rates,UPDATE_NOTE,WROTE,,"AUTOHOL: Holiday, 02/16/2026"
Venezuela,2026-02-16,6453927,INTDAILY,Y35,Reference Exchange Rates,UPDATE_NOTE,WROTE,,"AUTOHOL: Holiday, 02/16/2026"
Venezuela,2026-02-16,6453928,INTDAILY,Y33,Reference Exchange Mid Rates,UPDATE_NOTE,WROTE,,"AUTOHOL: Holiday, 02/16/2026"
Venezuela,2026-02-16,6453929,INTWKLY,"Y37, Y38",Reference Exchange Rates AGG,UPDATE_NOTE,WROTE,,"AUTOHOL: Holiday, 02/16/2026"
Venezuela,2026-02-17,6468124,INTDAILY,R53,Exchange Rates,UPDATE_NOTE,WROTE,,"AUTOHOL: Holiday, 02/17/2026"
Venezuela,2026-02-17,6468322,INTDAILY,W38,Caracas Stock Market Index,UPDATE_NOTE,WROTE,,"AUTOHOL: Holiday, 02/17/2026"
Venezuela,2026-02-17,6468409,INTDAILY,H30,Mid-Rate Calculation,UPDATE_NOTE,WROTE,,"AUTOHOL: Holiday, 02/17/2026"
Venezuela,2026-02-17,6468416,INTDAILY,J78,International Reserves,UPDATE_NOTE,WROTE,,"AUTOHOL: Holiday, 02/17/2026"
Venezuela,2026-02-17,6468664,INTDAILY,W68,Venezuela Overnight Rates,UPDATE_NOTE,WROTE,,"AUTOHOL: Holiday, 02/17/2026"
Venezuela,2026-02-17,6468901,INTDAILY,Y35,Reference Exchange Rates,UPDATE_NOTE,WROTE,,"AUTOHOL: Holiday, 02/17/2026"
Venezuela,2026-02-17,6468902,INTDAILY,Y33,Reference Exchange Mid Rates,UPDATE_NOTE,WROTE,,"AUTOHOL: Holiday, 02/17/2026"
Vietnam,2026-02-16,6453107,INTDAILY,R76,Exchange Rate,SKIP_NO_CHANGE,SKIP_NO_CHANGE,"AUTOHOL: Holiday, 02/16/2026","AUTOHOL: Holiday, 02/16/2026"
Vietnam,2026-02-16,6453276,INTDAILY,G96,VI Index,SKIP_NO_CHANGE,SKIP_NO_CHANGE,"AUTOHOL: Holiday, 02/16/2026","AUTOHOL: Holiday, 02/16/2026"
Vietnam,2026-02-16,6453397,INTDAILY,H14,[ Mid-Rate Calculation] Exchange Rates,SKIP_NO_CHANGE,SKIP_NO_CHANGE,"AUTOHOL: Holiday, 02/16/2026","AUTOHOL: Holiday, 02/16/2026"
Vietnam,2026-02-16,6453491,INTDAILY,V69,3 Month Deposit Rate,SKIP_NO_CHANGE,SKIP_NO_CHANGE,"AUTOHOL: Holiday, 02/16/2026","AUTOHOL: Holiday, 02/16/2026"
Vietnam,2026-02-16,6453595,INTDAILY,"W19, W20",State Bank Exchange Rates,SKIP_NO_CHANGE,SKIP_NO_CHANGE,"AUTOHOL: Holiday, 02/16/2026","AUTOHOL: Holiday, 02/16/2026"
Vietnam,2026-02-16,6453596,INTDAILY,W23,Vietnam Interbank Rate,SKIP_NO_CHANGE,SKIP_NO_CHANGE,"AUTOHOL: Holiday, 02/16/2026","AUTOHOL: Holiday, 02/16/2026"
Vietnam,2026-02-16,6453597,INTDAILY,H07,State Bank Exchange Rates Mid-Rates Calculation,SKIP_NO_CHANGE,SKIP_NO_CHANGE,"AUTOHOL: Holiday, 02/16/2026","AUTOHOL: Holiday, 02/16/2026"
Vietnam,2026-02-16,6454142,INTWKLY,H66,Interbank Rate Agg,SKIP_NO_CHANGE,SKIP_NO_CHANGE,"AUTOHOL: Holiday, 02/16/2026","AUTOHOL: Holiday, 02/16/2026"
Vietnam,2026-02-16,6454208,INTDAILY,H94,Government Bond Auctions,SKIP_NO_CHANGE,SKIP_NO_CHANGE,"AUTOHOL: Holiday, 02/16/2026","AUTOHOL: Holiday, 02/16/2026"
Vietnam,2026-02-16,6454508,ENERGY,K11,Vietnam Pump Prices,SKIP_NO_CHANGE,SKIP_NO_CHANGE,"AUTOHOL: Holiday, 02/16/2026","AUTOHOL: Holiday, 02/16/2026"
Vietnam,2026-02-16,6454509,INTDAILY,P61,Vietnam Pump Prices - INTD Transfer,SKIP_NO_CHANGE,SKIP_NO_CHANGE,"AUTOHOL: Holiday, 02/16/2026","AUTOHOL: Holiday, 02/16/2026"
Vietnam,2026-02-16,6454639,INTDAILY,K61,Open Market Operations,SKIP_NO_CHANGE,SKIP_NO_CHANGE,"AUTOHOL: Holiday, 02/16/2026","AUTOHOL: Holiday, 02/16/2026"
Vietnam,2026-02-17,6468125,INTDAILY,R76,Exchange Rate,SKIP_NO_CHANGE,SKIP_NO_CHANGE,"AUTOHOL: Holiday, 02/17/2026","AUTOHOL: Holiday, 02/17/2026"
Vietnam,2026-02-17,6468297,INTDAILY,G96,VI Index,SKIP_NO_CHANGE,SKIP_NO_CHANGE,"AUTOHOL: Holiday, 02/17/2026","AUTOHOL: Holiday, 02/17/2026"
Vietnam,2026-02-17,6468410,INTDAILY,H14,[ Mid-Rate Calculation] Exchange Rates,SKIP_NO_CHANGE,SKIP_NO_CHANGE,"AUTOHOL: Holiday, 02/17/2026","AUTOHOL: Holiday, 02/17/2026"
Vietnam,2026-02-17,6468496,INTDAILY,V69,3 Month Deposit Rate,SKIP_NO_CHANGE,SKIP_NO_CHANGE,"AUTOHOL: Holiday, 02/17/2026","AUTOHOL: Holiday, 02/17/2026"
Vietnam,2026-02-17,6468607,INTDAILY,"W19, W20",State Bank Exchange Rates,SKIP_NO_CHANGE,SKIP_NO_CHANGE,"AUTOHOL: Holiday, 02/17/2026","AUTOHOL: Holiday, 02/17/2026"
Vietnam,2026-02-17,6468608,INTDAILY,W23,Vietnam Interbank Rate,SKIP_NO_CHANGE,SKIP_NO_CHANGE,"AUTOHOL: Holiday, 02/17/2026","AUTOHOL: Holiday, 02/17/2026"
Vietnam,2026-02-17,6468609,INTDAILY,H07,State Bank Exchange Rates Mid-Rates Calculation,SKIP_NO_CHANGE,SKIP_NO_CHANGE,"AUTOHOL: Holiday, 02/17/2026","AUTOHOL: Holiday, 02/17/2026"
Vietnam,2026-02-17,6469135,INTDAILY,H94,Government Bond Auctions,SKIP_NO_CHANGE,SKIP_NO_CHANGE,"AUTOHOL: Holiday, 02/17/2026","AUTOHOL: Holiday, 02/17/2026"
Vietnam,2026-02-17,6469416,ENERGY,K11,Vietnam Pump Prices,SKIP_NO_CHANGE,SKIP_NO_CHANGE,"AUTOHOL: Holiday, 02/17/2026","AUTOHOL: Holiday, 02/17/2026"
Vietnam,2026-02-17,6469417,INTDAILY,P61,Vietnam Pump Prices - INTD Transfer,SKIP_NO_CHANGE,SKIP_NO_CHANGE,"AUTOHOL: Holiday, 02/17/2026","AUTOHOL: Holiday, 02/17/2026"
Vietnam,2026-02-17,6469550,INTDAILY,K61,Open Market Operations,SKIP_NO_CHANGE,SKIP_NO_CHANGE,"AUTOHOL: Holiday, 02/17/2026","AUTOHOL: Holiday, 02/17/2026"
Vietnam,2026-02-18,6466400,INTDAILY,R76,Exchange Rate,SKIP_NO_CHANGE,SKIP_NO_CHANGE,"AUTOHOL: Holiday, 02/18/2026","AUTOHOL: Holiday, 02/18/2026"
Vietnam,2026-02-18,6466573,INTDAILY,G96,VI Index,SKIP_NO_CHANGE,SKIP_NO_CHANGE,"AUTOHOL: Holiday, 02/18/2026","AUTOHOL: Holiday, 02/18/2026"
Vietnam,2026-02-18,6466688,INTDAILY,H14,[ Mid-Rate Calculation] Exchange Rates,SKIP_NO_CHANGE,SKIP_NO_CHANGE,"AUTOHOL: Holiday, 02/18/2026","AUTOHOL: Holiday, 02/18/2026"
Vietnam,2026-02-18,6466778,INTDAILY,V69,3 Month Deposit Rate,SKIP_NO_CHANGE,SKIP_NO_CHANGE,"AUTOHOL: Holiday, 02/18/2026","AUTOHOL: Holiday, 02/18/2026"
Vietnam,2026-02-18,6466883,INTDAILY,"W19, W20",State Bank Exchange Rates,SKIP_NO_CHANGE,SKIP_NO_CHANGE,"AUTOHOL: Holiday, 02/18/2026","AUTOHOL: Holiday, 02/18/2026"
Vietnam,2026-02-18,6466884,INTDAILY,W23,Vietnam Interbank Rate,SKIP_NO_CHANGE,SKIP_NO_CHANGE,"AUTOHOL: Holiday, 02/18/2026","AUTOHOL: Holiday, 02/18/2026"
Vietnam,2026-02-18,6466885,INTDAILY,H07,State Bank Exchange Rates Mid-Rates Calculation,SKIP_NO_CHANGE,SKIP_NO_CHANGE,"AUTOHOL: Holiday, 02/18/2026","AUTOHOL: Holiday, 02/18/2026"
Vietnam,2026-02-18,6467430,INTDAILY,H94,Government Bond Auctions,SKIP_NO_CHANGE,SKIP_NO_CHANGE,"AUTOHOL: Holiday, 02/18/2026","AUTOHOL: Holiday, 02/18/2026"
Vietnam,2026-02-18,6467716,ENERGY,K11,Vietnam Pump Prices,SKIP_NO_CHANGE,SKIP_NO_CHANGE,"AUTOHOL: Holiday, 02/18/2026","AUTOHOL: Holiday, 02/18/2026"
Vietnam,2026-02-18,6467717,INTDAILY,P61,Vietnam Pump Prices - INTD Transfer,SKIP_NO_CHANGE,SKIP_NO_CHANGE,"AUTOHOL: Holiday, 02/18/2026","AUTOHOL: Holiday, 02/18/2026"
Vietnam,2026-02-18,6467856,INTDAILY,K61,Open Market Operations,SKIP_NO_CHANGE,SKIP_NO_CHANGE,"AUTOHOL: Holiday, 02/18/2026","AUTOHOL: Holiday, 02/18/2026"
Vietnam,2026-02-19,6464600,INTDAILY,R76,Exchange Rate,SKIP_NO_CHANGE,SKIP_NO_CHANGE,"AUTOHOL: Holiday, 02/19/2026","AUTOHOL: Holiday, 02/19/2026"
Vietnam,2026-02-19,6464780,INTDAILY,G96,VI Index,SKIP_NO_CHANGE,SKIP_NO_CHANGE,"AUTOHOL: Holiday, 02/19/2026","AUTOHOL: Holiday, 02/19/2026"
Vietnam,2026-02-19,6464907,INTDAILY,H14,[ Mid-Rate Calculation] Exchange Rates,SKIP_NO_CHANGE,SKIP_NO_CHANGE,"AUTOHOL: Holiday, 02/19/2026","AUTOHOL: Holiday, 02/19/2026"
Vietnam,2026-02-19,6464993,INTDAILY,V69,3 Month Deposit Rate,SKIP_NO_CHANGE,SKIP_NO_CHANGE,"AUTOHOL: Holiday, 02/19/2026","AUTOHOL: Holiday, 02/19/2026"
Vietnam,2026-02-19,6465103,INTDAILY,"W19, W20",State Bank Exchange Rates,SKIP_NO_CHANGE,SKIP_NO_CHANGE,"AUTOHOL: Holiday, 02/19/2026","AUTOHOL: Holiday, 02/19/2026"
Vietnam,2026-02-19,6465104,INTDAILY,W23,Vietnam Interbank Rate,SKIP_NO_CHANGE,SKIP_NO_CHANGE,"AUTOHOL: Holiday, 02/19/2026","AUTOHOL: Holiday, 02/19/2026"
Vietnam,2026-02-19,6465105,INTDAILY,H07,State Bank Exchange Rates Mid-Rates Calculation,SKIP_NO_CHANGE,SKIP_NO_CHANGE,"AUTOHOL: Holiday, 02/19/2026","AUTOHOL: Holiday, 02/19/2026"
Vietnam,2026-02-19,6465106,INTWKLY,H88,Exchange Rate Aggregation,SKIP_NO_CHANGE,SKIP_NO_CHANGE,"AUTOHOL: Holiday, 02/19/2026","AUTOHOL: Holiday, 02/19/2026"
Vietnam,2026-02-19,6465687,INTDAILY,H94,Government Bond Auctions,SKIP_NO_CHANGE,SKIP_NO_CHANGE,"AUTOHOL: Holiday, 02/19/2026","AUTOHOL: Holiday, 02/19/2026"
Vietnam,2026-02-19,6465983,ENERGY,K11,Vietnam Pump Prices,SKIP_NO_CHANGE,SKIP_NO_CHANGE,"AUTOHOL: Holiday, 02/19/2026","AUTOHOL: Holiday, 02/19/2026"
Vietnam,2026-02-19,6465984,INTDAILY,P61,Vietnam Pump Prices - INTD Transfer,SKIP_NO_CHANGE,SKIP_NO_CHANGE,"AUTOHOL: Holiday, 02/19/2026","AUTOHOL: Holiday, 02/19/2026"
Vietnam,2026-02-19,6466121,INTDAILY,K61,Open Market Operations,SKIP_NO_CHANGE,SKIP_NO_CHANGE,"AUTOHOL: Holiday, 02/19/2026","AUTOHOL: Holiday, 02/19/2026"
Vietnam,2026-02-20,6462604,INTDAILY,R76,Exchange Rate,SKIP_NO_CHANGE,SKIP_NO_CHANGE,"AUTOHOL: Holiday, 02/20/2026","AUTOHOL: Holiday, 02/20/2026"
Vietnam,2026-02-20,6462663,INTWKLY,"R76, V09",Aggregation: Exchange Rates,SKIP_NO_CHANGE,SKIP_NO_CHANGE,"AUTOHOL: Holiday, 02/20/2026","AUTOHOL: Holiday, 02/20/2026"
Vietnam,2026-02-20,6462802,INTDAILY,G96,VI Index,SKIP_NO_CHANGE,SKIP_NO_CHANGE,"AUTOHOL: Holiday, 02/20/2026","AUTOHOL: Holiday, 02/20/2026"
Vietnam,2026-02-20,6462803,INTWKLY,G97,Aggregation: VI Index,SKIP_NO_CHANGE,SKIP_NO_CHANGE,"AUTOHOL: Holiday, 02/20/2026","AUTOHOL: Holiday, 02/20/2026"
Vietnam,2026-02-20,6462933,INTDAILY,H14,[ Mid-Rate Calculation] Exchange Rates,SKIP_NO_CHANGE,SKIP_NO_CHANGE,"AUTOHOL: Holiday, 02/20/2026","AUTOHOL: Holiday, 02/20/2026"
Vietnam,2026-02-20,6463032,INTDAILY,V69,3 Month Deposit Rate,SKIP_NO_CHANGE,SKIP_NO_CHANGE,"AUTOHOL: Holiday, 02/20/2026","AUTOHOL: Holiday, 02/20/2026"
Vietnam,2026-02-20,6463142,INTDAILY,W23,Vietnam Interbank Rate,SKIP_NO_CHANGE,SKIP_NO_CHANGE,"AUTOHOL: Holiday, 02/20/2026","AUTOHOL: Holiday, 02/20/2026"
Vietnam,2026-02-20,6463525,INTWKLY,J10,3 Month Deposit Rate Aggregation,SKIP_NO_CHANGE,SKIP_NO_CHANGE,"AUTOHOL: Holiday, 02/20/2026","AUTOHOL: Holiday, 02/20/2026"
Vietnam,2026-02-20,6463583,INTDAILY,I90,Vietnam Zero Coupon Yields,SKIP_NO_CHANGE,SKIP_NO_CHANGE,"AUTOHOL: Holiday, 02/20/2026","AUTOHOL: Holiday, 02/20/2026"
Vietnam,2026-02-20,6464156,ENERGY,K11,Vietnam Pump Prices,SKIP_NO_CHANGE,SKIP_NO_CHANGE,"AUTOHOL: Holiday, 02/20/2026","AUTOHOL: Holiday, 02/20/2026"
Vietnam,2026-02-20,6464157,INTDAILY,P61,Vietnam Pump Prices - INTD Transfer,SKIP_NO_CHANGE,SKIP_NO_CHANGE,"AUTOHOL: Holiday, 02/20/2026","AUTOHOL: Holiday, 02/20/2026"
Vietnam,2026-02-20,6464158,INTWKLY,Q61,Vietnam Pump Prices - INTW AGG,SKIP_NO_CHANGE,SKIP_NO_CHANGE,"AUTOHOL: Holiday, 02/20/2026","AUTOHOL: Holiday, 02/20/2026"
Vietnam,2026-02-20,6464307,INTDAILY,K61,Open Market Operations,SKIP_NO_CHANGE,SKIP_NO_CHANGE,"AUTOHOL: Holiday, 02/20/2026","AUTOHOL: Holiday, 02/20/2026"
Vietnam,2026-02-22,6471689,INTDAILY,"W19, W20",State Bank Exchange Rates,SKIP_NO_CHANGE,SKIP_NO_CHANGE,"AUTOHOL: Holiday, 02/22/2026","AUTOHOL: Holiday, 02/22/2026"
Vietnam,2026-02-22,6471690,INTDAILY,H07,State Bank Exchange Rates Mid-Rates Calculation,SKIP_NO_CHANGE,SKIP_NO_CHANGE,"AUTOHOL: Holiday, 02/22/2026","AUTOHOL: Holiday, 02/22/2026"
Vietnam,2026-02-22,6471789,INTDAILY,H94,Government Bond Auctions,SKIP_NO_CHANGE,SKIP_NO_CHANGE,"AUTOHOL: Holiday, 02/22/2026","AUTOHOL: Holiday, 02/22/2026"
Hong Kong,2026-02-17,6468132,INTDAILY,P64,Platinum Prices (HK),UPDATE_NOTE,WROTE,,"AUTOHOL: Holiday, 02/17/2026"
Hong Kong,2026-02-17,6468158,INTDAILY,J08,Official Interest Rates,UPDATE_NOTE,WROTE,,"AUTOHOL: Holiday, 02/17/2026"
Hong Kong,2026-02-17,6468186,INTDAILY,S90,Hang Seng --,UPDATE_NOTE,WROTE,,"AUTOHOL: Holiday, 02/17/2026"
Hong Kong,2026-02-17,6468196,INTDAILY,J07,Interest Settlement Rates,UPDATE_NOTE,WROTE,,"AUTOHOL: Holiday, 02/17/2026"
Hong Kong,2026-02-17,6468319,INTDAILY,H03,10 Year Bond Yield Total Return Calculation,UPDATE_NOTE,WROTE,,"AUTOHOL: Holiday, 02/17/2026"
Hong Kong,2026-02-17,6468611,INTDAILY,W25,Interbank Liquidity,UPDATE_NOTE,WROTE,,"AUTOHOL: Holiday, 02/17/2026"
Hong Kong,2026-02-17,6468614,INTDAILY,G70,Monetary Base,UPDATE_NOTE,WROTE,,"AUTOHOL: Holiday, 02/17/2026"
Hong Kong,2026-02-17,6468615,INTDAILY,T50,Trade Weighted Index,UPDATE_NOTE,WROTE,,"AUTOHOL: Holiday, 02/17/2026"
Hong Kong,2026-02-17,6468691,INTDAILY,W89,Renminbi Liquidity Facility,UPDATE_NOTE,WROTE,,"AUTOHOL: Holiday, 02/17/2026"
Hong Kong,2026-02-17,6468808,INTDAILY,X91,HSI Volatility Index,UPDATE_NOTE,WROTE,,"AUTOHOL: Holiday, 02/17/2026"
Hong Kong,2026-02-17,6468926,INTDAILY,J37,Exchange Fund Bills & Notes Fixings,UPDATE_NOTE,WROTE,,"AUTOHOL: Holiday, 02/17/2026"
Hong Kong,2026-02-17,6469048,CMDTY,L09,Platinum Prices (HK) - Transfer to CMDTY,UPDATE_NOTE,WROTE,,"AUTOHOL: Holiday, 02/17/2026"
Hong Kong,2026-02-17,6469179,INTDAILY,V95,HKEX Daily Transactions,UPDATE_NOTE,WROTE,,"AUTOHOL: Holiday, 02/17/2026"
Hong Kong,2026-02-17,6469490,TOURISM,"W48, W49, W50",Hong Kong Passenger Traffic,UPDATE_NOTE,WROTE,,"AUTOHOL: Holiday, 02/17/2026"
Hong Kong,2026-02-17,6469552,INTDAILY,E30,HK Infrastructure_Sustainable Bond Closing Reference Yields,UPDATE_NOTE,WROTE,,"AUTOHOL: Holiday, 02/17/2026"
Hong Kong,2026-02-17,6469553,INTDAILY,E28,HK Infrastructure_Sustainable Bond Indicative Yields,UPDATE_NOTE,WROTE,,"AUTOHOL: Holiday, 02/17/2026"
Hong Kong,2026-02-17,6469607,ENERGY,"D58, D59, D60",Pump Prices,UPDATE_NOTE,WROTE,,"AUTOHOL: Holiday, 02/17/2026"
Hong Kong,2026-02-17,6469608,INTDAILY,"B75, B76, B77",Pump Prices TRANSFER,UPDATE_NOTE,WROTE,,"AUTOHOL: Holiday, 02/17/2026"
Hong Kong,2026-02-18,6466407,INTDAILY,P64,Platinum Prices (HK),UPDATE_NOTE,WROTE,,"AUTOHOL: Holiday, 02/18/2026"
Hong Kong,2026-02-18,6466431,INTDAILY,J08,Official Interest Rates,UPDATE_NOTE,WROTE,,"AUTOHOL: Holiday, 02/18/2026"
Hong Kong,2026-02-18,6466458,INTDAILY,S90,Hang Seng --,UPDATE_NOTE,WROTE,,"AUTOHOL: Holiday, 02/18/2026"
Hong Kong,2026-02-18,6466467,INTDAILY,J07,Interest Settlement Rates,UPDATE_NOTE,WROTE,,"AUTOHOL: Holiday, 02/18/2026"
Hong Kong,2026-02-18,6466595,INTDAILY,H03,10 Year Bond Yield Total Return Calculation,UPDATE_NOTE,WROTE,,"AUTOHOL: Holiday, 02/18/2026"
Hong Kong,2026-02-18,6466887,INTDAILY,W25,Interbank Liquidity,UPDATE_NOTE,WROTE,,"AUTOHOL: Holiday, 02/18/2026"
Hong Kong,2026-02-18,6466889,INTDAILY,G70,Monetary Base,UPDATE_NOTE,WROTE,,"AUTOHOL: Holiday, 02/18/2026"
Hong Kong,2026-02-18,6466890,INTDAILY,T50,Trade Weighted Index,UPDATE_NOTE,WROTE,,"AUTOHOL: Holiday, 02/18/2026"
Hong Kong,2026-02-18,6466965,INTDAILY,W89,Renminbi Liquidity Facility,UPDATE_NOTE,WROTE,,"AUTOHOL: Holiday, 02/18/2026"
Hong Kong,2026-02-18,6467087,INTDAILY,X91,HSI Volatility Index,UPDATE_NOTE,WROTE,,"AUTOHOL: Holiday, 02/18/2026"
Hong Kong,2026-02-18,6467207,INTDAILY,J37,Exchange Fund Bills & Notes Fixings,UPDATE_NOTE,WROTE,,"AUTOHOL: Holiday, 02/18/2026"
Hong Kong,2026-02-18,6467333,CMDTY,L09,Platinum Prices (HK) - Transfer to CMDTY,UPDATE_NOTE,WROTE,,"AUTOHOL: Holiday, 02/18/2026"
Hong Kong,2026-02-18,6467479,INTDAILY,V95,HKEX Daily Transactions,UPDATE_NOTE,WROTE,,"AUTOHOL: Holiday, 02/18/2026"
Hong Kong,2026-02-18,6467676,INTWKLY,O93,HK Centaline Salesman Index,UPDATE_NOTE,WROTE,,"AUTOHOL: Holiday, 02/18/2026"
Hong Kong,2026-02-18,6467799,TOURISM,"W48, W49, W50",Hong Kong Passenger Traffic,UPDATE_NOTE,WROTE,,"AUTOHOL: Holiday, 02/18/2026"
Hong Kong,2026-02-18,6467858,INTDAILY,E30,HK Infrastructure_Sustainable Bond Closing Reference Yields,UPDATE_NOTE,WROTE,,"AUTOHOL: Holiday, 02/18/2026"
Hong Kong,2026-02-18,6467859,INTDAILY,E28,HK Infrastructure_Sustainable Bond Indicative Yields,UPDATE_NOTE,WROTE,,"AUTOHOL: Holiday, 02/18/2026"
Hong Kong,2026-02-18,6467913,ENERGY,"D58, D59, D60",Pump Prices,UPDATE_NOTE,WROTE,,"AUTOHOL: Holiday, 02/18/2026"
Hong Kong,2026-02-18,6467914,INTDAILY,"B75, B76, B77",Pump Prices TRANSFER,UPDATE_NOTE,WROTE,,"AUTOHOL: Holiday, 02/18/2026"
Hong Kong,2026-02-18,6468007,INTDAILY,E68,Exchange Fund Bills Tender,UPDATE_NOTE,WROTE,,"AUTOHOL: Holiday, 02/18/2026"
Hong Kong,2026-02-19,6464608,INTDAILY,P64,Platinum Prices (HK),UPDATE_NOTE,WROTE,,"AUTOHOL: Holiday, 02/19/2026"
Hong Kong,2026-02-19,6464633,INTDAILY,J08,Official Interest Rates,UPDATE_NOTE,WROTE,,"AUTOHOL: Holiday, 02/19/2026"
Hong Kong,2026-02-19,6464664,INTDAILY,S90,Hang Seng --,UPDATE_NOTE,WROTE,,"AUTOHOL: Holiday, 02/19/2026"
Hong Kong,2026-02-19,6464674,INTDAILY,J07,Interest Settlement Rates,UPDATE_NOTE,WROTE,,"AUTOHOL: Holiday, 02/19/2026"
Hong Kong,2026-02-19,6464773,INTWKLY,J02,Interest Settlement Rates Aggregation,UPDATE_NOTE,WROTE,,"AUTOHOL: Holiday, 02/19/2026"
Hong Kong,2026-02-19,6464809,INTDAILY,H03,10 Year Bond Yield Total Return Calculation,UPDATE_NOTE,WROTE,,"AUTOHOL: Holiday, 02/19/2026"
Hong Kong,2026-02-19,6465108,INTDAILY,W25,Interbank Liquidity,UPDATE_NOTE,WROTE,,"AUTOHOL: Holiday, 02/19/2026"
Hong Kong,2026-02-19,6465111,INTDAILY,G70,Monetary Base,UPDATE_NOTE,WROTE,,"AUTOHOL: Holiday, 02/19/2026"
Hong Kong,2026-02-19,6465112,INTDAILY,T50,Trade Weighted Index,UPDATE_NOTE,WROTE,,"AUTOHOL: Holiday, 02/19/2026"
Hong Kong,2026-02-19,6465206,INTDAILY,W89,Renminbi Liquidity Facility,UPDATE_NOTE,WROTE,,"AUTOHOL: Holiday, 02/19/2026"
Hong Kong,2026-02-19,6465347,INTDAILY,X91,HSI Volatility Index,UPDATE_NOTE,WROTE,,"AUTOHOL: Holiday, 02/19/2026"
Hong Kong,2026-02-19,6465469,INTDAILY,J37,Exchange Fund Bills & Notes Fixings,UPDATE_NOTE,WROTE,,"AUTOHOL: Holiday, 02/19/2026"
Hong Kong,2026-02-19,6465587,CMDTY,L09,Platinum Prices (HK) - Transfer to CMDTY,UPDATE_NOTE,WROTE,,"AUTOHOL: Holiday, 02/19/2026"
Hong Kong,2026-02-19,6465735,INTDAILY,V95,HKEX Daily Transactions,UPDATE_NOTE,WROTE,,"AUTOHOL: Holiday, 02/19/2026"
Hong Kong,2026-02-19,6465947,INTWKLY,O94,HK Centaline Valuation Index,UPDATE_NOTE,WROTE,,"AUTOHOL: Holiday, 02/19/2026"
Hong Kong,2026-02-19,6466065,TOURISM,"W48, W49, W50",Hong Kong Passenger Traffic,UPDATE_NOTE,WROTE,,"AUTOHOL: Holiday, 02/19/2026"
Hong Kong,2026-02-19,6466124,INTDAILY,E30,HK Infrastructure_Sustainable Bond Closing Reference Yields,UPDATE_NOTE,WROTE,,"AUTOHOL: Holiday, 02/19/2026"
Hong Kong,2026-02-19,6466125,INTDAILY,E28,HK Infrastructure_Sustainable Bond Indicative Yields,UPDATE_NOTE,WROTE,,"AUTOHOL: Holiday, 02/19/2026"
Hong Kong,2026-02-19,6466190,ENERGY,"D58, D59, D60",Pump Prices,UPDATE_NOTE,WROTE,,"AUTOHOL: Holiday, 02/19/2026"
Hong Kong,2026-02-19,6466191,INTDAILY,"B75, B76, B77",Pump Prices TRANSFER,UPDATE_NOTE,WROTE,,"AUTOHOL: Holiday, 02/19/2026"
Argentina,2026-02-16,6453151,INTDAILY,I50,International Reserves,UPDATE_NOTE,WROTE,,"AUTOHOL: Holiday, 02/16/2026"
Argentina,2026-02-16,6453212,INTDAILY,R67,Exchange Rates,UPDATE_NOTE,WROTE,,"AUTOHOL: Holiday, 02/16/2026"
Argentina,2026-02-16,6453279,INTDAILY,V18,Merval Indexes,UPDATE_NOTE,WROTE,,"AUTOHOL: Holiday, 02/16/2026"
Argentina,2026-02-16,6453347,INTDAILY,J56,Interest Rate on Time Deposits,UPDATE_NOTE,WROTE,,"AUTOHOL: Holiday, 02/16/2026"
Argentina,2026-02-16,6453349,INTDAILY,I52,BADLAR Rates,UPDATE_NOTE,WROTE,,"AUTOHOL: Holiday, 02/16/2026"
Argentina,2026-02-16,6453350,INTWKLY,J57,BADLAR Rates Agg,UPDATE_NOTE,WROTE,,"AUTOHOL: Holiday, 02/16/2026"
Argentina,2026-02-16,6453404,INTDAILY,J72,BAIBAR Interest Rates,UPDATE_NOTE,WROTE,,"AUTOHOL: Holiday, 02/16/2026"
Argentina,2026-02-16,6453405,INTWKLY,J74,BAIBAR Interest Rates Agg,UPDATE_NOTE,WROTE,,"AUTOHOL: Holiday, 02/16/2026"
Argentina,2026-02-16,6453574,INTDAILY,P22,Dolar Blue [AMBITO],UPDATE_NOTE,WROTE,,"AUTOHOL: Holiday, 02/16/2026"
Argentina,2026-02-16,6453588,INTDAILY,H66,Dolar Blue [AMBITO] Mid,UPDATE_NOTE,WROTE,,"AUTOHOL: Holiday, 02/16/2026"
Argentina,2026-02-16,6453611,INTWKLY,J76,Interest rate on Time Deposits Agg,UPDATE_NOTE,WROTE,,"AUTOHOL: Holiday, 02/16/2026"
Argentina,2026-02-16,6453674,INTDAILY,J64,Policy Instruments,UPDATE_NOTE,WROTE,,"AUTOHOL: Holiday, 02/16/2026"
Argentina,2026-02-16,6453675,INTWKLY,J56,Policy Instruments Aggregation,UPDATE_NOTE,WROTE,,"AUTOHOL: Holiday, 02/16/2026"
Argentina,2026-02-16,6453806,INTDAILY,X74,Main Assets of Financial Institutions,UPDATE_NOTE,WROTE,,"AUTOHOL: Holiday, 02/16/2026"
Argentina,2026-02-16,6453808,INTDAILY,X78,Main Liabilities of Financial Institutions,UPDATE_NOTE,WROTE,,"AUTOHOL: Holiday, 02/16/2026"
Argentina,2026-02-16,6453836,INTDAILY,Y01,Effective Exchange Rate,UPDATE_NOTE,WROTE,,"AUTOHOL: Holiday, 02/16/2026"
Argentina,2026-02-16,6453842,INTDAILY,Y04,Daily Monetary Report,UPDATE_NOTE,WROTE,,"AUTOHOL: Holiday, 02/16/2026"
Argentina,2026-02-16,6453864,INTDAILY,Y05,Daily Monetary Report Calc [LELIQ],UPDATE_NOTE,WROTE,,"AUTOHOL: Holiday, 02/16/2026"
Argentina,2026-02-16,6453906,INTDAILY,Y19,Non-Financial Loans,UPDATE_NOTE,WROTE,,"AUTOHOL: Holiday, 02/16/2026"
Argentina,2026-02-16,6453909,INTWKLY,Y21,Non-Financial Loans agg,UPDATE_NOTE,WROTE,,"AUTOHOL: Holiday, 02/16/2026"
Argentina,2026-02-16,6453943,INTDAILY,P28,Dolar CCL [AMBITO],UPDATE_NOTE,WROTE,,"AUTOHOL: Holiday, 02/16/2026"
Argentina,2026-02-16,6454076,INTDAILY,I11,Policy Rate Check,UPDATE_NOTE,WROTE,,"AUTOHOL: Holiday, 02/16/2026"
Argentina,2026-02-16,6454080,INTDAILY,H60,Dolar MEP [AMBITO],UPDATE_NOTE,WROTE,,"AUTOHOL: Holiday, 02/16/2026"
Argentina,2026-02-16,6454081,INTDAILY,H61,Dolar Turista [AMBITO],UPDATE_NOTE,WROTE,,"AUTOHOL: Holiday, 02/16/2026"
Argentina,2026-02-16,6454082,INTDAILY,H62,US$ [AMBITO] Mid,UPDATE_NOTE,WROTE,,"AUTOHOL: Holiday, 02/16/2026"
Argentina,2026-02-16,6454083,INTDAILY,H63,US$ [AMBITO],UPDATE_NOTE,WROTE,,"AUTOHOL: Holiday, 02/16/2026"
Argentina,2026-02-16,6454084,INTDAILY,H64,Dolar Mayorista [AMBITO] Mid,UPDATE_NOTE,WROTE,,"AUTOHOL: Holiday, 02/16/2026"
Argentina,2026-02-16,6454085,INTDAILY,H65,Dolar Mayorista [AMBITO],UPDATE_NOTE,WROTE,,"AUTOHOL: Holiday, 02/16/2026"
Argentina,2026-02-16,6454099,INTDAILY,T80,Interest Rates on Personal Loans,UPDATE_NOTE,WROTE,,"AUTOHOL: Holiday, 02/16/2026"
Argentina,2026-02-16,6454100,INTWKLY,W81,Interest Rates on Personal Loans Aggregation,UPDATE_NOTE,WROTE,,"AUTOHOL: Holiday, 02/16/2026"
Argentina,2026-02-16,6454113,INTDAILY,M71,Market Rates,UPDATE_NOTE,WROTE,,"AUTOHOL: Holiday, 02/16/2026"
Argentina,2026-02-16,6454114,INTWKLY,M61,Market Rates AGG,UPDATE_NOTE,WROTE,,"AUTOHOL: Holiday, 02/16/2026"
Argentina,2026-02-16,6454130,INTDAILY,P75,Commodity Price Index,UPDATE_NOTE,WROTE,,"AUTOHOL: Holiday, 02/16/2026"
Argentina,2026-02-16,6454131,INTDAILY,P76,Commodity Price Index Weights,UPDATE_NOTE,WROTE,,"AUTOHOL: Holiday, 02/16/2026"
Argentina,2026-02-16,6454132,CMDTY,P75,Commodity Price Index Comp,UPDATE_NOTE,WROTE,,"AUTOHOL: Holiday, 02/16/2026"
Argentina,2026-02-16,6454133,INTWKLY,O75,Commodity Price Index Agg,UPDATE_NOTE,WROTE,,"AUTOHOL: Holiday, 02/16/2026"
Argentina,2026-02-16,6454134,INTWKLY,O76,Commodity Price Index Weights Agg,UPDATE_NOTE,WROTE,,"AUTOHOL: Holiday, 02/16/2026"
Argentina,2026-02-16,6454155,CMDTY,P76,Commodity Price Index Weights Comp,UPDATE_NOTE,WROTE,,"AUTOHOL: Holiday, 02/16/2026"
Argentina,2026-02-16,6454368,INTDAILY,H42,Dolar Lujo [AMBITO],UPDATE_NOTE,WROTE,,"AUTOHOL: Holiday, 02/16/2026"
Argentina,2026-02-16,6454369,INTDAILY,H43,Dolar Banco Nacion [AMBITO],UPDATE_NOTE,WROTE,,"AUTOHOL: Holiday, 02/16/2026"
Argentina,2026-02-16,6454370,INTDAILY,H44,Dolar Banco Nacion [AMBITO] Mid,UPDATE_NOTE,WROTE,,"AUTOHOL: Holiday, 02/16/2026"
Argentina,2026-02-16,6454460,INTDAILY,H09,Dolar Cripto [AMBITO],UPDATE_NOTE,WROTE,,"AUTOHOL: Holiday, 02/16/2026"
Argentina,2026-02-16,6454461,INTDAILY,H41,Euro Blue [AMBITO],UPDATE_NOTE,WROTE,,"AUTOHOL: Holiday, 02/16/2026"
Argentina,2026-02-16,6454462,INTDAILY,H47,Euro Blue [AMBITO] Mid,UPDATE_NOTE,WROTE,,"AUTOHOL: Holiday, 02/16/2026"
Argentina,2026-02-16,6454463,INTDAILY,H48,Euro [AMBITO],UPDATE_NOTE,WROTE,,"AUTOHOL: Holiday, 02/16/2026"
Argentina,2026-02-16,6454464,INTDAILY,H79,Euro [AMBITO] Mid,UPDATE_NOTE,WROTE,,"AUTOHOL: Holiday, 02/16/2026"
Argentina,2026-02-16,6454779,INTDAILY,L06,Exchange Rate Band Check,UPDATE_NOTE,WROTE,,"AUTOHOL: Holiday, 02/16/2026"
Argentina,2026-02-17,6468173,INTDAILY,I50,International Reserves,UPDATE_NOTE,WROTE,,"AUTOHOL: Holiday, 02/17/2026"
Argentina,2026-02-17,6468234,INTDAILY,R67,Exchange Rates,UPDATE_NOTE,WROTE,,"AUTOHOL: Holiday, 02/17/2026"
Argentina,2026-02-17,6468300,INTDAILY,V18,Merval Indexes,UPDATE_NOTE,WROTE,,"AUTOHOL: Holiday, 02/17/2026"
Argentina,2026-02-17,6468363,INTDAILY,J56,Interest Rate on Time Deposits,UPDATE_NOTE,WROTE,,"AUTOHOL: Holiday, 02/17/2026"
Argentina,2026-02-17,6468365,INTDAILY,I52,BADLAR Rates,UPDATE_NOTE,WROTE,,"AUTOHOL: Holiday, 02/17/2026"
Argentina,2026-02-17,6468415,INTDAILY,J72,BAIBAR Interest Rates,UPDATE_NOTE,WROTE,,"AUTOHOL: Holiday, 02/17/2026"
Argentina,2026-02-17,6468584,INTDAILY,P22,Dolar Blue [AMBITO],UPDATE_NOTE,WROTE,,"AUTOHOL: Holiday, 02/17/2026"
Argentina,2026-02-17,6468602,INTDAILY,H66,Dolar Blue [AMBITO] Mid,UPDATE_NOTE,WROTE,,"AUTOHOL: Holiday, 02/17/2026"
Argentina,2026-02-17,6468613,INTWKLY,M75,International Reserves AGG,UPDATE_NOTE,WROTE,,"AUTOHOL: Holiday, 02/17/2026"
Argentina,2026-02-17,6468672,INTDAILY,J64,Policy Instruments,UPDATE_NOTE,WROTE,,"AUTOHOL: Holiday, 02/17/2026"
Argentina,2026-02-17,6468791,INTDAILY,X74,Main Assets of Financial Institutions,UPDATE_NOTE,WROTE,,"AUTOHOL: Holiday, 02/17/2026"
Argentina,2026-02-17,6468792,INTWKLY,T55,Main Assets of Financial Institutions Agg,UPDATE_NOTE,WROTE,,"AUTOHOL: Holiday, 02/17/2026"
Argentina,2026-02-17,6468794,INTDAILY,X78,Main Liabilities of Financial Institutions,UPDATE_NOTE,WROTE,,"AUTOHOL: Holiday, 02/17/2026"
Argentina,2026-02-17,6468795,INTWKLY,T54,Main Liabilities of Financial Institutions Agg,UPDATE_NOTE,WROTE,,"AUTOHOL: Holiday, 02/17/2026"
Argentina,2026-02-17,6468817,INTDAILY,Y01,Effective Exchange Rate,UPDATE_NOTE,WROTE,,"AUTOHOL: Holiday, 02/17/2026"
Argentina,2026-02-17,6468823,INTDAILY,Y04,Daily Monetary Report,UPDATE_NOTE,WROTE,,"AUTOHOL: Holiday, 02/17/2026"
Argentina,2026-02-17,6468841,INTDAILY,Y05,Daily Monetary Report Calc [LELIQ],UPDATE_NOTE,WROTE,,"AUTOHOL: Holiday, 02/17/2026"
Argentina,2026-02-17,6468876,INTDAILY,Y19,Non-Financial Loans,UPDATE_NOTE,WROTE,,"AUTOHOL: Holiday, 02/17/2026"
Argentina,2026-02-17,6468911,INTDAILY,P28,Dolar CCL [AMBITO],UPDATE_NOTE,WROTE,,"AUTOHOL: Holiday, 02/17/2026"
Argentina,2026-02-17,6469030,INTDAILY,I11,Policy Rate Check,UPDATE_NOTE,WROTE,,"AUTOHOL: Holiday, 02/17/2026"
Argentina,2026-02-17,6469035,INTDAILY,H60,Dolar MEP [AMBITO],UPDATE_NOTE,WROTE,,"AUTOHOL: Holiday, 02/17/2026"
Argentina,2026-02-17,6469036,INTDAILY,H61,Dolar Turista [AMBITO],UPDATE_NOTE,WROTE,,"AUTOHOL: Holiday, 02/17/2026"
Argentina,2026-02-17,6469037,INTDAILY,H62,US$ [AMBITO] Mid,UPDATE_NOTE,WROTE,,"AUTOHOL: Holiday, 02/17/2026"
Argentina,2026-02-17,6469038,INTDAILY,H63,US$ [AMBITO],UPDATE_NOTE,WROTE,,"AUTOHOL: Holiday, 02/17/2026"
Argentina,2026-02-17,6469039,INTDAILY,H64,Dolar Mayorista [AMBITO] Mid,UPDATE_NOTE,WROTE,,"AUTOHOL: Holiday, 02/17/2026"
Argentina,2026-02-17,6469040,INTDAILY,H65,Dolar Mayorista [AMBITO],UPDATE_NOTE,WROTE,,"AUTOHOL: Holiday, 02/17/2026"
Argentina,2026-02-17,6469053,INTDAILY,T80,Interest Rates on Personal Loans,UPDATE_NOTE,WROTE,,"AUTOHOL: Holiday, 02/17/2026"
Argentina,2026-02-17,6469064,INTDAILY,M71,Market Rates,UPDATE_NOTE,WROTE,,"AUTOHOL: Holiday, 02/17/2026"
Argentina,2026-02-17,6469073,INTDAILY,P75,Commodity Price Index,UPDATE_NOTE,WROTE,,"AUTOHOL: Holiday, 02/17/2026"
Argentina,2026-02-17,6469074,INTDAILY,P76,Commodity Price Index Weights,UPDATE_NOTE,WROTE,,"AUTOHOL: Holiday, 02/17/2026"
Argentina,2026-02-17,6469075,CMDTY,P75,Commodity Price Index Comp,UPDATE_NOTE,WROTE,,"AUTOHOL: Holiday, 02/17/2026"
Argentina,2026-02-17,6469087,CMDTY,P76,Commodity Price Index Weights Comp,UPDATE_NOTE,WROTE,,"AUTOHOL: Holiday, 02/17/2026"
Argentina,2026-02-17,6469275,INTDAILY,H42,Dolar Lujo [AMBITO],UPDATE_NOTE,WROTE,,"AUTOHOL: Holiday, 02/17/2026"
Argentina,2026-02-17,6469276,INTDAILY,H43,Dolar Banco Nacion [AMBITO],UPDATE_NOTE,WROTE,,"AUTOHOL: Holiday, 02/17/2026"
Argentina,2026-02-17,6469277,INTDAILY,H44,Dolar Banco Nacion [AMBITO] Mid,UPDATE_NOTE,WROTE,,"AUTOHOL: Holiday, 02/17/2026"
Argentina,2026-02-17,6469374,INTDAILY,H09,Dolar Cripto [AMBITO],UPDATE_NOTE,WROTE,,"AUTOHOL: Holiday, 02/17/2026"
Argentina,2026-02-17,6469375,INTDAILY,H41,Euro Blue [AMBITO],UPDATE_NOTE,WROTE,,"AUTOHOL: Holiday, 02/17/2026"
Argentina,2026-02-17,6469376,INTDAILY,H47,Euro Blue [AMBITO] Mid,UPDATE_NOTE,WROTE,,"AUTOHOL: Holiday, 02/17/2026"
Argentina,2026-02-17,6469377,INTDAILY,H48,Euro [AMBITO],UPDATE_NOTE,WROTE,,"AUTOHOL: Holiday, 02/17/2026"
Argentina,2026-02-17,6469378,INTDAILY,H79,Euro [AMBITO] Mid,UPDATE_NOTE,WROTE,,"AUTOHOL: Holiday, 02/17/2026"
Argentina,2026-02-17,6469676,INTDAILY,L06,Exchange Rate Band Check,UPDATE_NOTE,WROTE,,"AUTOHOL: Holiday, 02/17/2026"
Uganda,2026-02-16,6453192,INTDAILY,V13,Stock Indicators,UPDATE_NOTE,WROTE,,"AUTOHOL: Holiday, 02/16/2026"
Uganda,2026-02-16,6453270,INTDAILY,V17,Exchange Rates,UPDATE_NOTE,WROTE,,"AUTOHOL: Holiday, 02/16/2026"
Uganda,2026-02-16,6453388,INTDAILY,H15,[ Mid-Rate Calculation] Exchange Rates,UPDATE_NOTE,WROTE,,"AUTOHOL: Holiday, 02/16/2026"
Uganda,2026-02-16,6454227,INTDAILY,H89,Uganda Bond Yields,UPDATE_NOTE,WROTE,"R2D2 Running... [Retry 10/10, wait=600s] 2/13/2026 12:12:52 [Az-AutoSrv1-Svc]","R2D2 Running... [Retry 10/10, wait=600s] 2/13/2026 12:12:52 [Az-AutoSrv1-Svc] | AUTOHOL: Holiday, 02/16/2026"
Uganda,2026-02-16,6454228,INTWKLY,C86,Uganda Bond Yields Agg,UPDATE_NOTE,WROTE,,"AUTOHOL: Holiday, 02/16/2026"
Uganda,2026-02-16,6454506,INTDAILY,A81,Interbank Rates,UPDATE_NOTE,WROTE,,"AUTOHOL: Holiday, 02/16/2026"
Uganda,2026-02-16,6454507,INTWKLY,A81,Interbank Rates Agg,UPDATE_NOTE,WROTE,,"AUTOHOL: Holiday, 02/16/2026"
Taiwan,2026-02-16,6453231,INTDAILY,J13,3 Month Deposit Rate,UPDATE_NOTE,WROTE,,"AUTOHOL: Holiday, 02/16/2026"
Taiwan,2026-02-16,6453470,INTDAILY,V57,Asian Stock Market - TAIEX,UPDATE_NOTE,WROTE,,"AUTOHOL: Holiday, 02/16/2026"
Taiwan,2026-02-16,6453626,INTDAILY,W47,US Exchange Rates,UPDATE_NOTE,WROTE,,"AUTOHOL: Holiday, 02/16/2026"
Taiwan,2026-02-16,6453627,INTDAILY,W48,Interbank Overnight Rate,UPDATE_NOTE,WROTE,,"AUTOHOL: Holiday, 02/16/2026"
Taiwan,2026-02-16,6453785,INTDAILY,X60,Taiwan Interbank Rates [TAIBOR],UPDATE_NOTE,WROTE,,"AUTOHOL: Holiday, 02/16/2026"
Taiwan,2026-02-16,6454039,INTDAILY,J90,TAIBIR,UPDATE_NOTE,WROTE,,"AUTOHOL: Holiday, 02/16/2026"
Taiwan,2026-02-17,6468255,INTDAILY,J13,3 Month Deposit Rate,UPDATE_NOTE,WROTE,,"AUTOHOL: Holiday, 02/17/2026"
Taiwan,2026-02-17,6468477,INTDAILY,V57,Asian Stock Market - TAIEX,UPDATE_NOTE,WROTE,,"AUTOHOL: Holiday, 02/17/2026"
Taiwan,2026-02-17,6468632,INTDAILY,W47,US Exchange Rates,UPDATE_NOTE,WROTE,,"AUTOHOL: Holiday, 02/17/2026"
Taiwan,2026-02-17,6468633,INTDAILY,W48,Interbank Overnight Rate,UPDATE_NOTE,WROTE,,"AUTOHOL: Holiday, 02/17/2026"
Taiwan,2026-02-17,6468772,INTDAILY,X60,Taiwan Interbank Rates [TAIBOR],UPDATE_NOTE,WROTE,,"AUTOHOL: Holiday, 02/17/2026"
Taiwan,2026-02-17,6468993,INTDAILY,J90,TAIBIR,UPDATE_NOTE,WROTE,,"AUTOHOL: Holiday, 02/17/2026"
Taiwan,2026-02-18,6466528,INTDAILY,J13,3 Month Deposit Rate,UPDATE_NOTE,WROTE,,"AUTOHOL: Holiday, 02/18/2026"
Taiwan,2026-02-18,6466759,INTDAILY,V57,Asian Stock Market - TAIEX,UPDATE_NOTE,WROTE,,"AUTOHOL: Holiday, 02/18/2026"
Taiwan,2026-02-18,6466907,INTDAILY,W47,US Exchange Rates,UPDATE_NOTE,WROTE,,"AUTOHOL: Holiday, 02/18/2026"
Taiwan,2026-02-18,6466908,INTDAILY,W48,Interbank Overnight Rate,UPDATE_NOTE,WROTE,,"AUTOHOL: Holiday, 02/18/2026"
Taiwan,2026-02-18,6467050,INTDAILY,X60,Taiwan Interbank Rates [TAIBOR],UPDATE_NOTE,WROTE,,"AUTOHOL: Holiday, 02/18/2026"
Taiwan,2026-02-18,6467278,INTDAILY,J90,TAIBIR,UPDATE_NOTE,WROTE,,"AUTOHOL: Holiday, 02/18/2026"
Taiwan,2026-02-19,6464732,INTDAILY,J13,3 Month Deposit Rate,UPDATE_NOTE,WROTE,,"AUTOHOL: Holiday, 02/19/2026"
Taiwan,2026-02-19,6464735,INTWKLY,J11,3 Month Deposit Rate Agg,UPDATE_NOTE,WROTE,,"AUTOHOL: Holiday, 02/19/2026"
Taiwan,2026-02-19,6464972,INTDAILY,V57,Asian Stock Market - TAIEX,UPDATE_NOTE,WROTE,,"AUTOHOL: Holiday, 02/19/2026"
Taiwan,2026-02-19,6465135,INTDAILY,W47,US Exchange Rates,UPDATE_NOTE,WROTE,,"AUTOHOL: Holiday, 02/19/2026"
Taiwan,2026-02-19,6465136,INTDAILY,W48,Interbank Overnight Rate,UPDATE_NOTE,WROTE,,"AUTOHOL: Holiday, 02/19/2026"
Taiwan,2026-02-19,6465305,INTDAILY,X60,Taiwan Interbank Rates [TAIBOR],UPDATE_NOTE,WROTE,,"AUTOHOL: Holiday, 02/19/2026"
Taiwan,2026-02-19,6465306,INTWKLY,T89,Taiwan Interbank Rates [TAIBOR] Aggregation,UPDATE_NOTE,WROTE,,"AUTOHOL: Holiday, 02/19/2026"
Taiwan,2026-02-19,6465536,INTDAILY,J90,TAIBIR,UPDATE_NOTE,WROTE,,"AUTOHOL: Holiday, 02/19/2026"
Taiwan,2026-02-19,6465537,INTWKLY,J90,TAIBIR Aggregation,UPDATE_NOTE,WROTE,,"AUTOHOL: Holiday, 02/19/2026"
Taiwan,2026-02-20,6463012,INTDAILY,V57,Asian Stock Market - TAIEX,UPDATE_NOTE,WROTE,,"AUTOHOL: Holiday, 02/20/2026"
Taiwan,2026-02-20,6463191,INTDAILY,W47,US Exchange Rates,UPDATE_NOTE,WROTE,,"AUTOHOL: Holiday, 02/20/2026"
Taiwan,2026-02-20,6463192,INTDAILY,W48,Interbank Overnight Rate,UPDATE_NOTE,WROTE,,"AUTOHOL: Holiday, 02/20/2026"
Taiwan,2026-02-20,6463193,INTWKLY,T28,Aggregation: Taiwan US Exchange Rates,UPDATE_NOTE,WROTE,,"AUTOHOL: Holiday, 02/20/2026"
Taiwan,2026-02-20,6463201,INTWKLY,T29,Aggregation: Taiwan Interbank Rate,UPDATE_NOTE,WROTE,,"AUTOHOL: Holiday, 02/20/2026"
Taiwan,2026-02-20,6463676,INTWKLY,W01,Asian Stock Market - TAIEX Aggregation,UPDATE_NOTE,WROTE,,"AUTOHOL: Holiday, 02/20/2026"
Taiwan,2026-02-22,6471616,INTDAILY,J13,3 Month Deposit Rate,UPDATE_NOTE,WROTE,,"AUTOHOL: Holiday, 02/22/2026"
Taiwan,2026-02-22,6471710,INTDAILY,X60,Taiwan Interbank Rates [TAIBOR],UPDATE_NOTE,WROTE,,"AUTOHOL: Holiday, 02/22/2026"
Taiwan,2026-02-22,6471738,INTDAILY,J90,TAIBIR,UPDATE_NOTE,WROTE,,"AUTOHOL: Holiday, 02/22/2026"
Taiwan,2026-02-22,6471918,ENERGY,K77,Taiwan Fuel Prices,UPDATE_NOTE,WROTE,,"AUTOHOL: Holiday, 02/22/2026"
Taiwan,2026-02-22,6471929,INTWKLY,K77,Taiwan Fuel Prices Transfer,UPDATE_NOTE,WROTE,,"AUTOHOL: Holiday, 02/22/2026"
Macao,2026-02-17,6468258,INTDAILY,J14,Interbank Rates,UPDATE_NOTE,WROTE,,"AUTOHOL: Holiday, 02/17/2026"
Macao,2026-02-17,6468259,INTDAILY,R31,Exchange Rates,UPDATE_NOTE,WROTE,,"AUTOHOL: Holiday, 02/17/2026"
Macao,2026-02-17,6469069,INTDAILY,T60,MONIA,UPDATE_NOTE,WROTE,,"AUTOHOL: Holiday, 02/17/2026"
Macao,2026-02-18,6466531,INTDAILY,J14,Interbank Rates,UPDATE_NOTE,WROTE,,"AUTOHOL: Holiday, 02/18/2026"
Macao,2026-02-18,6466532,INTDAILY,R31,Exchange Rates,UPDATE_NOTE,WROTE,,"AUTOHOL: Holiday, 02/18/2026"
Macao,2026-02-18,6467356,INTDAILY,T60,MONIA,UPDATE_NOTE,WROTE,,"AUTOHOL: Holiday, 02/18/2026"
Macao,2026-02-19,6464736,INTDAILY,J14,Interbank Rates,UPDATE_NOTE,WROTE,,"AUTOHOL: Holiday, 02/19/2026"
Macao,2026-02-19,6464737,INTDAILY,R31,Exchange Rates,UPDATE_NOTE,WROTE,,"AUTOHOL: Holiday, 02/19/2026"
Macao,2026-02-19,6464740,INTWKLY,R77,Exchange Rates Aggregation,UPDATE_NOTE,WROTE,,"AUTOHOL: Holiday, 02/19/2026"
Macao,2026-02-19,6465428,INTWKLY,J12,Interbank Rates Aggreagation,UPDATE_NOTE,WROTE,,"AUTOHOL: Holiday, 02/19/2026"
Macao,2026-02-19,6465610,INTDAILY,T60,MONIA,UPDATE_NOTE,WROTE,,"AUTOHOL: Holiday, 02/19/2026"
Ecuador,2026-02-17,6468432,INTWKLY,G03,Monetary Bulletin: IMS2,UPDATE_NOTE,WROTE,,"AUTOHOL: Holiday, 02/17/2026"
Ecuador,2026-02-17,6468929,INTWKLY,O86,Monetary Bulletin: IMS13,UPDATE_NOTE,WROTE,,"AUTOHOL: Holiday, 02/17/2026"
Ecuador,2026-02-17,6469348,INTWKLY,O74,Monetary Bulletin: IMS3,UPDATE_NOTE,WROTE,,"AUTOHOL: Holiday, 02/17/2026"
Ecuador,2026-02-17,6469349,INTWKLY,O78,Monetary Bulletin: IMS4,UPDATE_NOTE,WROTE,,"AUTOHOL: Holiday, 02/17/2026"
Ecuador,2026-02-17,6469350,INTWKLY,O87,Monetary Bulletin: IMS5,UPDATE_NOTE,WROTE,,"AUTOHOL: Holiday, 02/17/2026"
Ecuador,2026-02-17,6469351,INTWKLY,O79,Monetary Bulletin: IMS6,UPDATE_NOTE,WROTE,,"AUTOHOL: Holiday, 02/17/2026"
Ecuador,2026-02-17,6469352,INTWKLY,O80,Monetary Bulletin: IMS7,UPDATE_NOTE,WROTE,,"AUTOHOL: Holiday, 02/17/2026"
Ecuador,2026-02-17,6469353,INTWKLY,O81,Monetary Bulletin: IMS8,UPDATE_NOTE,WROTE,,"AUTOHOL: Holiday, 02/17/2026"
Ecuador,2026-02-17,6469354,INTWKLY,O82,Monetary Bulletin: IMS9,UPDATE_NOTE,WROTE,,"AUTOHOL: Holiday, 02/17/2026"
Ecuador,2026-02-17,6469355,INTWKLY,O83,Monetary Bulletin: IMS10,UPDATE_NOTE,WROTE,,"AUTOHOL: Holiday, 02/17/2026"
Ecuador,2026-02-17,6469356,INTWKLY,O84,Monetary Bulletin: IMS11,UPDATE_NOTE,WROTE,,"AUTOHOL: Holiday, 02/17/2026"
Ecuador,2026-02-17,6469357,INTWKLY,O85,Monetary Bulletin: IMS12,UPDATE_NOTE,WROTE,,"AUTOHOL: Holiday, 02/17/2026"
Ecuador,2026-02-17,6469436,INTWKLY,Y77,Monetary Bulletin: IMS14,UPDATE_NOTE,WROTE,,"AUTOHOL: Holiday, 02/17/2026"
Mongolia,2026-02-18,6466879,INTDAILY,W16,Exchange Rates,UPDATE_NOTE,WROTE,,"AUTOHOL: Holiday, 02/18/2026"
Mongolia,2026-02-18,6466954,INTDAILY,W74,Mongolia Stock Exchange Index,UPDATE_NOTE,WROTE,,"AUTOHOL: Holiday, 02/18/2026"
Mongolia,2026-02-19,6465099,INTDAILY,W16,Exchange Rates,UPDATE_NOTE,WROTE,,"AUTOHOL: Holiday, 02/19/2026"
Mongolia,2026-02-19,6465194,INTDAILY,W74,Mongolia Stock Exchange Index,UPDATE_NOTE,WROTE,,"AUTOHOL: Holiday, 02/19/2026"
Mongolia,2026-02-20,6463136,INTDAILY,W16,Exchange Rates,UPDATE_NOTE,WROTE,,"AUTOHOL: Holiday, 02/20/2026"
Mongolia,2026-02-20,6463274,INTDAILY,W74,Mongolia Stock Exchange Index,UPDATE_NOTE,WROTE,,"AUTOHOL: Holiday, 02/20/2026"
Mongolia,2026-02-20,6463275,INTWKLY,T65,Mongolia Stock Exchange Aggregation,UPDATE_NOTE,WROTE,,"AUTOHOL: Holiday, 02/20/2026"
Mongolia,2026-02-20,6463770,INTWKLY,H86,Exchange Rates Aggregation,UPDATE_NOTE,WROTE,,"AUTOHOL: Holiday, 02/20/2026"
Saudi Arabia,2026-02-22,6471801,INTDAILY,T82,Stock Market (Full File),UPDATE_NOTE,WROTE,,"AUTOHOL: Holiday, 02/22/2026"
Mauritius,2026-02-17,6468651,INTDAILY,W57,Mauritius Stock,UPDATE_NOTE,WROTE,,"AUTOHOL: Holiday, 02/17/2026"
Mauritius,2026-02-17,6468652,INTDAILY,W59,Mauritius Exchange Rates,UPDATE_NOTE,WROTE,,"AUTOHOL: Holiday, 02/17/2026"
Mauritius,2026-02-17,6468653,INTDAILY,H10,[ Mid-Rate Calculation] Mauritius Exchange Rates,UPDATE_NOTE,WROTE,,"AUTOHOL: Holiday, 02/17/2026"
Mauritius,2026-02-17,6468661,INTDAILY,W65,Mauritius PLIBOR,UPDATE_NOTE,WROTE,,"AUTOHOL: Holiday, 02/17/2026"
Jamaica,2026-02-18,6466976,INTDAILY,V10,Jamaica Stock Exchange,UPDATE_NOTE,WROTE,,"AUTOHOL: Holiday, 02/18/2026"
Jamaica,2026-02-18,6466988,INTDAILY,G36,Jamaica Exchange Rates,UPDATE_NOTE,WROTE,,"AUTOHOL: Holiday, 02/18/2026"
Jamaica,2026-02-18,6466989,INTDAILY,H36,Mid Rates: Jamaica Exchange Rates,UPDATE_NOTE,WROTE,,"AUTOHOL: Holiday, 02/18/2026"
Jamaica,2026-02-18,6466996,INTDAILY,X04,Jamaica USD Reference Rate,UPDATE_NOTE,WROTE,,"AUTOHOL: Holiday, 02/18/2026"
Myanmar,2026-02-16,6453764,INTDAILY,X39,Stock Market Indicators,UPDATE_NOTE,WROTE,,"AUTOHOL: Holiday, 02/16/2026"
Myanmar,2026-02-16,6453767,INTDAILY,X38,Exchange,UPDATE_NOTE,WROTE,,"AUTOHOL: Holiday, 02/16/2026"
Myanmar,2026-02-16,6454498,INTDAILY,N15,Forex Market Trade Rates & Volume,UPDATE_NOTE,WROTE,,"AUTOHOL: Holiday, 02/16/2026"
Myanmar,2026-02-16,6454572,INTDAILY,O10,Daily Activities of FX Market,UPDATE_NOTE,WROTE,,"AUTOHOL: Holiday, 02/16/2026"
Myanmar,2026-02-17,6468751,INTDAILY,X39,Stock Market Indicators,UPDATE_NOTE,WROTE,,"AUTOHOL: Holiday, 02/17/2026"
Myanmar,2026-02-17,6468754,INTDAILY,X38,Exchange,UPDATE_NOTE,WROTE,,"AUTOHOL: Holiday, 02/17/2026"
Myanmar,2026-02-17,6469409,INTDAILY,N15,Forex Market Trade Rates & Volume,UPDATE_NOTE,WROTE,,"AUTOHOL: Holiday, 02/17/2026"
Myanmar,2026-02-17,6469478,INTDAILY,O10,Daily Activities of FX Market,UPDATE_NOTE,WROTE,,"AUTOHOL: Holiday, 02/17/2026"
Angola,2026-02-16,6453856,INTDAILY,V09,Exchange Rates,UPDATE_NOTE,WROTE,,"AUTOHOL: Holiday, 02/16/2026"
Angola,2026-02-16,6454596,INTDAILY,A23,Parallel Exchange Rates,UPDATE_NOTE,WROTE,,"AUTOHOL: Holiday, 02/16/2026"
Angola,2026-02-16,6454597,INTDAILY,A24,Parallel Exchange Mid Rates,UPDATE_NOTE,WROTE,,"AUTOHOL: Holiday, 02/16/2026"
Angola,2026-02-17,6468835,INTDAILY,V09,Exchange Rates,UPDATE_NOTE,WROTE,,"AUTOHOL: Holiday, 02/17/2026"
Angola,2026-02-17,6469063,INTDAILY,C88,International Reserves,UPDATE_NOTE,WROTE,,"AUTOHOL: Holiday, 02/17/2026"
Angola,2026-02-17,6469509,INTDAILY,A23,Parallel Exchange Rates,UPDATE_NOTE,WROTE,,"AUTOHOL: Holiday, 02/17/2026"
Angola,2026-02-17,6469510,INTDAILY,A24,Parallel Exchange Mid Rates,UPDATE_NOTE,WROTE,,"AUTOHOL: Holiday, 02/17/2026"
Suriname,2026-02-17,6468903,INTDAILY,Y36,Exchange Rates,UPDATE_NOTE,WROTE,,"AUTOHOL: Holiday, 02/17/2026"
Suriname,2026-02-17,6468904,INTDAILY,Y37,Exchange Rates [Mid],UPDATE_NOTE,WROTE,,"AUTOHOL: Holiday, 02/17/2026"
Nepal,2026-02-18,6467377,INTDAILY,M72,Nepal Stock Exchange,UPDATE_NOTE,WROTE,,"AUTOHOL: Holiday, 02/18/2026"
Nepal,2026-02-18,6467384,INTDAILY,M78,Exchange Rates,UPDATE_NOTE,WROTE,,"AUTOHOL: Holiday, 02/18/2026"
Nepal,2026-02-18,6467385,INTDAILY,M79,Exchange Rates MID,UPDATE_NOTE,WROTE,,"AUTOHOL: Holiday, 02/18/2026"
Nepal,2026-02-19,6465638,INTDAILY,M72,Nepal Stock Exchange,UPDATE_NOTE,WROTE,,"AUTOHOL: Holiday, 02/19/2026"
Nepal,2026-02-19,6465639,INTWKLY,M78,Nepal Stock Exchange AGG,UPDATE_NOTE,WROTE,,"AUTOHOL: Holiday, 02/19/2026"
Nepal,2026-02-19,6465649,INTDAILY,M78,Exchange Rates,UPDATE_NOTE,WROTE,,"AUTOHOL: Holiday, 02/19/2026"
Nepal,2026-02-19,6465650,INTDAILY,M79,Exchange Rates MID,UPDATE_NOTE,WROTE,,"AUTOHOL: Holiday, 02/19/2026"
Maldives,2026-02-18,6467549,INTDAILY,U05,Exchange Rates,UPDATE_NOTE,WROTE,,"AUTOHOL: Holiday, 02/18/2026"
Maldives,2026-02-18,6467597,TOURISM,"C75, C76, C77",Maldives Daily Tourists,UPDATE_NOTE,WROTE,,"AUTOHOL: Holiday, 02/18/2026"
Panama,2026-02-17,6469385,TRANSPRT,"P48, P49, P50",Gatun Lake Water Level,UPDATE_NOTE,WROTE,,"AUTOHOL: Holiday, 02/17/2026"
Panama,2026-02-17,6469483,GLSECTOR,"W70, W59, W69",Gatun Lake Water Level Transfer,UPDATE_NOTE,WROTE,,"AUTOHOL: Holiday, 02/17/2026"
Libya,2026-02-17,6469715,INTDAILY,"B43, B44, B45",Parallel Exchange Rate,UPDATE_NOTE,WROTE,,"AUTOHOL: Holiday, 02/17/2026"
Libya,2026-02-17,6469587,INTDAILY,"E10, E11, E12",Exchange Rates,UPDATE_NOTE,WROTE,,"AUTOHOL: Holiday, 02/17/2026"
Libya,2026-02-17,6469725,INTDAILY,"E27, E29, E39",LY Black Parallel Exchange Rate,UPDATE_NOTE,WROTE,,"AUTOHOL: Holiday, 02/17/2026"
Sierra Leone,2026-02-18,6467952,INTDAILY,A04,Exchange Rates,UPDATE_NOTE,WROTE,,"AUTOHOL: Holiday, 02/18/2026"
