ISO Code;Country Name;Holiday Date;Holiday ID;Holiday Name;Holiday Observance;Calendar;Rule Last Updated
GE-AB;Abkhazia;46023;30208;New Year;;;41274
GE-AB;Abkhazia;46024;30209;New Year Holiday;;;41274
GE-AB;Abkhazia;46029;30210;Orthodox Christmas;;Orthodox;41274
GE-AB;Abkhazia;46036;30211;Azhirnikhua (Day of world creation);;;42366
GE-AB;Abkhazia;46089;30212;International Women's Day;;;42366
GE-AB;Abkhazia;46090;30212;Women's Day Holiday;;;42366
GE-AB;Abkhazia;46124;31508;Orthodox Easter;;Orth. Easter;42366
GE-AB;Abkhazia;46125;33396;Orthodox Easter Monday;;Orth. Easter;44162
GE-AB;Abkhazia;46143;31507;May Day;;;43076
GE-AB;Abkhazia;46151;30213;Victory Day;;;42366
GE-AB;Abkhazia;46153;30213;Victory Day Holiday;;;42366
GE-AB;Abkhazia;46165;30668;Day of the Holy Apostle Simon the Zealot;;;42878
GE-AB;Abkhazia;46167;30668;Simon the Zealot Holiday;;;42878
GE-AB;Abkhazia;46169;30216;Kurbanykhua / Eil al-Adha (Feast of Sacrifice);;Muslim;44553
GE-AB;Abkhazia;46260;30217;Anniversary of Official Recognition;;;43076
GE-AB;Abkhazia;46262;34220;Assumption of the Blessed Virgin Mary;;Orthodox;44162
GE-AB;Abkhazia;46295;30214;Day of Liberation of the Republic of Abkhazia;;;42366
GE-AB;Abkhazia;46352;30215;Constitution Day of the Republic of Abkhazia;;;42366
AF;Afghanistan;46068;24865;Liberation Day;;Persian;39779
AF;Afghanistan;46071;21171;Start of Ramadan (Awal Ramadan);;Muslim;38560
AF;Afghanistan;46101;21170;Eid al Fitr (End of Ramadan);;Muslim;44685
AF;Afghanistan;46102;21170;Eid al Fitr Holiday;;Muslim;44685
AF;Afghanistan;46103;21170;Eid al Fitr Holiday;;Muslim;44685
AF;Afghanistan;46140;21165;Victory Day;;Persian;39628
AF;Afghanistan;46143;30972;International Workers' Day;;;42119
AF;Afghanistan;46168;28410;Arafat Day;;Muslim;45463
AF;Afghanistan;46169;21167;Eid al Adha (Feast of Sacrifice);;Muslim;45463
AF;Afghanistan;46170;21167;Eid al Adha Holiday;;Muslim;45463
AF;Afghanistan;46171;21167;Eid al Adha Holiday;;Muslim;45463
AF;Afghanistan;46249;35420;Anniversary of the Return to Power;;Persian;45515
AF;Afghanistan;46253;21166;Independence Day (Jeshen);;Persian;43695
AF;Afghanistan;46259;21169;The Prophet's Birthday (Mawleed al-Nabi);;Muslim;44220
AF;Afghanistan;46265;35709;Anniversary Of The Withdrawal Of The Last American Soldier;;Persian;45522
AX;Åland;46023;21632;New Year's Day;;;42476
AX;Åland;46028;21633;Epiphany;;;38350
AX;Åland;46115;21634;Good Friday;;Easter;38350
AX;Åland;46117;21635;Easter;;Easter;38350
AX;Åland;46118;21636;Easter Monday;;Easter;38350
AX;Åland;46143;21637;Vappu (May Day);;;38536
AX;Åland;46156;21638;Ascension Day;;Easter;38350
AX;Åland;46166;21639;Whit Sunday (Pentecost);;Easter;38350
AX;Åland;46182;21647;Självstyrelsedagen (Åland Self-Governing Day);;;38350
AX;Åland;46192;21640;Midsummer's Eve;Banks/Other;;38895
AX;Åland;46193;21641;Midsummer's Day;;;38350
AX;Åland;46326;21642;All Saints' Day;;;38350
AX;Åland;46362;21643;Independence Day;;;38350
AX;Åland;46380;21644;Christmas Eve;Banks/Other;;38895
AX;Åland;46381;21645;Christmas Day;;;38350
AX;Åland;46382;21646;Second Day of Christmas;;;38536
AL;Albania;46023;29087;New Year's Day (Dita e Vitit të Ri);;;42097
AL;Albania;46024;29088;New Year Holiday;;;42097
AL;Albania;46095;31210;Summer Day (Dita e Verës);;;42097
AL;Albania;46097;31210;Summer Day Holiday;;;42097
AL;Albania;46101;29092;Lesser Bajram / End of Ramadan (Bajramit të Madh);;Muslim;43401
AL;Albania;46103;29090;Nevruz (Dita e Nevruzit);;;42097
AL;Albania;46104;29090;Nevruz Holiday;;;42097
AL;Albania;46117;26093;Catholic Easter (Pashkës Katolike);;Easter;40422
AL;Albania;46118;22145;Catholic Easter Monday;;Easter;42097
AL;Albania;46124;26094;Orthodox Easter (Pashkës Ortodokse);;Orth. Easter;40422
AL;Albania;46125;20874;Orthodox Easter Monday;;Orth. Easter;42097
AL;Albania;46143;29091;International Labor Day (Dita Ndërkombëtare e Punës);;;42097
AL;Albania;46169;29094;Greater Bajram / Feast of Sacrifice (Kurban Bajramit);;Muslim;43401
AL;Albania;46270;33436;Day of Mother Teresa's Canonization (Dita e Lumturimit të Nënë Terezës);;;43129
AL;Albania;46272;33436;Mother Teresa's Canonization Holiday;;;43129
AL;Albania;46348;35851;Day of the Alphabet;;;45317
AL;Albania;46349;35851;Alphabet Day Holiday;;;45317
AL;Albania;46354;29095;Independence Day (Dita e Pavarësisë);;;42097
AL;Albania;46355;29096;Liberation Day (Dita e Çlirimit);;;42097
AL;Albania;46356;29095;Independence Day Holiday;;;42097
AL;Albania;46357;29096;Liberation Day Holiday;;;42097
AL;Albania;46364;29200;National Youth Day (Dita Kombëtare e Rinisë);;;42097
AL;Albania;46381;29097;Christmas Day (Krishtlindja);;;42097
DZ;Algeria;46023;21121;New Year's Day;;;38230
DZ;Algeria;46034;33418;Amenzu n Yennayer (Amazigh New Year);;;43838
DZ;Algeria;46101;21126;Eid al Fitr (End of Ramadan);;Muslim;45746
DZ;Algeria;46102;21126;Eid al Fitr Holiday;;Muslim;45746
DZ;Algeria;46103;35696;Eid al Fitr Holiday;;Muslim;45746
DZ;Algeria;46143;21127;Labour Day;;;38230
DZ;Algeria;46169;21122;Eid al Adha (Feast of Sacrifice);;Muslim;44743
DZ;Algeria;46170;21122;Eid al Adha Holiday;;Muslim;44743
DZ;Algeria;46189;21125;Awal Mouharem (Islamic New Year);;Muslim;44417
DZ;Algeria;46198;21123;Achoura (Ashura);;Muslim;45840
DZ;Algeria;46208;21129;Independence Day;;;38230
DZ;Algeria;46259;21124;Mawlid En Nabaoui Echarif (The Prophet's Birthday);;Muslim;45901
DZ;Algeria;46327;21130;Revolution Day;;;38230
AS;American Samoa;46023;23188;New Year's Day;;;42266
AS;American Samoa;46024;36502;Public Sector Holiday;Government;2026 Only;46026
AS;American Samoa;46041;23189;Martin Luther King Jr Day;;;38580
AS;American Samoa;46069;23190;Presidents' Day;;;38580
AS;American Samoa;46115;23200;Good Friday;;Easter;38931
AS;American Samoa;46129;23199;American Samoa Flag Day;;;42266
AS;American Samoa;46167;23191;Memorial Day;;;38580
AS;American Samoa;46192;34839;Juneteenth Independence Day;Government;;44476
AS;American Samoa;46206;23192;Independence Day Holiday;;;42266
AS;American Samoa;46207;23192;Independence Day;;;42266
AS;American Samoa;46219;24568;Manu'a Cession Day;Government;;42266
AS;American Samoa;46272;23193;Labor Day;;;38580
AS;American Samoa;46306;25475;White Sunday;Christian;;39296
AS;American Samoa;46307;23194;Columbus Day / Indigenous Peoples' Day;;;44843
AS;American Samoa;46337;23195;Veterans Day;;;42266
AS;American Samoa;46352;23196;Thanksgiving Day;;;38580
AS;American Samoa;46381;23197;Christmas Day;;;42266
AD;Andorra;46023;20892;New Year's Day;;;38230
AD;Andorra;46028;20893;Epiphany;;;38899
AD;Andorra;46069;22077;Carnival;;Easter;38899
AD;Andorra;46095;31184;Constitution Day;Banks;;42027
AD;Andorra;46114;20895;Maundy Thursday (starting at 12:00 noon);Banks/Afternoon;Easter;43810
AD;Andorra;46115;20896;Good Friday;;Easter;38899
AD;Andorra;46116;33022;Holy Saturday;Banks;Easter;43084
AD;Andorra;46118;20899;Easter Monday;;Easter;38899
AD;Andorra;46143;20900;Labour Day;;;38899
AD;Andorra;46167;20903;Whit Monday;;Easter;38899
AD;Andorra;46197;25219;Saint John The Baptist Day;Banks;;43084
AD;Andorra;46235;22078;Andorra La Vella Festival;Regional;;38538
AD;Andorra;46236;22078;Andorra La Vella Festival;Regional;;38538
AD;Andorra;46237;22078;Andorra La Vella Festival;Regional;;38538
AD;Andorra;46249;20905;Assumption;;;38899
AD;Andorra;46273;20906;Meritxell Day (National Day);;;38899
AD;Andorra;46327;20907;All Saints' Day;;;38899
AD;Andorra;46364;20909;Immaculate Conception Day;;;38899
AD;Andorra;46380;20910;Christmas Eve;Banks;;42735
AD;Andorra;46381;20911;Christmas Day;;;38230
AD;Andorra;46382;20912;Saint Stephen's Day;;;38899
AD;Andorra;46387;20913;New Year's Eve;Banks;;42735
AO;Angola;46023;21741;New Year's Day;;;44495
AO;Angola;46024;21741;New Year's Day Holiday;;;44495
AO;Angola;46047;22608;Luanda City Day;Regional;;41940
AO;Angola;46057;21747;Liberation Day;;;44495
AO;Angola;46069;34678;Carnival Holiday;;Easter;44495
AO;Angola;46070;21750;Carnival;;Easter;40530
AO;Angola;46089;21743;International Women's Day;;;44495
AO;Angola;46104;33533;Day of the Liberation of Southern Africa;;;44495
AO;Angola;46115;21752;Good Friday;;Easter;38352
AO;Angola;46116;21751;Angolan Peace Day;;;44495
AO;Angola;46143;21744;Labour Day;;;44495
AO;Angola;46282;21742;National Heroes' Day;;;44495
AO;Angola;46283;21742;National Heroes' Day Holiday;;;44495
AO;Angola;46328;21755;All Souls' Day;;;44495
AO;Angola;46337;21745;Independence Day;;;44495
AO;Angola;46380;26028;Christmas Eve (non-working afternoon);Government/Afternoon;;45652
AO;Angola;46381;21749;Christmas and Family Day;;;44495
AO;Angola;46387;26029;New Year's Eve (non-working afternoon);Government/Afternoon;;45652
AI;Anguilla;46023;22945;New Year's Day;;;39269
AI;Anguilla;46083;28773;James Ronald Webster's Birthday;;;41694
AI;Anguilla;46115;22947;Good Friday;;Easter;38579
AI;Anguilla;46118;22949;Easter Monday;;Easter;38579
AI;Anguilla;46143;22950;Labour Day;;;39271
AI;Anguilla;46167;22952;Whit Monday;;Easter;38579
AI;Anguilla;46172;22962;Anguilla Day;;;46040
AI;Anguilla;46174;22962;Anguilla Day Holiday;;;46040
AI;Anguilla;46195;22953;Celebration of the Birthday of His Majesty The King;;;46040
AI;Anguilla;46237;22954;August Monday (Start of Carnival);;;39627
AI;Anguilla;46240;22955;August Thursday;;;39627
AI;Anguilla;46241;22961;Constitution Day;;;38579
AI;Anguilla;46374;22956;National Heroes and Heroines Day/National Jollification Day;;;46040
AI;Anguilla;46381;22957;Christmas Day;;;39316
AI;Anguilla;46382;22959;Boxing Day;;;39316
AI;Anguilla;46384;22959;Boxing Day Holiday;;;39316
AG;Antigua and Barbuda;46023;31437;New Year's Day;;;42305
AG;Antigua and Barbuda;46115;22861;Good Friday;;Easter;38578
AG;Antigua and Barbuda;46118;22863;Easter Monday;;Easter;38578
AG;Antigua and Barbuda;46146;22865;Labour Day Holiday;;;38578
AG;Antigua and Barbuda;46167;22867;Whit Monday;;Easter;38578
AG;Antigua and Barbuda;46237;22860;Carnival Holiday;;;44193
AG;Antigua and Barbuda;46238;24597;Carnival Holiday;;;44193
AG;Antigua and Barbuda;46275;36385;National Day of Prayer;;;45898
AG;Antigua and Barbuda;46327;22869;Independence Day;;;42305
AG;Antigua and Barbuda;46328;22869;Independence Day Holiday;;;42305
AG;Antigua and Barbuda;46365;22876;Vere Cornwall Bird Snr. Day;;;44193
AG;Antigua and Barbuda;46381;22871;Christmas Day;;;44193
AG;Antigua and Barbuda;46382;22872;Boxing Day;;;44193
AR;Argentina;46023;17775;New Year's Day;;;38230
AR;Argentina;46069;29197;Lunes de Carnaval;;Easter;40485
AR;Argentina;46070;29198;Martes de Carnaval;;Easter;40485
AR;Argentina;46104;29193;Public Holiday (día no laborable con fines turísticos);;Arbitrary;46018
AR;Argentina;46105;24363;Truth and Justice Day;;;42765
AR;Argentina;46114;24584;Malvinas Day;;;43912
AR;Argentina;46114;22702;Maundy Thursday (día no laborable);;Easter;43050
AR;Argentina;46115;17776;Good Friday;;Easter;38230
AR;Argentina;46143;17779;Labor Day;;;45410
AR;Argentina;46167;21387;First Government Day (Día de la Revolución de Mayo);;;38576
AR;Argentina;46188;33097;Paso a la Inmortalidad del Gral. de Güemes (in lieu of June 17);;;45897
AR;Argentina;46193;17780;Paso a la Inmortalidad del Gral. Belgrano;;;42765
AR;Argentina;46212;17782;Independence Day;;;38230
AR;Argentina;46213;29193;Public Holiday (día no laborable con fines turísticos);;Arbitrary;46018
AR;Argentina;46251;33080;Paso a la Inmortalidad del Gral. de San Martín;;;45897
AR;Argentina;46307;33090;Día del Respeto a la Diversidad Cultural;;;45900
AR;Argentina;46332;25699;Bank Holiday (Día del Bancario);Banks;;43044
AR;Argentina;46349;33089;Día de la Soberanía Nacional Holiday (in lieu of Nov. 20);;;45897
AR;Argentina;46363;29193;Public Holiday (día no laborable con fines turísticos);;Arbitrary;46018
AR;Argentina;46364;17785;Immaculate Conception Day;;;38230
AR;Argentina;46380;31121;Bank Holiday;Banks/Afternoon;;45648
AR;Argentina;46381;17786;Christmas Day;;;38230
AR;Argentina;46387;31120;Bank Holiday;Banks/Afternoon;;45648
AM;Armenia;46023;34823;New Year's Day (Amanor);;;44512
AM;Armenia;46024;34823;New Year Holiday;;;44512
AM;Armenia;46028;21089;Armenian Christmas (Surb Tsnund);;;38230
AM;Armenia;46049;36437;Memorial Day For Those Who Fell For The Homeland;;;46043
AM;Armenia;46050;22177;National Army Day;;;44226
AM;Armenia;46089;21090;International Women's Day;;;40265
AM;Armenia;46136;21094;Armenian Remembrance Day;;;38546
AM;Armenia;46143;24516;Labour Day;;;40265
AM;Armenia;46146;36539;Public Holiday (8th Summit of the EPC) (workday moved to Sat. Apr. 18);;2026 Only;46051
AM;Armenia;46151;21095;Victory and Peace Day;;;38546
AM;Armenia;46170;21096;1st Republic Day;;;38546
AM;Armenia;46208;21097;Constitution Day;;;38230
AM;Armenia;46286;21098;Independence Day;;;38230
AM;Armenia;46387;21100;New Year's Eve;;;38230
AW;Aruba;46023;22826;New Year's Day (Aña Nobo);;;45977
AW;Aruba;46047;22835;Betico Croes Day (Dia di Betico);;;45977
AW;Aruba;46048;36538;Betico Croes Day Holiday;Government;2026 Only;46046
AW;Aruba;46069;22827;Carnival Monday (Dialuna prome cu diaranson di shinish);;Easter;45977
AW;Aruba;46099;22834;National Anthem and Flag Day (Dia di Himno y Bandera);;;45977
AW;Aruba;46115;22828;Good Friday (Bierna Santo);;Easter;45977
AW;Aruba;46118;22830;Easter Monday (Di dos dia di Pasco di Resureccion);;Easter;45977
AW;Aruba;46139;30891;King's Day (Dia di Rey);;;45977
AW;Aruba;46143;22832;Labour Day (Dia di Obrero);;;45977
AW;Aruba;46156;22833;Ascension Day (Dia di Asuncion);;Easter;45977
AW;Aruba;46381;22840;Christmas Day (Pasco di Nacemento);;;45977
AW;Aruba;46382;22841;Boxing day (Di dos dia di Pasco di Nacemento);;;45977
AU;Australia;46023;23541;New Year's Day;;;42240
AU;Australia;46048;17789;Australia Day (National Day);;;39301
AU;Australia;46083;25600;Labour Day (WA);Regional;;45914
AU;Australia;46090;22154;Adelaide Cup Day (SA);Regional;;44991
AU;Australia;46090;25605;Canberra Day (ACT);Regional;;39352
AU;Australia;46090;26137;Eight Hours Day (TAS);Regional;;39641
AU;Australia;46090;25601;Labour Day (VIC);Regional;;39352
AU;Australia;46115;17790;Good Friday;;Easter;38230
AU;Australia;46116;17791;Holy Saturday (ACT NSW NT QLD SA VIC);Regional;Easter;44144
AU;Australia;46117;17792;Easter Sunday (ACT NSW NT QLD SA VIC WA);Regional;Easter;45263
AU;Australia;46118;17793;Easter Monday;;Easter;38230
AU;Australia;46119;25602;Easter Tuesday (TAS);Regional/Banks/Government;Easter;40657
AU;Australia;46137;17794;ANZAC Day;;;39352
AU;Australia;46139;25610;ANZAC Day Holiday (ACT WA);Regional;;45992
AU;Australia;46139;36540;ANZAC Day Holiday (NSW);Regional/Tentative;;46051
AU;Australia;46146;25606;May Day/Labour Day (NT QLD);Regional;;39352
AU;Australia;46174;33184;Reconciliation Day (ACT);Regional;;42992
AU;Australia;46174;25607;Western Australia Day (WA);Regional;;45914
AU;Australia;46181;17795;King's Birthday (ACT NSW NT SA TAS VIC);Regional;;45304
AU;Australia;46237;22151;August Bank Holiday (ACT NSW);Regional/Banks;;44259
AU;Australia;46237;25982;Picnic Day (NT);Regional;;39561
AU;Australia;46246;32700;Royal Queensland Show (Brisbane area only) (QLD);Municipal/Regional;;44413
AU;Australia;46290;31106;AFL Grand Finale Parade (VIC) (date to be confirmed, might move to Oct. 2);Regional;;45968
AU;Australia;46293;25608;King's Birthday (WA);Regional;;45914
AU;Australia;46300;30249;King's Birthday (QLD);Regional;;44859
AU;Australia;46300;25599;Labour Day (ACT NSW SA);Regional;;39352
AU;Australia;46329;17796;Melbourne Cup Day (VIC);Regional;;39395
AU;Australia;46380;33994;Christmas Eve (from 6pm to midnight) (QLD);Regional/Evening;;43799
AU;Australia;46380;33995;Christmas Eve (from 7pm to midnight) (NT SA);Regional/Evening;;43829
AU;Australia;46381;23542;Christmas Day;;;39301
AU;Australia;46382;23543;Boxing Day / Proclamation Day;;;39352
AU;Australia;46384;23543;Christmas Holiday;;;39352
AU;Australia;46387;34089;New Year's Eve (from 7pm to midnight) (NT SA);Regional/Evening;;43829
AT;Austria;46023;17799;New Year's Day;;;38230
AT;Austria;46028;17800;Epiphany;;;38230
AT;Austria;46100;25728;Saint Joseph (K ST T V);Regional/Government/Schools;;39397
AT;Austria;46118;17802;Easter Monday;;Easter;38230
AT;Austria;46143;17803;Labour Day (Staatsfeiertag);;;39396
AT;Austria;46146;25730;Saint Florian (OÖ);Regional/Government/Schools;;39397
AT;Austria;46156;17804;Ascension Day;;Easter;38230
AT;Austria;46167;17805;Whit Monday;;Easter;38230
AT;Austria;46177;17806;Corpus Christi Day;;Easter;38230
AT;Austria;46249;17807;Assumption Day;;;38230
AT;Austria;46289;25731;Saint Rupert (S);Regional/Government/Schools;;39397
AT;Austria;46305;25732;Referendum Day (Tag der Volksabstimmung) (K);Regional/Government/Schools;;39397
AT;Austria;46321;17808;National Day;;;38230
AT;Austria;46327;17809;All Saints' Day;;;38230
AT;Austria;46337;25729;Saint Martin (B);Regional/Government/Schools;;39397
AT;Austria;46341;25733;Saint Leopold (NÖ W);Regional/Government/Schools;;39397
AT;Austria;46364;17810;Immaculate Conception Day;;;38230
AT;Austria;46380;25725;Christmas Eve (Weihnachten);Banks;;39396
AT;Austria;46381;17811;Christmas Day (Christtag);;;39396
AT;Austria;46382;17812;Saint Stephen's Day (Stefanitag);;;39396
AZ;Azerbaijan;46023;21004;New Year's Day;;;42720
AZ;Azerbaijan;46024;25820;New Year Holiday;;;42720
AZ;Azerbaijan;46089;21006;Women's Day;;;45703
AZ;Azerbaijan;46090;21006;Women's Day Holiday;;;45703
AZ;Azerbaijan;46101;21007;Novruz Bairam (Persian New Year);;;42434
AZ;Azerbaijan;46101;21009;Ramazan Bayram (End of Ramadan);;Muslim;45703
AZ;Azerbaijan;46102;21007;Novruz Holiday;;;42434
AZ;Azerbaijan;46102;28436;Ramazan Bayram Holiday;;Muslim;46003
AZ;Azerbaijan;46103;21007;Novruz Holiday;;;42434
AZ;Azerbaijan;46104;21007;Novruz Holiday;;;42434
AZ;Azerbaijan;46105;21007;Novruz Holiday;;;42434
AZ;Azerbaijan;46106;25770;Novruz/Ramazan Bayram Holiday;;;46003
AZ;Azerbaijan;46107;25925;Novruz/Ramazan Bayram Holiday;;;46003
AZ;Azerbaijan;46108;25941;Novruz/Ramazan Bayram Holiday;;2026 Only;46003
AZ;Azerbaijan;46111;25941;Novruz/Ramazan Bayram Holiday;;2026 Only;46003
AZ;Azerbaijan;46151;21008;Day of Victory over Fascism;;;45388
AZ;Azerbaijan;46153;21008;Victory over Fascism holiday;;;45388
AZ;Azerbaijan;46169;21010;Gurban Bayram (Feast of Sacrifice);;Muslim;43077
AZ;Azerbaijan;46170;21011;Independence Day;;;44549
AZ;Azerbaijan;46171;28507;Independence Day/Gurban Bayram Holiday;;Muslim;46003
AZ;Azerbaijan;46188;21012;National Day of Salvation;;;40709
AZ;Azerbaijan;46199;22171;Armed Forces Day;;;42720
AZ;Azerbaijan;46334;34311;Victory Day;;;45643
AZ;Azerbaijan;46335;28625;State Flag Day;;;45643
AZ;Azerbaijan;46336;34311;Victory Day Holiday;;;45643
AZ;Azerbaijan;46387;21016;Solidarity Day of World Azerbaijanis;;;42720
BS;Bahamas;46023;21670;New Year's Day;;;40559
BS;Bahamas;46034;30686;Majority Rule Holiday (day in lieu);;;41557
BS;Bahamas;46115;21671;Good Friday;;Easter;38351
BS;Bahamas;46118;21673;Easter Monday;;Easter;38351
BS;Bahamas;46167;21674;Whit Monday;;Easter;38351
BS;Bahamas;46178;21675;Sir Randol Fawkes Day (Labour Day);;;42399
BS;Bahamas;46213;21677;Independence Day;;;41555
BS;Bahamas;46237;21678;Emancipation Day;;;38351
BS;Bahamas;46307;21676;National Heroes Day;;;42727
BS;Bahamas;46381;21679;Christmas Day;;;40559
BS;Bahamas;46384;21682;Boxing Day (observed);;;46028
BH;Bahrain;46023;17813;New Year's Day;;;38230
BH;Bahrain;46101;17814;Eid al Fitr (End of Ramadan);;Muslim (Umm al-Qura);44680
BH;Bahrain;46102;17814;Eid al Fitr Holiday;;Muslim (Umm al-Qura);44680
BH;Bahrain;46103;17814;Eid al Fitr Holiday;;Muslim (Umm al-Qura);44680
BH;Bahrain;46143;24512;Labour Day;;;38914
BH;Bahrain;46145;28357;Labour Day Holiday;Banks/Government;;43710
BH;Bahrain;46168;24511;Arafat Day;Banks/Government;Muslim (Umm al-Qura);45811
BH;Bahrain;46169;17815;Eid al Adha (Feast of Sacrifice);;Muslim (Umm al-Qura);45807
BH;Bahrain;46170;17815;Eid al Adha Holiday;;Muslim (Umm al-Qura);45807
BH;Bahrain;46171;17815;Eid al Adha Holiday;;Muslim (Umm al-Qura);45807
BH;Bahrain;46189;17816;Islamic New Year;;Muslim (Umm al-Qura);42004
BH;Bahrain;46198;17817;Ashura Holiday;;Muslim (Umm al-Qura);43717
BH;Bahrain;46199;17817;Ashura;;Muslim (Umm al-Qura);43717
BH;Bahrain;46201;28359;Ashura Holiday;Banks/Government;Muslim (Umm al-Qura);45137
BH;Bahrain;46259;17818;Miladunnabi (the Prophet's Birthday);;Muslim (Umm al-Qura);42368
BH;Bahrain;46372;17819;National Day;;;39485
BH;Bahrain;46373;17819;National Day Holiday;;;39485
BD;Bangladesh;46057;17834;Shab e-Barat (Night of Records);Banks/Government;Muslim (IndoPak);46042
BD;Bangladesh;46063;26697;Public Holiday (workers in industrial areas only);;2026 Only;46044
BD;Bangladesh;46064;26697;Public Holiday;;2026 Only;46044
BD;Bangladesh;46065;26697;Public Holiday (13th Parliamentary Election and Constitutional Referendum);;2026 Only;46044
BD;Bangladesh;46074;17824;Shahid Dibosh (International Mother Language Day);;;38230
BD;Bangladesh;46098;17822;Shab-e-Qadar (Night of Destiny);Banks/Government;Muslim (IndoPak);45972
BD;Bangladesh;46100;36098;Eid-ul-Fiter Holiday;Banks/Government;Muslim (IndoPak);45583
BD;Bangladesh;46101;31408;Eid-ul-Fiter Holiday;Banks/Government;Muslim (IndoPak);45297
BD;Bangladesh;46101;29248;Jumatul Bidah;;Muslim (IndoPak);43047
BD;Bangladesh;46102;17823;Eid-ul-Fiter (End of Ramadan);;Muslim (IndoPak);45297
BD;Bangladesh;46103;31407;Eid-ul-Fiter Holiday;Banks/Government;Muslim (IndoPak);45383
BD;Bangladesh;46104;36099;Eid-ul-Fiter Holiday;Banks/Government;Muslim (IndoPak);45583
BD;Bangladesh;46107;17825;Independence Day (National Day);;;39477
BD;Bangladesh;46125;36468;Chaitra Sankranti (Rangamati, Khagrachhari and Bandarban Hilly districts);Regional;Hindu Solar;45991
BD;Bangladesh;46126;17827;Pahela Baishakh (Bangla New Year);Banks/Government;;43928
BD;Bangladesh;46143;22259;Buddha Purnuma (Buddha Day);;Hindu Lunar;45934
BD;Bangladesh;46143;17829;May Day;;;38560
BD;Bangladesh;46168;36100;Eid-ul-Azha Holiday;Banks/Government;Muslim (IndoPak);45972
BD;Bangladesh;46169;31405;Eid-ul-Azha Holiday;Banks/Government;Muslim (IndoPak);45972
BD;Bangladesh;46170;17826;Eid-ul-Azha (Feast of Sacrifice);;Muslim (IndoPak);45972
BD;Bangladesh;46171;31409;Eid-ul-Azha Holiday;Banks/Government;Muslim (IndoPak);45972
BD;Bangladesh;46172;36101;Eid-ul-Azha Holiday;Banks/Government;Muslim (IndoPak);45972
BD;Bangladesh;46173;36102;Eid-ul-Azha Holiday;Banks/Government;Muslim (IndoPak);45972
BD;Bangladesh;46199;22258;Ashura (Muharrum);Banks/Government;Muslim (IndoPak);44419
BD;Bangladesh;46204;17831;July Bank Holiday;Banks;;44402
BD;Bangladesh;46239;36361;July Mass Uprising Day;;;45835
BD;Bangladesh;46260;17830;Eid-e-Milad-un Nabi (The Prophet's Birthday);;Muslim (IndoPak);45934
BD;Bangladesh;46269;22260;Sri Krishna Janamashtami;;Hindu Lunar;44792
BD;Bangladesh;46315;36103;Durga Puja Holiday;Banks/Government;Hindu Lunar;45587
BD;Bangladesh;46316;22261;Durga Puja (Bijoya Dashami);;Hindu Lunar;45574
BD;Bangladesh;46372;17835;Bijoy Dibosh (Victory Day);;;39477
BD;Bangladesh;46381;17836;Christmas Day;;;38230
BD;Bangladesh;46387;17838;New Year's Eve Bank Holiday;Banks;;39989
BB;Barbados;46023;21684;New Year's Day;;;39271
BB;Barbados;46043;21697;Errol Barrow Day;;;39306
BB;Barbados;46115;21685;Good Friday;;Easter;38351
BB;Barbados;46118;21687;Easter Monday;;Easter;38351
BB;Barbados;46140;21698;National Heroes' Day;;;39271
BB;Barbados;46143;21690;Labour Day;;;39271
BB;Barbados;46167;21689;Whit Monday;;Easter;38351
BB;Barbados;46235;21692;Emancipation Day;;;40389
BB;Barbados;46237;21699;Kadooment Day;;;38351
BB;Barbados;46356;21691;Independence Day;;;39271
BB;Barbados;46381;21694;Christmas Day;;;39271
BB;Barbados;46382;21696;Boxing Day;;;39271
BY;Belarus;46023;20835;New Year's Day;;;39492
BY;Belarus;46024;34017;New Year Holiday;;;43820
BY;Belarus;46029;20836;Orthodox Christmas;;Orthodox;38230
BY;Belarus;46089;20842;Women's Day;;;38230
BY;Belarus;46132;30477;Public Holiday (workday moved to Sat. Apr. 25);;Arbitrary;45862
BY;Belarus;46133;24469;Radunitsa (Ancestors Veneration Day);;Orth. Easter;39492
BY;Belarus;46143;20844;Labour Day;;;38540
BY;Belarus;46151;20845;Victory Day;;;38230
BY;Belarus;46206;20847;Independence Day;;;38230
BY;Belarus;46333;26044;October Revolution Day;;;39617
BY;Belarus;46381;20837;Catholic Christmas;;;39440
BE;Belgium;46023;17839;New Year's Day;;;38230
BE;Belgium;46118;17840;Easter Monday;;Easter;38537
BE;Belgium;46143;17841;May Day;;;39272
BE;Belgium;46150;26147;Fête de l'iris (Brussels Region Day);Municipal/Government;;39650
BE;Belgium;46156;17842;Ascension Day;;Easter;38230
BE;Belgium;46157;24457;Ascension Friday;Banks;Easter;39475
BE;Belgium;46167;17843;Whit Monday;;Easter;38230
BE;Belgium;46214;17844;Flemish Community Day;Regional/Government/Linguistic;;39650
BE;Belgium;46224;17845;National Day;;;38230
BE;Belgium;46249;17846;Assumption Day;;;38230
BE;Belgium;46292;17847;French Community Day;Regional/Government/Linguistic;;39650
BE;Belgium;46327;17848;All Saints' Day;;;38230
BE;Belgium;46328;26146;All Souls' Day;Government;;39650
BE;Belgium;46337;17849;Armistice Day;;;38230
BE;Belgium;46341;20049;King's Day / German Community Day;Government;;39650
BE;Belgium;46381;17850;Christmas Day;;;38230
BZ;Belize;46023;21310;New Year's Day;;;44854
BZ;Belize;46037;34638;George Price Day;;;44854
BZ;Belize;46090;21311;National Heroes and Benefactors Day;;;45355
BZ;Belize;46114;35682;Government Holiday (from 12:00 noon);Government/Afternoon/Tentative;Easter;45763
BZ;Belize;46115;21312;Good Friday;;Easter;38230
BZ;Belize;46116;21313;Holy Saturday;;Easter;38230
BZ;Belize;46118;21315;Easter Monday;;Easter;38230
BZ;Belize;46143;21316;Labour Day;;;45355
BZ;Belize;46235;34639;Emancipation Day;;;45968
BZ;Belize;46275;21318;Saint George's Caye Day (National Day);;;45355
BZ;Belize;46286;21319;Independence Day;;;45355
BZ;Belize;46307;34877;Indigenous Peoples' Resistance Day;;;45355
BZ;Belize;46345;21321;Garifuna Settlement Day;;;45355
BZ;Belize;46381;21323;Christmas Day;;;44854
BZ;Belize;46382;21324;Boxing Day;;;45968
BJ;Bénin;46023;22381;New Year's Day;;;38565
BJ;Bénin;46030;22395;Vaudoun Day Holiday;;;45504
BJ;Bénin;46031;22395;Vaudoun Day (Traditional Religions Day);;;45504
BJ;Bénin;46101;22394;Korité (End of Ramadan);;Muslim;42910
BJ;Bénin;46118;22385;Easter Monday;;Easter;38565
BJ;Bénin;46143;22386;Labour Day;;;38565
BJ;Bénin;46156;22388;Ascension Day;;Easter;38565
BJ;Bénin;46167;22390;Whit Monday;;Easter;38565
BJ;Bénin;46169;22382;Tabaski (Feast of Sacrifice);;Muslim;38565
BJ;Bénin;46235;22391;Independence Day (National Day);;;39303
BJ;Bénin;46249;22392;Assumption Day;;;38565
BJ;Bénin;46259;22387;The Prophet's Birthday (Maouloud);;Muslim;44841
BJ;Bénin;46327;22393;All Saints' Day;;;38565
BJ;Bénin;46381;22397;Christmas Day;;;38565
BM;Bermuda;46023;23539;New Year's Day;;;39269
BM;Bermuda;46115;21547;Good Friday;;Easter;38350
BM;Bermuda;46164;21549;Bermuda Day;;;44096
BM;Bermuda;46188;25975;National Heroes' Day;;;39957
BM;Bermuda;46233;21551;Emancipation Day (1st Day of Cup Match);;;39445
BM;Bermuda;46234;21552;Mary Prince Day (2nd Day of Cup Match);;;44100
BM;Bermuda;46272;21553;Labour Day;;;38350
BM;Bermuda;46337;21554;Remembrance Day;;;39269
BM;Bermuda;46381;21555;Christmas Day;;;39269
BM;Bermuda;46382;23540;Boxing Day;;;39269
BM;Bermuda;46384;23540;Christmas Holiday;;;39269
BT;Bhutan;46024;21109;Winter Solstice (Nyilo);;Bhutanese Solar;45297
BT;Bhutan;46041;21111;Traditional Day of Offering;;Bhutanese Lunar;44152
BT;Bhutan;46071;21112;Dangpa Losar (Lunar New Year) (Year of the Fire Male Horse);;Bhutanese Lunar;43387
BT;Bhutan;46072;21112;Losar Holiday;;Bhutanese Lunar;43387
BT;Bhutan;46074;25376;Anniversary of His Majesty the King;;;42281
BT;Bhutan;46075;25376;Anniversary of His Majesty the King Holiday;;;42281
BT;Bhutan;46076;25376;Anniversary of His Majesty the King Holiday;;;42281
BT;Bhutan;46138;21113;Zhabdrung Kuchhoe (Death Anniversary of Zhabdrung);;Bhutanese Lunar;43387
BT;Bhutan;46144;22267;Anniversary of the 3rd Druk Gyalpo;;;39485
BT;Bhutan;46173;21114;Lord Buddha's Parinirvana;;Bhutanese Lunar;43387
BT;Bhutan;46197;21115;Birth Anniversary of Guru Rinpoche;;Bhutanese Lunar;43387
BT;Bhutan;46221;21116;The First Sermon of Lord Buddha;;Bhutanese Lunar;43387
BT;Bhutan;46282;22268;Thimphu Drubchoe (Thimphu);Municipal;Bhutanese Lunar;44541
BT;Bhutan;46286;22269;Thimphu Tshechu (Thimphu);Municipal;Bhutanese Lunar;44541
BT;Bhutan;46287;22269;Thimphu Tshechu (Thimphu);Municipal;Bhutanese Lunar;44541
BT;Bhutan;46288;21118;Blessed Rainy Day (Thrue Bab);;Bhutanese Solar;45297
BT;Bhutan;46288;22269;Thimphu Tshechu (Thimphu);Municipal;Bhutanese Lunar;44541
BT;Bhutan;46316;21119;Dassain;;Hindu Lunar;43779
BT;Bhutan;46327;21120;Descending Day of Lord Buddha (Lhabab Duechen);;Bhutanese Lunar;43387
BT;Bhutan;46327;28148;Druk Gyalpo Coronation Anniversary;;;40014
BT;Bhutan;46337;21107;Anniversary of the 4th Druk Gyalpo / Constitution Day / GNH Day;;;39467
BT;Bhutan;46373;21108;National Day;;;38230
BO;Bolivia;46023;20757;New Year's Day;;;40899
BO;Bolivia;46024;36497;New Year Holiday;;2026 Only;46021
BO;Bolivia;46045;28750;Día de la Fundación del Estado Plurinacional de Bolivia;;;46038
BO;Bolivia;46063;36240;Oruro Day (Feriado Departamental) (O);Regional;;45702
BO;Bolivia;46069;20758;Carnaval;;Easter;43107
BO;Bolivia;46070;20758;Carnaval (Martes de Ch'alla);;Easter;43107
BO;Bolivia;46100;35908;Día del Padre Boliviano (only for fathers);Other/Afternoon;;45437
BO;Bolivia;46115;20759;Good Friday;;Easter;38230
BO;Bolivia;46127;36244;Tarija Day (Feriado Departamental) (T);Regional;;45702
BO;Bolivia;46143;20761;Labor Day;;;42167
BO;Bolivia;46167;34095;Chuquisaca Day (Feriado Departamental) (H);Regional;;45702
BO;Bolivia;46169;35909;Día de la Madre Boliviana (only for mothers);Other/Afternoon;;45437
BO;Bolivia;46177;20762;Corpus Christi;;Easter;46038
BO;Bolivia;46178;20762;Corpus Christi Holiday;;Easter;46038
BO;Bolivia;46195;32910;Año Nuevo Andino Amazónico Chaqueño Holiday;;;45186
BO;Bolivia;46219;24589;La Paz Day (Feriado Departamental) (L);Regional;;45702
BO;Bolivia;46240;20763;National Day;;;46038
BO;Bolivia;46241;20763;National Day Holiday;;;46038
BO;Bolivia;46279;29506;Cochabamba Day (Feriado Departamental) (C);Regional;;45702
BO;Bolivia;46289;29505;Santa Cruz Day (Feriado Departamental) (S);Regional;;45702
BO;Bolivia;46306;32721;Día Nacional de la Mujer Boliviana (only for women employees);Other/Tentative;;45934
BO;Bolivia;46306;36241;Pando Day (Feriado Departamental) (N);Regional;;45702
BO;Bolivia;46307;36241;Pando Day Holiday (N);Regional;;45702
BO;Bolivia;46328;20764;All Souls' Day (Día de los Fieles Difuntos);;;45961
BO;Bolivia;46336;36242;Potosí Day (Feriado Departamental) (P);Regional;;45702
BO;Bolivia;46344;36243;Beni Day (Feriado Departamental) (B);Regional;;45702
BO;Bolivia;46381;20765;Christmas Day;;;39300
BQ;Bonaire, St Eustatius and Saba;46023;29594;New Year's Day / Maskarada;;;43690
BQ;Bonaire, St Eustatius and Saba;46115;29597;Good Friday;;Easter;40603
BQ;Bonaire, St Eustatius and Saba;46117;29598;Easter;;Easter;40603
BQ;Bonaire, St Eustatius and Saba;46118;29599;Easter Monday;;Easter;40603
BQ;Bonaire, St Eustatius and Saba;46139;30855;King's Birthday;;;45725
BQ;Bonaire, St Eustatius and Saba;46142;31217;Rincon Day (BO);Regional;;42673
BQ;Bonaire, St Eustatius and Saba;46143;29601;Labour Day;;;42474
BQ;Bonaire, St Eustatius and Saba;46156;29602;Ascension Thursday;;Easter;40603
BQ;Bonaire, St Eustatius and Saba;46157;36513;Ascension Friday (SE);Regional/Government;Easter;46035
BQ;Bonaire, St Eustatius and Saba;46166;29604;Whit Sunday (Pentecost);;Easter;40603
BQ;Bonaire, St Eustatius and Saba;46204;31172;Emancipation Day (SE);Regional;;45130
BQ;Bonaire, St Eustatius and Saba;46237;31173;Carnival Monday (SA) (might move to July 28);Regional;;46043
BQ;Bonaire, St Eustatius and Saba;46271;29607;Bonaire Flag Day (BO);Regional;;42673
BQ;Bonaire, St Eustatius and Saba;46342;29610;Statia Day / Sint Eustatius Flag Day (SE);Regional;;42673
BQ;Bonaire, St Eustatius and Saba;46343;36514;Statia Day Holiday (SE);Regional/Government;;46035
BQ;Bonaire, St Eustatius and Saba;46360;29611;Saba Flag Day (SA);Regional;;42673
BQ;Bonaire, St Eustatius and Saba;46371;29612;Kingdom Day (SE);Regional/Government;;46035
BQ;Bonaire, St Eustatius and Saba;46380;36515;Christmas Eve (SE);Regional/Government/Afternoon;;46035
BQ;Bonaire, St Eustatius and Saba;46381;29613;Christmas Day;;;40603
BQ;Bonaire, St Eustatius and Saba;46382;29614;Second Day of Christmas;;;40603
BQ;Bonaire, St Eustatius and Saba;46387;36516;New Year's Eve (SE);Regional/Government/Afternoon;;46035
BA;Bosnia and Herzegovina;46023;21050;New Year's Day;;;39279
BA;Bosnia and Herzegovina;46024;25292;New Year Holiday;;;39847
BA;Bosnia and Herzegovina;46028;21053;Orthodox Christmas Eve (RS);Regional;Orthodox;42471
BA;Bosnia and Herzegovina;46029;21053;Orthodox Christmas (RS);Regional;Orthodox;42471
BA;Bosnia and Herzegovina;46031;24486;Republic Day (RS);Regional;;38908
BA;Bosnia and Herzegovina;46036;21051;Orthodox New Year (RS);Regional;Orthodox;39628
BA;Bosnia and Herzegovina;46082;21054;Independence Day (FBiH);Regional;;43888
BA;Bosnia and Herzegovina;46101;21058;Ramadan Bajram (End of Ramadan) (FBiH);Regional;Muslim;42737
BA;Bosnia and Herzegovina;46117;28219;Catholic Easter (FBiH);Regional;Easter;39847
BA;Bosnia and Herzegovina;46118;28218;Catholic Easter Monday (FBiH);Regional;Easter;39847
BA;Bosnia and Herzegovina;46122;21062;Orthodox Good Friday (RS);Regional;Orth. Easter;39628
BA;Bosnia and Herzegovina;46124;21064;Orthodox Easter (RS);Regional;Orth. Easter;39847
BA;Bosnia and Herzegovina;46125;21066;Orthodox Easter Monday (RS);Regional;Orth. Easter;39628
BA;Bosnia and Herzegovina;46143;21055;Labour Day;;;42471
BA;Bosnia and Herzegovina;46144;21055;Labour Day Holiday;;;42471
BA;Bosnia and Herzegovina;46151;28217;Day of Victory over Fascism (RS);Regional;;39847
BA;Bosnia and Herzegovina;46169;21057;Kurban Bajram (Feast of Sacrifice) (FBiH);Regional;Muslim;42269
BA;Bosnia and Herzegovina;46201;26073;St Vitus Day (RS);Regional;Orthodox;39848
BA;Bosnia and Herzegovina;46327;21075;All Saints' Day (FBiH);Regional;;39847
BA;Bosnia and Herzegovina;46347;27257;General Framework Agreement Day (RS);Regional;;39773
BA;Bosnia and Herzegovina;46351;21056;Statehood Day (FBiH);Regional;;39279
BA;Bosnia and Herzegovina;46381;26074;Catholic Christmas (FBiH);Regional;;39847
BW;Botswana;46023;24640;New Year's Day;;;39316
BW;Botswana;46024;17852;New Year Holiday;;;39445
BW;Botswana;46115;17854;Good Friday;;Easter;38230
BW;Botswana;46116;34110;Public Holiday;;Easter;43843
BW;Botswana;46118;17855;Easter Monday;;Easter;38230
BW;Botswana;46143;17856;Labour Day;;;39823
BW;Botswana;46156;17857;Ascension Day;;Easter;39631
BW;Botswana;46204;17858;Sir Seretse Khama Day;;;39304
BW;Botswana;46223;17860;President's Day;;;39445
BW;Botswana;46224;17860;President's Day Holiday;;;39445
BW;Botswana;46295;17861;Botswana Day;;;39316
BW;Botswana;46296;25558;Botswana Day Holiday;;;42622
BW;Botswana;46381;17862;Christmas Day;;;39316
BW;Botswana;46382;17863;Boxing Day;;;42364
BR;Brazil;46023;17864;New Year's Day (Confraternização Universal);;;38230
BR;Brazil;46069;25021;Carnival;Banks/Ponto Facultativo;Easter;44612
BR;Brazil;46070;24791;Carnival;Banks/Ponto Facultativo;Easter;44612
BR;Brazil;46071;22696;Ash Wednesday (until 2pm);Morning/Ponto Facultativo;Easter;39816
BR;Brazil;46071;34995;Bank Holiday (beginning at 12:00 noon);Banks/Afternoon;Easter;44612
BR;Brazil;46115;17870;Good Friday (Paixão de Cristo);;Easter;45656
BR;Brazil;46132;36500;Ponto Facultativo;Ponto Facultativo;2026 Only;46022
BR;Brazil;46133;17871;Tiradentes Day;;;38230
BR;Brazil;46143;17872;Labor Day (Dia Mundial do Trabalho);;;38230
BR;Brazil;46177;17873;Corpus Christi Day;Banks/Ponto Facultativo;Easter;44612
BR;Brazil;46178;35837;Ponto Facultativo;Ponto Facultativo;Easter;46022
BR;Brazil;46272;17874;Independence Day;;;38230
BR;Brazil;46307;17875;Lady of Aparecida Day;;;38573
BR;Brazil;46323;25693;Civil Servants' Day (Dia do Servidor Público);Government/Ponto Facultativo;;45656
BR;Brazil;46328;17876;All Souls' Day (Finados);;;38230
BR;Brazil;46341;17877;Republic Day;;;38230
BR;Brazil;46346;25436;Black Consciousness Day (Dia Nacional de Zumbi e da Consciência Negra);;;45283
BR;Brazil;46380;25522;Christmas Eve (after 1pm);Afternoon/Ponto Facultativo;;45656
BR;Brazil;46381;17878;Christmas Day (Natal);;;38230
BR;Brazil;46387;34996;Bank Holiday;Banks;;45288
BR;Brazil;46387;24579;New Year's Eve (after 1pm);Afternoon/Ponto Facultativo;;45656
VG;British Virgin Islands;46023;22910;New Year's Day;;;39269
VG;British Virgin Islands;46090;22911;Hamilton Lavity Stoutt Holiday (in lieu of March 7th);;;45962
VG;British Virgin Islands;46115;22912;Good Friday;;Easter;38578
VG;British Virgin Islands;46118;22914;Easter Monday;;Easter;38578
VG;British Virgin Islands;46167;22917;Whit Monday;;Easter;38578
VG;British Virgin Islands;46185;22918;Sovereign's Birthday;;;45221
VG;British Virgin Islands;46203;36442;Commemoration of the 250th Anniversary of Freedom at Nottingham Estate;;2026 Only;45962
VG;British Virgin Islands;46209;22920;Virgin Islands Day;;;44184
VG;British Virgin Islands;46237;22919;August Festival (Emancipation Monday);;;44184
VG;British Virgin Islands;46238;22919;August Festival (Emancipation Tuesday);;;44184
VG;British Virgin Islands;46239;22919;August Festival (Emancipation Wednesday);;;44184
VG;British Virgin Islands;46314;34333;Heroes and Foreparents Day;;;44828
VG;British Virgin Islands;46349;34334;The Commemoration of the Great March of 1949 and the Restoration of the Legislative Council;;;45234
VG;British Virgin Islands;46381;22923;Christmas Day;;;40294
VG;British Virgin Islands;46382;22924;Boxing Day;;;44184
VG;British Virgin Islands;46384;22924;Boxing Day Holiday;;;44184
BN;Brunei;46023;17879;New Year's Day (Awal Tahun Masihi);;;39693
BN;Brunei;46039;17888;The Prophet's Ascension (Memperingati Isra' dan Mi'raj);;Muslim (MABIMS);45930
BN;Brunei;46070;17881;Chinese New Year (Tahun Baru Cina);;Chinese Lunar;45930
BN;Brunei;46072;17890;Start of Ramadan (Awal Ramadan - Puasa);;Muslim (MABIMS);45578
BN;Brunei;46076;17882;National Day (Hari Kebangsaan Negara Brunei Darussalam);;;45930
BN;Brunei;46088;17889;Quran Revelation Day (Memperingati Nuzul Al-Qur'an);;Muslim (MABIMS);45930
BN;Brunei;46102;17880;End of Ramadan (Hari Raya Aidil Fitri);;Muslim (MABIMS);45930
BN;Brunei;46103;30550;End of Ramadan Holiday;;Muslim (MABIMS);41965
BN;Brunei;46104;24552;End of Ramadan Holiday;;Muslim (MABIMS);45392
BN;Brunei;46105;30550;End of Ramadan Holiday;;Muslim (MABIMS);41965
BN;Brunei;46169;17883;Feast of Sacrifice (Hari Raya Aidil Adha);;Muslim (MABIMS);45930
BN;Brunei;46173;17885;Royal Brunei Armed Forces Day (Hari Ulang Tahun Angkatan Bersenjata Diraja Brunei);;;45930
BN;Brunei;46174;17885;Royal Brunei Armed Forces Day Holiday;;;45930
BN;Brunei;46190;17884;Islamic New Year (Ilal Hijrah 1448);;Muslim (MABIMS);45930
BN;Brunei;46203;25354;Mid-Year Bank Holiday;Banks;;39287
BN;Brunei;46218;17887;H.M. the Sultan's Birthday (Hari Keputeraan Kebawah Duli Yang Maha Mulia Paduka Seri Baginda Sultan);;;39693
BN;Brunei;46259;19835;The Prophet's Birthday (Maulud Nabi Muhammad);;Muslim (MABIMS);45930
BN;Brunei;46381;17891;Christmas Day (Hari Krismas);;;39693
BN;Brunei;46382;17891;Christmas Holiday;;;39693
BN;Brunei;46387;25353;New Year's Eve Bank Holiday;Banks;;39287
BG;Bulgaria;46023;20051;New Year's Day;;;42724
BG;Bulgaria;46024;36420;Public Holiday (Euro Adoption);;2026 Only;45980
BG;Bulgaria;46084;20052;Liberation Day (National Day);;;42724
BG;Bulgaria;46122;28635;Orthodox Good Friday;;Orth. Easter;40227
BG;Bulgaria;46123;30719;Orthodox Holy Easter;;Orth. Easter;41311
BG;Bulgaria;46124;20053;Orthodox Easter;;Orth. Easter;38230
BG;Bulgaria;46125;20054;Orthodox Easter Monday;;Orth. Easter;38230
BG;Bulgaria;46143;20055;Labour Day;;;42724
BG;Bulgaria;46148;20056;Saint George's Day / Army Day;;;42724
BG;Bulgaria;46166;20057;Culture and Literacy Day;;;42724
BG;Bulgaria;46167;20057;Culture and Literacy Day Holiday;;;42724
BG;Bulgaria;46271;20058;Unification Day;;;42724
BG;Bulgaria;46272;20058;Unification Day Holiday;;;42724
BG;Bulgaria;46287;20059;Independence Day;;;42724
BG;Bulgaria;46380;20062;Christmas Eve;;;38230
BG;Bulgaria;46381;20063;Christmas Day;;;38230
BG;Bulgaria;46382;20064;Second Day of Christmas;;;38230
BG;Bulgaria;46384;33006;Christmas Holiday;;;44538
BF;Burkina Faso;46023;23537;New Year's Day;;;45912
BF;Burkina Faso;46089;22330;Women's Day;;;45912
BF;Burkina Faso;46101;22325;Aïd el Segheir / Korité (End of Ramadan);;Muslim;45912
BF;Burkina Faso;46143;22317;Labour Day;;;45912
BF;Burkina Faso;46156;22319;Ascension Day;;Easter;38564
BF;Burkina Faso;46157;35895;Day of Customs and Traditions;;;45912
BF;Burkina Faso;46169;22313;Aïd el Kébir / Tabaski (Feast of Sacrifice);;Muslim;45912
BF;Burkina Faso;46249;22323;Assumption Day;;;46032
BF;Burkina Faso;46259;22318;Fête du Maouloud (The Prophet's Birthday);;Muslim;45912
BF;Burkina Faso;46367;22327;Proclamation of Independence Day;;;46032
BF;Burkina Faso;46381;23538;Christmas Day;;;46032
BI;Burundi;46023;22536;New Year's Day;;;42022
BI;Burundi;46058;22537;Unity Day;;;42022
BI;Burundi;46101;24637;Aid-El-Fithr (End of Ramadan);;Muslim;42022
BI;Burundi;46118;25821;President Ntaryamira Day;;;43861
BI;Burundi;46143;22542;Labour Day;;;42022
BI;Burundi;46156;22551;Ascension Day;;Easter;38567
BI;Burundi;46169;25822;Aid-El-Hadj (Feast of Sacrifice);;Muslim;42022
BI;Burundi;46181;36051;President Pierre Nkurunziza Day;;;45490
BI;Burundi;46204;22543;Independence Day;;;42022
BI;Burundi;46249;22545;Assumption Day;;;42022
BI;Burundi;46308;22547;Prince Louis Rwagasore Day;;;43861
BI;Burundi;46316;22546;President Ndadaye Mélchior Day;;;43861
BI;Burundi;46327;22548;All Saints' Day;;;42022
BI;Burundi;46328;22548;All Saints' Day Holiday;;;42022
BI;Burundi;46381;22549;Christmas Day;;;42022
KH;Cambodia;46023;23536;International New Year's Day;;;44433
KH;Cambodia;46029;20065;Victory Day over the Genocidal Regime;;;44433
KH;Cambodia;46089;17893;International Women's Rights Day;;;44433
KH;Cambodia;46126;17894;Cambodian New Year;;Solar;45538
KH;Cambodia;46127;17894;Cambodian New Year Holiday;;Solar;45538
KH;Cambodia;46128;17894;Cambodian New Year Holiday;;Solar;45538
KH;Cambodia;46143;17897;International Labour Day;;;44433
KH;Cambodia;46143;17898;Visakh Bochea Day (Buddha Day);;South-East Asian;44433
KH;Cambodia;46147;17899;Royal Ploughing Ceremony (Pithi Chrat Preah Neanng Korl);;South-East Asian;44433
KH;Cambodia;46156;22236;King Norodom Sihamoni's Birthday;;;44433
KH;Cambodia;46191;20066;Ex-Queen Norodom Monineath's Birthday;;;44433
KH;Cambodia;46289;17901;Constitution Day (except government);;;45667
KH;Cambodia;46305;17902;Bonn Phchum Ben (Ancestors' Day);;South-East Asian;41957
KH;Cambodia;46306;17902;Bonn Phchum Ben Holiday;;South-East Asian;41957
KH;Cambodia;46307;17902;Bonn Phchum Ben Holiday;;South-East Asian;41957
KH;Cambodia;46310;30617;Day of Hommage for the late King Father (Norodom Sihanouk);;;44433
KH;Cambodia;46324;24546;King Norodom Sihamony's Coronation Day;;;44433
KH;Cambodia;46335;17907;National Independence Day;;;44433
KH;Cambodia;46349;17908;Bonn Om Touk (Water Festival);;South-East Asian;41957
KH;Cambodia;46350;17908;Bonn Om Touk Holiday;;South-East Asian;41957
KH;Cambodia;46351;17908;Bonn Om Touk Holiday;;South-East Asian;41957
KH;Cambodia;46385;35841;Peace Day;;;45298
CM;Cameroon;46023;17910;New Year's Day;;;45698
CM;Cameroon;46064;17912;Youth Day;;;45698
CM;Cameroon;46101;17911;Djouldé Soumaé / Korité (End of Ramadan);;Muslim;45747
CM;Cameroon;46115;17914;Good Friday;;Easter;38230
CM;Cameroon;46143;17916;Labour Day;;;45698
CM;Cameroon;46156;20391;Ascension Day;;Easter;38230
CM;Cameroon;46162;17917;National Day;;;45698
CM;Cameroon;46169;17913;Djouldé Laihadji / Tabaski (Feast of Sacrifice);;Muslim;45747
CM;Cameroon;46249;17920;Assumption Day;;;45747
CM;Cameroon;46381;17921;Christmas Day;;;45747
CA;Canada;46023;17922;New Year's Day;;;38230
CA;Canada;46024;30672;Bank Holiday (QC);Regional/Banks;;44353
CA;Canada;46069;25136;Family Day (AB BC NB ON SK);Regional;;43474
CA;Canada;46069;31046;Heritage Day (NS) (Honouring Joseph William Comeau) ;Regional;;44864
CA;Canada;46069;25970;Islander Day (PE);Regional;;39927
CA;Canada;46069;26138;Louis Riel Day (MB);Regional;;39641
CA;Canada;46097;36008;St. Patrick’s Day Holiday (NL);Regional/Government;;45446
CA;Canada;46115;34319;Bank Holiday;Banks;Easter;44170
CA;Canada;46115;17923;Good Friday (optional in QC);;Easter;38545
CA;Canada;46117;36007;Easter Sunday (designated retail closing day) (NS);Regional/Other;Easter;45446
CA;Canada;46118;17924;Easter Monday (AB QC) (optional);Regional;Easter;39296
CA;Canada;46118;36004;Easter Monday (NT NU);Regional;Easter;45446
CA;Canada;46132;36009;St. George’s Day Holiday (NL);Regional/Government;;45446
CA;Canada;46160;34763;Bank Holiday;Banks;;44450
CA;Canada;46160;17925;Victoria Day (not statutory in NB NL NS PE);;;39369
CA;Canada;46160;35898;Victoria Day (prescribed day of rest) (NB);Regional/Other;;45361
CA;Canada;46194;25681;National Indigenous Peoples Day (NT YT);Regional;;42869
CA;Canada;46195;25682;June Holiday (NL);Regional/Government;;44003
CA;Canada;46197;20068;Saint Jean Baptiste (QC);Regional;;39296
CA;Canada;46204;17926;Canada Day;;;39296
CA;Canada;46212;25684;Nunavut Day (NU);Regional;;44233
CA;Canada;46216;36010;Orangeman’s Day Holiday (NL);Regional/Government;;45446
CA;Canada;46237;20069;Civic/Provincial Holiday (widely observed but statutory only in BC NB NU NT SK);;;43974
CA;Canada;46237;36311;Heritage Day (AB) (optional);Regional;;45763
CA;Canada;46251;25686;Discovery Day (YT);Regional;;39369
CA;Canada;46272;17927;Labour Day;;;38230
CA;Canada;46295;34772;Bank Holiday;Banks;;44459
CA;Canada;46295;36044;Orange Shirt Day (MB);Regional;;45486
CA;Canada;46295;36312;Truth and Reconciliation Day (AB) (optional);Regional;;45763
CA;Canada;46295;35469;Truth and Reconciliation Day (BC NT NU PE YT);Regional;;45620
CA;Canada;46295;35406;Truth and Reconciliation Day (NB NL NS);Regional/Government;;45620
CA;Canada;46295;34825;Truth and Reconciliation Day (only federal government) (AB ON QC SK);Regional/Government;;44965
CA;Canada;46307;36005;Thanksgiving Day (designated retail closing day) (NS);Regional/Other;;45446
CA;Canada;46307;17928;Thanksgiving Day (not statutory in NB NS PE);;;45446
CA;Canada;46307;35899;Thanksgiving Day (prescribed day of rest) (NB);Regional/Other;;45361
CA;Canada;46337;34320;Bank Holiday;Banks;;44373
CA;Canada;46337;17929;Remembrance Day (not statutory in MB NS ON QC);;;42011
CA;Canada;46381;20545;Christmas Day;;;38230
CA;Canada;46382;36313;Boxing Day (AB) (optional);Regional;;45763
CA;Canada;46382;36006;Boxing Day (designated retail closing day) (NS);Regional/Other;;45446
CA;Canada;46382;36501;Boxing Day (prescribed day of rest) (NB);Regional/Other;;46025
CA;Canada;46382;20810;Boxing Day (statutory only in NT ON);Regional;;46025
CA;Canada;46384;34121;Bank Holiday;Banks;;44170
CA;Canada;46384;36012;Boxing Day Holiday (NL);Regional/Government;;45446
CV;Cape Verde;46023;22461;New Year's Day (Ano Novo);;;38566
CV;Cape Verde;46035;24620;Democracy Day;;;40530
CV;Cape Verde;46042;22462;Heroes' Day (Aniversário da morte de Amílcar Cabral);;;38938
CV;Cape Verde;46070;22472;Carnaval;Government/Afternoon;Easter;45711
CV;Cape Verde;46071;25827;Ash Wednesday;Banks/Government;Easter;46034
CV;Cape Verde;46114;36307;Public Sector Holiday (afternoon);Government/Tentative;Easter;45761
CV;Cape Verde;46115;22464;Good Friday;Banks/Government;Easter;45023
CV;Cape Verde;46141;33943;Praia City Day;Municipal;;43687
CV;Cape Verde;46143;22466;Labour Day;;;38566
CV;Cape Verde;46161;24621;Praia Municipal Day;Municipal;;39450
CV;Cape Verde;46174;22463;Youth Day (Dia da Criança);;;39450
CV;Cape Verde;46208;22467;Independence Day;;;38566
CV;Cape Verde;46249;22469;Assumption Day (Dia da Padroeira Nacional);;;38566
CV;Cape Verde;46327;22474;All Saints' Day;;;38566
CV;Cape Verde;46381;22471;Christmas Day (Natal);;;38566
KY;Cayman Islands;46023;22890;New Year's Day;;;39269
KY;Cayman Islands;46048;22892;National Heroes Day;;;39447
KY;Cayman Islands;46071;22879;Ash Wednesday;;Easter;38578
KY;Cayman Islands;46115;22880;Good Friday;;Easter;38578
KY;Cayman Islands;46118;22882;Easter Monday;;Easter;38578
KY;Cayman Islands;46146;35788;Emancipation Day;;;45242
KY;Cayman Islands;46160;22883;Discovery Day;;;45358
KY;Cayman Islands;46188;22884;King's Birthday;;;45640
KY;Cayman Islands;46209;22885;Constitution Day;;;38578
KY;Cayman Islands;46335;22886;Remembrance Day;;;39495
KY;Cayman Islands;46381;22887;Christmas Day;;;40363
KY;Cayman Islands;46384;22889;Boxing Day Observed;;;40363
CF;Central African Republic;46023;22552;New Year's Day;;;38567
CF;Central African Republic;46101;22561;Korité (End of Ramadan);;Muslim;42911
CF;Central African Republic;46110;22563;Barthelemy Boganda Day (anniversary of his death);;;38567
CF;Central African Republic;46118;22555;Easter Monday;;Easter;38567
CF;Central African Republic;46143;22557;Labour Day;;;38567
CF;Central African Republic;46156;22558;Ascension Day;;Easter;39304
CF;Central African Republic;46167;22564;Whit Monday;;Easter;39304
CF;Central African Republic;46169;22553;Tabaski (Feast of Sacrifice);;Muslim;42271
CF;Central African Republic;46203;22566;Prayer Day;;;38567
CF;Central African Republic;46247;22567;Independence Day;;;38567
CF;Central African Republic;46249;22560;Assumption Day;;;38567
CF;Central African Republic;46327;22568;All Saints' Day;;;38567
CF;Central African Republic;46357;22569;National Day (Proclamation of the Republic);;;38567
CF;Central African Republic;46381;22562;Christmas Day;;;38567
TD;Chad;46023;22504;New Year's Day;;;44926
TD;Chad;46089;33459;International Women's Day;;;43533
TD;Chad;46090;33459;International Women's Day Holiday;;;43533
TD;Chad;46101;22513;Korité / Aid el Fitre (End of Ramadan);;Muslim;45746
TD;Chad;46118;22507;Easter Monday;;Easter;38567
TD;Chad;46143;22509;Labour Day;;;43533
TD;Chad;46169;22505;Tabaski / Aid el Kabir (Feast of Sacrifice);;Muslim;43688
TD;Chad;46245;22512;Independence Day;;;43688
TD;Chad;46259;22520;The Prophet's Birthday (Maouloud-Al-Nebi);;Muslim;45551
TD;Chad;46327;22515;All Saints' Day;;;43533
TD;Chad;46328;22515;All Saints' Holiday;;;43533
TD;Chad;46354;22516;Republic Day;;;43533
TD;Chad;46357;22517;Freedom and Democracy Day;;;43533
TD;Chad;46381;22514;Christmas Day;;;44920
CL;Chile;46023;17932;New Year's Day;;;39966
CL;Chile;46115;17933;Good Friday;;Easter;38230
CL;Chile;46116;17934;Holy Saturday;;Easter;38230
CL;Chile;46143;17935;Labor Day;;;38230
CL;Chile;46163;17936;Navy Day;;;38230
CL;Chile;46194;34766;Día Nacional de los Pueblos Indígenas;;Solar;44380
CL;Chile;46202;21914;Saints Peter and Paul's Day;;;44323
CL;Chile;46219;24757;Lady of Carmen Day;;;39300
CL;Chile;46249;17939;Assumption Day;;;38230
CL;Chile;46283;17941;Independence Day;;;38230
CL;Chile;46284;17942;Army Day;;;39966
CL;Chile;46307;21915;Encuentro de Dos Mundos;;;45808
CL;Chile;46326;25690;Reformation Day (Día de las Iglesias Evangélicas y Protestantes);;;39722
CL;Chile;46327;17944;All Saints' Day;;;38230
CL;Chile;46364;17945;Immaculate Conception Day;;;38230
CL;Chile;46381;17946;Christmas Day;;;39966
CL;Chile;46387;24586;Bank Holiday;Banks;;46015
CN;China;46023;19316;New Year's Day;;;39462
CN;China;46024;36126;New Year Holiday (workday moved to Sun. Jan. 4);;;45965
CN;China;46025;36346;New Year Holiday;;;45813
CN;China;46068;35763;Spring Festival;;2026 Only;45965
CN;China;46069;31107;Spring Festival (Chinese New Year's Eve);;Chinese Lunar;45228
CN;China;46070;25736;Spring Festival (Chinese New Year);;Chinese Lunar;41620
CN;China;46071;30904;Spring Festival;;Chinese Lunar;41620
CN;China;46072;28112;Spring Festival;;Chinese Lunar;44496
CN;China;46073;28111;Spring Festival (workday moved to Sat. Feb. 14);;Chinese Lunar;45965
CN;China;46074;28113;Spring Festival;;Chinese Lunar;44900
CN;China;46075;28114;Spring Festival;;Chinese Lunar;45608
CN;China;46076;36127;Spring Festival (workday moved to Sat. Feb. 28);;Chinese Lunar;45965
CN;China;46116;36144;Tomb Sweeping Day Holiday;;Chinese Solar;45608
CN;China;46117;25738;Tomb Sweeping Day (Qing Ming Jie);;Chinese Solar;39399
CN;China;46118;36128;Tomb Sweeping Day Holiday;;Chinese Solar;45608
CN;China;46143;25737;Labour Day;;;39399
CN;China;46144;36129;Labour Day Holiday;;;45965
CN;China;46145;36129;Labour Day Holiday;;;45965
CN;China;46146;36129;Labour Day Holiday;;;45965
CN;China;46147;36129;Labour Day Holiday (workday moved to Sat. May 9);;;45965
CN;China;46192;25739;Dragon Boat Festival (Duan Wu Jie);;Chinese Lunar;39462
CN;China;46193;36146;Dragon Boat Festival Holiday;;Chinese Lunar;45608
CN;China;46194;36147;Dragon Boat Festival Holiday;;Chinese Lunar;45608
CN;China;46290;25740;Mid-Autumn Festival (Zhong Qiu Jie);;Chinese Lunar;45813
CN;China;46291;36149;Mid-Autumn Festival Holiday;;Chinese Lunar;45608
CN;China;46292;36150;Mid-Autumn Festival Holiday;;Chinese Lunar;45608
CN;China;46296;19323;National Day (Guoqing Jie);;;39399
CN;China;46297;19323;National Day Holiday;;;39399
CN;China;46298;19323;National Day Holiday;;;39399
CN;China;46299;25855;National Day Holiday;;;45228
CN;China;46300;25856;National Day Holiday;;;44900
CN;China;46301;25857;National Day Holiday (workday moved to Sun. Sep. 20);;;45965
CN;China;46302;25858;National Day Holiday (workday moved to Sat. Oct. 10);;;45965
CX;Christmas Island;46023;27266;New Year's Day;;;39783
CX;Christmas Island;46048;27267;Australia Day;;;39783
CX;Christmas Island;46070;27268;Chinese New Year;;Chinese Lunar;39784
CX;Christmas Island;46071;27298;Chinese New Year (Day 2);;Chinese Lunar;39784
CX;Christmas Island;46101;27271;Hari Raya Puasa;;Muslim (Arithmetical);44464
CX;Christmas Island;46104;27272;Labour Day;;;43672
CX;Christmas Island;46115;27273;Good Friday;;Easter;39783
CX;Christmas Island;46137;27274;ANZAC Day;;;39783
CX;Christmas Island;46139;27274;ANZAC Day Holiday;;;39783
CX;Christmas Island;46169;27270;Hari Raya Haji;;Muslim (Arithmetical);45545
CX;Christmas Island;46300;27275;Territory Day;;;39783
CX;Christmas Island;46381;27276;Christmas Day;;;42219
CX;Christmas Island;46382;27277;Boxing Day;;;44464
CX;Christmas Island;46384;27277;Boxing Day Holiday;;;44464
CC;Cocos (Keeling) Islands;46023;27278;New Year's Day;;;39783
CC;Cocos (Keeling) Islands;46048;27279;Australia Day;;;39783
CC;Cocos (Keeling) Islands;46101;27285;Hari Raya Puasa;;Muslim (Arithmetical);45297
CC;Cocos (Keeling) Islands;46115;27283;Good Friday;;Easter;39783
CC;Cocos (Keeling) Islands;46118;27291;Easter Monday;;Easter;40422
CC;Cocos (Keeling) Islands;46119;27290;Act of Self Determination Day;;;45297
CC;Cocos (Keeling) Islands;46137;27284;ANZAC Day;;;39783
CC;Cocos (Keeling) Islands;46139;27284;ANZAC Day Holiday;;;39783
CC;Cocos (Keeling) Islands;46169;27287;Hari Raya Haji;;Muslim (Arithmetical);45545
CC;Cocos (Keeling) Islands;46181;34223;King's Birthday Holiday;;;45545
CC;Cocos (Keeling) Islands;46260;27292;Hari Maulad Nabi (Mohammad's Birthday);;Muslim (Arithmetical);43297
CC;Cocos (Keeling) Islands;46381;27288;Christmas Day;;;42219
CC;Cocos (Keeling) Islands;46382;27289;Boxing Day;;;44464
CC;Cocos (Keeling) Islands;46384;27289;Christmas Holiday;;;44464
CO;Colombia;46023;17948;New Year's Day;;;38230
CO;Colombia;46034;17949;Epiphany Holiday;;;39461
CO;Colombia;46104;17950;Saint Joseph's Day Holiday;;;39461
CO;Colombia;46114;17951;Maundy Thursday;;Easter;38578
CO;Colombia;46115;17952;Good Friday;;Easter;38230
CO;Colombia;46143;17954;Labor Day;;;38230
CO;Colombia;46160;17955;Ascension Holiday;;Easter;38230
CO;Colombia;46181;22698;Corpus Christi Holiday;;Easter;38574
CO;Colombia;46188;22013;Sagrado Corazon (Sacred Heart Holiday);;Easter;38933
CO;Colombia;46202;17958;Saints Peter and Paul's Day;;;39461
CO;Colombia;46223;17959;Independence Day;;;38230
CO;Colombia;46241;17960;Battle of Boyacá Day;;;38574
CO;Colombia;46251;17961;Assumption Day Holiday;;;39461
CO;Colombia;46307;17962;Día de la Raza (Columbus Day);;;39461
CO;Colombia;46328;17963;All Saints' Day Holiday;;;39461
CO;Colombia;46342;17964;Cartagena Independence Holiday;;;39461
CO;Colombia;46364;17965;Immaculate Conception Day;;;38230
CO;Colombia;46381;17966;Christmas Day;;;38230
KM;Comoros;46023;22656;New Year's Day;;;38572
KM;Comoros;46070;36487;Jour de la Réconciliation Nationale;;;46016
KM;Comoros;46100;22662;Ide el Fitr (End of Ramadan);;Muslim;39466
KM;Comoros;46101;22662;Ide el Fitr (End of Ramadan);;Muslim;39466
KM;Comoros;46102;22662;Ide el Fitr (End of Ramadan);;Muslim;39466
KM;Comoros;46143;22666;Labour Day;;;38941
KM;Comoros;46169;22657;Ide el Kabir (Feast of Sacrifice);;Muslim;39485
KM;Comoros;46170;22657;Ide el Kabir Holiday;;Muslim;39485
KM;Comoros;46189;22658;Muharram (Islamic New Year);;Muslim;38572
KM;Comoros;46209;22663;Fête d'Indépendance (National Day);;;46016
KM;Comoros;46210;36488;Lendemain de la Fête d'Indépendance;;;46016
KM;Comoros;46259;22659;Mouloud (The Prophet's Birthday);;Muslim;45905
KM;Comoros;46338;31535;Journée nationale Mahorais;;;44042
CD;Congo, Dem. Rep. (Zaire);46023;36186;New Year's Day;;;46035
CD;Congo, Dem. Rep. (Zaire);46027;36187;Martyrs' Day Holiday;;;46035
CD;Congo, Dem. Rep. (Zaire);46038;36193;Heroes' Day (Laurent Kabila);;;46035
CD;Congo, Dem. Rep. (Zaire);46041;36194;Heroes' Day Holiday;;;46035
CD;Congo, Dem. Rep. (Zaire);46118;36196;Founding of the Kimbanguiste Church;;;46035
CD;Congo, Dem. Rep. (Zaire);46143;36188;Labour Day;;;46035
CD;Congo, Dem. Rep. (Zaire);46160;36192;National Revolution and Armed Forces Day Holiday;;;46035
CD;Congo, Dem. Rep. (Zaire);46203;36189;Independence Day;;;46035
CD;Congo, Dem. Rep. (Zaire);46237;36190;Parents' Day Holiday;;;46035
CD;Congo, Dem. Rep. (Zaire);46238;36292;Congolese Genocide Day Holiday;;;46035
CD;Congo, Dem. Rep. (Zaire);46381;36191;Christmas Day;;;46035
CG;Congo, Republic of the;46023;17967;New Year's Day;;;38230
CG;Congo, Republic of the;46024;30337;Public Holiday;;2026 Only;46024
CG;Congo, Republic of the;46118;24631;Easter Monday;;Easter;38939
CG;Congo, Republic of the;46143;17973;Labour Day;;;38230
CG;Congo, Republic of the;46156;24632;Ascension Day;;Easter;38939
CG;Congo, Republic of the;46167;24634;Whit Monday;;Easter;38939
CG;Congo, Republic of the;46183;24635;Reconciliation Day;;;38939
CG;Congo, Republic of the;46249;17978;National Day (Fête Nationale);;;39476
CG;Congo, Republic of the;46327;24636;All Saints' Day;;;38939
CG;Congo, Republic of the;46354;29230;Republic Day (Jour de la République);;;40507
CG;Congo, Republic of the;46381;17980;Christmas Day;;;38230
CK;Cook Islands;46023;23203;New Year's Day;;;39316
CK;Cook Islands;46024;23204;Second Day of the New Year;;;39517
CK;Cook Islands;46115;23206;Good Friday;;Easter;38580
CK;Cook Islands;46118;23208;Easter Monday;;Easter;38580
CK;Cook Islands;46137;23209;ANZAC Day;;;38580
CK;Cook Islands;46174;23210;The Sovereign's Birthday;;;38580
CK;Cook Islands;46206;30239;Ra o te Ui Ariki;;;43843
CK;Cook Islands;46238;23223;Constitution Day;;;39301
CK;Cook Islands;46321;23211;National Gospel Day;;;39301
CK;Cook Islands;46381;23213;Christmas Day;;;39316
CK;Cook Islands;46382;23214;Boxing Day;;;39316
CK;Cook Islands;46384;23214;Christmas Holiday;;;39316
CR;Costa Rica;46023;21273;New Year's Day;;;38230
CR;Costa Rica;46111;33124;Public Sector Holiday (Semana Santa);Government/Tentative;Easter;45753
CR;Costa Rica;46112;33124;Public Sector Holiday (Semana Santa);Government/Tentative;Easter;45753
CR;Costa Rica;46113;33124;Public Sector Holiday (Semana Santa);Government/Tentative;Easter;45753
CR;Costa Rica;46114;21275;Maundy Thursday;;Easter;38230
CR;Costa Rica;46115;21276;Good Friday;;Easter;38230
CR;Costa Rica;46123;21279;Juan Santamaria Day;;;45596
CR;Costa Rica;46143;21280;Labor Day;;;45776
CR;Costa Rica;46228;21283;Guanacaste Day;;;45372
CR;Costa Rica;46236;21284;Lady of the Angels' Day;;;44017
CR;Costa Rica;46249;25551;Mothers' Day / Assumption;;;45282
CR;Costa Rica;46265;34826;Día de la Persona Negra y la Cultura Afrocostarricense;;;44460
CR;Costa Rica;46280;21286;Independence Day;;;44017
CR;Costa Rica;46357;33685;Día de la Abolición del Ejército (date to be confirmed, could move to Mon. Nov. 30);;;45596
CR;Costa Rica;46381;21290;Christmas Day;;;38230
CI;Côte d'Ivoire;46023;21700;New Year's Day;;;38352
CI;Côte d'Ivoire;46098;24626;Day after Lailatou-Kadr (Quran Revelation);;Muslim;45742
CI;Côte d'Ivoire;46101;21716;Korité / Aîd-eI-Fitr (End of Ramadan);;Muslim;45746
CI;Côte d'Ivoire;46118;21703;Easter Monday;;Easter;38352
CI;Côte d'Ivoire;46143;21704;Labour Day;;;41280
CI;Côte d'Ivoire;46156;21706;Ascension Day;;Easter;38352
CI;Côte d'Ivoire;46167;21708;Whit Monday;;Easter;38352
CI;Côte d'Ivoire;46169;21715;Tabaski / Aîd-El-Kébir (Feast of Sacrifice);;Muslim;45458
CI;Côte d'Ivoire;46241;21705;Independence Day (National Day);;;44101
CI;Côte d'Ivoire;46249;21710;Assumption Day;;;38352
CI;Côte d'Ivoire;46260;21714;The Day after the Prophet's Birthday (Maouloud);;Muslim;45903
CI;Côte d'Ivoire;46327;21711;All Saints' Day;;;38352
CI;Côte d'Ivoire;46341;21712;National Peace Day;;;38352
CI;Côte d'Ivoire;46381;21713;Christmas Day;;;44919
HR;Croatia;46023;20850;New Year's Day (Nova godina);;;39621
HR;Croatia;46028;26051;Epiphany (Sveta tri kralja);;;39705
HR;Croatia;46117;34127;Easter Sunday (Uskrs);;Easter;43870
HR;Croatia;46118;20853;Easter Monday (Uskrsni ponedjeljak);;Easter;38230
HR;Croatia;46143;20854;Labour Day (Praznik rada);;;39621
HR;Croatia;46172;20856;National Day (Dan državnosti);;;43870
HR;Croatia;46177;22139;Corpus Christi Day (Tijelovo);;Easter;38541
HR;Croatia;46195;20855;Anti-Fascist Resistance Day (Dan antifašisticke borbe);;;43870
HR;Croatia;46239;20857;Victory and Homeland Thanksgiving Day (Dan pobjede i domovinske zahvalnosti);;;44155
HR;Croatia;46249;20858;Assumption Day (Velika Gospa);;;39621
HR;Croatia;46327;20859;All Saints' Day (Svi Sveti);;;39621
HR;Croatia;46344;33964;Homeland War Victims Remembrance Day (Dan sjecanja na žrtve Domovinskog rata);;;44155
HR;Croatia;46381;20860;Christmas Day (Božic);;;39621
HR;Croatia;46382;20861;Saint Stephen's Day (Sveti Stjepan);;;39621
CU;Cuba;46023;21325;Liberation Day (Día de la Liberación);;;44402
CU;Cuba;46024;25749;Victory Day (Día de la Victoria);;;44402
CU;Cuba;46115;30465;Good Friday (Viernes Santo);;Easter;43832
CU;Cuba;46143;21326;Labor Day (Día Internacional de los Trabajadores);;;43832
CU;Cuba;46228;34090;Revolution Anniversary (Conmemoración al asalto al Cuartel Moncada);;;44402
CU;Cuba;46229;34091;Revolution Anniversary (Día de la Rebeldía Nacional);;;45865
CU;Cuba;46230;34092;Revolution Anniversary (Conmemoración del asalto a Moncada);;;44402
CU;Cuba;46231;36373;Revolution Anniversary Holiday;Tentative;;45865
CU;Cuba;46305;21328;Independence Day (Día de la Independencia);;;43832
CU;Cuba;46381;21329;Christmas Day (Día de Navidad);;;45865
CU;Cuba;46387;25748;New Year's Eve (Fiesta de Fin de Año);;;44402
CW;Curaçao;46023;29616;New Year's Day;;;40603
CW;Curaçao;46069;29618;Carnival Holiday;;Easter;40603
CW;Curaçao;46115;29619;Good Friday;;Easter;40603
CW;Curaçao;46117;29620;Easter;;Easter;40603
CW;Curaçao;46118;29621;Easter Monday / Seú Harvest Parade;;Easter;40603
CW;Curaçao;46139;30868;King's Birthday;;;45669
CW;Curaçao;46143;29623;Labour Day;;;45767
CW;Curaçao;46156;29624;Ascension Day;;Easter;40603
CW;Curaçao;46166;29626;Whit Sunday (Pentecost);;Easter;40603
CW;Curaçao;46205;29628;Curaçao National Flag and Anthem Day (Day of Himno and Bandera);;;45565
CW;Curaçao;46305;30145;Curaçao Day (Day of the Korsou Country);;;45565
CW;Curaçao;46381;29635;Christmas Day;;;40603
CW;Curaçao;46382;29636;Second Day of Christmas;;;40603
CW;Curaçao;46387;36221;New Year's Eve;Banks;;45669
CY;Cyprus;46023;19227;New Year's Day;;;38230
CY;Cyprus;46028;19228;Epiphany;;;38230
CY;Cyprus;46039;36529;Public Holiday (funeral of former President George Vassiliou);;2026 Only;46038
CY;Cyprus;46076;19229;Ash Monday / Clean Monday (Kathara Deftera);;Orth. Easter;39476
CY;Cyprus;46106;19230;Greek Independence Day;;;38539
CY;Cyprus;46113;19231;Greek Cypriot Day (EOKA Day);;;39274
CY;Cyprus;46122;19232;Orthodox Good Friday;;Orth. Easter;38230
CY;Cyprus;46125;19234;Orthodox Easter Monday;;Orth. Easter;38230
CY;Cyprus;46126;20071;Orthodox Easter Tuesday;Banks;Orth. Easter;40287
CY;Cyprus;46143;19235;May Day;;;38904
CY;Cyprus;46174;19237;Orthodox Whit Monday (Kataklysmos);;Orth. Easter;39274
CY;Cyprus;46249;19239;Assumption Day;;;38230
CY;Cyprus;46296;19240;Cyprus Independence Day;;;39476
CY;Cyprus;46323;19241;Ochi Day (Greek National Day);;;39476
CY;Cyprus;46381;19242;Christmas Day;;;38230
CY;Cyprus;46382;19243;Second Day of Christmas;;;38230
CZ;Czech Republic;46023;17982;New Year's Day;;;38230
CZ;Czech Republic;46115;31477;Good Friday;;Easter;42379
CZ;Czech Republic;46118;17984;Easter Monday;;Easter;38230
CZ;Czech Republic;46143;17985;May Day / EU Accession Anniversary;;;45451
CZ;Czech Republic;46150;17986;Liberation Day;;;38230
CZ;Czech Republic;46208;17987;Saints Cyril and Methodius' Day;;;38905
CZ;Czech Republic;46209;17988;Jan Hus Day;;;38230
CZ;Czech Republic;46293;17989;Czech Statehood Day;;;39476
CZ;Czech Republic;46323;17990;Independence Day;;;38538
CZ;Czech Republic;46343;17991;Freedom and Democracy Day;;;38538
CZ;Czech Republic;46380;17992;Christmas Eve;;;38230
CZ;Czech Republic;46381;17993;Christmas Day;;;38230
CZ;Czech Republic;46382;17994;Second Day of Christmas;;;38538
DK;Denmark;46023;19176;New Year's Day;;;38535
DK;Denmark;46114;19177;Maundy Thursday;;Easter;38230
DK;Denmark;46115;19178;Good Friday;;Easter;38230
DK;Denmark;46117;19179;Easter;;Easter;40288
DK;Denmark;46118;19180;Easter Monday;;Easter;38230
DK;Denmark;46156;19182;Ascension Day;;Easter;38230
DK;Denmark;46157;25926;Bank Holiday;Banks;Easter;39503
DK;Denmark;46166;19183;Whit Sunday (Pentecost);;Easter;40288
DK;Denmark;46167;19184;Whit Monday;;Easter;38230
DK;Denmark;46178;19185;Constitution Day (Grundlovsdag);Banks/Other;;45242
DK;Denmark;46380;20075;Christmas Eve;Banks/Other;;45242
DK;Denmark;46381;19186;Christmas Day;;;38230
DK;Denmark;46382;19187;Second Day of Christmas;;;38230
DK;Denmark;46387;24440;Bank Holiday;Banks;;43477
DJ;Djibouti;46023;22592;New Year's Day (Gregorian);;;39304
DJ;Djibouti;46038;22598;Al Isra et Al Mirague (The Prophet's Ascension);;Muslim;42126
DJ;Djibouti;46101;22599;Aïd el Fitre (End of Ramadan);;Muslim;39512
DJ;Djibouti;46102;22599;Aïd el Fitre Holiday;;Muslim;39512
DJ;Djibouti;46143;22596;Labour Day;;;38569
DJ;Djibouti;46168;22593;Youm Arafat;;Muslim;42504
DJ;Djibouti;46169;22593;Aïd el Addha (Feast of Sacrifice);;Muslim;42504
DJ;Djibouti;46170;22593;Aïd el Addha Holiday;;Muslim;42504
DJ;Djibouti;46189;22594;Awal Mouharam (Islamic New Year);;Muslim;39512
DJ;Djibouti;46200;22595;National Day;;;39485
DJ;Djibouti;46201;22595;National Day Holiday;;;39485
DJ;Djibouti;46259;22597;Mouloud (The Prophet's Birthday);;Muslim;42126
DM;Dominica;46023;22843;New Year's Day;;;44923
DM;Dominica;46069;22845;Carnival Monday;;Easter;44590
DM;Dominica;46070;24602;Carnival Tuesday;;Easter;44590
DM;Dominica;46115;22847;Good Friday;;Easter;38578
DM;Dominica;46118;22849;Easter Monday;;Easter;38578
DM;Dominica;46146;22851;Labour Day;;;43843
DM;Dominica;46167;22857;Whit Monday;;Easter;38578
DM;Dominica;46237;22858;Emancipation Day (August Monday);;;43843
DM;Dominica;46329;22855;Independence Day;;;41320
DM;Dominica;46330;22844;National Day of Community Service;;;43843
DM;Dominica;46381;22853;Christmas Day;;;44213
DM;Dominica;46382;22854;Boxing Day;;;44213
DO;Dominican Republic;46023;21352;New Year's Day;;;38230
DO;Dominican Republic;46027;30821;Epiphany Holiday;;;43056
DO;Dominican Republic;46043;21354;Lady of Altagracia Day;;;38230
DO;Dominican Republic;46048;30822;Juan Pablo Duarte Day;;;42307
DO;Dominican Republic;46080;21356;Independence Day;;;38230
DO;Dominican Republic;46113;35910;Holy Wednesday;Government/Afternoon/Tentative;Easter;45763
DO;Dominican Republic;46114;34736;Maundy Thursday;Government;Easter;45374
DO;Dominican Republic;46115;21357;Good Friday;;Easter;38230
DO;Dominican Republic;46146;21359;Labor Day Holiday;;;43056
DO;Dominican Republic;46177;21362;Corpus Christi;;Easter;45249
DO;Dominican Republic;46250;25924;Restoration Day;;;40745
DO;Dominican Republic;46289;21361;Lady of Mercedes Day;;;39300
DO;Dominican Republic;46335;21363;Constitution Day Holiday;;;43056
DO;Dominican Republic;46381;21364;Christmas Day;;;38230
TL;East Timor;46023;21185;New Year's Day;;;38230
TL;East Timor;46024;36198;New Year Holiday;Government;;46001
TL;East Timor;46070;35573;Chinese New Year;Government/Tentative;Chinese Lunar;45685
TL;East Timor;46071;30423;Ash Wednesday;Government/Tentative;Easter;45715
TL;East Timor;46084;33074;Veterans Day;;;42756
TL;East Timor;46101;25348;Idulfitri (End of Ramadan);;Muslim;45679
TL;East Timor;46114;30425;Holy Thursday;Government/Tentative;Easter;45757
TL;East Timor;46115;21186;Holy Friday;;Easter;38230
TL;East Timor;46118;30426;Easter Monday;Government/Tentative;Easter;45757
TL;East Timor;46143;21187;Labour Day;;;39286
TL;East Timor;46162;21188;Independence Restoration Day;;;38558
TL;East Timor;46169;25347;Idul Adha (Feast of Sacrifice);;Muslim;45322
TL;East Timor;46177;25346;Feast of the Body of God (Corpus Christi);;Easter;39286
TL;East Timor;46264;21190;Popular Consultation Day;;;45522
TL;East Timor;46327;21192;All Saints' Day;;;38230
TL;East Timor;46328;25345;All Souls' Day;;;39286
TL;East Timor;46329;35738;National Women's Day;;;45165
TL;East Timor;46338;21193;National Youth Day;;;39286
TL;East Timor;46354;22238;Proclamation of Independence Day;;;39286
TL;East Timor;46363;24549;Memorial Day;;;42935
TL;East Timor;46364;21194;Immaculate Conception Day;;;38230
TL;East Timor;46381;21195;Christmas Day;;;38230
TL;East Timor;46387;33177;National Heroes Day;;;42935
EC;Ecuador;46023;20741;New Year's Day;;;42723
EC;Ecuador;46024;36164;New Year Holiday;;2026 Only;45989
EC;Ecuador;46069;25040;Carnaval;;Easter;45316
EC;Ecuador;46070;25040;Carnaval;;Easter;45316
EC;Ecuador;46115;20744;Good Friday;;Easter;43931
EC;Ecuador;46143;20746;Labor Day;;;43218
EC;Ecuador;46166;20747;Battle of Pichincha Day;;;43976
EC;Ecuador;46167;20747;Battle of Pichincha Holiday;;;43976
EC;Ecuador;46227;24588;Guayaquil Day Holiday;Municipal;;44867
EC;Ecuador;46228;24588;Guayaquil Day;Municipal;;44867
EC;Ecuador;46244;20749;National Day;;;42723
EC;Ecuador;46304;20750;Guayaquil Independence Day;;;45933
EC;Ecuador;46328;20752;All Souls' Day;;;42973
EC;Ecuador;46329;20753;Cuenca Independence Day;;;42973
EC;Ecuador;46362;20754;Quito Day;Municipal;;44867
EC;Ecuador;46363;20754;Quito Day Holiday;Municipal;;44867
EC;Ecuador;46381;20755;Christmas;;;42723
EC;Ecuador;46387;24587;Bank Holiday;Banks;;44561
EG;Egypt;46023;30685;Bank Holiday;Banks;;41283
EG;Egypt;46029;20084;Eastern/Coptic Christmas;;;44565
EG;Egypt;46051;28651;January Revolution and National Police Day Holiday;;;46041
EG;Egypt;46101;20089;Eid al-Fitr (End of Ramadan);;Muslim (ESA);45746
EG;Egypt;46102;20089;End of Ramadan Holiday;;Muslim (ESA);45746
EG;Egypt;46103;25299;End of Ramadan Holiday;Government;Muslim (ESA);45742
EG;Egypt;46124;35947;Coptic Easter;Banks/Other;Orth. Easter;45406
EG;Egypt;46125;20087;Sham el Nessim;;Orth. Easter;38563
EG;Egypt;46137;20076;Sinai Liberation Day;;;46024
EG;Egypt;46143;20077;Labour Day;;;46024
EG;Egypt;46168;20090;Wakfet Arafat;;Muslim (ESA);45420
EG;Egypt;46169;20090;Eid al Adha (Feast of Sacrifice);;Muslim (ESA);45420
EG;Egypt;46170;20090;Al Adha Holiday;;Muslim (ESA);45420
EG;Egypt;46171;25297;Al Adha Holiday;;Muslim (ESA);45810
EG;Egypt;46172;25298;Al Adha Holiday;;Muslim (ESA);45810
EG;Egypt;46191;20091;El Hijra (Islamic New Year) (might move back to June 17);;Muslim (ESA);46024
EG;Egypt;46204;30446;Bank Holiday;Banks;;45099
EG;Egypt;46205;31311;June 30th Anniversary Holiday (might move back to June 30);;;46024
EG;Egypt;46226;20079;Revolution Day (National Day);;;46024
EG;Egypt;46261;20092;Moulid El Nabi Holiday (might move back to Aug. 26);;Muslim (ESA);46024
EG;Egypt;46303;20080;Armed Forces Day Holiday (might move back to Oct. 6);;;46024
SV;El Salvador;46023;21243;New Year's Day;;;38230
SV;El Salvador;46024;33718;Public Sector Holiday;Government;;44920
SV;El Salvador;46109;33716;Public Sector Holiday;Government;Easter;43481
SV;El Salvador;46110;33716;Public Sector Holiday;Government;Easter;43481
SV;El Salvador;46111;33716;Public Sector Holiday;Government;Easter;43481
SV;El Salvador;46112;33716;Public Sector Holiday;Government;Easter;43481
SV;El Salvador;46113;36506;Bank Holiday (optional);Banks;Easter;46028
SV;El Salvador;46113;33716;Public Sector Holiday;Government;Easter;43481
SV;El Salvador;46114;21245;Maundy Thursday;;Easter;38230
SV;El Salvador;46115;21246;Good Friday;;Easter;38230
SV;El Salvador;46116;24573;Holy Saturday;;Easter;38932
SV;El Salvador;46143;21249;Labor Day;;;38230
SV;El Salvador;46152;32573;Día de la Madre;;;42474
SV;El Salvador;46190;30817;Día del Padre;;;41434
SV;El Salvador;46235;33717;Public Sector Holiday;Government;;43481
SV;El Salvador;46236;33717;Public Sector Holiday;Government;;43481
SV;El Salvador;46237;36505;Bank Holiday (optional);Banks;;46028
SV;El Salvador;46237;24576;Fiesta de San Salvador (San Salvador);Municipal;;42217
SV;El Salvador;46237;33717;Public Sector Holiday;Government;;43481
SV;El Salvador;46238;33717;Public Sector Holiday;Government;;43481
SV;El Salvador;46239;36503;Bank Holiday (optional);Banks;;46028
SV;El Salvador;46239;31338;Fiesta de San Salvador (San Salvador);Municipal;;42217
SV;El Salvador;46239;33717;Public Sector Holiday;Government;;43481
SV;El Salvador;46240;21251;Celebración del Divino Salvador del Mundo;;;42476
SV;El Salvador;46280;21253;Independence Day;;;38230
SV;El Salvador;46328;21255;All Souls' Day (Día de los Muertos);;;42476
SV;El Salvador;46380;36504;Bank Holiday (optional);Banks;;46028
SV;El Salvador;46380;33718;Public Sector Holiday;Government;;44920
SV;El Salvador;46381;21258;Christmas Day;;;38230
SV;El Salvador;46382;33718;Public Sector Holiday;Government;;44920
SV;El Salvador;46383;33718;Public Sector Holiday;Government;;44920
SV;El Salvador;46384;33718;Public Sector Holiday;Government;;44920
SV;El Salvador;46385;33718;Public Sector Holiday;Government;;44920
SV;El Salvador;46386;33718;Public Sector Holiday;Government;;44920
SV;El Salvador;46387;24575;Bank Holiday (optional);Banks;;46028
SV;El Salvador;46387;33718;Public Sector Holiday;Government;;44920
ER;Eritrea;46023;22588;New Year's Day;;;38569
ER;Eritrea;46029;22575;Leddet (Coptic Christmas);;Orthodox;45490
ER;Eritrea;46041;22576;Timket (Coptic Epiphany);;Ethiopic;39304
ER;Eritrea;46089;22578;Women's Day;;;40212
ER;Eritrea;46101;22587;Ed'Al Fetir / Eid Al-Fater (End of Ramadan);;Muslim;45490
ER;Eritrea;46122;22579;Coptic Good Friday;;Orth. Easter;45490
ER;Eritrea;46124;22580;Tensae (Coptic Easter);;Orth. Easter;45490
ER;Eritrea;46143;22581;May Day;;;40212
ER;Eritrea;46166;22583;Independence Day;;;38569
ER;Eritrea;46169;22577;Ed'Al Adha (Feast of Sacrifice);;Muslim;45490
ER;Eritrea;46193;22589;Martyrs' Day;;;38569
ER;Eritrea;46259;22582;Eid Al-Maulid Anebi (The Prophet's Birthday);;Muslim;45490
ER;Eritrea;46266;22590;Revolution Day (Bahti Meskerem);;;39480
ER;Eritrea;46276;22585;Keddus Johannes (Geez New Year);;Ethiopic;45490
ER;Eritrea;46292;22586;Meskel (Discovery of the True Cross);;Ethiopic;45490
EE;Estonia;46023;19244;New Year's Day;;;38230
EE;Estonia;46076;35949;Shortened Workday;Other/Afternoon;;45389
EE;Estonia;46077;19245;Iseseisvuspäev (Independence Day);;;38230
EE;Estonia;46115;19246;Good Friday;;Easter;38230
EE;Estonia;46117;19247;Easter;;Easter;38230
EE;Estonia;46143;19248;Kevadpüha (Spring Day);;;38230
EE;Estonia;46166;19249;Whit Sunday (Pentecost);;Easter;38230
EE;Estonia;46195;35950;Shortened Workday;Other/Afternoon;;45389
EE;Estonia;46196;19250;Victory Day;;;38230
EE;Estonia;46197;19251;Midsummer's Day / Saint John's Day;;;38540
EE;Estonia;46254;19252;Independence Restoration Day;;;39277
EE;Estonia;46379;35951;Shortened Workday;Other/Afternoon;;45389
EE;Estonia;46380;24474;Christmas Eve;;;39509
EE;Estonia;46381;19253;Christmas Day;;;38230
EE;Estonia;46382;19254;Second Day of Christmas;;;38540
EE;Estonia;46387;25811;Shortened Workday;Other/Afternoon;;45389
SZ;eSwatini;46023;21977;New Year's Day;;;40533
SZ;eSwatini;46028;21989;Incwala Day;;Lunisolar;46025
SZ;eSwatini;46097;36250;Lutsangu Day (date to be confirmed);;Lunisolar;45724
SZ;eSwatini;46115;21978;Good Friday;;Easter;38459
SZ;eSwatini;46118;21980;Easter Monday;;Easter;38459
SZ;eSwatini;46131;21981;King's Birthday;;;42425
SZ;eSwatini;46132;21981;King's Birthday Holiday;;;42425
SZ;eSwatini;46137;21982;National Flag Day;;;43175
SZ;eSwatini;46143;21983;Workers' Day;;;42127
SZ;eSwatini;46156;21984;Ascension Day;;Easter;38459
SZ;eSwatini;46265;24661;Umhlanga / Reed Dance Public Holiday (date to be confirmed);;;45877
SZ;eSwatini;46271;21986;Somhlolo Day (Independence Day);;;39512
SZ;eSwatini;46272;21986;Somhlolo Day Holiday;;;39512
SZ;eSwatini;46381;21987;Christmas Day;;;40886
SZ;eSwatini;46382;21988;Boxing Day;;;40533
SZ;eSwatini;46383;21989;Incwala Day (date to be confirmed);;Lunisolar;46025
SZ;eSwatini;46384;21989;Incwala Holiday;Tentative;Lunisolar;46025
ET;Ethiopia;46029;21196;Genna (Ethiopian Christmas);;Ethiopic;45770
ET;Ethiopia;46041;21198;Timket (Epiphany);;Ethiopic;40928
ET;Ethiopia;46083;21199;Adwa Victory Day;;;40928
ET;Ethiopia;46101;21206;Id Al Fetir (End of Ramadan);;Muslim;43620
ET;Ethiopia;46122;21200;Siklet (Ethiopian Good Friday);;Orth. Easter;39477
ET;Ethiopia;46124;21201;Fasika (Ethiopian Easter);;Orth. Easter;39477
ET;Ethiopia;46143;22570;International Labour Day;;;38940
ET;Ethiopia;46147;22571;Arbegnoch Qen (Patriots' Victory Day);;;38940
ET;Ethiopia;46169;21204;Id Al Adaha / Arefa (Feast of Sacrifice);;Muslim;42021
ET;Ethiopia;46260;21205;Mawlid (The Prophet's Birthday);;Muslim;45550
ET;Ethiopia;46276;21197;Enkutatash (Ethiopian New Year);;Ethiopic;39477
ET;Ethiopia;46292;21203;Meskel (Discovery of the True Cross);;Ethiopic;39304
FK;Falkland Islands;46023;21620;New Year's Day;;;39271
FK;Falkland Islands;46115;21621;Good Friday;;Easter;38350
FK;Falkland Islands;46187;21625;Liberation Day;;;39271
FK;Falkland Islands;46188;21625;Liberation Day Holiday;;;39271
FK;Falkland Islands;46300;21626;Peat Cutting Day (Spring Holiday);;;42024
FK;Falkland Islands;46340;35498;Birthday of His Majesty King Charles III;;;44870
FK;Falkland Islands;46342;35498;King's Birthday  Holiday;;;44870
FK;Falkland Islands;46364;22709;Battle Day;;;39271
FK;Falkland Islands;46381;21627;Christmas Day;;;39991
FK;Falkland Islands;46382;24447;Boxing Day;;;39991
FK;Falkland Islands;46384;24447;1st day of Stanley Races;;;39991
FK;Falkland Islands;46385;24448;2nd day of Stanley Races;;;39271
FK;Falkland Islands;46386;22710;Government Holidays;Government;;38576
FK;Falkland Islands;46387;22710;Government Holidays;Government;;38576
FO;Faroe Islands;46023;21514;New Year's Day;;;38350
FO;Faroe Islands;46114;21515;Maundy Thursday;;Easter;38350
FO;Faroe Islands;46115;21516;Good Friday;;Easter;38350
FO;Faroe Islands;46117;31470;Easter Sunday;;Easter;42336
FO;Faroe Islands;46118;21518;Easter Monday;;Easter;38350
FO;Faroe Islands;46137;21520;National Flag Day;Afternoon;;39969
FO;Faroe Islands;46156;21521;Ascension Day;;Easter;38350
FO;Faroe Islands;46166;31471;Whit Sunday;;Easter;42336
FO;Faroe Islands;46167;21523;Whit Monday;;Easter;38350
FO;Faroe Islands;46178;21524;Constitution Day;Afternoon;;42336
FO;Faroe Islands;46231;21525;Olavsoka Eve (Ólavsøkuaftan);Afternoon;;39969
FO;Faroe Islands;46232;21526;Saint Olav's Day (Ólavsøkudagur) (National Day);;;38536
FO;Faroe Islands;46380;21527;Christmas Eve;;;38350
FO;Faroe Islands;46381;21528;Christmas Day;;;38350
FO;Faroe Islands;46382;21529;Second Day of Christmas;;;38536
FO;Faroe Islands;46387;21530;New Year's Eve;;;42336
FJ;Fiji;46023;18008;New Year's Day;;;44556
FJ;Fiji;46115;18010;Good Friday;;Easter;38230
FJ;Fiji;46116;18011;Easter Saturday;;Easter;39416
FJ;Fiji;46118;18012;Easter Monday;;Easter;38230
FJ;Fiji;46157;35554;Girmit Day;;;45533
FJ;Fiji;46171;18013;Ratu Sir Lala Sukuna Day;;;45903
FJ;Fiji;46258;18015;Prophet Mohammed's Birthday Holiday;;Muslim;45533
FJ;Fiji;46305;32718;Fiji Day;;;45903
FJ;Fiji;46334;18017;Diwali (not a public holiday in 2026);;Hindu Lunar;44752
FJ;Fiji;46335;18017;Diwali Holiday;;Hindu Lunar;44752
FJ;Fiji;46381;18018;Christmas Day;;;44556
FJ;Fiji;46384;18019;Boxing Day Holiday;;;44556
FI;Finland;46023;19188;New Year's Day;;;39370
FI;Finland;46028;19189;Epiphany;;;42459
FI;Finland;46115;19190;Good Friday;;Easter;38230
FI;Finland;46117;19191;Easter;;Easter;38230
FI;Finland;46118;19192;Easter Monday;;Easter;38230
FI;Finland;46143;19193;Vappu (May Day);;;38535
FI;Finland;46156;19194;Ascension Day;;Easter;42459
FI;Finland;46166;19195;Whit Sunday (Pentecost);;Easter;39342
FI;Finland;46192;20093;Midsummer's Eve;Banks/Other;;38895
FI;Finland;46193;19196;Midsummer's Day;;;38536
FI;Finland;46326;19197;All Saints' Day;;;38230
FI;Finland;46362;19198;Independence Day;;;38230
FI;Finland;46380;20094;Christmas Eve;Banks/Other;;39503
FI;Finland;46381;19199;Christmas Day;;;38230
FI;Finland;46382;19200;Second Day of Christmas;;;38535
FR;France;46023;18034;New Year's Day;;;38230
FR;France;46115;18035;Good Friday (57 67 68);Regional;Easter;43108
FR;France;46118;18036;Easter Monday;;Easter;38230
FR;France;46143;18037;Labour Day;;;38230
FR;France;46150;18038;Victory Day (Armistice 1945);;;42132
FR;France;46156;18039;Ascension Day;;Easter;38230
FR;France;46167;22016;Whit Monday;;Easter;39476
FR;France;46217;18042;Quatorze Juillet (National Day);;;39026
FR;France;46249;18043;Assumption Day;;;38230
FR;France;46327;18044;All Saints' Day;;;38230
FR;France;46337;18045;Armistice Day;;;38230
FR;France;46381;18046;Christmas Day;;;38230
FR;France;46382;25860;Saint Stephen's Day (57 67 68);Regional;;43108
GF;French Guiana;46023;21648;New Year's Day;;;38350
GF;French Guiana;46069;21649;Carnaval Monday (jour chômé d'usage);Other;Easter;39273
GF;French Guiana;46070;25231;Mardi Gras (jour chômé d'usage);Other;Easter;39273
GF;French Guiana;46071;21650;Ash Wednesday (Mercredi des Cendres) (jour chômé d'usage);Other;Easter;42059
GF;French Guiana;46115;31195;Good Friday (jour chômé d'usage);Other;Easter;42059
GF;French Guiana;46118;21654;Easter Monday;;Easter;38350
GF;French Guiana;46143;21655;Labour Day;;;38350
GF;French Guiana;46150;21656;Victory Day;;;38350
GF;French Guiana;46156;21657;Ascension Day;;Easter;38350
GF;French Guiana;46167;21659;Whit Monday;;Easter;39477
GF;French Guiana;46183;21660;Abolition Day;;;38350
GF;French Guiana;46217;21661;Quatorze Juillet (National Day);;;39289
GF;French Guiana;46249;21663;Assumption Day;;;38350
GF;French Guiana;46310;21668;Cayenne Festival;Regional;;38350
GF;French Guiana;46327;21664;All Saints' Day;;;38350
GF;French Guiana;46328;21665;All Souls' Day;Other;;38350
GF;French Guiana;46337;21666;Armistice Day;;;38350
GF;French Guiana;46381;21667;Christmas Day;;;38350
PF;French Polynesia;46023;23087;New Year's Day;;;38579
PF;French Polynesia;46086;23101;Arrivée de l'Evangile (Gospel Day);;;38579
PF;French Polynesia;46115;23088;Good Friday;;Easter;38579
PF;French Polynesia;46117;29519;Easter;;Easter;40565
PF;French Polynesia;46118;23090;Easter Monday;;Easter;38579
PF;French Polynesia;46143;23091;Labour Day;;;38579
PF;French Polynesia;46150;23092;Victory Day;;;38579
PF;French Polynesia;46156;23093;Ascension Day;;Easter;38579
PF;French Polynesia;46166;29520;Whit Sunday (Pentecost);;Easter;40565
PF;French Polynesia;46167;23095;Whit Monday;;Easter;38579
PF;French Polynesia;46217;23096;Quatorze Juillet (National Day);;;39289
PF;French Polynesia;46249;23097;Assumption Day;;;38579
PF;French Polynesia;46327;23098;All Saints' Day;;;38579
PF;French Polynesia;46337;23099;Armistice Day;;;38579
PF;French Polynesia;46346;35976;Matari'i (Polynesian New Year);;;45838
PF;French Polynesia;46381;23100;Christmas Day;;;38579
GA;Gabon;46023;22444;New Year's Day;;;38566
GA;Gabon;46101;22457;Aïd el-Fitr (End of Ramadan);;Muslim;42910
GA;Gabon;46118;22448;Easter Monday;;Easter;38566
GA;Gabon;46129;22458;Women's Day;;;43207
GA;Gabon;46143;22449;Labour Day;;;38566
GA;Gabon;46156;28351;Ascension;;Easter;40183
GA;Gabon;46166;34761;Whit Sunday;;Easter;44340
GA;Gabon;46167;22453;Whit Monday;;Easter;38578
GA;Gabon;46169;22445;Aïd-el-Kébir (Feast of Sacrifice);;Muslim;39480
GA;Gabon;46249;22455;Assumption Day;;;38566
GA;Gabon;46250;22454;Fête de l'Indépendance (National Day);;;39485
GA;Gabon;46251;22454;Fête de l'Indépendance;;;39485
GA;Gabon;46264;36059;Journée Nationale de la Libération;;;45512
GA;Gabon;46327;22456;All Saints' Day;;;38566
GA;Gabon;46381;22460;Christmas Day;;;38566
GM;Gambia;46023;18047;New Year's Day;;;38230
GM;Gambia;46071;18049;Independence Day (National Day);;;45437
GM;Gambia;46097;28382;Lialat-Ul-Qadr;;Muslim;42155
GM;Gambia;46101;18048;Koriteh / Eid Al Fitr (End of Ramadan);;Muslim;45746
GM;Gambia;46102;33174;Koriteh / Eid Al Fitr Holiday;;Muslim;45746
GM;Gambia;46104;35987;Koriteh / Eid Al Fitr Holiday;;Muslim;45746
GM;Gambia;46115;18051;Good Friday;;Easter;38230
GM;Gambia;46118;18053;Easter Monday;;Easter;38230
GM;Gambia;46143;18054;May Day;;;38938
GM;Gambia;46167;28345;African Liberation Day;;;42782
GM;Gambia;46169;18050;Tobaski / Eid Al Adha (Feast of Sacrifice);;Muslim;43687
GM;Gambia;46170;35990;Tobaski / Eid Al Adha Holiday;;Muslim;45437
GM;Gambia;46189;25883;Tamharrat;Banks;Muslim;44422
GM;Gambia;46198;28169;Yawmul Ashura (Tamxarit);;Muslim;44422
GM;Gambia;46225;18056;Revolution Day (July 22nd Anniversary);;;39488
GM;Gambia;46249;18057;Assumption Day (Sang Marie);;;44422
GM;Gambia;46251;35994;Assumption Day Holiday;;;45437
GM;Gambia;46259;18055;Mawlud Nabi / Gamo (Prophet's Birthday);;Muslim;45904
GM;Gambia;46381;18058;Christmas Day;;;38230
GM;Gambia;46384;34949;Christmas Holiday;;;45437
GE;Georgia;46023;21078;New Year's Day;;;38915
GE;Georgia;46024;24513;New Year's Holiday;;;40155
GE;Georgia;46027;36184;Public Sector Holiday;Government;2026 Only;46017
GE;Georgia;46028;36184;Public Sector Holiday;Government;2026 Only;46017
GE;Georgia;46029;21079;Orthodox Christmas;;Orthodox;38230
GE;Georgia;46041;21080;Orthodox Epiphany (Natlisgeba);;Orthodox;39480
GE;Georgia;46084;21081;Mother's Day;;;38230
GE;Georgia;46089;22172;International Women's Day;;;38546
GE;Georgia;46121;22173;Georgia's Independence Restoration Day;;;39283
GE;Georgia;46122;22174;Orthodox Good Friday (Red Friday);;Orth. Easter;38546
GE;Georgia;46123;24514;Orthodox Holy Saturday (Great Saturday);;Orth. Easter;38915
GE;Georgia;46124;21082;Orthodox Easter (Agdgoma);;Orth. Easter;39480
GE;Georgia;46125;21083;Orthodox Easter Monday / Memorial Day;;Orth. Easter;39283
GE;Georgia;46151;22175;Victory Day;;;38546
GE;Georgia;46154;22176;Saint Andrew the First Called Day;;;39781
GE;Georgia;46159;36014;Family Purity Day;;;45568
GE;Georgia;46168;21084;Independence Day;;;38230
GE;Georgia;46262;21085;Virgin's Assumption (Mariamoba);;Orthodox;39480
GE;Georgia;46309;21086;Svetitskovloba;;;39480
GE;Georgia;46349;21087;Saint George's Day (Giorgoba);;;39480
DE;Germany;46023;18059;New Year's Day;;;38230
DE;Germany;46028;20098;Epiphany (BW BY ST);Regional;;39462
DE;Germany;46089;33681;International Women's Day (BE MV);Regional;;44544
DE;Germany;46115;18060;Good Friday;;Easter;38230
DE;Germany;46117;31384;Easter Sunday (BB);Regional;Easter;42271
DE;Germany;46118;18061;Easter Monday;;Easter;38230
DE;Germany;46143;18062;Labour Day;;;38230
DE;Germany;46156;18063;Ascension Day;;Easter;38230
DE;Germany;46166;31385;Whit Sunday (BB);Regional;Easter;42271
DE;Germany;46167;18064;Whit Monday;;Easter;38230
DE;Germany;46177;20099;Corpus Christi (BW BY HE NW RP SL SN* TH*);Regional;Easter;43371
DE;Germany;46249;20100;Assumption Day (BY* SL);Regional;;43371
DE;Germany;46285;33657;World Children's Day (TH);Regional;;43525
DE;Germany;46298;18065;German Unity Day;;;38905
DE;Germany;46326;20101;Reformation Day (BB HB HH MV NI SH SN ST TH);Regional;;43272
DE;Germany;46327;20102;All Saints' Day (BW BY NW RP SL);Regional;;39462
DE;Germany;46344;18066;Repentance Day (SN);Regional;;39462
DE;Germany;46380;18067;Bank Holiday;Banks;;42740
DE;Germany;46381;18068;Christmas Day;;;38230
DE;Germany;46382;18069;Second Day of Christmas;;;38230
DE;Germany;46387;18070;Bank Holiday;Banks;;42740
GH;Ghana;46023;18071;New Year's Day;;;46011
GH;Ghana;46031;33693;Constitution Day Holiday;;;46025
GH;Ghana;46087;18073;Independence Day;;;45834
GH;Ghana;46101;18072;Eid al Fitr (End of Ramadan);;Muslim;45668
GH;Ghana;46104;36220;Eid al Fitr Holiday;;Muslim;45834
GH;Ghana;46115;18075;Good Friday;;Easter;38230
GH;Ghana;46118;18077;Easter Monday;;Easter;38230
GH;Ghana;46143;18078;May Day/Workers' Day;;;45834
GH;Ghana;46169;18074;Eid al Adha (Feast of Sacrifice);;Muslim;43099
GH;Ghana;46204;18080;Republic Day/National Day of Prayer and Thanksgiving (might move to Fri. Jul. 3);;;45835
GH;Ghana;46286;28232;Founders' Day;;;45834
GH;Ghana;46360;18081;Farmers' Day;;;44168
GH;Ghana;46381;18082;Christmas Day;;;45869
GH;Ghana;46382;18083;Boxing Day;;;45869
GH;Ghana;46384;18083;Christmas Holiday;;;45869
GI;Gibraltar;46023;21589;New Year's Day;;;43779
GI;Gibraltar;46069;21604;Winter  Midterm  Bank Holiday;;;46053
GI;Gibraltar;46115;21591;Good Friday;;Easter;38350
GI;Gibraltar;46118;21593;Easter Monday;;Easter;38350
GI;Gibraltar;46140;30328;Workers' Memorial Day;;;46053
GI;Gibraltar;46143;21594;May Day;;;45941
GI;Gibraltar;46167;21595;Spring Bank Holiday;;;44493
GI;Gibraltar;46188;21601;King's Birthday;;;46053
GI;Gibraltar;46265;21596;Summer Bank Holiday;;;38350
GI;Gibraltar;46275;21602;Gibraltar National Day;;;44499
GI;Gibraltar;46381;21597;Christmas Day;;;43779
GI;Gibraltar;46382;21600;Boxing Day;;;43779
GI;Gibraltar;46384;21600;Boxing Day Holiday;;;43779
GR;Greece;46023;18085;New Year's Day;;;38230
GR;Greece;46028;18086;Epiphany;;;38230
GR;Greece;46076;18087;Ash Monday / Clean Monday (Kathara Deftera);;Orth. Easter;39274
GR;Greece;46106;18088;Independence Day;;;38230
GR;Greece;46122;18089;Orthodox Good Friday;;Orth. Easter;38230
GR;Greece;46124;18090;Orthodox Easter (Pascha);;Orth. Easter;39480
GR;Greece;46125;18091;Orthodox Easter Monday;;Orth. Easter;38230
GR;Greece;46143;18092;May Day;;;45350
GR;Greece;46173;28982;Orthodox Whit Sunday;;Orth. Easter;40459
GR;Greece;46174;18093;Orthodox Whit Monday;;Orth. Easter;38903
GR;Greece;46249;18094;Assumption Day (Dormition);;;39480
GR;Greece;46323;18095;Ochi Day (National Day);;;38905
GR;Greece;46381;18096;Christmas Day (Christougenna);;;39480
GR;Greece;46382;18097;Second Day of Christmas;;;38230
GL;Greenland;46023;21499;New Year's Day;;;38350
GL;Greenland;46114;21501;Maundy Thursday;;Easter;38350
GL;Greenland;46115;21502;Good Friday;;Easter;38350
GL;Greenland;46117;35971;Easter Sunday;;Easter;45407
GL;Greenland;46118;21504;Easter Monday;;Easter;38350
GL;Greenland;46143;35973;Anniversary Home Rule / International Workers' Day;Other/Afternoon;;45407
GL;Greenland;46156;21505;Ascension Day;;Easter;38350
GL;Greenland;46166;35972;Whit Sunday;;Easter;45407
GL;Greenland;46167;21508;Whit Monday;;Easter;38350
GL;Greenland;46194;21509;Ullortuneq (Greenland's National Day);Other;;45407
GL;Greenland;46380;21510;Christmas Eve;Other;;45407
GL;Greenland;46381;21511;Christmas Day;;;38350
GL;Greenland;46382;21512;Second Day of Christmas;;;38536
GL;Greenland;46387;21513;New Year's Eve;Other;;45407
GD;Grenada;46023;22811;New Year's Day;;;39481
GD;Grenada;46060;22813;Independence Day (National Day);;;39481
GD;Grenada;46115;22814;Good Friday;;Easter;38578
GD;Grenada;46118;22816;Easter Monday;;Easter;38578
GD;Grenada;46143;22817;Labour Day;;;39481
GD;Grenada;46167;22819;Whit Monday;;Easter;38578
GD;Grenada;46177;22820;Corpus Christi Day;;Easter;38578
GD;Grenada;46235;22821;Emancipation Day Observance;;;45940
GD;Grenada;46244;22823;Carnival Monday;;;44380
GD;Grenada;46245;25213;Carnival Tuesday;;;44380
GD;Grenada;46314;35481;National Heroes Day;;;45940
GD;Grenada;46320;22822;Thanksgiving Day;;;39481
GD;Grenada;46321;22822;Thanksgiving Day (day in lieu);;;39481
GD;Grenada;46381;22824;Christmas Day;;;40892
GD;Grenada;46382;22825;Boxing Day;;;39481
GP;Guadeloupe;46023;21461;New Year's Day;;;38350
GP;Guadeloupe;46069;25227;Carnaval Monday (jour chômé d'usage);Other;Easter;39273
GP;Guadeloupe;46070;25228;Mardi Gras (jour chômé d'usage);Other;Easter;39273
GP;Guadeloupe;46071;25229;Ash Wednesday (jour chômé d'usage);Other;Easter;39273
GP;Guadeloupe;46092;25226;Mi-Carême (Mid-Lent) (jour chômé d'usage);Other;Easter;39273
GP;Guadeloupe;46115;25225;Good Friday (jour chômé d'usage);Banks/Other;Easter;39273
GP;Guadeloupe;46118;21466;Easter Monday;;Easter;38350
GP;Guadeloupe;46143;21467;Labour Day;;;38350
GP;Guadeloupe;46150;21468;Victory Day;;;38350
GP;Guadeloupe;46156;21469;Ascension Day;;Easter;38350
GP;Guadeloupe;46167;21472;Whit Monday;;Easter;39477
GP;Guadeloupe;46169;21470;Abolition Day;;;38350
GP;Guadeloupe;46217;21473;Fête Nationale (National Day);;;39297
GP;Guadeloupe;46249;21475;Assumption Day;;;38350
GP;Guadeloupe;46327;21476;All Saints' Day;;;38350
GP;Guadeloupe;46337;21478;Armistice Day;;;38350
GP;Guadeloupe;46381;21479;Christmas Day;;;38901
GU;Guam;46023;22980;New Year's Day;;;38579
GU;Guam;46024;36479;New Year Holiday;Government;2026 Only;46010
GU;Guam;46041;25983;Martin Luther King Jr. Day;Banks/Government;;41651
GU;Guam;46083;30940;Guam History and Chamorro Heritage Day;Government;;42016
GU;Guam;46167;22983;Memorial Day;;;38579
GU;Guam;46206;25885;Independence Day Holiday;Banks/Government;;40992
GU;Guam;46207;22984;Independence Day;;;39296
GU;Guam;46224;22993;Liberation Day;Government;;39650
GU;Guam;46272;22985;Labor Day;;;38579
GU;Guam;46328;22994;All Souls' Day;Banks/Government;;40992
GU;Guam;46337;22987;Veterans Day;;;38579
GU;Guam;46352;22988;Thanksgiving Day;;;38579
GU;Guam;46353;36154;Thanksgiving Day Holiday;Government/Tentative;;45983
GU;Guam;46364;22995;Santa Marian Kamalen (Our Lady of Camarin Day);;;39420
GU;Guam;46381;22990;Christmas Day;;;38579
GT;Guatemala;46023;21217;New Year's Day;;;38230
GT;Guatemala;46113;31277;Bank Holiday;Banks/Afternoon;Easter;46026
GT;Guatemala;46114;21218;Maundy Thursday;;Easter;38572
GT;Guatemala;46115;21219;Good Friday;;Easter;38579
GT;Guatemala;46116;21220;Holy Saturday;;Easter;38230
GT;Guatemala;46143;33575;Labor Day;;;44628
GT;Guatemala;46152;33986;Mothers'Day (only for women employees);Other;;43800
GT;Guatemala;46199;24571;Bank Holiday (Día del Empleado Bancario);Banks;;46026
GT;Guatemala;46202;21223;Army Day Holiday;;;43371
GT;Guatemala;46248;31278;Bank Holiday (Guatemala City);Regional/Banks;;46026
GT;Guatemala;46249;21224;Assumption Day (Guatemala City);Regional;;39482
GT;Guatemala;46280;21225;Independence Day;;;38230
GT;Guatemala;46307;23631;Bank Holiday;Banks;;45821
GT;Guatemala;46315;33576;Revolution Day;;;44628
GT;Guatemala;46327;21227;All Saints' Day;;;38230
GT;Guatemala;46328;31279;Bank Holiday;Banks;;45956
GT;Guatemala;46380;35731;Christmas Eve (from 12:00 noon);Afternoon;;45295
GT;Guatemala;46381;21229;Christmas Day;;;38230
GT;Guatemala;46387;36439;Bank Holiday;Banks;;45956
GT;Guatemala;46387;35845;New Year Eve (from 12:00 noon);Afternoon;;45295
GG;Guernsey and Alderney;46023;23533;New Year's Day;;;39268
GG;Guernsey and Alderney;46115;21569;Good Friday;;Easter;38537
GG;Guernsey and Alderney;46118;21571;Easter Monday;;Easter;38537
GG;Guernsey and Alderney;46146;21572;May Day Bank Holiday;;;43695
GG;Guernsey and Alderney;46151;21575;Liberation Day (except Alderney);;;43695
GG;Guernsey and Alderney;46167;21573;Spring Bank Holiday;;;44507
GG;Guernsey and Alderney;46237;25594;Summer Bank Holiday (Alderney);Regional;;39345
GG;Guernsey and Alderney;46265;21574;Summer Bank Holiday (except Alderney);;;39353
GG;Guernsey and Alderney;46371;25595;Homecoming Day (Alderney);Regional;;43956
GG;Guernsey and Alderney;46381;23534;Christmas Day;;;39268
GG;Guernsey and Alderney;46382;23535;Boxing Day;;;39268
GG;Guernsey and Alderney;46384;23535;Boxing Day (day in lieu);;;39268
GN;Guinea;46023;18098;New Year's Day;;;38230
GN;Guinea;46097;18099;Lendemain de la nuit de Laylatoul Qadr;;Muslim;45459
GN;Guinea;46101;18100;Korité (End of Ramadan);;Muslim;42911
GN;Guinea;46118;20431;Easter Monday;;Easter;38230
GN;Guinea;46143;18105;Labour Day;;;44696
GN;Guinea;46167;22380;Africa Day (OAU Anniversary);;;38572
GN;Guinea;46169;18101;Tabaski (Feast of Sacrifice);;Muslim;44751
GN;Guinea;46170;35486;Tabaski Holiday;;Muslim;45818
GN;Guinea;46249;18108;Assumption Day;;;44424
GN;Guinea;46259;18107;Lendemain de la nuit du Maouloud (The Prophet's Birthday);;Muslim;45905
GN;Guinea;46297;18111;Independence Day;;;38938
GN;Guinea;46381;18115;Christmas Day;;;38230
GQ;Guinea, Equatorial;46023;20433;New Year's Day;;;44226
GQ;Guinea, Equatorial;46115;20437;Good Friday;;Easter;38230
GQ;Guinea, Equatorial;46143;20434;Labour Day;;;44226
GQ;Guinea, Equatorial;46177;20441;Corpus Christi Day;;Easter;38230
GQ;Guinea, Equatorial;46178;20440;President's Day (Natalicio de Obiang Nguema Mbasogo);;;44226
GQ;Guinea, Equatorial;46237;20442;Freedom Day (Golpe de la Libertad);;;44226
GQ;Guinea, Equatorial;46249;20443;Constitution Day (Día de la Ley Fundamental);;;44226
GQ;Guinea, Equatorial;46251;20443;Constitution Day holiday;;;44226
GQ;Guinea, Equatorial;46307;20444;Independence Day;;;44226
GQ;Guinea, Equatorial;46364;20445;Immaculate Conception Day (Patrona de Guinea Ecuatorial);;;44226
GQ;Guinea, Equatorial;46381;20439;Christmas Day;;;44226
GW;Guinea-Bissau;46023;20420;New Year's Day;;;38230
GW;Guinea-Bissau;46042;20421;Day of National Heroes and Freedom Fighters of the Fatherland;;;45770
GW;Guinea-Bissau;46089;36317;International Women's Day;Government;;45770
GW;Guinea-Bissau;46101;20429;Korité (End of Ramadan);;Muslim;38230
GW;Guinea-Bissau;46115;36321;Good Friday;Government;Easter;45770
GW;Guinea-Bissau;46117;36316;Easter;;Easter;45770
GW;Guinea-Bissau;46143;20423;International Workers' Day;;;45770
GW;Guinea-Bissau;46169;20428;Tabaski (Feast of Sacrifice);;Muslim;38230
GW;Guinea-Bissau;46289;20425;National Independence Day;;;45770
GW;Guinea-Bissau;46328;36318;All Souls' Day;Government;;45770
GW;Guinea-Bissau;46380;36319;Christmas Eve;Government;;45770
GW;Guinea-Bissau;46381;20427;Christmas Day;;;38230
GW;Guinea-Bissau;46387;36320;New Year's Eve;Government;;45770
GY;Guyana;46023;20794;New Year's Day;;;40621
GY;Guyana;46076;20796;Republic Day (Mashramani / National Day);;;39500
GY;Guyana;46084;20797;Phagwah (Holi);;Hindu Lunar;44626
GY;Guyana;46115;20798;Good Friday;;Easter;38230
GY;Guyana;46118;20800;Easter Monday;;Easter;38230
GY;Guyana;46143;20801;Labour Day;;;39299
GY;Guyana;46147;20803;Indian Arrival Day;;;45808
GY;Guyana;46168;20804;Independence Day;;;39299
GY;Guyana;46169;20795;Eid-Ul-Azha (Feast of Sacrifice);;Muslim;44606
GY;Guyana;46209;20805;CARICOM Day;;;38574
GY;Guyana;46235;20806;Emancipation Day;;;41654
GY;Guyana;46259;20802;Youmun Nabi (The Prophet's Birthday);;Muslim;44843
GY;Guyana;46334;20807;Deepavali (Festival of Lights);;Hindu Lunar;42897
GY;Guyana;46335;20807;Deepavali Holiday;;Hindu Lunar;42897
GY;Guyana;46381;20808;Christmas Day;;;39486
GY;Guyana;46382;20809;Boxing Day;;;39486
HT;Haiti;46023;21330;Independence Day (National Day);;;38230
HT;Haiti;46024;21331;Founders' Day (Jour des Aïeux);;;39300
HT;Haiti;46069;21333;Lundi Gras (Carnival Monday);Government/Afternoon;Easter;46034
HT;Haiti;46070;22711;Mardi Gras (Carnival);;Easter;39300
HT;Haiti;46071;33111;Mercredi des Cendres (Carnival);Government;Easter;46034
HT;Haiti;46115;21336;Good Friday;;Easter;38230
HT;Haiti;46143;21335;Labor and Agriculture Day;;;38230
HT;Haiti;46160;21339;Flag and University Day;;;38935
HT;Haiti;46177;30814;Corpus Christi;;Easter;42900
HT;Haiti;46249;31180;Assomption;;;42024
HT;Haiti;46285;34824;Jour de Dessalines;;;44500
HT;Haiti;46312;31181;Mort de Dessalines;;;44500
HT;Haiti;46327;31183;All Saints' Day;;;42024
HT;Haiti;46328;31182;All Souls' Day;;;42024
HT;Haiti;46344;21346;Vertières Battle and Armed Forces Day;;;38230
HT;Haiti;46380;36509;Bank Holiday;Banks/Afternoon;;46034
HT;Haiti;46381;21348;Christmas Day;;;38230
HT;Haiti;46387;36510;Bank Holiday;Banks/Afternoon;;46034
VA;Holy See (Vatican City);46023;22101;New Year's Day;;;38539
VA;Holy See (Vatican City);46028;22102;Epiphany;;;38539
VA;Holy See (Vatican City);46064;22124;Lateran Treaty Day;;;38903
VA;Holy See (Vatican City);46100;22125;Saint Joseph's Day;;;38539
VA;Holy See (Vatican City);46117;22103;Easter;;Easter;38539
VA;Holy See (Vatican City);46118;22104;Easter Monday;;Easter;38539
VA;Holy See (Vatican City);46143;22107;St. Joseph the Worker;;;38539
VA;Holy See (Vatican City);46150;36329;Anniversary of Election of Pope Leo XIV;;;45788
VA;Holy See (Vatican City);46202;22110;Saints Peter and Paul's Day;;;45788
VA;Holy See (Vatican City);46248;22112;Assumption Vigil;;;41950
VA;Holy See (Vatican City);46249;29960;Assumption Day;;;40734
VA;Holy See (Vatican City);46282;36330;Feast day of Saint Robert Bellarmine;;;45788
VA;Holy See (Vatican City);46327;22116;All Saints' Day;;;40027
VA;Holy See (Vatican City);46364;22121;Immaculate Conception Day;;;38539
VA;Holy See (Vatican City);46381;22122;Christmas Day;;;45788
VA;Holy See (Vatican City);46382;25233;St. Stephen's Day;;;45788
HN;Honduras;46023;21231;New Year's Day;;;38230
HN;Honduras;46024;35821;Public Sector Holiday;Government;Arbitrary;46013
HN;Honduras;46056;28763;Day of the Virgin of Suyapa (afternoon);Government/Afternoon/Tentative;;45688
HN;Honduras;46111;25640;Government Holiday;Government/Tentative;Easter;45753
HN;Honduras;46112;25640;Government Holiday;Government/Tentative;Easter;45753
HN;Honduras;46113;25640;Government Holiday;Government/Tentative;Easter;45753
HN;Honduras;46114;21232;Maundy Thursday;;Easter;44658
HN;Honduras;46115;21233;Good Friday;;Easter;44658
HN;Honduras;46116;21234;Holy Saturday;;Easter;38230
HN;Honduras;46132;21236;Americas' Day Holiday;;;45756
HN;Honduras;46143;21237;Labor Day;;;38230
HN;Honduras;46280;21238;Independence Day;;;38230
HN;Honduras;46300;33329;Semana Morazánica;Government/Tentative;;45910
HN;Honduras;46301;33329;Semana Morazánica;Government/Tentative;;45910
HN;Honduras;46302;31035;Semana Morazánica (private and banking sectors work until noon);;;45904
HN;Honduras;46303;31036;Semana Morazánica;;;45555
HN;Honduras;46304;31037;Semana Morazánica;;;45555
HN;Honduras;46305;32708;Semana Morazánica (until noon only for private and banking sectors);;;45555
HN;Honduras;46381;21242;Christmas Day;;;38230
HK;Hong Kong;46023;23531;The first day of January;;;39372
HK;Hong Kong;46070;25665;Lunar New Year's Day;;Chinese Lunar;40924
HK;Hong Kong;46071;25674;The second day of the Lunar New Year;;Chinese Lunar;40924
HK;Hong Kong;46072;25675;The third day of the Lunar New Year;;Chinese Lunar;40924
HK;Hong Kong;46115;19357;Good Friday;;Easter;38230
HK;Hong Kong;46116;19359;The day after Good Friday (Holy Saturday);;Easter;39372
HK;Hong Kong;46117;19358;Ching Ming (Tomb Sweeping Day);;Chinese Solar;39410
HK;Hong Kong;46118;19361;The day following Ching Ming Festival;;Easter;45794
HK;Hong Kong;46119;25752;The day following Easter Monday;;2026 Only;45794
HK;Hong Kong;46143;19363;Labour Day;;;39372
HK;Hong Kong;46166;19365;Buddha's Birthday;;Chinese Lunar;39372
HK;Hong Kong;46167;19365;The day following Buddha's Birthday;;Chinese Lunar;39372
HK;Hong Kong;46192;19366;Tuen Ng (Dragon Boat Festival);;Chinese Lunar;39372
HK;Hong Kong;46204;19369;HKSAR Establishment Day;;;39372
HK;Hong Kong;46291;20546;The day following the Mid-Autumn Festival;;Chinese Lunar;43690
HK;Hong Kong;46296;19373;National Day;;;40669
HK;Hong Kong;46313;19375;Chung Yeung Festival;;Chinese Lunar;39372
HK;Hong Kong;46314;19375;The day following the Chung Yeung Festival;;Chinese Lunar;39372
HK;Hong Kong;46381;23532;Christmas Day;;;39372
HK;Hong Kong;46382;19377;The first weekday following Christmas Day (Boxing Day);;;40021
HU;Hungary;46023;19255;New Year's Day;;;38230
HU;Hungary;46024;25236;Public Holiday (workday moved to Sat. Jan. 10);;;45730
HU;Hungary;46096;19256;1848 Revolution Day;;;38230
HU;Hungary;46115;32906;Good Friday;;Easter;42803
HU;Hungary;46118;19258;Easter Monday;;Easter;38230
HU;Hungary;46143;19259;Labour Day;;;38230
HU;Hungary;46167;19261;Whit Monday;;Easter;38230
HU;Hungary;46254;19262;Saint Stephen's Day (National Day);;;38538
HU;Hungary;46255;25241;Public Holiday (workday moved to Sat. Aug. 8);;;45757
HU;Hungary;46318;19263;Republic Day;;;38230
HU;Hungary;46327;19264;All Saints' Day;;;38905
HU;Hungary;46380;25248;Public Holiday (workday moved to Sat. Dec. 12);;;45730
HU;Hungary;46381;19265;Christmas Day;;;38230
HU;Hungary;46382;19266;Second Day of Christmas;;;38230
HU;Hungary;46384;36124;Public Sector Holiday;Government;;45608
HU;Hungary;46385;36124;Public Sector Holiday;Government;;45608
HU;Hungary;46386;36124;Public Sector Holiday;Government;;45608
HU;Hungary;46387;36124;Public Sector Holiday;Government;;45608
IS;Iceland;46023;19213;New Year's Day;;;38230
IS;Iceland;46114;19214;Maundy Thursday;;Easter;38230
IS;Iceland;46115;19215;Good Friday;;Easter;38230
IS;Iceland;46117;19216;Easter;;Easter;38535
IS;Iceland;46118;19217;Easter Monday;;Easter;38230
IS;Iceland;46135;19218;Sumardagurinn fyrsti (First Day of Summer);;;38536
IS;Iceland;46143;19219;May Day;;;38535
IS;Iceland;46156;19220;Ascension Day;;Easter;38230
IS;Iceland;46166;19221;Whit Sunday (Pentecost);;Easter;38535
IS;Iceland;46167;19222;Whit Monday;;Easter;38230
IS;Iceland;46190;19223;Independence Day (National Day);;;38230
IS;Iceland;46237;19224;Frídagur verslunarmanna (Commerce Day);Banks/Other;;45303
IS;Iceland;46380;34122;Bank Holiday;Banks;;43861
IS;Iceland;46380;20107;Christmas Eve;Afternoon;;44178
IS;Iceland;46381;19225;Christmas Day;;;38230
IS;Iceland;46382;19226;Second Day of Christmas;;;38535
IS;Iceland;46387;20108;New Year's Eve;Afternoon;;44100
IN;India;46023;34392;Gaan-Ngai (MN);Regional;Hindu Lunar;45992
IN;India;46023;18116;New Year's Day (AR ML MN MZ NL PY SK TN WB);Regional;;46000
IN;India;46024;32261;Mannam Jayanti (KL);Regional;;45979
IN;India;46024;34466;New Year Celebration (MZ);Regional;;45979
IN;India;46025;27236;Hazarat Ali's Birthday (UP);Regional;Muslim (IndoPak);45994
IN;India;46025;34865;Shakambhari Jayanti / Cher-Chhera Punni (CG*);Regional;Hindu Lunar;45979
IN;India;46027;25437;Guru Govind Singh Jayanti (CH JK*);Regional;Hindu Lunar;46053
IN;India;46031;34394;Death Anniversary of L Maharaja Gambhir Singh (MN*);Regional;;45992
IN;India;46033;34468;Missionary Day (MZ);Regional;;45979
IN;India;46034;34550;Lohri / Sohrai (JH*);Regional;Solar;46014
IN;India;46034;32217;Swami Vivekananda Jayanti (WB);Regional;;45988
IN;India;46035;34550;Lohri / Sohrai (JH* JK*);Regional;Solar;46014
IN;India;46036;28138;Bhogi / Bogi Pandigai (AP* TS*);Regional;Solar;45998
IN;India;46036;30570;Makara Sankranti / Magh Bihu / Uttarayana Punyakala (AN* AR AS DH* GJ JH* LD OR SK);Regional;Solar;46036
IN;India;46036;25808;Sankranti / Pongal (PY* TR*);Regional;Solar;46036
IN;India;46037;32143;Kanuma Panduga / Tusu Puja (AS*);Regional;Solar;45998
IN;India;46037;30570;Makara Sankranti / Magh Bihu / Uttarayana Punyakala (KA TS);Regional;Solar;46036
IN;India;46037;36057;Public Holiday (Municipal General Elections) (MH*);Regional/Other;2026 Only;46022
IN;India;46037;25808;Sankranti / Pongal (AP PY* TN UP*);Regional;Solar;46036
IN;India;46038;32143;Kanuma Panduga / Tusu Puja (AP* PY*);Regional;Solar;45998
IN;India;46038;27227;Thiruvalluvar Day / Mattu Pongal (PY* TN);Regional;Solar;45979
IN;India;46039;32537;Mairaj-ul-Alam / Shab-i-Meiraj (JK*);Regional;Muslim (IndoPak);46005
IN;India;46039;27228;Uzhavar Thirunal (PY* TN);Regional;Solar;46038
IN;India;46041;34565;Sonam Lochhar (SK);Regional;Hindu Lunar;45979
IN;India;46044;35792;Day before Saraswati Puja (WB*);Regional;Hindu Lunar;45988
IN;India;46045;34554;Friday following Shab-I-Miraj (JK*);Regional;Muslim (IndoPak);46005
IN;India;46045;27229;Netaji Subhas Chandra Bose Jayanti (AS* JH* OR TR WB);Regional;;46014
IN;India;46045;25439;Vasant Panchami / Sir Chhotu Ram Jayanti / Saraswati Puja (BR* HR* OR TR WB);Regional;Hindu Lunar;46004
IN;India;46047;35647;Shree Devnarayan Jayanti (RJ);Regional;Hindu Lunar;45979
IN;India;46047;32483;Statehood Day (HP*);Regional;;45979
IN;India;46048;18118;Republic Day (National Day);;;38230
IN;India;46049;34337;Gwther Bathou San (AS*);Regional;;45979
IN;India;46050;34981;State Public Holiday (Demise of Deputy CM Ajit Pawar) (MH*);Regional;2026 Only;46051
IN;India;46051;34981;State Public Holiday (Demise of Deputy CM Ajit Pawar) (MH*);Regional;2026 Only;46051
IN;India;46053;32355;Me-Dam-Me-Phi (AS*);Regional;;45979
IN;India;46054;32353;Bir Chilarai Divas (AS*);Regional;Hindu Lunar;45979
IN;India;46054;25440;Guru Ravidas Jayanti / Magha Purnima (BR* HP HR JH* JK* MP* PB);Regional;Hindu Lunar;46014
IN;India;46054;34636;Thaipoosam (TN);Regional;Hindu Solar;45979
IN;India;46057;35777;Shab-e-Barat (BR* WB*);Regional;Muslim (IndoPak);45890
IN;India;46067;34322;Birthday of Thakur Panchanan Barma (WB*);Regional;Solar;45988
IN;India;46068;34396;Lui-Ngai-Ni (MN);Regional;;45992
IN;India;46068;22243;Maha Shivaratri (AP BR* CG DH* GA* GJ HP HR JH JK KA KL MH MP OR PB RJ TR* TS UK UP WB*);Regional;Hindu Lunar;46022
IN;India;46069;36469;Mela Dosmochey (LA*);Regional;Tibetan Lunar;46007
IN;India;46071;34570;Losar (SK);Regional;Tibetan Lunar;45979
IN;India;46072;29219;Chatrapati Shivaji Maharaj Jayanti (MH);Regional;;46000
IN;India;46073;34470;State Day (MZ);Regional;;45979
IN;India;46073;34448;Statehood Day (AR);Regional;;45653
IN;India;46079;36251;Akhil Sikkim Khas Chettri Bahun Kalyan Sangh's Foundation Day (SK*);Regional;;45976
IN;India;46083;25441;Dolapurnima / Doljatra / Holika Dahan / Holi (RJ UP);Regional;Hindu Lunar;46005
IN;India;46084;34619;Bhumchu (SK*);Regional;Tibetan Lunar;45979
IN;India;46084;25441;Dolapurnima / Doljatra / Holika Dahan / Holi (AP AS BR JH MN* OR* TR* TS UK WB);Regional;Hindu Lunar;46005
IN;India;46084;18119;Holi / Dhuleti (GA* MH MP RJ SK);Regional;Hindu Lunar;46027
IN;India;46085;35796;Day after Doljatra (WB*);Regional;Hindu Lunar;45988
IN;India;46085;25441;Dolapurnima / Doljatra / Holika Dahan / Holi (JK*);Regional;Hindu Lunar;46005
IN;India;46085;18119;Holi / Dhuleti (AN AR BR CG CH DH DL GJ HP HR JH KL* LA LD ML MN MZ NL* OR PB TR UK UP);Regional;Hindu Lunar;46027
IN;India;46094;34472;Chapchâr Kût (MZ);Regional;;45979
IN;India;46096;34021;Bhakt Mata Karma Jayanti (CG*);Regional;Hindu Lunar;45979
IN;India;46098;34896;Birthday of Shri Shri Harichand Thakur (Madhu Krishna Troyodashi Tithi) (WB*);Regional;Hindu Lunar;45988
IN;India;46098;32538;Shab-i-Qadr (JK);Regional;Muslim (IndoPak);46005
IN;India;46100;25442;Gudi Padva / Ugadi / Chetti Chand / 1st Navratra (AP DH* GA* GJ* JK KA MH MP* TS UK*);Regional;Hindu Lunar;46020
IN;India;46100;34400;Sajibu Nongmapanba (Cheiraoba) (MN);Regional;Hindu Lunar;45992
IN;India;46100;27233;Telugu New Year (TN);Regional;Hindu Lunar;45979
IN;India;46101;34843;Day before Ramazan / Id-ul-Fitr (WB*);Regional;Muslim (IndoPak);45978
IN;India;46101;25442;Gudi Padva / Ugadi / Chetti Chand / 1st Navratra (MP* RJ);Regional;Hindu Lunar;46020
IN;India;46101;27222;Jumat-ul-Wida (JK);Regional;Muslim (IndoPak);46005
IN;India;46101;18117;Ramazan / Id-ul-Fitr / Kuthba-e-Ramzan (End of Ramadan) (AP KL PY);Regional;Muslim (IndoPak);46022
IN;India;46101;27233;Telugu New Year (PY*);Regional;Hindu Lunar;45979
IN;India;46102;32534;Nauroz (JK* LA);Regional;;46005
IN;India;46102;18117;Ramazan / Id-ul-Fitr / Kuthba-e-Ramzan (End of Ramadan) (AN AR AS BR CG CH DH* DL GA* GJ HP* HR JH JK KA LA LD MH ML MN MP MZ NL OR PB RJ SK* TN TR TS UK UP WB);Regional;Muslim (IndoPak);46022
IN;India;46102;32324;Sarhul (JH);Regional;Hindu Lunar;45622
IN;India;46103;32577;Bihar Day (BR);Regional;;45979
IN;India;46103;32153;Ramazan (2nd day) (TS*);Regional;Muslim (IndoPak);46000
IN;India;46103;36294;Sarhul Holiday (JH*);Regional;Hindu Lunar;45753
IN;India;46104;32376;Martyrdom Day of Shaheed-e-Azam Bhagat Singh, Sukhdev and Rajguru Ji (PB);Regional;;45988
IN;India;46104;32422;Shaheedi Diwas / Martyrdom Day of Sardar Bhagat Singh (HR*);Regional;;46007
IN;India;46107;18122;Ram Navami (AN CG* CH DH* DL* GA* GJ HP HR* JH JK* LD MH MZ PB RJ UK UP WB);Regional;Hindu Lunar;46022
IN;India;46107;33982;Samrat Ashok Jayanti (BR*);Regional;Hindu Lunar;45890
IN;India;46108;18122;Ram Navami (AP BR MP OR SK TS);Regional;Hindu Lunar;46022
IN;India;46112;25435;Mahavir Jayanti / Janma Kalyanak (BR CG CH* DH* DL GJ HR JH KA LD MH MP MZ PB RJ TN UK* UP WB);Regional;Hindu Lunar;46021
IN;India;46113;22239;Annual Accounts Closing (Bank Holiday);Banks;;39292
IN;India;46113;32238;Utkal Dibas / Odisha Day (OR);Regional;;45979
IN;India;46114;32263;Maundy Thursday (KL);Regional;Easter;45979
IN;India;46115;18121;Good Friday (AN AP AR AS* BR CG CH* DH* DL GA* GJ HP JH KA KL MH ML MN MP MZ NL OR PB PY RJ SK TN TR* TS UK UP WB);Regional;Easter;46022
IN;India;46117;29220;Babu Jagjivan Ram Jayanthi (AP* TS);Regional;;45998
IN;India;46117;32266;Easter Sunday (KL);Regional;Easter;45979
IN;India;46120;34741;Birthday of Sri Guru Nabha Dass Ji (PB);Regional;Sikh;45988
IN;India;46123;35679;Mahatma Jyotiba Phule Jayanti (RJ);Regional;;45979
IN;India;46126;32504;Biju Festival (TR);Regional;Hindu Solar;45993
IN;India;46126;32351;Bohag Bihu (AS);Regional;Solar;45979
IN;India;46126;34401;Cheiraoba (MN);Regional;Hindu Solar;45992
IN;India;46126;22244;Dr. Babasaheb Ambedkar Jayanti (AP BR CG* GA GJ HP* HR JH JK KA KL LA MH MP* OR PB PY RJ SK TN TS UK UP WB);Regional;;45890
IN;India;46126;32242;Maha Visubha Sankranti (OR);Regional;Hindu Solar;45979
IN;India;46126;27231;Tamil New Year (PY* TN);Regional;Solar;45979
IN;India;46126;32288;Vaisakhi / Baisakhi (HR* JK MP* PB);Regional;Hindu Solar;45987
IN;India;46126;29173;Vishu (PY*);Regional;Solar;45959
IN;India;46127;22246;Bengali New Year / Nababarsha / Masadi (TR WB);Regional;Hindu Solar;45988
IN;India;46127;34452;Bohag Bihu (AR);Regional;Solar;45653
IN;India;46127;32351;Bohag Bihu (AS);Regional;Solar;45979
IN;India;46127;32485;Himachal Day (HP);Regional;;45979
IN;India;46127;29173;Vishu (KL);Regional;Solar;45959
IN;India;46127;32618;Vishu 2nd Day (PY*);Regional;Solar;45979
IN;India;46128;32351;Bohag Bihu (AS);Regional;Solar;45979
IN;India;46130;32598;Tithi of Damodardeva (AS*);Regional;Hindu Lunar;45979
IN;India;46131;27235;Maharshi Parasuram Jayanti (GJ HP HR* PB RJ);Regional;Hindu Lunar;46020
IN;India;46132;29286;Basava Jayanthi / Akshaya Tritiya (KA);Regional;Hindu Lunar;45979
IN;India;46132;27235;Maharshi Parasuram Jayanti (MP*);Regional;Hindu Lunar;46020
IN;India;46133;32505;Garia Puja (TR);Regional;Hindu Solar;45993
IN;India;46133;34339;Sati Sadhani Divas (AS*);Regional;;45979
IN;India;46135;34405;Khongjom Day (MN*);Regional;;45992
IN;India;46135;32203;Veer Kunwar Singh Jayanti (BR*);Regional;;45890
IN;India;46137;32205;Janaki Navami (BR*);Regional;Hindu Lunar;45890
IN;India;46143;18125;Buddha Purnima / Shyadar Pidar (AN AR AS* BR CG CH* DL HP HR* JH JK LA LD MH MP MZ OR* SK* TR UK UP WB);Regional;Hindu Lunar;46022
IN;India;46143;27234;Maharashtra Din (MH);Regional;;46000
IN;India;46143;22240;May Day / Labor Day (AN* AP* AS BR DH* GA JH* KA KL MN PB PY TN TR* WB);Regional;;46014
IN;India;46151;32220;Rabindra Nath Tagore Jayanti (TR* WB);Regional;Hindu Solar;45988
IN;India;46158;33992;Sabitri Amabasya (OR*);Regional;Hindu Lunar;45979
IN;India;46158;34576;State Day (SK);Regional;;45979
IN;India;46165;34556;Urs Shah-I-Hamdan Sahib (JK*);Regional;Muslim (IndoPak);46005
IN;India;46168;32508;Birthday of Kazi Nazrul Islam (TR*);Regional;Solar;46029
IN;India;46168;34844;Day before Bakri Id / Id-ul-Zuha (WB*);Regional;Muslim (IndoPak);45988
IN;India;46169;18120;Bakri Id / Id-ul-Zuha (Feast of Sacrifice) (AN AP AS CG CH DL GJ HP HR JH JK KL LA LD ML MN MP MZ NL OR* PB TR TS UK UP WB);Regional;Muslim (IndoPak);46000
IN;India;46169;34844;Day before Bakri Id / Id-ul-Zuha (PY*);Regional;Muslim (IndoPak);45988
IN;India;46170;18120;Bakri Id / Id-ul-Zuha (Feast of Sacrifice) (BR GA* KA MH PY* RJ TN);Regional;Muslim (IndoPak);46000
IN;India;46170;32545;Eid-Ul-Azha Holiday (JK);Regional;Muslim (IndoPak);46005
IN;India;46173;34580;Saga Dawa (SK*);Regional;Tibetan Lunar;45979
IN;India;46174;32348;Janmotsav of Sri Sri Madhabdeva (AS*);Regional;Hindu Lunar;45979
IN;India;46177;36473;Eid-e-Ghadeer (LA*);Regional;Muslim (IndoPak);46007
IN;India;46187;32244;Pahaliraja / Pahili Raja (OR*);Regional;;45979
IN;India;46188;32245;Raja Sankranti (OR);Regional;;45979
IN;India;46188;34479;YMA Day (MZ);Regional;;45979
IN;India;46190;32424;Maharana Pratap Jayanti (HP* HR MP* RJ);Regional;Hindu Lunar;46007
IN;India;46191;28627;Martyrdom Day of Sri Guru Arjun Dev Ji (PB);Regional;Hindu Lunar;45988
IN;India;46195;34561;Mela Khir Bhawani (JK*);Regional;Hindu Lunar;46005
IN;India;46197;36475;Hemis Tsechu (LA*);Regional;Tibetan Lunar;46007
IN;India;46198;18124;Muharram / Ashoora (AP KL*);Regional;Muslim (IndoPak);46029
IN;India;46199;18124;Muharram / Ashoora (AN BR CG DL GJ* HP* JH JK KA LA LD MH MP MZ OR* RJ TN TR* TS UK* UP WB);Regional;Muslim (IndoPak);46029
IN;India;46202;29225;Kabir Jayanti (BR* CG* HP HR* PB);Regional;Hindu Lunar;45890
IN;India;46203;32326;Hul Divas (JH*);Regional;;46014
IN;India;46203;34481;Remna Ni (MZ);Regional;;45979
IN;India;46208;32541;Guru Hargobind Ji's Jayanti (JK);Regional;Hindu Lunar;46005
IN;India;46209;34483;MHIP Day (MZ);Regional;;45979
IN;India;46212;34362;Beh Deinkhlan (ML);Regional;Arbitrary;45979
IN;India;46216;34582;Bhanu Jayanti (SK*);Regional;;45979
IN;India;46216;36464;Birthday of Poet Bhanu Bhakt (Darjeeling and Kalimpong District only) (WB*);Regional;;45989
IN;India;46219;34137;Harela (UK);Regional;;46018
IN;India;46219;31258;Ratha Yathra / Kang (JH* MN OR WB*);Regional;Hindu Lunar;46014
IN;India;46220;34364;Death Anniversary of U Tirot Sing (ML);Regional;;45979
IN;India;46221;34584;Drukpa Tshechi (SK);Regional;Tibetan Lunar;45979
IN;India;46225;32510;Kharchi Puja (TR);Regional;Hindu Lunar;45993
IN;India;46227;34588;Guru Rimpoche's Thungkar Tshechu (SK*);Regional;Tibetan Lunar;45979
IN;India;46234;32378;Martyrdom Day of Shahid Udham Singh (HR* PB);Regional;;45988
IN;India;46238;35740;Arbayeen (LA*);Regional;Muslim (IndoPak);46007
IN;India;46238;32214;Chehlum (BR*);Regional;Muslim (IndoPak);45890
IN;India;46238;32509;Ker Puja (TR);Regional;Hindu Lunar;45993
IN;India;46242;34586;Tendong Lho Rum Faat (SK);Regional;;45979
IN;India;46243;33900;Vishwa Adivasi Diwas / World Tribal Day (CG* JH* RJ);Regional;;46014
IN;India;46244;31260;Bonalu (TS*);Regional;Hindu Lunar;46000
IN;India;46246;34023;Hariyali Amavasya (CG*);Regional;Hindu Lunar;45979
IN;India;46246;32269;Karkidaka Vaavu Bali (KL*);Regional;Hindu Lunar;45979
IN;India;46247;34411;Patriot's Day (MN);Regional;;45992
IN;India;46249;18127;Independence Day;;;38230
IN;India;46249;25443;Parsi New Year (Shahenshahi) (DH* GJ* LD MH);Regional;Zoroastrian;45994
IN;India;46250;32286;De Jure Transfer Day (PY);Regional;;45979
IN;India;46253;34353;Birthday of Maharaja Bir Bikram Kishore Manikya Bahadur Deb Burman (TR);Regional;;45993
IN;India;46254;34837;Nepali Bhasa Manyata Diwas (SK*);Regional;;45979
IN;India;46255;36165;Varalakshmi Vratham (AP*);Regional;Hindu Lunar;45998
IN;India;46259;29174;First Onam (KL PY*);Regional;Hindu Solar;45979
IN;India;46259;18126;Milad-un-Nabi / Baravfat (Prophet's Birthday) (AP GA* KL PY*);Regional;Muslim (IndoPak);46027
IN;India;46260;18126;Milad-un-Nabi / Baravfat (Prophet's Birthday) (AN BR CG DH* DL GJ* JH JK KA LA LD MH MN MP MZ NL* OR* PY* RJ TN TR* TS UK UP WB*);Regional;Muslim (IndoPak);46027
IN;India;46260;32274;Onam / Thiruonam (AN KL LD PY*);Regional;Hindu Solar;46020
IN;India;46261;33056;Jhulana Purnima (OR*);Regional;Hindu Lunar;45979
IN;India;46261;32275;Third Onam (KL*);Regional;Hindu Solar;45979
IN;India;46262;32271;Ayyankali Jayanti (KL);Regional;;45988
IN;India;46262;25810;Fourth Onam (KL*);Regional;Hindu Solar;45979
IN;India;46262;32549;Friday Following Eid-i-Milad-ul-Nabi (JK);Regional;Muslim (IndoPak);46005
IN;India;46262;34593;Pang Lhabsol (SK);Regional;Tibetan Lunar;45979
IN;India;46262;25444;Raksha Bandhan (CG* DH* GJ HP* HR* JH* MP RJ UK UP WB*);Regional;Hindu Lunar;46021
IN;India;46262;35759;Sree Narayana Guru Jayanthi (KL);Regional;Hindu Lunar;45979
IN;India;46266;32346;Tirobhab Tithi of Sri Sri Madhabdeva (AS*);Regional;Hindu Lunar;45979
IN;India;46269;25445;Janmashtami / Sri Krishna Jayanti/ Sri Krishna Astami (AP AS* BR CG CH DH* DL* GJ HP HR JH JK KL LD ML MN* MP MZ NL* OR PB RJ SK TN TR* TS UK UP WB);Regional;Hindu Lunar;46004
IN;India;46277;32344;Tirubhav Tithi of Shrimanta Shankar Deva (AS);Regional;Hindu Lunar;45979
IN;India;46279;22248;Ganesh Chaturthi / Vinayaka Chaturthi / Chaturthi Paksha (AP DH* GA JH* KA LD MH MP* OR PY* TN TS);Regional;Hindu Lunar;46020
IN;India;46279;33903;Haritalika Teej (SK*);Regional;Hindu Lunar;45979
IN;India;46279;32427;Hariyali Teej (CG*);Regional;Hindu Lunar;45973
IN;India;46280;32564;Ganesh Chaturthi (2nd Day) (GA*);Regional;Hindu Lunar;45979
IN;India;46280;22248;Ganesh Chaturthi / Vinayaka Chaturthi / Chaturthi Paksha (GJ);Regional;Hindu Lunar;46020
IN;India;46280;32250;Nuakhai (OR);Regional;Hindu Lunar;45979
IN;India;46281;36452;Day after Nuakhai (OR*);Regional;Hindu Lunar;45976
IN;India;46282;32185;Vishwakarma Puja (JH* UK* WB*);Regional;Solar;46014
IN;India;46286;34341;Janmotsav of Srimanta Shankardeva (AS);Regional;Hindu Lunar;45979
IN;India;46286;32626;Ramdev Jayanti and Teja Dashmi (RJ);Regional;Hindu Lunar;45979
IN;India;46286;29175;Sree Narayana Guru Samadhi Day (KL);Regional;Hindu Solar;45979
IN;India;46287;34869;Karam Puja (AS* WB*);Regional;Hindu Lunar;45979
IN;India;46287;33392;Karma Puja (JH);Regional;Hindu Lunar;46014
IN;India;46288;29227;Haryana Veer and Shahidi Divas (HR*);Regional;;46007
IN;India;46288;36483;Karma Puja (JH*);Regional;Hindu Lunar;46014
IN;India;46288;35463;Maharaja Hari Singh's Birth Anniversary (JK);Regional;;46005
IN;India;46290;34591;Indrajatra (SK);Regional;Hindu Lunar;45979
IN;India;46295;34414;Jananeta Irawat Birth Day (MN*);Regional;;45992
IN;India;46296;35811;Half Yearly Closing of Bank Accounts (SK*);Regional/Banks;;45263
IN;India;46297;18129;Mahatma Gandhi's Birthday;;;39315
IN;India;46300;34616;Birthday of Late Nar Bahadur Bhandari (SK*);Regional;;45979
IN;India;46303;34558;Urs Sheikh Noor-ud-din-Sahib (JK*);Regional;Lunisolar;46005
IN;India;46305;27237;Mahalaya / Mahalaya Amavasye (KA OR* TR* WB);Regional;Hindu Lunar;45976
IN;India;46306;29228;Maharaja Agrasen Jayanti (HR* PB RJ);Regional;Hindu Lunar;45979
IN;India;46306;34416;Mera Chaoren Houba of Lainingthou Sanamahi (MN*);Regional;Hindu Lunar;45992
IN;India;46306;32322;Navratra Arambh/ Kalash Sthapana (JH*);Regional;Hindu Lunar;46014
IN;India;46306;32628;Navratra Stapanan / Navratri Ghatasthapana (RJ);Regional;Hindu Lunar;45979
IN;India;46310;35780;Durga Puja - Maha Chaturthi (WB*);Regional;Hindu Lunar;45988
IN;India;46310;34547;St. Theresa Festival (PY*);Regional;;45979
IN;India;46311;35781;Durga Puja - Maha Panchami (WB*);Regional;Hindu Lunar;45988
IN;India;46312;25446;Dussehra (Maha Saptami) / Durga Puja / Durga Saptami (BR* OR* TR);Regional;Hindu Lunar;46004
IN;India;46312;35782;Dussehra (Maha Shashthi) (WB*);Regional;Hindu Lunar;45988
IN;India;46313;22249;Dussehra (Maha Ashtami) / Durga Ashtami (AP* BR JH* OR);Regional;Hindu Lunar;46014
IN;India;46313;25446;Dussehra (Maha Saptami) / Durga Puja / Durga Saptami (AS TR WB);Regional;Hindu Lunar;46004
IN;India;46313;34343;Kati Bihu (AS);Regional;Solar;45979
IN;India;46313;32152;Saddula Bathukamma (TS*);Regional;Hindu Lunar;46000
IN;India;46314;34596;Durga Puja / Dasain (SK);Regional;Hindu Lunar;45979
IN;India;46314;22249;Dussehra (Maha Ashtami) / Durga Ashtami (AR AS JH MN RJ TR WB);Regional;Hindu Lunar;46014
IN;India;46314;22251;Dussehra (Maha Navami) / Ayudha Puja / Saraswathi Puja (BR ML NL OR PY TN);Regional;Hindu Lunar;46027
IN;India;46315;34596;Durga Puja / Dasain (SK);Regional;Hindu Lunar;45979
IN;India;46315;18130;Durga Puja / Dussehra / Dasehra (Vijaya Dashami) (AN AP AR BR CG CH DH* DL GA* GJ HP HR JH JK LA LD MH ML MP MZ NL OR PB RJ TN TS UK UP);Regional;Hindu Lunar;46027
IN;India;46315;22251;Dussehra (Maha Navami) / Ayudha Puja / Saraswathi Puja (AR AS JH JK* KA KL TR UP WB);Regional;Hindu Lunar;46027
IN;India;46316;34596;Durga Puja / Dasain (SK);Regional;Hindu Lunar;45979
IN;India;46316;18130;Durga Puja / Dussehra / Dasehra (Vijaya Dashami) (AS KA KL TR WB);Regional;Hindu Lunar;46027
IN;India;46316;34261;Following day of Vijaya Dasami (TS*);Regional;Hindu Lunar;46000
IN;India;46317;35782;Additional Day for Durga Puja (WB*);Regional;Hindu Lunar;45988
IN;India;46317;35467;Additional Holiday (TR*);Regional;Arbitrary;46029
IN;India;46317;34596;Durga Puja / Dasain (SK);Regional;Hindu Lunar;45979
IN;India;46318;35782;Additional Day for Durga Puja (WB*);Regional;Hindu Lunar;45988
IN;India;46318;35467;Additional Holiday (TR*);Regional;Arbitrary;46029
IN;India;46318;34596;Durga Puja / Dasain (SK);Regional;Hindu Lunar;45979
IN;India;46319;35782;Additional Day for Durga Puja (WB*);Regional;Hindu Lunar;45988
IN;India;46320;28628;Birthday of Maharishi Valmiki Ji (KA);Regional;Hindu Lunar;46022
IN;India;46320;27238;Lakshmi Puja / Kunar Purnima (AS* OR TR WB);Regional;Hindu Lunar;45992
IN;India;46321;34084;Accession Day (JK);Regional;;46005
IN;India;46321;28628;Birthday of Maharishi Valmiki Ji (CH DL* HP HR MP* PB UK*);Regional;Hindu Lunar;46022
IN;India;46321;27238;Lakshmi Puja / Kunar Purnima (TR*);Regional;Hindu Lunar;45992
IN;India;46321;34420;Mera Houchongba (MN*);Regional;Hindu Lunar;45992
IN;India;46324;34008;Karva Chauth (only for women employees) (HP*);Regional;Hindu Lunar;45979
IN;India;46326;32191;Sardar Vallabhbhai Patel Jayanti (GJ);Regional;;45994
IN;India;46327;29229;Haryana Day (HR*);Regional;;46007
IN;India;46327;27239;Kannada Rajyothsava (KA);Regional;;45979
IN;India;46327;34422;Kut (MN);Regional;;45992
IN;India;46327;34600;Lhabab Duchen (SK*);Regional;Tibetan Lunar;45979
IN;India;46327;31031;Puducherry Liberation Day (PY);Regional;;45979
IN;India;46334;25809;Deepavali / Diwali (AS GA KL PY TN TR);Regional;Hindu Lunar;46021
IN;India;46334;18131;Diwali / Diwali Amavasya / Deepavali (AN AP AR BR CG CH DH* DL GJ HP HR JH JK LA MH ML MP MZ NL OR PB RJ TS UK UP);Regional;Hindu Lunar;45992
IN;India;46334;29287;Naraka Chaturdashi / Kali Puja (AS KA OR WB);Regional;Hindu Lunar;45989
IN;India;46335;29287;Additional Day for Kali Puja (WB*);Regional;Hindu Lunar;45989
IN;India;46335;27223;Balipadyami Diwali / Govardhan Pooja / Vikram Samvat (CH* DH* HR JH* MP PB RJ UP);Regional;Hindu Lunar;46022
IN;India;46335;25809;Deepavali / Diwali (TR*);Regional;Hindu Lunar;46021
IN;India;46335;18131;Diwali / Diwali Amavasya / Deepavali (MN);Regional;Hindu Lunar;45992
IN;India;46335;34598;Laxmi Puja / Deepawali (SK);Regional;Hindu Lunar;45979
IN;India;46336;29287;Additional Day for Kali Puja (WB*);Regional;Hindu Lunar;45989
IN;India;46336;27223;Balipadyami Diwali / Govardhan Pooja / Vikram Samvat (GJ KA MH UK);Regional;Hindu Lunar;46022
IN;India;46336;27224;Bhai Duj / Chitragupth Jayanti / Bhau Beej / Dawat Puja (BR*);Regional;Hindu Lunar;46014
IN;India;46336;34598;Laxmi Puja / Deepawali (SK);Regional;Hindu Lunar;45979
IN;India;46337;27224;Bhai Duj / Chitragupth Jayanti / Bhau Beej / Dawat Puja (AS* GJ* JH* HP* RJ UP WB);Regional;Hindu Lunar;46014
IN;India;46337;34598;Laxmi Puja / Deepawali (SK);Regional;Hindu Lunar;45979
IN;India;46337;34425;Ningol Chakkouba (MN);Regional;Hindu Lunar;45992
IN;India;46338;35802;Day after Bhatridwitya (WB*);Regional;Hindu Lunar;45988
IN;India;46339;34372;Wangala Festival (ML);Regional;;45979
IN;India;46341;34925;Bhagwan Birsa Munda Jayanti / State Foundation Day (JH*);Regional;;46014
IN;India;46341;32320;Birsa Munda Jayanti (MP* WB*);Regional;;45988
IN;India;46341;32194;Chhath Puja Parva / Surya Sasthi (AS* BR CG* DH JH WB);Regional;Hindu Lunar;45998
IN;India;46342;32194;Additional Day for Chhat Puja (WB*);Regional;Hindu Lunar;45998
IN;India;46342;32318;Chath Holiday (BR JH);Regional;Hindu Lunar;45979
IN;India;46342;33060;Shahidi Divas S. Kartar Singh Srabha Ji (PB);Regional;;45988
IN;India;46346;35483;Igas-Bagwal (UK);Regional;Hindu Lunar;46018
IN;India;46349;34374;Seng Kut Snem (ML);Regional;;45979
IN;India;46350;18132;Guru Nanak Jayanti (AN AR AS* CG CH DL GJ* HP HR JH JK LA LD MH MP MZ NL PB RJ TS UK UP WB);Regional;Hindu Lunar;45890
IN;India;46350;32142;Karthika Purnima / Rahasa Purnima (OR TS);Regional;Hindu Lunar;45995
IN;India;46350;32339;Lachit Divas (AS*);Regional;;45979
IN;India;46350;32616;Martyrdom Day of Sri Guru Teg Bahadur Ji (UK*);Regional;;46018
IN;India;46350;33062;Martyrdom Day of Sri Guru Teg Bahadur Ji (UP*);Regional;Hindu Lunar;45995
IN;India;46353;28139;Kanakdasa Jayanti (KA);Regional;Hindu Lunar;45979
IN;India;46356;34610;Sakewa (SK*);Regional;Hindu Lunar;45979
IN;India;46357;34461;Indigenous Faith Day (AR);Regional;;45653
IN;India;46357;34443;State Inauguration Day (NL);Regional;;46027
IN;India;46358;32337;Asom Divas / Su-Ka-Pha Divas (Assam Day) (AS*);Regional;;45979
IN;India;46359;32566;Feast of St. Francis Xavier (GA*);Regional;;45979
IN;India;46359;32513;World Disabled Day (TR*);Regional;;45655
IN;India;46363;34602;Kagyed Dance (SK*);Regional;Tibetan Lunar;45979
IN;India;46365;34189;Losar (LA);Regional;Tibetan Lunar;46007
IN;India;46365;34606;Losoong / Namsoong (SK);Regional;Tibetan Lunar;45979
IN;India;46366;34606;Losoong / Namsoong (SK);Regional;Tibetan Lunar;45979
IN;India;46367;34606;Losoong / Namsoong (SK);Regional;Tibetan Lunar;45979
IN;India;46368;34376;Death Anniversary of Pa Togan Nengminja Sangma (ML);Regional;;45979
IN;India;46368;34606;Losoong / Namsoong (SK);Regional;Tibetan Lunar;45979
IN;India;46368;34427;Nupi Lal (MN*);Regional;;45992
IN;India;46369;34606;Losoong / Namsoong (SK);Regional;Tibetan Lunar;45979
IN;India;46370;36454;Losoong / Namsoong (SK);Regional;Tibetan Lunar;45979
IN;India;46370;33062;Martyrdom Day of Sri Guru Teg Bahadur Ji (PB);Regional;Hindu Lunar;45995
IN;India;46371;34915;Chasok Tangnam (SK*);Regional;Bhutanese Solar;45979
IN;India;46371;34563;Nyempa Guzom (SK);Regional;Tibetan Lunar;45979
IN;India;46372;34563;Nyempa Guzom (SK);Regional;Tibetan Lunar;45979
IN;India;46374;34378;Death Anniversary of U SoSo Tham (ML);Regional;;45979
IN;India;46374;32397;Guru Ghasidas Jayanti (CG*);Regional;;45979
IN;India;46375;32568;Goa Liberation Day (GA);Regional;;45979
IN;India;46379;34498;Christmas Holidays (NL*);Regional;;45624
IN;India;46379;34614;Puhgal Parim (SK*);Regional;Hindu Lunar;45979
IN;India;46379;34604;Teyongsi Sirijunga Sawan Tongnam (SK*);Regional;Hindu Lunar;45979
IN;India;46380;34380;Christmas Eve / Christmas Festival (ML MZ NL);Regional;;45979
IN;India;46381;18133;Christmas (AN AP AR AS BR CG CH DH* DL GA GJ HP HR JH JK KA KL LA LD MH ML MN MP MZ NL OR PB PY RJ SK TN TR TS UK UP WB);Regional;;45890
IN;India;46382;31475;Boxing Day / Christmas Festival / Christmas Celebration (ML MZ NL TS*);Regional;;45976
IN;India;46383;34381;Christmas Festival / Christmas Celebration (ML* NL);Regional;;45979
IN;India;46384;34608;Barahimizong (SK*);Regional;Hindu Lunar;45979
IN;India;46384;34498;Christmas Holidays (NL*);Regional;;45624
IN;India;46384;35817;Shaheedi Sabha, Sri Fatehgarh Sahib (PB);Regional;Hindu Solar;45987
IN;India;46385;34498;Christmas Holidays (NL*);Regional;;45624
IN;India;46386;34498;Christmas Holidays (NL*);Regional;;45624
IN;India;46386;34386;Death Anniversary of U Kiang Nangbah (ML);Regional;;45979
IN;India;46386;34612;Tamu Lochar (SK*);Regional;;45979
IN;India;46387;34498;Christmas Holidays (NL*);Regional;;45624
IN;India;46387;34495;New Year's Eve (MZ);Regional;;45979
ID;Indonesia;46023;18134;New Year's Day (Tahun Baru 2026);;;38230
ID;Indonesia;46038;18146;The Prophet's Ascension (Isra' Mi'raj Nabi Muhammad SAW);;Muslim (MABIMS);44463
ID;Indonesia;46069;36404;Public Holiday (Cuti Bersama 2026) (widespread nationwide);Government;2026 Only;45920
ID;Indonesia;46070;18136;Chinese New Year (Tahun Baru Imlek);;Chinese Lunar;40041
ID;Indonesia;46099;36404;Public Holiday (Cuti Bersama 2026) (widespread nationwide);Government;2026 Only;45920
ID;Indonesia;46100;24650;Hindu New Year (Hari Raya Nyepi Tahun Baru Saka 1948);;Lunisolar;46025
ID;Indonesia;46101;36404;Public Holiday (Cuti Bersama 2026) (widespread nationwide);Government;2026 Only;45920
ID;Indonesia;46102;18135;End of Ramadan (Hari Raya Idul Fitri 1447 Hijriyah);;Muslim (MABIMS);45920
ID;Indonesia;46103;18135;End of Ramadan Holiday;;Muslim (MABIMS);45920
ID;Indonesia;46104;36404;Public Holiday (Cuti Bersama 2026) (widespread nationwide);Government;2026 Only;45920
ID;Indonesia;46105;36404;Public Holiday (Cuti Bersama 2026) (widespread nationwide);Government;2026 Only;45920
ID;Indonesia;46115;18139;Good Friday (Wafat Yesus Kristus);;Easter;38230
ID;Indonesia;46117;36094;Easter (Paskah);;Easter;45580
ID;Indonesia;46143;30790;International Labor Day (Hari Buruh Internasional);;;41395
ID;Indonesia;46156;18142;Ascension Day (Kenaikan Yesus Kristus);;Easter;38230
ID;Indonesia;46157;36404;Public Holiday (Cuti Bersama 2026) (widespread nationwide);Government;2026 Only;45920
ID;Indonesia;46169;18137;Feast of Sacrifice (Hari Raya Idul Adha 1447 Hijriyah);;Muslim (MABIMS);45580
ID;Indonesia;46170;36404;Public Holiday (Cuti Bersama 2026) (widespread nationwide);Government;2026 Only;45920
ID;Indonesia;46173;18143;Buddha Day (Hari Raya Waisak);;Lunisolar;44846
ID;Indonesia;46174;32652;Pancasila Day;;;42703
ID;Indonesia;46189;18141;Islamic New Year (Tahun Baru Islam 1448 Hijriyah);;Muslim (MABIMS);45920
ID;Indonesia;46251;18145;Independence Day (Hari Kemerdekaan RI);;;45878
ID;Indonesia;46259;18144;The Prophet's Birthday (Maulid Nabi Muhammad SAW 1448 H);;Muslim (MABIMS);44847
ID;Indonesia;46380;36404;Public Holiday (Cuti Bersama 2026) (widespread nationwide);Government;2026 Only;45920
ID;Indonesia;46381;18147;Christmas Day (Hari Raya Natal);;;38230
IR;Iran;46025;18170;Imam Ali's Birthday;;Muslim (Iranian);41286
IR;Iran;46039;18171;The Prophet's Ascension (Mabaath);;Muslim (Iranian);41286
IR;Iran;46056;18172;Imam Mahdi's Birthday;;Muslim (Iranian);40253
IR;Iran;46064;18151;Anniversary of the Islamic Revolution;;Persian;39628
IR;Iran;46092;18148;Martyrdom of Imam Ali;;Muslim (Iranian);44941
IR;Iran;46101;18154;Oil Nationalization Day;;Persian;42443
IR;Iran;46102;18150;Eid-e-Fitr (End of Ramadan);;Muslim (Iranian);45311
IR;Iran;46102;18155;Norooz (Persian New Year);;Persian;39485
IR;Iran;46103;18155;Norooz Holiday;;Persian;39485
IR;Iran;46103;30765;The day after Eid-e-Fitr;;Muslim (Iranian);45311
IR;Iran;46104;18155;Norooz Holiday;;Persian;39485
IR;Iran;46105;18155;Norooz Holiday;;Persian;39485
IR;Iran;46113;18157;Islamic Republic Day;;Persian;38550
IR;Iran;46114;18158;Sizdehbedar (Nature Day);;Persian;38911
IR;Iran;46126;18152;Martyrdom of Imam Jafar Sadeq;;Muslim (Iranian);45360
IR;Iran;46169;18156;Eid-e-Qorban (Feast of Sacrifice);;Muslim (Iranian);44569
IR;Iran;46177;18162;Demise of Imam Khomeini;;Persian;38550
IR;Iran;46177;22215;Eid-e-Ghadir;;Muslim (Iranian);44569
IR;Iran;46178;18163;15th Khordad National Uprising (1963);;Persian;38911
IR;Iran;46197;18161;Tasoua Hosseini;;Muslim (Iranian);45360
IR;Iran;46198;18160;Ashura Hosseini (Martyrdom of Imam Hussein);;Muslim (Iranian);45360
IR;Iran;46238;18164;Arbaeen of Hosseini (40th day after Ashura);;Muslim (Iranian);44569
IR;Iran;46246;18165;Death of Prophet Mohammad / Martyrdom of Imam Hasan;;Muslim (Iranian);44569
IR;Iran;46247;20110;Martyrdom of Imam Reza;;Muslim (Iranian);44569
IR;Iran;46255;33130;Martyrdom of Imam Hasan Askari;;Muslim (Iranian);45446
IR;Iran;46264;18166;Birth of Prophet Mohammad and of Imam Jafar Sadeq;;Muslim (Iranian);44569
IR;Iran;46339;20112;Martyrdom of Hazrat Fatemeh;;Muslim (Iranian);43383
IR;Iran;46379;18170;Imam Ali's Birthday;;Muslim (Iranian);41286
IQ;Iraq;46023;20113;New Year's Day (Sovereignty Day);;;38230
IQ;Iraq;46028;25832;Army Day (1921) (except Kurdistan);;;39453
IQ;Iraq;46030;30994;Public Holiday (Baghdad) (Martyrdom of Imam Kadhim);Regional;2026 Only;46031
IQ;Iraq;46039;35744;Bank Holiday (the Prophet's Ascension);Banks;Muslim;45956
IQ;Iraq;46086;28945;Rebellion Anniversary (1991) (Kurdistan);Regional;;40260
IQ;Iraq;46097;36152;Bank Holiday (Halabja);Banks;;45731
IQ;Iraq;46101;20125;Eid al Fitr (End of Ramadan);;Muslim;45613
IQ;Iraq;46102;20125;Eid al Fitr Holiday;;Muslim;45613
IQ;Iraq;46102;32917;Spring Day (Nowruz);;;43545
IQ;Iraq;46103;28765;Eid al Fitr Holiday;Banks;Muslim;45956
IQ;Iraq;46121;25096;Baghdad Liberation Day (Kurdistan);Regional;;39779
IQ;Iraq;46143;24494;Labor Day;;;38911
IQ;Iraq;46169;20121;Eid al Adha (Feast of Sacrifice);;Muslim;45613
IQ;Iraq;46170;20121;Eid al Adha Holiday;;Muslim;45613
IQ;Iraq;46171;20121;Eid al Adha Holiday;;Muslim;45613
IQ;Iraq;46172;20121;Eid al Adha Holiday;;Muslim;45613
IQ;Iraq;46177;35982;Eid al-Ghadir;;Muslim;45435
IQ;Iraq;46189;20122;Islamic New Year;;Muslim;45613
IQ;Iraq;46198;20124;Ashura;;Muslim;45613
IQ;Iraq;46239;35455;The day after the Arbaeen of Imam Hussein;;Muslim;45881
IQ;Iraq;46259;20123;Moulad (The Prophet's Birthday);;Muslim;45895
IQ;Iraq;46298;25899;National Iraqi Day;;;39486
IQ;Iraq;46366;33401;Victory Day;;;45178
IQ;Iraq;46381;28152;Christmas Day;;;45642
IE;Ireland;46023;18173;New Year's Day;;;38230
IE;Ireland;46055;34870;St Brigid's Day (Imbolc);;;44600
IE;Ireland;46098;18174;Saint Patrick's Day;;;40517
IE;Ireland;46115;18175;Bank Holiday (not a public holiday);Banks;Easter;40910
IE;Ireland;46118;18177;Easter Monday;;Easter;38230
IE;Ireland;46146;18178;May Bank Holiday;;;38897
IE;Ireland;46174;18179;June Bank Holiday;;;38897
IE;Ireland;46237;18180;August Bank Holiday;;;38897
IE;Ireland;46321;18181;October Bank Holiday;;;38897
IE;Ireland;46381;18182;Christmas Day;;;38230
IE;Ireland;46382;18183;Saint Stephen's Day;;;38230
IE;Ireland;46384;30307;Bank Holiday (not a public holiday);Banks;;40910
IE;Ireland;46385;29246;Bank Holiday (not a public holiday);Banks;;40910
IM;Isle of Man;46023;23528;New Year's Day;;;39268
IM;Isle of Man;46115;21579;Good Friday;;Easter;38350
IM;Isle of Man;46118;21581;Easter Monday;;Easter;38350
IM;Isle of Man;46146;21582;Early May Bank Holiday;;;45192
IM;Isle of Man;46167;21583;Late May Bank Holiday;;;44387
IM;Isle of Man;46178;21588;Senior Race Day (T.T. Bank Holiday);;;45912
IM;Isle of Man;46209;21587;Tynwald Day (Manx National Day);;;38897
IM;Isle of Man;46265;21584;Summer Bank Holiday;;;38350
IM;Isle of Man;46381;23529;Christmas Day;;;39316
IM;Isle of Man;46382;23530;Boxing Day;;;39316
IM;Isle of Man;46384;23530;Boxing Day (day in lieu);;;39316
IM;Isle of Man;46385;36544;Public Service Privilege Day;Government;2026 Only;46053
IL;Israel;46084;26078;Purim Bank Holiday (Tel-Aviv);Regional/Banks;Jewish;40427
IL;Israel;46085;19748;Purim Bank Holiday (Jerusalem);Regional/Banks;Jewish;44210
IL;Israel;46114;19749;First Day of Pessah (Passover);;Jewish;39280
IL;Israel;46120;20397;Last Day of Pessah (Passover);;Jewish;39280
IL;Israel;46134;19750;Independence Day;;Jewish;39461
IL;Israel;46164;19751;Shavuot (Pentecost);;Jewish;38551
IL;Israel;46226;19752;Tisha b'Av Bank Holiday;Banks;Jewish;41880
IL;Israel;46277;19753;Rosh Hashanah (Jewish New Year);;Jewish;39485
IL;Israel;46278;19753;Rosh Hashanah Holiday;;Jewish;39485
IL;Israel;46286;19754;Yom Kippur (Day of Atonement);;Jewish;38915
IL;Israel;46291;19755;First Day of Sukkot (Harvest);;Jewish;39280
IL;Israel;46298;20399;Simhat Torah;;Jewish;39450
IT;Italy;46023;18184;New Year's Day;;;38230
IT;Italy;46028;18185;Epiphany;;;38230
IT;Italy;46117;20126;Easter;;Easter;39274
IT;Italy;46118;18186;Easter Monday;;Easter;38230
IT;Italy;46137;18187;Liberation Day;;;38230
IT;Italy;46143;18188;Labour Day;;;38230
IT;Italy;46175;18189;National Day;;;38541
IT;Italy;46202;30246;Saints Peter and Paul (Rome);Municipal;;40852
IT;Italy;46249;18190;Assumption Day;;;38230
IT;Italy;46299;36407;Feast of St Francis of Assisi;;;45932
IT;Italy;46327;18191;All Saints' Day;;;38230
IT;Italy;46364;18192;Immaculate Conception Day;;;38230
IT;Italy;46381;18193;Christmas Day;;;38230
IT;Italy;46382;18194;Saint Stephen's Day;;;38230
JM;Jamaica;46023;22891;New Year's Day;;;39269
JM;Jamaica;46071;21436;Ash Wednesday;;Easter;38349
JM;Jamaica;46115;21437;Good Friday;;Easter;38349
JM;Jamaica;46118;21439;Easter Monday;;Easter;38349
JM;Jamaica;46165;21440;National Labour Day;;;39817
JM;Jamaica;46167;21440;National Labour Day Holiday;;;39817
JM;Jamaica;46235;21441;Emancipation Day;;;41124
JM;Jamaica;46240;21442;Independence Day;;;41867
JM;Jamaica;46314;21443;National Heroes' Day;;;38577
JM;Jamaica;46381;21444;Christmas Day;;;40000
JM;Jamaica;46382;21445;Boxing Day;;;38577
JP;Japan;46023;20131;New Year's Day;;;39285
JP;Japan;46024;20132;New Year's Holiday;Banks/Government;;41043
JP;Japan;46025;34316;Bank Holiday;Banks;;44170
JP;Japan;46034;20134;Coming of Age Day;;;38230
JP;Japan;46064;20135;Foundation Day;;;39285
JP;Japan;46076;33411;Emperor's Birthday;;;43240
JP;Japan;46101;20136;Vernal Equinox;;Solar;39285
JP;Japan;46141;24526;Showa Day;;;39285
JP;Japan;46145;20138;Constitution Day;;;39285
JP;Japan;46146;24527;Greenery Day;;;39285
JP;Japan;46147;20140;Children's Day;;;39285
JP;Japan;46148;20138;Designated Holiday;;;39285
JP;Japan;46223;20141;Marine Day;;;44226
JP;Japan;46245;30973;Mountain Day;;;44226
JP;Japan;46286;20142;Respect for the Aged Day;;;38230
JP;Japan;46287;24818;Bridge Public Holiday;;Solar;39325
JP;Japan;46288;20143;Autumnal Equinox;;Solar;39285
JP;Japan;46307;20144;Sports Day;;;44226
JP;Japan;46329;20145;Culture Day;;;39285
JP;Japan;46349;20146;Labor Thanksgiving Day;;;39285
JP;Japan;46385;24529;New Year's Holiday;Government;;38917
JP;Japan;46386;24530;New Year's Holiday;Government;;38917
JP;Japan;46387;20148;New Year's Eve;Banks/Government;;41043
JE;Jersey;46023;23525;New Year's Day;;;39268
JE;Jersey;46115;21558;Good Friday;;Easter;38350
JE;Jersey;46118;21560;Easter Monday;;Easter;38350
JE;Jersey;46146;21561;May Day Holiday;;;38537
JE;Jersey;46151;21562;Liberation Day (National Day);;;45740
JE;Jersey;46167;21563;Spring Holiday;;;44415
JE;Jersey;46265;21564;Summer Holiday;;;38350
JE;Jersey;46381;23526;Christmas Day;;;39316
JE;Jersey;46382;23527;Boxing Day;;;39316
JE;Jersey;46384;23527;Boxing Day (day in lieu);;;39316
JO;Jordan;46023;20149;New Year's Day;;;38230
JO;Jordan;46101;20157;Eid al Fitr Holiday;;Muslim;45369
JO;Jordan;46102;20157;Eid al Fitr Holiday;;Muslim;45369
JO;Jordan;46103;20157;Eid al Fitr Holiday;;Muslim;45369
JO;Jordan;46104;24496;Eid al Fitr Holiday;Banks/Government;Muslim;45806
JO;Jordan;46142;31142;Labor Day Holiday;Banks/Government;;42001
JO;Jordan;46143;20151;Labor Day;;;45397
JO;Jordan;46167;20152;Independence Day (might be moved to  Sun. May. 24);;;44703
JO;Jordan;46168;20158;Eid al Adha Holiday;;Muslim;45451
JO;Jordan;46169;20158;Eid al Adha (Feast of Sacrifice);;Muslim;45451
JO;Jordan;46170;20158;Eid al Adha Holiday;;Muslim;45451
JO;Jordan;46171;20158;Eid al Adha Holiday;;Muslim;45451
JO;Jordan;46172;20158;Eid al Adha Holiday;;Muslim;45451
JO;Jordan;46189;20159;Islamic New Year;;Muslim;44413
JO;Jordan;46259;20160;Mawlid al-Nabi (The Prophet's Birthday);;Muslim;45539
JO;Jordan;46381;20156;Christmas Day;;;41994
KZ;Kazakhstan;46023;20996;New Year's Day;;;39441
KZ;Kazakhstan;46024;25798;New Year Holiday;;;39441
KZ;Kazakhstan;46029;24517;Orthodox Christmas;;Orthodox;38915
KZ;Kazakhstan;46089;20997;International Women's Day;;;39441
KZ;Kazakhstan;46090;20997;International Women's Day Holiday;;;39441
KZ;Kazakhstan;46102;20998;Nauryz Meyramy (Persian New Year);;;42443
KZ;Kazakhstan;46103;20998;Nauryz Meyramy Holiday;;;42443
KZ;Kazakhstan;46104;20998;Nauryz Meyramy Holiday;;;42443
KZ;Kazakhstan;46105;28790;Nauryz Meyramy Holiday;;;41335
KZ;Kazakhstan;46106;30756;Nauryz Meyramy Holiday;;;41703
KZ;Kazakhstan;46143;20999;Unity Day;;;39441
KZ;Kazakhstan;46149;30599;Homeland Defender Day;;;42434
KZ;Kazakhstan;46151;21000;Victory Day;;;43779
KZ;Kazakhstan;46153;21000;Victory Day Holiday;;;43779
KZ;Kazakhstan;46169;24518;Kurban Ait (Feast of Sacrifice);;Muslim;42434
KZ;Kazakhstan;46209;26057;Day of the Capital;;;39623
KZ;Kazakhstan;46264;21001;Constitution Day;;;41599
KZ;Kazakhstan;46265;21001;Constitution Day Holiday;;;41599
KZ;Kazakhstan;46320;21002;Republic Day;;;44815
KZ;Kazakhstan;46321;21002;Republic Day Holiday;;;44815
KZ;Kazakhstan;46372;21003;Independence Day;;;39441
KE;Kenya;46023;18213;New Year's Day;;;44177
KE;Kenya;46102;18214;Idd ul Fitr / Idd Baraza (End of Ramadan);;Muslim;45746
KE;Kenya;46115;18215;Good Friday;;Easter;38230
KE;Kenya;46118;18216;Easter Monday;;Easter;38230
KE;Kenya;46143;18217;Labour Day;;;44177
KE;Kenya;46169;32710;Idd-ul-Azha;;Muslim;45806
KE;Kenya;46174;18218;Madaraka Day (National Day);;;44177
KE;Kenya;46305;18219;Mazingira Day;;;45406
KE;Kenya;46315;18220;Mashujaa Day (National Day);;;44177
KE;Kenya;46368;18221;Jamhuri Day (National Day);;;44177
KE;Kenya;46381;18222;Christmas Day;;;44177
KE;Kenya;46382;18223;Boxing Day / Utamaduni Day;;;44722
KI;Kiribati;46023;23170;New Year's Day;;;44206
KI;Kiribati;46024;36485;Kiribati Holiday;Government;2026 Only;46015
KI;Kiribati;46090;34645;In honour of International Women's Day;;;46015
KI;Kiribati;46115;23173;Good Friday;;Easter;38580
KI;Kiribati;46118;23175;Easter Monday;;Easter;38580
KI;Kiribati;46119;36486;National Health Day;;;46015
KI;Kiribati;46143;35646;International Labour Day;;;45687
KI;Kiribati;46195;36233;In honour of National Police Day;;;46015
KI;Kiribati;46213;23177;Gospel Day;;;44205
KI;Kiribati;46216;23178;In honour of National Day;;;46015
KI;Kiribati;46217;25533;National Culture and Senior Citizens Day;;;46015
KI;Kiribati;46218;36234;Kiribati Special Day;;;46015
KI;Kiribati;46237;23179;National Youth and Children's Day;;;46015
KI;Kiribati;46300;24611;National Education Day / World Teachers' Day;;;46015
KI;Kiribati;46367;23180;In honour of Human Rights Day;;;45687
KI;Kiribati;46381;23183;Christmas Day;;;39511
KI;Kiribati;46384;23184;Christmas Holiday;;;39511
KI;Kiribati;46385;36485;Kiribati Holiday;Government;2026 Only;46015
KI;Kiribati;46386;36485;Kiribati Holiday;Government;2026 Only;46015
KI;Kiribati;46387;36485;Kiribati Holiday;Government;2026 Only;46015
RS-KM;Kosovo;46023;25907;New Year's Day (Viti i Ri);;;39842
RS-KM;Kosovo;46024;28209;New Year Holiday;;;39842
RS-KM;Kosovo;46029;25908;Orthodox Christmas (Krishtlindjet Ortodokse);;Orthodox;39842
RS-KM;Kosovo;46070;25918;Kosovo Independence Day (Dita e Pavarësisë);;;39842
RS-KM;Kosovo;46101;25914;Uraza-bairam / Eid al-Fitr (Bajrami i Madh, dita e parë);;Muslim;44591
RS-KM;Kosovo;46117;34978;Catholic Easter (Pashkët Katolike);;Easter;44591
RS-KM;Kosovo;46118;26023;Catholic Easter Monday;;Easter;44948
RS-KM;Kosovo;46121;26020;Kosovo Constitution Day (Dita e Kushtetutës);;;39842
RS-KM;Kosovo;46124;26025;Orthodox Easter (Pashkët Ortodokse);;Orth. Easter;45641
RS-KM;Kosovo;46125;25909;Orthodox Easter Monday;;Orth. Easter;45641
RS-KM;Kosovo;46143;25910;International Labor Day (Dita Ndërkombëtare e Punës);;;39842
RS-KM;Kosovo;46151;26021;Europe Day (Dita e Evropës);;;39842
RS-KM;Kosovo;46153;26021;Europe Day Holiday;;;39842
RS-KM;Kosovo;46169;25916;Kurban-bairam / Eid al-Adha (Bajrami i Vogël, dita e parë);;Muslim;42027
RS-KM;Kosovo;46381;26022;Catholic Christmas (Krishtlindjet Katolike);;;39842
RS-KM;Kosovo;46387;33661;Bank Holiday;Banks;;43404
KW;Kuwait;46023;25802;Gregorian New Year;;;40508
KW;Kuwait;46038;25805;The Prophet's Ascension (Isra and Miraj);;Muslim (Umm al-Qura);45670
KW;Kuwait;46040;29236;Public Sector Holiday;Government;Muslim (Umm al-Qura);44945
KW;Kuwait;46078;20163;National Day;;;38230
KW;Kuwait;46079;20164;Liberation Day;;;40231
KW;Kuwait;46100;25962;Government Holiday (recess);Government;Muslim (Umm al-Qura);44945
KW;Kuwait;46101;20168;Eid al Fitr Holiday;;Muslim (Umm al-Qura);43620
KW;Kuwait;46102;20168;Eid al Fitr Holiday;;Muslim (Umm al-Qura);43620
KW;Kuwait;46103;20168;Eid al Fitr Holiday;;Muslim (Umm al-Qura);43620
KW;Kuwait;46168;29204;Arafat Day;Banks/Government;Muslim (Umm al-Qura);45454
KW;Kuwait;46169;20169;Eid al Adha (Feast of Sacrifice);;Muslim (Umm al-Qura);39485
KW;Kuwait;46170;20169;Eid al Adha Holiday;;Muslim (Umm al-Qura);39485
KW;Kuwait;46171;24509;Eid al Adha Holiday;Banks/Government;Muslim (Umm al-Qura);45454
KW;Kuwait;46172;24509;Eid al Adha Holiday;Banks/Government;Muslim (Umm al-Qura);45454
KW;Kuwait;46189;25803;Hejira New Year (Islamic New Year);;Muslim (Umm al-Qura);39532
KW;Kuwait;46261;25804;Holiday for the Prophet's Birthday;;Muslim (Umm al-Qura);42703
KG;Kyrgyzstan;46023;21040;New Year's Day;;;45656
KG;Kyrgyzstan;46024;35965;New Year Holiday;;;45656
KG;Kyrgyzstan;46025;35965;New Year Holiday;;;45656
KG;Kyrgyzstan;46026;35965;New Year Holiday;;;45656
KG;Kyrgyzstan;46027;35965;New Year Holiday;;;45656
KG;Kyrgyzstan;46028;35965;New Year Holiday;;;45656
KG;Kyrgyzstan;46029;21041;Orthodox Christmas;;Orthodox;45656
KG;Kyrgyzstan;46030;35510;New Year Holiday;;2026 Only;46033
KG;Kyrgyzstan;46031;35510;New Year Holiday;;2026 Only;46033
KG;Kyrgyzstan;46032;35510;New Year Holiday;;2026 Only;46033
KG;Kyrgyzstan;46033;35510;New Year Holiday;;2026 Only;46033
KG;Kyrgyzstan;46034;35510;New Year Holiday;;2026 Only;46033
KG;Kyrgyzstan;46089;21042;Women's Day;;;45682
KG;Kyrgyzstan;46101;21049;Orozo Ait (End of Ramadan);;Muslim;45682
KG;Kyrgyzstan;46102;21043;People's Holiday of Nooruz;;;45682
KG;Kyrgyzstan;46143;21044;Labour Day;;;45682
KG;Kyrgyzstan;46144;35966;May Holidays;;;45757
KG;Kyrgyzstan;46145;35966;May Holidays;;;45757
KG;Kyrgyzstan;46146;35966;May Holidays;;;45757
KG;Kyrgyzstan;46147;21045;Constitution Day of the Kyrgyz Republic;;;45682
KG;Kyrgyzstan;46148;35966;May Holidays;;;45757
KG;Kyrgyzstan;46149;35966;May Holidays;;;45757
KG;Kyrgyzstan;46150;35966;May Holidays;;;45757
KG;Kyrgyzstan;46151;21046;Victory Day;;;45757
KG;Kyrgyzstan;46169;21048;Kurman Ait (Feast of Sacrifice);;Muslim;45682
KG;Kyrgyzstan;46265;21047;Independence Day of the Kyrgyz Republic;;;45682
LA;Laos;46023;18224;International New Year's Day;;;45293
LA;Laos;46089;18228;International Women's Day;;;43555
LA;Laos;46090;18228;International Women's Day Holiday (day in lieu);;;43555
LA;Laos;46126;18230;Lao New Year (Pi Mai);;Solar;46020
LA;Laos;46127;18230;Lao New Year Holiday;;Solar;46020
LA;Laos;46128;18230;Lao New Year Holiday;;Solar;46020
LA;Laos;46143;18231;International Labour Day;;;45293
LA;Laos;46223;33365;Lao Women Union's Day;;;45293
LA;Laos;46302;30912;BOL Foundation Day;Banks;;43085
LA;Laos;46322;25944;Boat Racing Festival (Ventiane);Municipal;South-East Asian;41983
LA;Laos;46350;25943;That Luang Festival (Ventiane);Municipal;South-East Asian;41983
LA;Laos;46358;18239;National Day;;;45293
LV;Latvia;46023;19267;New Year's Day (Jaungads);;;38230
LV;Latvia;46024;25263;New Year Holiday (workday moved to Sat. Jan. 17);;;45821
LV;Latvia;46115;19268;Good Friday (Liela piektdiena);;Easter;38230
LV;Latvia;46118;20170;Easter Monday (Otras Lieldienas);;Easter;38230
LV;Latvia;46143;19270;Labour Day (Darba svetki);;;44012
LV;Latvia;46146;22136;Declaration of Independence Day;;;39276
LV;Latvia;46195;25266;Midsummer Holiday (workday moved to Sat. June 27);;;45821
LV;Latvia;46196;19271;Ligo (Midsummer's Eve);;;38540
LV;Latvia;46197;19272;Jani (Saint John's Day);;;39276
LV;Latvia;46344;19273;Proclamation of the Republic;;;38908
LV;Latvia;46380;26071;Christmas Eve;;;41290
LV;Latvia;46381;19274;Christmas Day (Ziemassvetki);;;38230
LV;Latvia;46382;19275;Second Day of Christmas;;;38540
LV;Latvia;46387;20171;New Year's Eve (Vecgada vakars);;;38230
LB;Lebanon;46023;20172;New Year's Day;;;38230
LB;Lebanon;46028;20173;Epiphany / Armenian Christmas;;;39487
LB;Lebanon;46062;20175;Saint Maroun's Day;;;39487
LB;Lebanon;46101;20191;Eid al Fitr (End of Ramadan);;Muslim;44576
LB;Lebanon;46102;28162;Eid al Fitr Holiday;Government;Muslim;45392
LB;Lebanon;46106;28774;Feast of the Annunciation;;;43077
LB;Lebanon;46115;20176;Good Friday;;Easter;39258
LB;Lebanon;46117;25304;Easter;;Easter;39816
LB;Lebanon;46118;30466;Easter Monday;Banks;Easter;44170
LB;Lebanon;46122;23634;Orthodox Good Friday;;Orth. Easter;39487
LB;Lebanon;46124;25303;Orthodox Easter;;Orth. Easter;40262
LB;Lebanon;46125;30467;Orthodox Easter Monday;Banks;Orth. Easter;44170
LB;Lebanon;46143;20182;Labour Day;;;39487
LB;Lebanon;46145;20183;Martyrs' Day;;;38655
LB;Lebanon;46152;22219;Resistance and Liberation Day;;;38655
LB;Lebanon;46167;28377;South Liberation Day;Banks/Government;;43518
LB;Lebanon;46169;25207;Eid al Adha (Feast of Sacrifice);;Muslim;40912
LB;Lebanon;46170;28163;Eid al Adha Holiday;Government;Muslim;44394
LB;Lebanon;46171;29475;Eid al Adha Holiday;Government;Muslim;44394
LB;Lebanon;46189;20189;Hegira (Islamic New Year 1448 AH);;Muslim;43834
LB;Lebanon;46198;20192;Ashoura;;Muslim;43834
LB;Lebanon;46249;20184;Assumption Day;;;38230
LB;Lebanon;46259;20190;The Prophet's Birthday;;Muslim;43834
LB;Lebanon;46348;20186;Independence Day;;;38230
LB;Lebanon;46381;20187;Christmas Day;;;38230
LS;Lesotho;46023;22612;New Year's Day;;;46002
LS;Lesotho;46092;22621;King Moshoeshoe I's Anniversary;;;46002
LS;Lesotho;46102;36457;National Tree Planting Day;;;46002
LS;Lesotho;46115;22614;Good Friday;;Easter;38571
LS;Lesotho;46118;22616;Easter Monday;;Easter;38571
LS;Lesotho;46143;22617;Workers' Day;;;46002
LS;Lesotho;46156;22619;Ascension Day;;Easter;38571
LS;Lesotho;46167;22620;Africa Day / Heroes' Day;;;46002
LS;Lesotho;46220;22618;King Letsie III's Birthday;;;46002
LS;Lesotho;46299;22613;Independence Day;;;46002
LS;Lesotho;46300;22613;Independence Day Holiday;Tentative;;46002
LS;Lesotho;46381;22623;Christmas Day;;;46002
LS;Lesotho;46382;22624;Boxing Day;;;46002
LR;Liberia;46023;22426;New Year's Day;;;39684
LR;Liberia;46064;22427;Armed Forces Day;;;39684
LR;Liberia;46092;22431;National Decoration Day;;;38565
LR;Liberia;46096;22435;Joseph Jenkins Roberts' Birthday;;;39684
LR;Liberia;46097;22435;Joseph Jenkins Roberts Holiday;;;39684
LR;Liberia;46122;22433;Fast and Prayer Day;;;38565
LR;Liberia;46156;22436;National Unification Day;;;39684
LR;Liberia;46229;22432;Independence Day;;;39684
LR;Liberia;46230;22432;Independence Day Holiday;;;39684
LR;Liberia;46258;22437;National Flag Day;;;39684
LR;Liberia;46331;22438;Thanksgiving Day;;;38565
LR;Liberia;46355;22439;William V.S. Tubman's Birthday;;;39684
LR;Liberia;46356;22439;William V.S. Tubman's Birthday Holiday;;;39684
LR;Liberia;46381;22434;Christmas Day;;;39684
LY;Libya;46043;35746;Public Sector Holiday (weather conditions);Government;2026 Only;46043
LY;Libya;46044;35746;Public Sector Holiday (weather conditions);Government;2026 Only;46043
LY;Libya;46070;29553;February 17 Revolution Day;;;40840
LY;Libya;46101;30223;Eid al Fitr (End of Ramadan);;Muslim (LCRSS);40840
LY;Libya;46102;30223;Eid al Fitr Holiday;;Muslim (LCRSS);40840
LY;Libya;46103;30223;Eid al Fitr Holiday;;Muslim (LCRSS);40840
LY;Libya;46143;30329;May Day;;;40917
LY;Libya;46168;30224;Arafat Day;;Muslim (LCRSS);41650
LY;Libya;46169;30225;Eid ul Adha (Feast of Sacrifice);;Muslim (LCRSS);41650
LY;Libya;46170;30225;Eid ul Adha Holiday;;Muslim (LCRSS);41650
LY;Libya;46171;30225;Eid ul Adha Holiday;;Muslim (LCRSS);41650
LY;Libya;46189;30232;Islamic New Year;;Muslim (LCRSS);41582
LY;Libya;46259;30222;Mouled Al Nabee (The Prophet's Birthday);;Muslim (LCRSS);41650
LY;Libya;46281;30331;Martyrs' Day;;;40918
LY;Libya;46318;30220;Liberation Day;;;40840
LY;Libya;46380;30295;Independence Day;;;40901
LI;Liechtenstein;46023;20914;New Year's Day;;;38230
LI;Liechtenstein;46024;30673;Berchtoldstag;Banks;;42378
LI;Liechtenstein;46028;20916;Epiphany (Heilige Drei Könige);;;38230
LI;Liechtenstein;46055;20917;Candlemas (Mariä Lichtmess);;;41278
LI;Liechtenstein;46070;30674;Fasnachtsdienstag;Banks;Easter;41598
LI;Liechtenstein;46100;20919;Saint Joseph's Day (Josefistag);;;41278
LI;Liechtenstein;46115;20920;Good Friday;Banks;Easter;38904
LI;Liechtenstein;46117;36458;Easter;;Easter;45977
LI;Liechtenstein;46118;20922;Easter Monday;;Easter;38230
LI;Liechtenstein;46143;20923;Labour Day;;;38230
LI;Liechtenstein;46156;20924;Ascension Day (Auffahrt);;Easter;38230
LI;Liechtenstein;46166;36459;Whit Sunday;;Easter;45977
LI;Liechtenstein;46167;20926;Whit Monday;;Easter;38230
LI;Liechtenstein;46177;20927;Corpus Christi Day;;Easter;38230
LI;Liechtenstein;46249;20928;Liechtenstein State Celebration (National Day);;;39274
LI;Liechtenstein;46273;20929;Nativity of Our Lady Mary (Mariä Geburt);;;39487
LI;Liechtenstein;46327;20930;All Saints' Day;;;38230
LI;Liechtenstein;46364;20931;Immaculate Conception Day;;;38230
LI;Liechtenstein;46380;20932;Christmas Eve;Banks;;40520
LI;Liechtenstein;46381;20933;Christmas Day;;;38230
LI;Liechtenstein;46382;20934;Saint Stephen's Day;;;38230
LI;Liechtenstein;46387;20935;New Year's Eve;Banks;;40520
LT;Lithuania;46023;19276;New Year's Day;;;39822
LT;Lithuania;46069;19277;Independence Day (National Day);;;39822
LT;Lithuania;46092;19278;Independence Restoration Day;;;39822
LT;Lithuania;46117;19279;Easter;;Easter;38230
LT;Lithuania;46118;19280;Easter Monday;;Easter;38230
LT;Lithuania;46143;20193;Labour Day;;;39822
LT;Lithuania;46145;22133;Mothers' Day;;;42359
LT;Lithuania;46180;28188;Fathers' Day;;;39826
LT;Lithuania;46197;22134;Jonines (Saint John's Day);;;39822
LT;Lithuania;46209;19282;Day of the State (Coronation of King Mindaugas);;;43843
LT;Lithuania;46249;19283;Zoline (Assumption);;;39822
LT;Lithuania;46327;19284;All Saints' Day;;;39822
LT;Lithuania;46328;34109;All Souls' Day (might be canceled from 2026 onward);;;45716
LT;Lithuania;46380;29476;Christmas Eve;;;40541
LT;Lithuania;46381;19285;Christmas Day;;;39822
LT;Lithuania;46382;19286;Second Day of Christmas;;;39822
LU;Luxembourg;46023;18240;New Year's Day;;;38906
LU;Luxembourg;46069;18241;Carnival (jour férié d'usage) (not official);Other;Easter;38900
LU;Luxembourg;46115;22074;Good Friday;Banks;Easter;38537
LU;Luxembourg;46118;18242;Easter Monday;;Easter;38230
LU;Luxembourg;46143;18243;May Day;;;38940
LU;Luxembourg;46151;33686;Europe Day;;;43450
LU;Luxembourg;46156;18244;Ascension Day;;Easter;38230
LU;Luxembourg;46167;18245;Whit Monday;;Easter;38230
LU;Luxembourg;46196;18247;Grand Duke's Birthday (National Day);;;38940
LU;Luxembourg;46249;18248;Assumption Day;;;38940
LU;Luxembourg;46272;18249;Luxembourg City Kermesse (jour férié d'usage) (not official);Regional;;38539
LU;Luxembourg;46327;18250;All Saints' Day;;;38940
LU;Luxembourg;46380;24459;Christmas Eve;Banks/Afternoon;;38940
LU;Luxembourg;46381;18251;Christmas Day;;;38230
LU;Luxembourg;46382;18252;Saint-Étienne;;;38537
MO;Macau;46023;22196;New Year's Day (Fraternidade Universal);;;38550
MO;Macau;46069;28659;Lunar New Year's Eve (afternoon);Government/Afternoon;Chinese Lunar;45780
MO;Macau;46070;22197;Lunar New Year's Day (Novo Ano Lunar);;Chinese Lunar;41339
MO;Macau;46071;22197;The second day of the Lunar New Year;;Chinese Lunar;41339
MO;Macau;46072;22197;The third day of the Lunar New Year;;Chinese Lunar;41339
MO;Macau;46115;22198;Good Friday;;Easter;38550
MO;Macau;46116;24524;The Day before Easter;;Easter;45780
MO;Macau;46117;22199;Cheng Ming (Tomb Sweeping Day);;Chinese Solar;38550
MO;Macau;46118;25324;Bank Holiday;Banks;Easter;42336
MO;Macau;46118;29980;Compensatory rest day for the Day before Easter;Government;Easter;45780
MO;Macau;46119;30761;Compensatory rest day for Cheng Ming Festival;Government;2026 Only;45780
MO;Macau;46143;22202;Labour Day;;;38550
MO;Macau;46166;22203;The Buddha's Birthday (Dia do Buda);;Chinese Lunar;38550
MO;Macau;46167;26085;Bank Holiday;Banks;Chinese Lunar;42336
MO;Macau;46167;31233;Compensatory rest day for the Buddha’s Birthday (Feast of Buddha);Government;Arbitrary;45780
MO;Macau;46192;22204;Tung Ng (Dragon Boat Festival);;Chinese Lunar;38550
MO;Macau;46204;25325;Bank Holiday;Banks;;42336
MO;Macau;46291;22206;Chong Chao (Mid-Autumn Festival Holiday);;Chinese Lunar;38550
MO;Macau;46293;33458;Compensatory rest day for the Day following Chong Chao (Mid-Autumn) Festival;Government;Chinese Lunar;45780
MO;Macau;46296;22207;PRC National Day;;;42022
MO;Macau;46297;31170;The Day following the PRC National Day (except Banks);Government/Private Sector;;42022
MO;Macau;46313;22208;Chong Yeung Festival (Festival of Ancestors);;Chinese Lunar;43690
MO;Macau;46314;26088;Bank Holiday;Banks;Chinese Lunar;42336
MO;Macau;46314;30473;Compensatory rest day for Chong Yeung Festival (Festival of Ancestors);Government;Chinese Lunar;45780
MO;Macau;46328;22212;All Souls' Day (Dia de Finados);;;38550
MO;Macau;46364;22213;Immaculate Conception;;;38550
MO;Macau;46376;22205;Macao S.A.R. Establishment Day;;;44303
MO;Macau;46377;26089;Bank Holiday;Banks;;42336
MO;Macau;46377;30759;Compensatory rest day for Macao S.A.R. Establishment Day;Government;;45780
MO;Macau;46378;22214;Dongzhi (Winter Solstice) (except banks);Government/Private Sector;Chinese Solar;42022
MO;Macau;46380;22210;Christmas Eve;;;38916
MO;Macau;46381;22209;Christmas Day (Natal);;;38550
MO;Macau;46387;28658;New Year's Eve (afternoon);Government/Afternoon;;45780
MK;Macedonia;46023;20881;New Year's Day (Nova Godina);;;39785
MK;Macedonia;46029;20882;Christmas Day (Orthodox);;Orthodox;39785
MK;Macedonia;46101;20891;Ramazan Bajram (End of Ramadan);;Muslim;41493
MK;Macedonia;46125;20886;Orthodox Easter Monday (Vtor den Veligden);;Orth. Easter;38230
MK;Macedonia;46143;20887;Labour Day (Den na trudot);;;39785
MK;Macedonia;46166;25104;Saints Cyril and Methodius' Day;;;39785
MK;Macedonia;46167;25104;Saints Cyril and Methodius' Day Holiday;;;39785
MK;Macedonia;46236;20888;Iliden Day (Republic Day);;;39785
MK;Macedonia;46237;20888;Iliden Day Holiday;;;39785
MK;Macedonia;46273;20889;Independence Day;;;39785
MK;Macedonia;46306;20890;Uprising Against Facism Day;;;39785
MK;Macedonia;46307;20890;Uprising Against Facism Day Holiday;;;39785
MK;Macedonia;46318;25105;Day of the Macedonian Revolution;;;39785
MK;Macedonia;46364;25106;St. Kliment Ohridski (St. Clement of Ohrid);;;39785
MG;Madagascar;46023;21727;New Year's Day;;;38352
MG;Madagascar;46024;31153;Public Holiday;;2026 Only;46015
MG;Madagascar;46089;30419;Women's Day (only for women employees);Other;;43800
MG;Madagascar;46101;30711;Id al Fitr (End of Ramadan);;Muslim;45738
MG;Madagascar;46110;21732;Martyrs' Day;;;38570
MG;Madagascar;46117;21729;Easter;;Easter;40558
MG;Madagascar;46118;21730;Easter Monday;;Easter;38352
MG;Madagascar;46143;21731;Labour Day;;;38352
MG;Madagascar;46156;21733;Ascension Day;;Easter;38352
MG;Madagascar;46166;21734;Whit Sunday (Pentecost);;Easter;40558
MG;Madagascar;46167;22604;Whit Monday;;Easter;38570
MG;Madagascar;46169;30712;Id al Adha (Feast of Sacrifice);;Muslim;45454
MG;Madagascar;46199;21736;Independence Day (Fetin'ny Fahaleovantena);;;38570
MG;Madagascar;46249;21737;Assumption Day;;;38352
MG;Madagascar;46327;21738;All Saints' Day;;;38352
MG;Madagascar;46381;21740;Christmas Day;;;38352
MW;Malawi;46023;23524;New Year's Day;;;39305
MW;Malawi;46037;21999;John Chilembwe Day;;;39305
MW;Malawi;46084;22000;Martyrs' Day;;;39305
MW;Malawi;46101;22607;Eid al Fitr (End of Ramadan);;Muslim;44332
MW;Malawi;46115;22001;Good Friday;;Easter;38459
MW;Malawi;46116;30488;Easter Saturday;;Easter;41030
MW;Malawi;46118;22003;Easter Monday;;Easter;38459
MW;Malawi;46143;22004;Labour Day;;;39305
MW;Malawi;46156;25087;President Kamuzu Banda's Birthday;;;39548
MW;Malawi;46169;36350;Eid Ul Adha (Feast of Sacrifice);Tentative;Muslim;45817
MW;Malawi;46209;22006;Independence Day;;;39305
MW;Malawi;46310;22007;Mothers' Day (World Rural Women's Day);;;39736
MW;Malawi;46381;22009;Christmas Day;;;41261
MW;Malawi;46382;22010;Boxing Day;;;41634
MW;Malawi;46384;22010;Christmas Holiday;;;41634
MY;Malaysia;46023;18253;New Year Holiday (except JHR KDH KTN TRG);Regional;;46022
MY;Malaysia;46036;28102;State Public Holiday (Sultan's Birthday) (NSN);Regional;;44010
MY;Malaysia;46039;26634;Israk dan Mikraj (KDH NSN PLS TRG);Regional;Muslim (JAKIM);44217
MY;Malaysia;46040;34657;Israk dan Mikraj Holiday (TRG);Regional;Muslim (JAKIM);44217
MY;Malaysia;46054;25611;Federal Territory Day (KUL LBN PJY);Regional;;46017
MY;Malaysia;46054;25864;Thaipusam (JHR KDH KUL NSN PJY PNG PRK SGR);Regional;Hindu Solar;46044
MY;Malaysia;46055;34291;Thaipusam Holiday (KUL NSN PJY PNG PRK SGR);Regional;Hindu Solar;45573
MY;Malaysia;46056;25611;Federal Territory Holiday (KUL LBN PJY);Regional;;46017
MY;Malaysia;46070;18256;Chinese New Year;;Chinese Lunar;39353
MY;Malaysia;46071;25613;Chinese New Year, Day 2;;Chinese Lunar;45497
MY;Malaysia;46072;26635;Awal Ramadan (JHR KDH);Regional;Muslim (JAKIM);45705
MY;Malaysia;46072;36532;Awal Ramadan (MLK);Regional/Government;Muslim (JAKIM);46041
MY;Malaysia;46073;28094;State Public Holiday (Independence Proclamation Day) (MLK);Regional;;45169
MY;Malaysia;46085;28091;State Public Holiday (Sultan's Coronation Anniversary) (TRG);Regional;;44010
MY;Malaysia;46088;26633;Nuzul Quran (KTN KUL LBN PHG PJY PLS PNG PRK SGR TRG);Regional;Muslim (JAKIM);44149
MY;Malaysia;46089;34172;Nuzul Quran Holiday (KTN TRG);Regional;Muslim (JAKIM);44011
MY;Malaysia;46102;18255;Hari Raya Puasa (End of Ramadan);;Muslim (JAKIM);44683
MY;Malaysia;46103;18255;Hari Raya Puasa Holiday;;Muslim (JAKIM);44683
MY;Malaysia;46104;25614;Hari Raya Puasa Holiday (except KDH KTN TRG);Regional;Muslim (JAKIM);45573
MY;Malaysia;46104;25615;Hari Raya Puasa Holiday (KTN TRG);Regional;Muslim (JAKIM);45039
MY;Malaysia;46104;31166;State Public Holiday (Sultan's Birthday) (JHR);Regional;;45573
MY;Malaysia;46105;36531;Hari Raya Puasa Holiday (JHR);Regional/Tentative;2026 Only;46040
MY;Malaysia;46105;36248;Hari Raya Puasa Holiday (MLK);Regional;Muslim (JAKIM);45705
MY;Malaysia;46111;29063;State Public Holiday (Ruler's Birthday) (SBH);Regional;;45743
MY;Malaysia;46115;28089;Good Friday (SBH SRW);Regional;Easter;39790
MY;Malaysia;46138;28103;State Public Holiday (Sultan's Birthday) (TRG);Regional;;44010
MY;Malaysia;46143;18259;Labour Day;;;38230
MY;Malaysia;46145;34286;Labour Day Holiday (KDH);Regional;;45573
MY;Malaysia;46159;28097;State Public Holiday (Raja's Birthday) (PLS);Regional;;44010
MY;Malaysia;46160;28097;State Public Holiday (PLS);Regional;;44010
MY;Malaysia;46164;34179;State Public Holiday (Hari Hol Pahang) (PHG);Regional;;45415
MY;Malaysia;46168;33894;Hari Arafah (Arafat Day) (KTN TRG);Regional;Muslim (JAKIM);44798
MY;Malaysia;46169;18257;Hari Raya Qurban (Feast of Sacrifice);;Muslim (JAKIM);38558
MY;Malaysia;46170;25612;Hari Raya Qurban, Day 2 (KDH KTN PLS TRG);Regional;Muslim (JAKIM);45104
MY;Malaysia;46172;28098;State Public Holiday (Harvest Festival) (LBN SBH);Regional;;44010
MY;Malaysia;46173;28098;State Public Holiday (LBN SBH);Regional;;44010
MY;Malaysia;46173;18260;Wesak (Buddha Day);;Chinese Lunar;44769
MY;Malaysia;46174;34139;Birthday of SPB Yang di-Pertuan Agong;;;43896
MY;Malaysia;46174;28099;State Public Holiday (Hari Gawai Dayak) (SRW);Regional;;45433
MY;Malaysia;46175;28099;State Public Holiday (SRW);Regional;;45433
MY;Malaysia;46175;25632;Wesak Holiday (except KDH KTN SRW TRG);Regional;Chinese Lunar;46043
MY;Malaysia;46176;34198;State Public Holiday (LBN SBH);Regional;;46043
MY;Malaysia;46176;25632;Wesak Holiday (SRW);Regional;Chinese Lunar;46043
MY;Malaysia;46177;34199;State Public Holiday (SRW);Regional;;46043
MY;Malaysia;46190;18258;Awal Muharram (Islamic New Year);;Muslim (JAKIM);42271
MY;Malaysia;46194;28090;State Public Holiday (Sultan's Birthday) (KDH);Regional;;45497
MY;Malaysia;46210;28416;State Public Holiday (George Town UNESCO Heritage Day) (PNG);Regional;;45468
MY;Malaysia;46214;28101;State Public Holiday (Ruler's Birthday) (PNG);Regional;;44010
MY;Malaysia;46224;28100;State Public Holiday (Hari Hol Almarhum Sultan Iskandar) (JHR);Regional;Muslim (JAKIM);45573
MY;Malaysia;46225;31538;State Public Holiday (Sarawak Day) (SRW);Regional;;44010
MY;Malaysia;46234;28106;State Public Holiday (Sultan's Birthday) (PHG);Regional;;45884
MY;Malaysia;46258;34771;State Public Holiday (Ruler's Birthday) (MLK);Regional;;45527
MY;Malaysia;46259;18262;Maulidur Rasul (The Prophet's Birthday);;Muslim (JAKIM);38230
MY;Malaysia;46265;18263;National Day (Hari Kebangsaan);;;38230
MY;Malaysia;46281;26637;Malaysia Day;;;45861
MY;Malaysia;46294;29528;State Public Holiday (Sultan's Birthday) (KTN);Regional;;44934
MY;Malaysia;46295;29528;State Public Holiday (KTN);Regional;;44934
MY;Malaysia;46305;28104;State Public Holiday (Ruler's Birthday) (SRW);Regional;;44010
MY;Malaysia;46332;32703;State Public Holiday (Sultan's Birthday) (PRK);Regional;;44010
MY;Malaysia;46334;18264;Deepavali (Festival of Lights) (except SRW);;Hindu Lunar;44217
MY;Malaysia;46335;25634;Deepavali Holiday (except KDH KTN SRW TRG);Regional;Hindu Lunar;45573
MY;Malaysia;46367;28107;State Public Holiday (Sultan's Birthday) (SGR);Regional;;44010
MY;Malaysia;46380;34026;Christmas Eve (SBH);Regional;;44011
MY;Malaysia;46381;18266;Christmas Day;;;38230
MY;Malaysia;46383;34285;Christmas Holiday (KDH);Regional;;45573
MV;Maldives;46023;21172;New Year's Day;Banks/Government;;45645
MV;Maldives;46058;28777;Public Holiday (First Sitting of the People's Majlis);Government;Arbitrary;46035
MV;Maldives;46071;21184;Beginning of the Holy Month of Ramadan;;Muslim;43239
MV;Maldives;46091;35820;Public Holiday;Government;Muslim;45645
MV;Maldives;46092;35820;Public Holiday;Government;Muslim;45645
MV;Maldives;46093;35820;Public Holiday;Government;Muslim;45645
MV;Maldives;46094;35820;Public Holiday;Government;Muslim;45645
MV;Maldives;46095;35820;Public Holiday;Government;Muslim;45645
MV;Maldives;46096;35820;Public Holiday;Government;Muslim;45645
MV;Maldives;46097;35820;Public Holiday;Government;Muslim;45645
MV;Maldives;46098;35820;Public Holiday;Government;Muslim;45645
MV;Maldives;46099;35820;Public Holiday;Government;Muslim;45645
MV;Maldives;46100;35820;Public Holiday;Government;Muslim;45645
MV;Maldives;46101;21183;Eid ul-Fitr (End of Ramadan);;Muslim;45645
MV;Maldives;46102;25451;On the Occasion of Eid ul-Fitr;Banks/Government;Muslim;45645
MV;Maldives;46103;25451;On the Occasion of Eid ul-Fitr;Banks/Government;Muslim;45645
MV;Maldives;46143;29764;Labour Day;;;40662
MV;Maldives;46168;21173;Hajj Day;;Muslim;45451
MV;Maldives;46169;21174;Eid ul-Ad'haa (Feast of Sacrifice);;Muslim;45451
MV;Maldives;46170;25449;On the Occasion of Eid ul-Ad'haa;Banks/Government;Muslim;45565
MV;Maldives;46171;25449;On the Occasion of Eid ul-Ad'haa;Banks/Government;Muslim;45565
MV;Maldives;46172;25449;On the Occasion of Eid ul-Ad'haa;Banks/Government;Muslim;45565
MV;Maldives;46189;21175;Islamic New Year 1448 (Hijri);Banks/Government;Muslim;45645
MV;Maldives;46229;21178;Independence Day;;;39293
MV;Maldives;46230;25450;On the Occasion of Independence Day;Banks/Government;;45834
MV;Maldives;46248;21176;National Day;;Muslim;46022
MV;Maldives;46250;21176;Due to National Day falling on a holiday (except banks);;Muslim;46022
MV;Maldives;46259;21177;The Prophet's Birthday / Eid Milad un Nabi;;Muslim;45368
MV;Maldives;46278;22272;The Day Maldives Embraced Islam;;Muslim;45565
MV;Maldives;46329;21181;Victory Day;;;38230
MV;Maldives;46337;21182;Republic Day;;;44149
MV;Maldives;46387;35906;Bank Holiday;Banks;;45368
ML;Mali;46023;22332;New Year's Day;;;46023
ML;Mali;46024;22332;New Year Holiday;;;46023
ML;Mali;46042;22344;Armed Forces Day;;;39302
ML;Mali;46098;33526;Leylatoul Qadr (Nuit du Destin);Tentative;Muslim;46015
ML;Mali;46101;22345;Korité (End of Ramadan);;Muslim;45392
ML;Mali;46107;22347;Martyrs' Day / Democracy Day;;;38564
ML;Mali;46118;22336;Easter Monday;;Easter;38564
ML;Mali;46143;22337;Labour Day;;;44682
ML;Mali;46167;22346;Africa Day;;;38582
ML;Mali;46169;22333;Tabaski (Feast of Sacrifice);;Muslim;45459
ML;Mali;46199;33570;Achoura;Tentative;Muslim;46015
ML;Mali;46259;22338;Mawloud (The Prophet's Birthday);;Muslim;44841
ML;Mali;46265;25964;Baptism of the Prophet;;Muslim;45912
ML;Mali;46287;22342;Independence Day (National Day);;;43731
ML;Mali;46381;22348;Christmas Day;;;38564
MT;Malta;46023;19287;New Year's Day;;;38230
MT;Malta;46063;19288;Feast of St. Paul's Shipwreck;;;39445
MT;Malta;46100;19289;Feast of St. Joseph;;;39445
MT;Malta;46112;19290;Freedom Day (Jum il-Helsien);;;39445
MT;Malta;46115;19291;Good Friday;;Easter;38230
MT;Malta;46118;29990;Bank Holiday;Banks;Easter;40771
MT;Malta;46143;19293;Workers' Day (Jum il-Haddiem);;;39445
MT;Malta;46180;19294;Sette Giugno;;;38539
MT;Malta;46202;19295;Feast of St. Peter and St. Paul (L-Imnarja);;;39445
MT;Malta;46249;19296;Feast of the Assumption;;;39445
MT;Malta;46273;19297;Feast of Our Lady of Victories (Jum il-Vittorja);;;39445
MT;Malta;46286;19298;Independence Day (Jum l-Indipendenza);;;39446
MT;Malta;46364;19299;Feast of the Immaculate Conception;;;39445
MT;Malta;46369;19300;Republic Day (Jum ir-Repubblika);;;39445
MT;Malta;46381;19301;Christmas Day;;;39372
MT;Malta;46382;29703;Bank Holiday;Banks;;40771
MH;Marshall Islands;46023;23032;New Year's Day;;;39302
MH;Marshall Islands;46082;23033;Nuclear Victims Remembrance Day (Bravo Day);;;39387
MH;Marshall Islands;46083;23033;Remembrance Day Public Holiday;;;39387
MH;Marshall Islands;46115;23036;Good Friday;;Easter;38579
MH;Marshall Islands;46143;23045;Constitution Day (National Day);;;39302
MH;Marshall Islands;46206;23038;Fishermen's Day;;;38579
MH;Marshall Islands;46269;23040;Dri-jerbal Day (Labor Day);;;38579
MH;Marshall Islands;46290;23039;Manit Day (Culture Day);;;38579
MH;Marshall Islands;46343;23034;Presidents' Day;;;39302
MH;Marshall Islands;46360;23043;Gospel Day;;;38579
MH;Marshall Islands;46381;23046;Christmas Day;;;39302
MQ;Martinique;46023;21480;New Year's Day;;;38350
MQ;Martinique;46069;30430;Carnaval Monday (jour chômé d'usage);Other;Easter;40970
MQ;Martinique;46070;30431;Mardi Gras (jour chômé d'usage);Other;Easter;40970
MQ;Martinique;46071;30432;Ash Wednesday (jour chômé d'usage);Other;Easter;40970
MQ;Martinique;46115;25230;Good Friday (jour chômé d'usage);Banks/Other;Easter;39273
MQ;Martinique;46118;21487;Easter Monday;;Easter;38350
MQ;Martinique;46143;21488;Labour Day;;;38350
MQ;Martinique;46150;21489;Victory Day;;;38350
MQ;Martinique;46156;21490;Ascension Day;;Easter;38350
MQ;Martinique;46164;21491;Abolition Day;;;38350
MQ;Martinique;46167;21482;Whit Monday;;Easter;39477
MQ;Martinique;46217;21492;Fête Nationale (National Day);;;39289
MQ;Martinique;46249;21494;Assumption Day;;;38350
MQ;Martinique;46327;21495;All Saints' Day;;;38350
MQ;Martinique;46337;21497;Armistice Day;;;38350
MQ;Martinique;46381;21498;Christmas Day;;;38558
MR;Mauritania;46023;22289;New Year's Day;;;38564
MR;Mauritania;46024;31147;Public Holiday;;2026 Only;46023
MR;Mauritania;46102;22298;Aïd el-Fitr / Aïd el-Seghir (End of Ramadan);;Muslim;45038
MR;Mauritania;46103;22298;Lendemain de l'Aïd el-Seghir;;Muslim;45038
MR;Mauritania;46143;22293;Labour Day (Fête du Travail);;;39302
MR;Mauritania;46167;22295;Africa Day;;;40580
MR;Mauritania;46169;22290;Aïd el-Adha / Aïd el-Kebir / Tabaski (Feast of Sacrifice);;Muslim;41915
MR;Mauritania;46170;22290;Lendemain de l'Aïd el-Kebir;;Muslim;41915
MR;Mauritania;46190;22292;Premier Moharram (Islamic New Year);;Muslim;41642
MR;Mauritania;46259;22294;Aïd el-Maouloud (The Prophet's Birthday);;Muslim;44133
MR;Mauritania;46354;22297;Independence Day;;;38564
MU;Mauritius;46023;22626;New Year's Day;;;38941
MU;Mauritius;46024;24646;New Year Holiday;;;39305
MU;Mauritius;46054;22629;Commemoration of the Abolition of Slavery;;;42390
MU;Mauritius;46054;24647;Thaipoosam Cavadee;;Hindu Solar;45130
MU;Mauritius;46068;22631;Maha Shivaratree;;Hindu Lunar;42869
MU;Mauritius;46070;22628;Fête du Printemps (Chinese New Year);;Chinese Lunar;44758
MU;Mauritius;46093;22632;National Day / Independence Day;;;42329
MU;Mauritius;46100;22633;Ougadi / Ugaadi;;Hindu Lunar;45885
MU;Mauritius;46102;22639;Eid al Fitr (End of Ramadan);;Muslim;43625
MU;Mauritius;46143;22634;Labour Day;;;38571
MU;Mauritius;46249;24648;Assumption Day;;;39827
MU;Mauritius;46281;22635;Ganesh Chathurthi;;Hindu Lunar;41607
MU;Mauritius;46328;22638;Commemoration of the Arrival of Indentured Labourers;;;42390
MU;Mauritius;46334;22636;Divali (Festival of Lights);;Hindu Lunar;45508
MU;Mauritius;46381;22640;Christmas Day;;;38571
YT;Mayotte;46023;22668;New Year's Day;;;38572
YT;Mayotte;46039;22684;Miradji (The Prophet's Ascension);;Muslim;46040
YT;Mayotte;46101;22686;Ide el Fitr (End of Ramadan);;Muslim;45905
YT;Mayotte;46118;22671;Easter Monday;;Easter;38572
YT;Mayotte;46139;22681;Abolition Day;;;38572
YT;Mayotte;46143;22672;Labour Day;;;38572
YT;Mayotte;46150;22673;Victory Day;;;38572
YT;Mayotte;46156;22674;Ascension Day;;Easter;38572
YT;Mayotte;46167;22676;Whit Monday;;Easter;39273
YT;Mayotte;46169;22683;Ide el Kébîr (Feast of Sacrifice);;Muslim;43689
YT;Mayotte;46217;22677;Fête Nationale (National Day);;;39289
YT;Mayotte;46249;22678;Assumption Day;;;38572
YT;Mayotte;46259;22685;Maoulida (The Prophet's Birthday);;Muslim;45905
YT;Mayotte;46327;22679;All Saints' Day;;;38572
YT;Mayotte;46337;22680;Armistice Day;;;38572
YT;Mayotte;46381;22682;Christmas Day;;;38572
MX;Mexico;46023;18267;New Year's Day;;;38230
MX;Mexico;46055;18268;Constitution Day Holiday;;;38945
MX;Mexico;46097;18269;Benito Juarez Day;;;38945
MX;Mexico;46114;18270;Maundy Thursday (widespread but only official for banks);Banks;Easter;42378
MX;Mexico;46115;18271;Good Friday (widespread but only official for banks);Banks;Easter;42378
MX;Mexico;46143;18272;Labor Day;;;39297
MX;Mexico;46184;36393;Public Holiday (FIFA World Cup Opening Ceremony) (Mexico City);Municipal;2026 Only;45904
MX;Mexico;46281;18275;Independence Day;;;39297
MX;Mexico;46328;18277;All Souls' Day (widespread but only official for banks);Banks;;42378
MX;Mexico;46342;18278;Revolution Day Holiday;;;40129
MX;Mexico;46368;18279;Lady of Guadalupe Day / Día del Empleado Bancario;Banks;;43081
MX;Mexico;46381;18280;Christmas Day;;;38230
FM;Micronesia;46023;22996;New Year's Day;;;39302
FM;Micronesia;46033;22997;Constitution Day (Kosrae);Regional;;44528
FM;Micronesia;46082;22999;Yap Day (Yap);Regional;;44528
FM;Micronesia;46083;22999;Yap Day Holiday (Yap);Regional;;44528
FM;Micronesia;46112;23002;Micronesian Culture and Traditions Day;;;40542
FM;Micronesia;46115;23000;Good Friday (Pohnpei);Regional;Easter;44528
FM;Micronesia;46152;23003;Federated States of Micronesia Day (Constitution Day);;;39302
FM;Micronesia;46153;23003;FSM Day Holiday;;;39302
FM;Micronesia;46255;24615;Gospel Day (Kosrae);Regional;;38937
FM;Micronesia;46273;23004;Liberation Day (Kosrae);Regional;;44528
FM;Micronesia;46276;23005;Liberation Day (Pohnpei);Regional;;44528
FM;Micronesia;46296;34890;Constitution Day (Chuuk);Regional;;44528
FM;Micronesia;46304;34889;Teachers' Appreciation Day (Chuuk);Regional;;44528
FM;Micronesia;46318;23006;United Nations' Day Holiday;;;39302
FM;Micronesia;46319;23006;United Nations' Day;;;39302
FM;Micronesia;46329;23007;FSM Independence Day;;;39302
FM;Micronesia;46334;23009;Constitution Day (Pohnpei);Regional;;44528
FM;Micronesia;46337;23008;Veterans of Foreign Wars Day;;;39513
FM;Micronesia;46349;34888;Presidents Day;;;44528
FM;Micronesia;46352;23010;Thanksgiving Day (Kosrae);Regional;;44528
FM;Micronesia;46380;23011;Constitution Day (Yap);Regional;;44528
FM;Micronesia;46381;23012;Christmas Day;;;40542
MD;Moldova;46023;20862;New Year's Day (Anul Nou);;;38230
MD;Moldova;46029;20863;Orthodox Christmas (Craciunul pe stil vechi);;Orthodox;39485
MD;Moldova;46030;20863;Orthodox Christmas Holiday;;Orthodox;39485
MD;Moldova;46089;20865;International Women's Day;;;38230
MD;Moldova;46124;20866;Orthodox Easter (Paste);;Orth. Easter;38540
MD;Moldova;46125;20867;Orthodox Easter Monday (Doua zi de Paste);;Orth. Easter;38230
MD;Moldova;46132;24470;Memory/Parents' Day (Pastele Blajinilor);;Orth. Easter;43940
MD;Moldova;46143;20868;International Solidarity Day of Workers;;;38540
MD;Moldova;46151;20869;Victory Day / Day of Europe;;;45286
MD;Moldova;46174;32653;International Children's Day;;;43981
MD;Moldova;46261;20870;Independence Day (Ziua Republicii);;;38230
MD;Moldova;46265;20871;National Language Day (Limba Noastra);;;39440
MD;Moldova;46309;26615;Chisinau Day (Hramul Chisinaului);Municipal;;39805
MD;Moldova;46381;29501;Western Christmas (Craciunul pe stil nou);;;40561
MC;Monaco;46023;20936;New Year's Day;;;39997
MC;Monaco;46049;20937;Saint Dévote's Day;;;40534
MC;Monaco;46118;20942;Easter Monday;;Easter;38230
MC;Monaco;46143;20943;Labour Day;;;39997
MC;Monaco;46156;20944;Ascension;;Easter;38230
MC;Monaco;46157;25223;Bank Holiday;Banks;Easter;44493
MC;Monaco;46167;20946;Whit Monday;;Easter;38230
MC;Monaco;46177;20947;Corpus Christi (Fête Dieu);;Easter;38230
MC;Monaco;46249;25224;Assumption Day;;;39997
MC;Monaco;46327;20948;All Saints' Day;;;39997
MC;Monaco;46328;20948;All Saints' Day Holiday (jour chômé reporté);;;39997
MC;Monaco;46345;22075;National Day (Fête de S.A.S. le Prince Souverain);;;39997
MC;Monaco;46364;20949;Immaculate Conception Day;;;44997
MC;Monaco;46381;20951;Christmas Day;;;39997
MN;Mongolia;46023;21101;New Year's Day;;;38230
MN;Mongolia;46070;30408;Bituun (Lunar New Year's Eve);Banks;Mongolian Lunar;41954
MN;Mongolia;46071;21102;Tsagaan Sar (Lunar New Year) (Year of the Fire Horse);;Mongolian Lunar;41954
MN;Mongolia;46072;30406;Lunar New Year Holiday;;Mongolian Lunar;41954
MN;Mongolia;46073;31191;Lunar New Year Holiday;;Mongolian Lunar;42040
MN;Mongolia;46089;25327;International Women's Day;;;39284
MN;Mongolia;46173;34102;Buddha Day;;Mongolian Lunar;43834
MN;Mongolia;46174;21103;Mothers' and Children's Day;;;44343
MN;Mongolia;46214;21104;Naadam (National Day);;;42532
MN;Mongolia;46215;21104;Naadam Holiday;;;42532
MN;Mongolia;46216;21104;Naadam Holiday;;;42532
MN;Mongolia;46217;31006;Naadam Holiday;;;42532
MN;Mongolia;46218;31006;Naadam Holiday;;;42532
MN;Mongolia;46336;30628;National Pride Day (Chinggis Khaan's Birthday);;Mongolian Lunar;43405
MN;Mongolia;46352;21105;Proclamation of the Constitution Day;;;45248
MN;Mongolia;46385;30293;National Independence Day;;;41816
ME;Montenegro;46023;31451;New Year's Day;;;42316
ME;Montenegro;46024;24475;New Year Holiday;;;42316
ME;Montenegro;46028;27240;Orthodox Christmas Eve;;Orthodox;39818
ME;Montenegro;46029;31452;Orthodox Christmas;;Orthodox;42316
ME;Montenegro;46030;24477;Second Day of Orthodox Christmas;;Orthodox;42316
ME;Montenegro;46122;24479;Orthodox Good Friday;;Orth. Easter;38908
ME;Montenegro;46125;24481;Orthodox Easter Monday;;Orth. Easter;38908
ME;Montenegro;46143;31453;May Day;;;42316
ME;Montenegro;46144;24485;May Day Holiday;;;42316
ME;Montenegro;46163;31454;Independence Day;;;42316
ME;Montenegro;46164;24484;Independence Day Holiday;;;42316
ME;Montenegro;46216;31455;Statehood Day (National Day);;;42316
ME;Montenegro;46217;24483;Statehood Day Holiday;;;42316
ME;Montenegro;46339;35665;Njegos Day;;;45603
ME;Montenegro;46340;36120;Njegos Day Holiday;;;45603
MS;Montserrat;46023;22963;New Year's Day;;;44969
MS;Montserrat;46098;22964;Saint Patrick's Day;;;40529
MS;Montserrat;46115;22965;Good Friday;;Easter;38579
MS;Montserrat;46118;22967;Easter Monday;;Easter;38579
MS;Montserrat;46146;22968;Labour Monday;;;38579
MS;Montserrat;46167;22970;Whit Monday;;Easter;39997
MS;Montserrat;46188;22971;King's Birthday Holiday;;;45393
MS;Montserrat;46211;34800;National Day of Prayer and Thanksgiving;;;45081
MS;Montserrat;46237;22972;August Monday (Emancipation Day Holiday);;;39270
MS;Montserrat;46381;22975;Christmas Day;;;42889
MS;Montserrat;46382;22978;Boxing Day;;;42889
MS;Montserrat;46384;22978;Public Holiday;;;42889
MS;Montserrat;46387;22974;Festival Day (New Year's Eve);;;42889
MA;Morocco;46023;21131;New Year's Day;Banks/Government;;42363
MA;Morocco;46033;22277;Independence Manifesto Day (1944);;;38563
MA;Morocco;46036;33424;Yennayer (Amazigh New Year);;;45144
MA;Morocco;46102;30926;Aïd al Fitr (End of Ramadan);;Muslim (Moroccan);44673
MA;Morocco;46103;21135;Aïd al Fitr Holiday;Banks/Government;Muslim (Moroccan);45387
MA;Morocco;46143;21138;Labour Day;;;38230
MA;Morocco;46169;21132;Aïd al Adha (Feast of Sacrifice);;Muslim (Moroccan);41650
MA;Morocco;46170;30927;Aïd al Adha Holiday;Banks/Government;Muslim (Moroccan);45808
MA;Morocco;46190;21133;1er Moharrem (Islamic New Year);;Muslim (Moroccan);45494
MA;Morocco;46233;21137;Throne Day;;;38230
MA;Morocco;46248;23910;Oued Ed-Dahab Day;;;39302
MA;Morocco;46254;21139;Revolution Day (1953);;;38230
MA;Morocco;46255;21140;HM Mohammed VI's Birthday (Fête de la Jeunesse);;;39302
MA;Morocco;46259;21134;Aîd el Maoulid Annabaoui (Prophet's Birthday);;Muslim (Moroccan);43413
MA;Morocco;46260;30925;Aîd el Maoulid Annabaoui Holiday;Banks/Government;Muslim (Moroccan);43413
MA;Morocco;46326;36530;Aid Al Wahda (Fête de l’Unité);;;46038
MA;Morocco;46332;21141;Green March Day;;;46038
MA;Morocco;46344;21136;Independence Day;;;38937
MZ;Mozambique;46023;21718;New Year's Day;;;39517
MZ;Mozambique;46024;36495;Public Sector Holiday;Government;2026 Only;46020
MZ;Mozambique;46056;21719;Mozambique's Heroes' Day;;;39517
MZ;Mozambique;46119;21720;Mozambique's Women's Day;;;39517
MZ;Mozambique;46143;21721;Workers' Day;;;39517
MZ;Mozambique;46198;21722;Independence Day;;;39517
MZ;Mozambique;46272;21723;Lusaka Peace Agreement Day;;;39517
MZ;Mozambique;46290;21724;Armed Forces Day;;;39517
MZ;Mozambique;46299;22603;Peace and National Reconciliation Day;;;39625
MZ;Mozambique;46300;22603;Peace and National Reconciliation Day Holiday;;;39625
MZ;Mozambique;46336;21725;Maputo Day;Regional;;45606
MZ;Mozambique;46381;21726;Family Day / Christmas Day;;;39517
MM;Myanmar;46023;33381;New Year's Day;;;45483
MM;Myanmar;46024;36386;New Year's Day Holiday;;2026 Only;45902
MM;Myanmar;46025;36386;New Year's Day Holiday;;2026 Only;45902
MM;Myanmar;46026;18281;Independence Day;;;38230
MM;Myanmar;46065;18282;Union Day;;;38230
MM;Myanmar;46066;36387;Union Day Holiday;;2026 Only;45902
MM;Myanmar;46067;36387;Union Day Holiday;;2026 Only;45902
MM;Myanmar;46068;36387;Union Day Holiday;;2026 Only;45902
MM;Myanmar;46069;36388;Chinese New Year Holiday;;2026 Only;45902
MM;Myanmar;46070;36042;Chinese New Year;;Chinese Lunar;45482
MM;Myanmar;46081;36389;Farmers' Day Holiday;;2026 Only;45902
MM;Myanmar;46082;36389;Farmers' Day Holiday;;2026 Only;45902
MM;Myanmar;46083;18283;Farmers' Day;;;45234
MM;Myanmar;46083;18284;Full Moon Day of Tabaung;;Burmese Lunar;45913
MM;Myanmar;46108;18285;Armed Forces Day;;;38230
MM;Myanmar;46109;36392;Armed Forces Day Holiday;;2026 Only;45902
MM;Myanmar;46110;36392;Armed Forces Day Holiday;;2026 Only;45902
MM;Myanmar;46123;34043;Myanmar New Year Holidays;;Arbitrary;45902
MM;Myanmar;46124;34043;Myanmar New Year Holidays;;Arbitrary;45902
MM;Myanmar;46125;31083;Myanmar New Year Holidays (Thingyan Eve);;Burmese Solar;43815
MM;Myanmar;46126;18287;Myanmar New Year Holidays (Thingyan/Start of Water Festival);;Burmese Solar;43815
MM;Myanmar;46127;31085;Myanmar New Year Holidays;;Burmese Solar;44043
MM;Myanmar;46128;31087;Myanmar New Year Holidays;;Burmese Solar;44043
MM;Myanmar;46129;18288;Myanmar New Year;;Burmese Solar;41949
MM;Myanmar;46130;27195;Myanmar New Year Holidays;;Burmese Solar;45902
MM;Myanmar;46131;27195;Myanmar New Year Holidays;;Burmese Solar;45902
MM;Myanmar;46142;18290;Full Moon Day of Kasone;;Burmese Lunar;45234
MM;Myanmar;46143;18289;Labour Day;;;38230
MM;Myanmar;46144;36390;Labour Day Holiday;;2026 Only;45902
MM;Myanmar;46145;36390;Labour Day Holiday;;2026 Only;45902
MM;Myanmar;46169;31387;Eid ul Adha (date to be confirmed);;Muslim;45812
MM;Myanmar;46222;18292;Martyrs' Day;;;38558
MM;Myanmar;46232;20196;Full Moon Day of Waso (Buddhist Lent Begins);;Burmese Lunar;44523
MM;Myanmar;46319;33378;Thadingyut Holidays;;Burmese Lunar;45902
MM;Myanmar;46320;33378;Thadingyut Holidays;;Burmese Lunar;45902
MM;Myanmar;46321;18293;Thadingyut Full Moon (Buddhist Lent Ends);;Burmese Lunar;44523
MM;Myanmar;46322;33379;Thadingyut Holidays;;Burmese Lunar;44523
MM;Myanmar;46334;31445;Deepavali (date to be confirmed);;Hindu Lunar;45945
MM;Myanmar;46347;33956;Tasaungmone Holiday;;Arbitrary;45902
MM;Myanmar;46348;33956;Tasaungmone Holiday;;Arbitrary;45902
MM;Myanmar;46349;33380;Tasaungmone Holiday;;Burmese Lunar;45649
MM;Myanmar;46350;18295;Full Moon Day of Tasaungmone;;Burmese Lunar;45234
MM;Myanmar;46360;18296;National Day;;Burmese Lunar;44523
MM;Myanmar;46361;36391;National Day Holiday;;2026 Only;45902
MM;Myanmar;46362;36391;National Day Holiday;;2026 Only;45902
MM;Myanmar;46381;18298;Christmas Day;;;38230
MM;Myanmar;46382;36180;Christmas Holiday;;2026 Only;46021
MM;Myanmar;46383;36180;Christmas Holiday;;2026 Only;46021
NA;Namibia;46023;18299;New Year's Day;;;39304
NA;Namibia;46102;18300;Independence Day;;;39304
NA;Namibia;46115;18301;Good Friday;;Easter;38230
NA;Namibia;46117;33016;Easter Sunday;;Easter;43212
NA;Namibia;46118;18303;Easter Monday;;Easter;38230
NA;Namibia;46143;18304;Workers' Day;;;39304
NA;Namibia;46146;18305;Cassinga Day;;;39304
NA;Namibia;46156;18306;Ascension Day;;Easter;38230
NA;Namibia;46167;18307;Africa Day;;;39304
NA;Namibia;46170;35998;Genocide Remembrance Day;;;45440
NA;Namibia;46260;18308;Heroes' Day;;;39304
NA;Namibia;46366;18310;International Human Rights Day / Namibian Women's Day;;;42564
NA;Namibia;46381;18311;Christmas Day;;;38230
NA;Namibia;46382;18312;Family Day;;;39304
NR;Nauru;46023;23241;New Year's Day;;;39851
NR;Nauru;46052;36543;Independence Day Holiday;;2026 Only;46053
NR;Nauru;46053;23242;Independence Day (Return from Truk Anniversary);;;43640
NR;Nauru;46054;28221;Independence Day Holiday;;;42021
NR;Nauru;46055;23242;Independence Day Holiday;;;43640
NR;Nauru;46056;28221;Independence Day Holiday;;;42021
NR;Nauru;46089;30984;International Women's Day;;;46053
NR;Nauru;46090;30984;International Women's Day Holiday;;;46053
NR;Nauru;46115;23243;Good Friday;;Easter;38580
NR;Nauru;46118;23245;Easter Monday;;Easter;38580
NR;Nauru;46119;23250;Easter Tuesday;;Easter;38580
NR;Nauru;46159;23246;Constitution Day;;;39851
NR;Nauru;46160;23246;Constitution Day Holiday;;;39851
NR;Nauru;46199;35856;Eigigu Day;;;46053
NR;Nauru;46202;36364;Remembrance Day;;;46053
NR;Nauru;46204;33453;RONPHOS Handover;;;46053
NR;Nauru;46228;36427;International Day for Judicial Well-Being;Government;;45969
NR;Nauru;46230;36427;International Day for Judicial Well-Being Holiday;Government;;45969
NR;Nauru;46253;34057;Ibumin Earoeni Day (Day of the Tribes);;;46053
NR;Nauru;46290;34245;Sir Hammer DeRoburt Day;;;46053
NR;Nauru;46321;23247;ANGAM Day (Day of Fulfillment);;;46053
NR;Nauru;46381;23248;Christmas Day;;;42021
NR;Nauru;46382;23249;Boxing Day;;;39851
NR;Nauru;46384;23249;Christmas Holiday;;;39851
NP;Nepal;46033;22262;Prithivi Jayanti (Unity Day);;Hindu Solar;45342
NP;Nepal;46037;33480;Maghi Parba / Maghe Sankranti;;Solar;45721
NP;Nepal;46041;33487;Sonam Lhosar (Tamang New Year);;Lunisolar;45721
NP;Nepal;46045;33126;Saraswoti Puja;Schools;Hindu Lunar;45721
NP;Nepal;46052;20329;Sahid Diwash (Martyrs' Day);;Solar;45721
NP;Nepal;46068;20456;Maaha Shivaratri;;Hindu Lunar;45776
NP;Nepal;46071;33486;Gyalpyo/Gyallo Loshar;;Hindu Lunar;45776
NP;Nepal;46072;20331;Rastraya Prajatantra Dibas (Democracy Day);;Solar;45721
NP;Nepal;46083;20452;Holi / Phagu Purnima / Basanta Utsav (56 districts of mountain and hilly regions);Regional;Hindu Lunar;45776
NP;Nepal;46084;28786;Holi / Phagu Purnima / Basanta Utsav (Terai and Inner Madhesh);Regional;Hindu Lunar;44303
NP;Nepal;46089;30965;Nari Dibas (International Women's Day);;;41745
NP;Nepal;46099;28289;Ghodejatra (Kathmandu Valley);Regional;Hindu Lunar;43541
NP;Nepal;46102;25825;Ramjan Edul Fikra (End of Ramadan);Muslim;Muslim (IndoPak);45392
NP;Nepal;46108;35021;Ram Navami;;Hindu Lunar;45342
NP;Nepal;46126;20333;Nepali New Year (Bisket Jatra);;Solar;45721
NP;Nepal;46143;20334;Buddha Jayanti (Bhudda Day);;Hindu Lunar;40843
NP;Nepal;46143;25046;International Workers Day (Majdoor Divas);;;39158
NP;Nepal;46143;34747;Ubhauli festival/Chandi Purnima (May Full Moon) (for Kirat, Rai, Yakhkha, Sunuwar, and Limbu employees);Other;Hindu Lunar;44303
NP;Nepal;46169;25433;Edul Aajaha / Bakar Eed (Feast of Sacrifice);Muslim;Muslim (IndoPak);45458
NP;Nepal;46171;30815;Ganatantra Diwas / Republic Day;;Solar;45721
NP;Nepal;46262;20337;Naag Panchami / Janaipurnima / Rakshya Bandhan;;Hindu Lunar;45776
NP;Nepal;46263;25430;Gai Jatra (Kathmandu Valley);Regional;Hindu Lunar;45522
NP;Nepal;46269;30966;Gaura Parba;Other;Hindu Lunar;45721
NP;Nepal;46269;24559;Shree Krishna Janmasthami;;Hindu Lunar;45776
NP;Nepal;46279;25052;Hari Taika (Teej) (only for women employees);Other;Hindu Lunar;43800
NP;Nepal;46284;31567;Constitution Day (National Day);;Solar;43541
NP;Nepal;46290;25045;Indra Jatra (Kathmandu Valley);Regional;Hindu Lunar;44303
NP;Nepal;46299;33478;Jitiya Parwa (only for women employees following Jitiya Parwa);Other;Hindu Lunar;45721
NP;Nepal;46306;22263;Ghatasthapana;;Hindu Lunar;45776
NP;Nepal;46312;25937;Dashain Festival (Phulpati/Fulpaati);;Hindu Lunar;41762
NP;Nepal;46314;30975;Dashain Festival (Maha Astami);;Hindu Lunar;41762
NP;Nepal;46315;30976;Dashain Festival (Maha Nawami);;Hindu Lunar;45342
NP;Nepal;46316;30977;Dashain Festival (Vijaya Dashami);;Hindu Lunar;45342
NP;Nepal;46317;25047;Dashain Festival (Pampakusha Ekadashi);;Hindu Lunar;45342
NP;Nepal;46318;35002;Dashain Festival (Dwadashi);;Hindu Lunar;45342
NP;Nepal;46334;35003;Yam Panchak / Tihar Festival (Laxmi Pooja);;Hindu Lunar;44631
NP;Nepal;46335;25048;Yam Panchak / Tihar Festival (Gai Tihar);;Hindu Lunar;44631
NP;Nepal;46336;30980;Yam Panchak / Tihar Festival (Goru Tihar / Gobardhan Pooja);;Hindu Lunar;44631
NP;Nepal;46337;32928;Phalgunanda Jayanti (only for Kiranti employees);Other/Government;Solar;44631
NP;Nepal;46337;30981;Yam Panchak / Tihar Festival (Bhai Tika);;Hindu Lunar;44631
NP;Nepal;46338;35008;Yam Panchak / Tihar Festival;;Hindu Lunar;44633
NP;Nepal;46341;33488;Chhat Parwa;;Hindu Lunar;45776
NP;Nepal;46350;31348;Guru Nanak Jayanti (only for Sikh employees);Sikh;Hindu Lunar;42833
NP;Nepal;46359;33479;International Disabilities Day (only for disabled employees);Other;;44633
NP;Nepal;46380;25432;Urdhyauli Parwa / Mangshir Dhanya Purnima / Yomari Punhi;;Hindu Lunar;45776
NP;Nepal;46381;34955;Christmas;;;45652
NP;Nepal;46386;25817;Tamu Lhosar;Other;;45342
NL;Netherlands;46023;22736;New Year's Day;;;38578
NL;Netherlands;46115;22737;Good Friday;Banks/Other;Easter;38900
NL;Netherlands;46117;22738;Easter;;Easter;38578
NL;Netherlands;46118;22739;Easter Monday;;Easter;38578
NL;Netherlands;46139;30714;King's Birthday;;;41304
NL;Netherlands;46147;22742;Liberation Day;Other/Government;;39827
NL;Netherlands;46156;22744;Ascension Day;;Easter;38578
NL;Netherlands;46166;22745;Whit Sunday (Pentecost);;Easter;38578
NL;Netherlands;46167;22746;Whit Monday;;Easter;38578
NL;Netherlands;46381;22747;Christmas Day;;;38578
NL;Netherlands;46382;22748;Second Day of Christmas;;;38578
NC;New Caledonia;46023;23103;New Year's Day;;;38579
NC;New Caledonia;46024;36512;Bank Holiday;Banks;2026 Only;46035
NC;New Caledonia;46025;36512;Bank Holiday;Banks;2026 Only;46035
NC;New Caledonia;46116;34957;Bank Holiday;Banks;Easter;45669
NC;New Caledonia;46118;23106;Easter Monday;;Easter;38579
NC;New Caledonia;46143;23107;Labour Day;;;38579
NC;New Caledonia;46144;36512;Bank Holiday;Banks;2026 Only;46035
NC;New Caledonia;46150;23108;Victory Day;Banks/Other/Government;;45669
NC;New Caledonia;46156;23109;Ascension Day;;Easter;38579
NC;New Caledonia;46157;30450;Bank Holiday;Banks;Easter;45290
NC;New Caledonia;46157;36512;Bank Holiday;Banks;2026 Only;46035
NC;New Caledonia;46167;23111;Whit Monday;;Easter;39477
NC;New Caledonia;46216;36512;Bank Holiday;Banks;2026 Only;46035
NC;New Caledonia;46217;23112;Fête Nationale (National Day);;;39289
NC;New Caledonia;46249;23113;Assumption Day;Banks/Other/Government;;45669
NC;New Caledonia;46289;30843;Fête de la Citoyenneté (New Caledonia Day);;;42001
NC;New Caledonia;46290;36512;Bank Holiday;Banks;2026 Only;46035
NC;New Caledonia;46327;23114;All Saints' Day;Banks/Other/Government;;45669
NC;New Caledonia;46336;36512;Bank Holiday;Banks;2026 Only;46035
NC;New Caledonia;46337;23115;Armistice Day;Banks/Other/Government;;45669
NC;New Caledonia;46381;23116;Christmas Day;;;38579
NC;New Caledonia;46382;36512;Bank Holiday;Banks;2026 Only;46035
NZ;New Zealand;46023;23521;New Year's Day;;;38582
NZ;New Zealand;46024;23522;Second Day of the New Year;;;38582
NZ;New Zealand;46041;25746;Wellington Provincial Anniversary Day (WGN);Regional;;44220
NZ;New Zealand;46048;25745;Auckland Provincial Anniversary Day (AUK);Regional;;44220
NZ;New Zealand;46055;30735;Nelson Provincial Anniversary Day (NSN);Regional;;44220
NZ;New Zealand;46059;18324;Waitangi Day (National Day);;;41381
NZ;New Zealand;46090;30736;Taranaki Provincial Anniversary Day (TKI);Regional;;44220
NZ;New Zealand;46104;30737;Otago Provincial Anniversary Day (OTA);Regional;;44220
NZ;New Zealand;46115;18325;Good Friday;;Easter;38230
NZ;New Zealand;46118;18326;Easter Monday;;Easter;38230
NZ;New Zealand;46119;30734;Southland Provincial Anniversary Day (STL);Regional;Easter;44220
NZ;New Zealand;46137;18327;ANZAC Day;;;41381
NZ;New Zealand;46139;18327;ANZAC Day Holiday;;;41381
NZ;New Zealand;46174;18328;King's Birthday;;;44815
NZ;New Zealand;46213;34675;Matariki (Maori New Year);;Arbitrary;44379
NZ;New Zealand;46293;30738;Canterbury South Provincial Anniversary Day (CAN*);Regional;;44824
NZ;New Zealand;46318;30739;Hawke's Bay Provincial Anniversary Day (HKB);Regional;;44597
NZ;New Zealand;46321;18329;Labour Day;;;38936
NZ;New Zealand;46328;30740;Marlborough Provincial Anniversary Day (MBH);Regional;;44220
NZ;New Zealand;46339;25747;Canterbury Provincial Anniversary Day (CAN);Regional;;44380
NZ;New Zealand;46356;30741;Chatham Islands Provincial Anniversary Day (CIT);Regional;;44220
NZ;New Zealand;46356;30742;Westland Provincial Anniversary Day (WTC);Regional;;44220
NZ;New Zealand;46381;20811;Christmas Day;;;38230
NZ;New Zealand;46382;18331;Boxing Day;;;38910
NZ;New Zealand;46384;24492;Christmas Holiday;;;38910
NI;Nicaragua;46023;21260;New Year's Day;;;38230
NI;Nicaragua;46024;28245;Public Sector Holiday;Government;;45954
NI;Nicaragua;46025;28245;Public Sector Holiday;Government;;45954
NI;Nicaragua;46026;28245;Public Sector Holiday;Government;;45954
NI;Nicaragua;46027;28245;Public Sector Holiday;Government;;45954
NI;Nicaragua;46055;36534;Día Nacional de la Reconciliación y la Paz;;;46042
NI;Nicaragua;46074;36535;Conmemoración del General Augusto C. Sandino;;;46041
NI;Nicaragua;46111;25957;Public Sector Holiday (Semana Santa);Government;Easter;39879
NI;Nicaragua;46112;25957;Public Sector Holiday (Semana Santa);Government;Easter;39879
NI;Nicaragua;46113;25957;Public Sector Holiday (Semana Santa);Government;Easter;39879
NI;Nicaragua;46114;21261;Maundy Thursday;;Easter;38230
NI;Nicaragua;46115;21262;Good Friday;;Easter;38230
NI;Nicaragua;46116;21263;Holy Saturday;Government;Easter;40287
NI;Nicaragua;46117;21264;Easter;Government;Easter;40287
NI;Nicaragua;46143;21265;Labor Day;;;38230
NI;Nicaragua;46172;22687;Mothers' Day (Día de las Madres);;;44693
NI;Nicaragua;46222;21266;Sandinista Revolution Anniversary;;;38230
NI;Nicaragua;46223;30242;Sandinista Revolution Holiday;;;44029
NI;Nicaragua;46235;21267;Treida de Santo Domingo de Guzmán (Managua);Municipal;;39463
NI;Nicaragua;46244;22688;Dejada de Santo Domingo de Guzmán (Managua);Municipal;;39463
NI;Nicaragua;46277;34817;Public Sector Holiday (Fiestas Patrias);Government/Tentative;;45886
NI;Nicaragua;46278;34817;Public Sector Holiday (Fiestas Patrias);Government/Tentative;;45886
NI;Nicaragua;46279;21268;San Jacinto Day;;;38572
NI;Nicaragua;46280;21269;Independence Day (1821);;;38230
NI;Nicaragua;46281;34817;Public Sector Holiday (Fiestas Patrias);Government/Tentative;;45886
NI;Nicaragua;46282;34817;Public Sector Holiday (Fiestas Patrias);Government/Tentative;;45886
NI;Nicaragua;46283;34817;Public Sector Holiday (Fiestas Patrias);Government/Tentative;;45886
NI;Nicaragua;46284;34817;Public Sector Holiday (Fiestas Patrias);Government/Tentative;;45886
NI;Nicaragua;46285;34817;Public Sector Holiday (Fiestas Patrias);Government/Tentative;;45886
NI;Nicaragua;46328;29187;All Souls' Day;Government;;43034
NI;Nicaragua;46334;36536;Tránsito a la inmortalidad del comandante Carlos Fonseca Amador;;;46041
NI;Nicaragua;46335;36536;Tránsito a la inmortalidad del comandante Carlos Fonseca Amador Holiday;;;46041
NI;Nicaragua;46364;21272;Immaculate Conception (Fiesta de la Gritería);;;39463
NI;Nicaragua;46379;28245;Public Sector Holiday;Government;;45954
NI;Nicaragua;46380;28245;Public Sector Holiday;Government;;45954
NI;Nicaragua;46381;21271;Christmas Day;;;38230
NI;Nicaragua;46382;28245;Public Sector Holiday;Government;;45954
NI;Nicaragua;46383;28245;Public Sector Holiday;Government;;45954
NI;Nicaragua;46384;28245;Public Sector Holiday;Government;;45954
NI;Nicaragua;46385;28245;Public Sector Holiday;Government;;45954
NI;Nicaragua;46386;28245;Public Sector Holiday;Government;;45954
NI;Nicaragua;46387;28245;Public Sector Holiday;Government;;45954
NE;Niger;46023;22350;New Year's Day;;;38564
NE;Niger;46098;24628;Lailatou-Kadr (Quran Revelation);;Muslim;45387
NE;Niger;46101;22361;Korité (End of Ramadan);;Muslim;44685
NE;Niger;46118;22355;Easter Monday;;Easter;38564
NE;Niger;46136;22351;Concord Day;;;38564
NE;Niger;46143;22358;Labour Day;;;38564
NE;Niger;46169;22352;Tabaski (Feast of Sacrifice);;Muslim;42622
NE;Niger;46170;22352;Tabaski (Feast of Sacrifice);;Muslim;42622
NE;Niger;46189;24627;Muharam (Islamic New Year);;Muslim;44419
NE;Niger;46229;36054;Anniversary of the CNSP Coup;;;45497
NE;Niger;46237;22359;Fête Nationale;;;45074
NE;Niger;46259;22356;Mouloud (The Prophet's Birthday);;Muslim;45898
NE;Niger;46374;22360;Republic Day;;;38564
NE;Niger;46381;22362;Christmas Day;;;38564
NG;Nigeria;46023;18332;New Year's Day;;;44919
NG;Nigeria;46101;18333;Id el Fitri (End of Ramadan);;Muslim (LCRSS);45743
NG;Nigeria;46102;18333;Id el Fitri Holiday;;Muslim (LCRSS);45743
NG;Nigeria;46115;18335;Good Friday;;Easter;38230
NG;Nigeria;46118;18337;Easter Monday;;Easter;38230
NG;Nigeria;46143;18339;Labour Day;;;44565
NG;Nigeria;46169;18334;Eid-ul-Adha (Feast of Sacrifice);;Muslim (LCRSS);45811
NG;Nigeria;46170;18334;Eid-ul-Adha Holiday;;Muslim (LCRSS);45811
NG;Nigeria;46185;20408;Democracy Day;;;44565
NG;Nigeria;46259;18340;Eid-El-Maulud (The Prophet's Birthday);;Muslim (LCRSS);45903
NG;Nigeria;46296;18341;National Day;;;45199
NG;Nigeria;46381;18343;Christmas Day;;;44565
NG;Nigeria;46382;18344;Boxing Day;;;44565
NG;Nigeria;46384;18344;Boxing Day Holiday;Tentative;;44565
NU;Niue;46023;23269;New Year's Day;;;38582
NU;Niue;46024;23270;Takai Commission Holiday;;;38936
NU;Niue;46059;30414;Waitangi Day;;;40958
NU;Niue;46115;23272;Good Friday;;Easter;38580
NU;Niue;46118;23274;Easter Monday;;Easter;38580
NU;Niue;46137;23275;ANZAC Day;;;44274
NU;Niue;46174;23276;King's Birthday;;;44943
NU;Niue;46314;23277;Constitution Day;;;40958
NU;Niue;46315;23277;Constitution Day Holiday;;;40958
NU;Niue;46321;23283;Peniamina Gospel Day;;;40958
NU;Niue;46381;23279;Christmas Day;;;38580
NU;Niue;46382;23280;Boxing Day;;;38936
NU;Niue;46384;30690;Public Service Holiday;Government;;41291
NF;Norfolk Island;46023;23284;New Year's Day;;;46030
NF;Norfolk Island;46048;23285;Australia Day;;;39463
NF;Norfolk Island;46087;23286;Foundation Day;;;42734
NF;Norfolk Island;46115;23290;Good Friday;;Easter;38580
NF;Norfolk Island;46118;23293;Easter Monday;;Easter;38580
NF;Norfolk Island;46137;23295;ANZAC Day;;;40201
NF;Norfolk Island;46181;23297;Bounty Anniversary Day;;;42734
NF;Norfolk Island;46188;24606;King's Birthday;;;44943
NF;Norfolk Island;46307;24607;Norfolk Island Agricultural Show Day;;;39301
NF;Norfolk Island;46351;23306;Thanksgiving Day;;;38936
NF;Norfolk Island;46381;23303;Christmas Day;;;39301
NF;Norfolk Island;46382;23304;Boxing Day;;;42734
NF;Norfolk Island;46384;23304;Boxing Day Holiday;;;42734
CY-TR;North Cyprus;46023;30339;New Year's Day;;;40923
CY-TR;North Cyprus;46101;30346;Ramazan Bayram (End of Ramadan);;Muslim;41343
CY-TR;North Cyprus;46102;30346;End of Ramadan Holiday;;Muslim;41343
CY-TR;North Cyprus;46103;30346;End of Ramadan Holiday;;Muslim;41343
CY-TR;North Cyprus;46135;30340;Children's Day;;;40923
CY-TR;North Cyprus;46143;30341;Labour Day;;;40923
CY-TR;North Cyprus;46161;30343;Youth and Sports Day;;;40923
CY-TR;North Cyprus;46169;30354;Kurban Bayram (Feast of Sacrifice);;Muslim;41343
CY-TR;North Cyprus;46170;30354;Kurban Bayram Holiday;;Muslim;41343
CY-TR;North Cyprus;46171;30354;Kurban Bayram Holiday;;Muslim;41343
CY-TR;North Cyprus;46172;30354;Kurban Bayram Holiday;;Muslim;41343
CY-TR;North Cyprus;46223;30355;Peace and Freedom Day;;;40923
CY-TR;North Cyprus;46235;30356;Social Resistance Day (Establishment date of T.M.T);;;40923
CY-TR;North Cyprus;46259;30758;Mavlid Al Nabi (the Prophet's Birthday);;Muslim;42765
CY-TR;North Cyprus;46264;30345;Victory Day;;;40923
CY-TR;North Cyprus;46324;30349;Turkish Republic Day;;;40923
CY-TR;North Cyprus;46341;30357;Republic Day of TRNC;;;40923
KP;North Korea;46023;21154;Solar New Year's Day;;;38230
KP;North Korea;46061;31224;Korean People's Army Foundation Day;;;45301
KP;North Korea;46069;21155;Day of the Shining Star (Kim Jong Il's Birthday);;;45662
KP;North Korea;46070;25328;Seollal Holiday;;Korean Lunar;45332
KP;North Korea;46084;31118;Cheongwoldaeboreum (Korean Folk Festival);;Korean Lunar;43084
KP;North Korea;46089;30763;International Women's Day;;;45301
KP;North Korea;46117;30657;Chungmyung Day;;Korean Solar;45301
KP;North Korea;46127;21156;Day of the Sun (Kim Il Sung's Birthday);;;45662
KP;North Korea;46137;21157;Army Foundation Anniversary;;;45301
KP;North Korea;46143;21159;Labor Day;;;45301
KP;North Korea;46179;25329;Korean Children's Union Foundation Day;;;43084
KP;North Korea;46230;21158;Victory Day (1953);;;45301
KP;North Korea;46249;21160;Liberation Day (1945);;;38549
KP;North Korea;46259;30918;Day of Songun;;;41639
KP;North Korea;46274;21161;National Day (1948);;;39285
KP;North Korea;46290;25330;Han'gawi Holiday;;Korean Lunar;43084
KP;North Korea;46305;21162;KWP Foundation Day (1945);;;38918
KP;North Korea;46342;31119;Mothers' Day;;;45301
KP;North Korea;46383;21163;Constitution Day;;;45301
MP;Northern Mariana Islands;46023;23015;New Year's Day;;;38579
MP;Northern Mariana Islands;46041;24566;Martin Luther King Jr Day;;;38931
MP;Northern Mariana Islands;46069;23017;Presidents' Day;;;38579
MP;Northern Mariana Islands;46105;24567;Commonwealth Covenant Day;;;39296
MP;Northern Mariana Islands;46115;23027;Good Friday;;Easter;38579
MP;Northern Mariana Islands;46167;23018;Memorial Day;;;38579
MP;Northern Mariana Islands;46206;25470;Independence Day Holiday;Government;;43041
MP;Northern Mariana Islands;46207;23019;Independence Day;;;39296
MP;Northern Mariana Islands;46272;23020;Labor Day;;;38579
MP;Northern Mariana Islands;46307;23021;Commonwealth Cultural Day;;;39296
MP;Northern Mariana Islands;46330;23029;Citizenship Day;;;40486
MP;Northern Mariana Islands;46337;23022;Veterans Day;;;39296
MP;Northern Mariana Islands;46352;23023;Thanksgiving Day;;;38579
MP;Northern Mariana Islands;46364;23030;Constitution Day;;;39296
MP;Northern Mariana Islands;46381;23025;Christmas Day;;;39296
NO;Norway;46023;19201;New Year's Day;;;38230
NO;Norway;46114;19202;Maundy Thursday;;Easter;38230
NO;Norway;46115;19203;Good Friday;;Easter;38579
NO;Norway;46117;19204;Easter;;Easter;38230
NO;Norway;46118;19205;Easter Monday;;Easter;38230
NO;Norway;46143;19206;May Day;;;38535
NO;Norway;46156;19207;Ascension Day;;Easter;38567
NO;Norway;46159;19208;Constitution Day;;;38230
NO;Norway;46166;19209;Whit Sunday (Pentecost);;Easter;38538
NO;Norway;46167;19210;Whit Monday;;Easter;38230
NO;Norway;46380;20201;Bank Holiday;Banks;;42739
NO;Norway;46381;19211;Christmas Day;;;38230
NO;Norway;46382;19212;Second Day of Christmas;;;38535
OM;Oman;46037;35527;Accession Day;;;46020
OM;Oman;46040;18361;Al Israa Wal Miraj (The Prophet's Ascension);;Muslim;46020
OM;Oman;46099;34165;Eid al Fitr Holiday;;Muslim;45386
OM;Oman;46100;34166;Eid al Fitr Holiday;;Muslim;44676
OM;Oman;46101;34164;Eid al Fitr Holiday;;Muslim;44676
OM;Oman;46102;34164;Eid al Fitr Holiday;;Muslim;44676
OM;Oman;46103;34164;Eid al Fitr Holiday;;Muslim;44676
OM;Oman;46168;18357;Eid al Adha Holiday;;Muslim;45450
OM;Oman;46169;18357;Eid al Adha (Feast of Sacrifice);;Muslim;45450
OM;Oman;46170;18357;Eid al Adha Holiday;;Muslim;45450
OM;Oman;46171;18357;Eid al Adha Holiday;;Muslim;45450
OM;Oman;46191;18358;Islamic New Year;;Muslim;46020
OM;Oman;46261;18360;Milad Al Nabi (The Prophet's Birthday);;Muslim;46020
OM;Oman;46351;36444;National Day Holiday;;;46020
OM;Oman;46352;36445;National Day Holiday;;;46020
PK;Pakistan;46023;27226;New Year Bank Holiday;Banks;;44555
PK;Pakistan;46058;24555;Kashmir Solidarity Day;;;39699
PK;Pakistan;46071;20204;Start of Ramadan Bank Holiday;Banks;Muslim (IndoPak);46042
PK;Pakistan;46102;18365;Eidul Fitr (End of Ramadan);;Muslim (IndoPak);45735
PK;Pakistan;46103;18365;Eidul Fitr Holiday;;Muslim (IndoPak);45735
PK;Pakistan;46104;18365;Eidul Fitr Holiday;;Muslim (IndoPak);45735
PK;Pakistan;46104;18367;Pakistan Day;;;38230
PK;Pakistan;46143;18371;Labour Day;;;38926
PK;Pakistan;46169;18368;Eidul Azha (Feast of Sacrifice);;Muslim (IndoPak);42098
PK;Pakistan;46170;18368;Eidul Azha Holiday;;Muslim (IndoPak);42098
PK;Pakistan;46170;35996;Youm-e-Takbeer;;;45650
PK;Pakistan;46171;30864;Eidul Azha Holiday;;Arbitrary;46042
PK;Pakistan;46197;18370;Ashura Holiday (Yaum-e-Ashur);;Muslim (IndoPak);46042
PK;Pakistan;46198;18370;Ashura Holiday (Yaum-e-Ashur);;Muslim (IndoPak);46042
PK;Pakistan;46204;24556;July Bank Holiday;Banks;;42758
PK;Pakistan;46248;18373;Independence Day;;;38230
PK;Pakistan;46259;18372;The Prophet's Birthday (Eid Milad un Nabi);;Muslim (IndoPak);45894
PK;Pakistan;46335;18376;Allama Iqbal Day;;;44876
PK;Pakistan;46381;18377;Quaid-e-Azam's Birthday / Christmas Day;;;38926
PK;Pakistan;46382;24557;Second Day of Christmas (for Christians only);Christian;;42758
PW;Palau;46023;23049;New Year's Day;;;39302
PW;Palau;46096;23050;Youth Day;;;39302
PW;Palau;46097;23050;Youth Day Holiday;;;39302
PW;Palau;46147;23055;Senior Citizens' Day;;;39302
PW;Palau;46174;23051;President's Day;;;39302
PW;Palau;46212;23062;Constitution Day;;;39903
PW;Palau;46272;23057;Labor Day;;;38579
PW;Palau;46296;23056;Independence Day;;;39302
PW;Palau;46318;23058;United Nations' Day Holiday;;;40066
PW;Palau;46319;23058;United Nations' Day;;;40066
PW;Palau;46352;23061;Thanksgiving Day;;;38579
PW;Palau;46353;33680;Family Day;;;45596
PW;Palau;46381;23064;Christmas Day;;;39302
PA;Panama;46023;21292;New Year's Day (Año Nuevo);;;44941
PA;Panama;46031;21293;Martyrs' Day (Día de los Mártires);;;44941
PA;Panama;46069;25118;Carnaval (Shrove Monday);Banks;Easter;44607
PA;Panama;46070;21294;Carnaval (Mardi Gras);;Easter;44620
PA;Panama;46114;35836;Maundy Thursday (Jueves Santo);Banks/Afternoon;Easter;45365
PA;Panama;46115;21297;Good Friday (Viernes Santo);;Easter;44941
PA;Panama;46143;21300;Labor Day (Día del Trabajador);;;44941
PA;Panama;46249;21301;Panama La Vieja Day;Regional;;43686
PA;Panama;46329;21302;Independence Day (Separación de Panamá de Colombia);;;39191
PA;Panama;46330;21303;Flag Day (Día de los símbolos patrios);Banks/Government;;44941
PA;Panama;46331;21304;Colon Day (Conmemoración de la unión de Colón a la gesta);;;44941
PA;Panama;46336;21305;Los Santos Uprising Day (Grito de Independencia de La Villa de Los Santos);;;44941
PA;Panama;46354;21306;Independence Day (Independencia de Panamá de España);;;43041
PA;Panama;46364;22690;Mothers' Day (Día de las Madres);;;44941
PA;Panama;46376;35017;Day of National Mourning (Día de Duelo Nacional);;;44653
PA;Panama;46380;36336;Christmas Eve (Víspera de Navidad);Banks/Afternoon;;45808
PA;Panama;46381;21308;Christmas Day (Navidad);;;44941
PA;Panama;46387;36337;New Year's Eve (Fin de Año);Banks/Afternoon;;45808
PG;Papua New Guinea;46023;20205;New Year's Day;;;40578
PG;Papua New Guinea;46024;35508;Public Sector Holiday;Government;Arbitrary;45977
PG;Papua New Guinea;46079;34972;National Remembrance Day (In Memory of Late Grand Chief Michael T. Somare);;;44860
PG;Papua New Guinea;46115;20206;Good Friday;;Easter;38230
PG;Papua New Guinea;46116;20430;Easter Saturday;;Easter;45306
PG;Papua New Guinea;46117;30691;Easter Sunday;;Easter;41292
PG;Papua New Guinea;46118;20208;Easter Monday;;Easter;38230
PG;Papua New Guinea;46190;20209;King's Birthday;;;45095
PG;Papua New Guinea;46226;25528;National Remembrance Day;;;39509
PG;Papua New Guinea;46260;29995;National Day of Repentance;;;42972
PG;Papua New Guinea;46281;20211;Independence Day;;;45892
PG;Papua New Guinea;46381;20212;Christmas Day;;;39301
PG;Papua New Guinea;46382;20213;Boxing Day;;;38910
PY;Paraguay;46023;20766;New Year's Day;;;38230
PY;Paraguay;46082;20767;National Heroes' Day;;;45897
PY;Paraguay;46113;30472;Public Sector Holiday;Government;Easter;43930
PY;Paraguay;46114;20768;Maundy Thursday;;Easter;38230
PY;Paraguay;46115;20769;Good Friday;;Easter;38230
PY;Paraguay;46143;20771;Labor Day;;;45041
PY;Paraguay;46156;30300;Día de la Independencia Nacional;;;44694
PY;Paraguay;46157;20772;Día de la Madre;;;44688
PY;Paraguay;46185;20773;Chaco Armistice Day;;;45897
PY;Paraguay;46193;36375;Día de la Jurada de la Constitución Nacional;;;45897
PY;Paraguay;46249;20774;Asunción Foundation Day;;;42703
PY;Paraguay;46294;20775;Anniversary of the Battle of Boquerón (might be moved to Mon. Sep. 28 or Mon. Oct. 5);;;45897
PY;Paraguay;46364;20776;Virgin of Caacupé Day;;;38934
PY;Paraguay;46380;36447;Public Sector Holiday;Government/Tentative;;46014
PY;Paraguay;46381;20777;Christmas Day;;;38230
PY;Paraguay;46387;24591;Bank Holiday;Banks;;44551
PY;Paraguay;46387;36448;Public Sector Holiday;Government/Tentative;;46022
PE;Peru;46023;18378;New Year's Day;;;38230
PE;Peru;46024;36293;Día no laborable en el sector público;Government;2026 Only;45753
PE;Peru;46114;18379;Maundy Thursday;;Easter;40177
PE;Peru;46115;18380;Good Friday;;Easter;40177
PE;Peru;46143;18382;Labor Day;;;38230
PE;Peru;46180;35695;Battle of Arica / Flag Day (might move to Mon. Jun. 8);;;45936
PE;Peru;46197;33710;Fiesta del Inti Raymi;Regional;;43593
PE;Peru;46202;18383;Saints Peter and Paul's Day;;;40177
PE;Peru;46226;35723;Día de la Fuerza Aérea del Perú (might move to Mon. Jul. 27);;;45936
PE;Peru;46231;18384;Independence Day;;;44017
PE;Peru;46232;18384;Independence Day Holiday;;;44017
PE;Peru;46240;35402;Battle of Junín Day (might move to Mon. Aug. 10);;;45936
PE;Peru;46264;20393;Santa Rosa de Lima Day;;;40177
PE;Peru;46303;18386;Battle of Angamos Day;;;44105
PE;Peru;46327;18387;All Saints' Day (might move to Mon. Nov. 2);;;45936
PE;Peru;46364;18388;Immaculate Conception;;;40177
PE;Peru;46365;34960;Battle of Ayacucho;;;44565
PE;Peru;46381;18389;Christmas Day;;;38230
PH;Philippines;46023;18390;New Year's Day (Araw ng Bagong Taon);;;38230
PH;Philippines;46024;33403;Public Sector Holiday;Government;2026 Only;46010
PH;Philippines;46031;33029;Public Holiday (Procession of the Black Nazarene) (Manila);Municipal/Regional;;46028
PH;Philippines;46043;35890;Bangsamoro Foundation Day (BARMM);Regional;;45335
PH;Philippines;46070;29504;Chinese Lunar New Year;;Chinese Lunar;44825
PH;Philippines;46099;35891;Day of Shuhada (BARMM);Regional;;45335
PH;Philippines;46102;22231;Eid'l Fitr (End of Ramadan);;Muslim;45738
PH;Philippines;46114;18391;Maundy Thursday (Huwebes Santo);;Easter;38230
PH;Philippines;46115;18392;Good Friday (Biyernes Santo);;Easter;38230
PH;Philippines;46116;29700;Black Saturday;;Easter;42451
PH;Philippines;46121;18393;Araw ng Kagitingan (Day of Valor);;;40532
PH;Philippines;46143;25367;Labor Day (Araw ng Manggagawa);;;40017
PH;Philippines;46168;35886;Day of Arafah (BARMM);Regional;Muslim;45448
PH;Philippines;46169;26157;Eid'l Adha;;Muslim;45448
PH;Philippines;46170;35887;1st Day of Tashriq (BARMM);Regional;Muslim;45808
PH;Philippines;46185;18395;Independence Day;;;40532
PH;Philippines;46197;20215;Manila Day (Araw ng Maynila);Regional;;38230
PH;Philippines;46255;22228;Ninoy Aquino Day;;;45520
PH;Philippines;46265;25363;National Heroes' Day (Araw ng mga Bayani);;;39496
PH;Philippines;46327;18397;All Saints' Day (Araw ng mga Namayapa);;;38230
PH;Philippines;46328;35501;Public Holiday (Barangay and Sangguniang Kabataan elections);Tentative;;45882
PH;Philippines;46356;18398;Bonifacio Day (Araw ni Bonifacio);;;44883
PH;Philippines;46364;33421;Feast of the Immaculate Concepcion of Mary;;;43329
PH;Philippines;46380;30471;Additional Public Holiday;;Arbitrary;45904
PH;Philippines;46381;29462;Christmas Day (Pasko);;;40532
PH;Philippines;46386;18400;Rizal Day (Araw ni Rizal);;;40532
PH;Philippines;46387;25369;New Year's Eve (Bisperas ng Bagong Taon);;;44799
PN;Pitcairn Islands;46023;23321;New Year's Day;;;38582
PN;Pitcairn Islands;46045;23333;Bounty Day;;;39271
PN;Pitcairn Islands;46115;23324;Good Friday;;Easter;38580
PN;Pitcairn Islands;46118;23326;Easter Monday;;Easter;38580
PN;Pitcairn Islands;46186;23328;King's Birthday;;;44943
PN;Pitcairn Islands;46381;23331;Christmas Day;;;38580
PN;Pitcairn Islands;46382;23332;Boxing Day;;;38898
PL;Poland;46023;19326;New Year's Day;;;38230
PL;Poland;46028;29146;Epiphany;;;40445
PL;Poland;46117;19327;Easter;;Easter;38230
PL;Poland;46118;19328;Easter Monday;;Easter;38230
PL;Poland;46143;19329;State Holiday (Swieto Panstwowe);;;39275
PL;Poland;46145;19330;Constitution Day;;;38230
PL;Poland;46166;22080;Whit Sunday (Pentecost);;Easter;38905
PL;Poland;46177;19331;Corpus Christi Day;;Easter;38230
PL;Poland;46249;19332;Assumption Day;;;38230
PL;Poland;46327;19333;All Saints' Day;;;38230
PL;Poland;46337;19334;Independence Day;;;38230
PL;Poland;46380;36161;Christmas Eve;;;45654
PL;Poland;46381;19335;Christmas Day;;;38230
PL;Poland;46382;19336;Second Day of Christmas;;;38230
PT;Portugal;46023;18402;New Year's Day;;;38230
PT;Portugal;46070;18403;Shrove Tuesday (Carnival) (optional but widespread);Ponto Facultativo;Easter;44234
PT;Portugal;46114;20216;Maundy Thursday;Banks/Government/Afternoon;Easter;40534
PT;Portugal;46115;18404;Good Friday (Sexta-feira Santa);;Easter;38230
PT;Portugal;46117;30838;Easter Sunday;;Easter;41493
PT;Portugal;46137;18405;Liberation Day (Dia do 25 de Abril);;;38230
PT;Portugal;46143;18406;Labour Day;;;38230
PT;Portugal;46177;18407;Corpus Christi (Corpo de Deus);;Easter;42378
PT;Portugal;46183;18408;National Day (Dia de Portugal e de Camões);;;38230
PT;Portugal;46186;20219;Saint Anthony's Day (Lisbon);Municipal;;39764
PT;Portugal;46249;18409;Assumption Day;;;38230
PT;Portugal;46300;18410;Republic Day;;;42378
PT;Portugal;46327;18411;All Saints' Day;;;42378
PT;Portugal;46357;18412;Independence Restoration Day;;;42378
PT;Portugal;46364;18413;Immaculate Conception Day;;;38230
PT;Portugal;46380;18414;Christmas Eve;Banks;;46011
PT;Portugal;46381;18415;Christmas Day (Natal);;;38230
PR;Puerto Rico;46023;21365;New Year's Day (Día de Año Nuevo);;;38230
PR;Puerto Rico;46028;21366;Epiphany (Día de Reyes);;;38577
PR;Puerto Rico;46041;21368;Martin Luther King Jr Day;Banks/Government;;39296
PR;Puerto Rico;46069;21369;Día de los Próceres Puertorriqueños;Banks/Government;;39296
PR;Puerto Rico;46083;33139;Día de la Ciudadanía Americana;Banks/Government;;42853
PR;Puerto Rico;46103;21370;Emancipation Day (Día de la Abolición de la Esclavitud);Banks/Government;;39296
PR;Puerto Rico;46104;28531;Emancipation Day Holiday;Government;;40140
PR;Puerto Rico;46115;21371;Good Friday (Viernes Santo);;Easter;45977
PR;Puerto Rico;46167;21374;Memorial Day (Día de la Conmemoración de los Muertos en la Guerra);Banks/Government;;45977
PR;Puerto Rico;46192;35433;Juneteenth National Independence Day;Banks/Government;;45977
PR;Puerto Rico;46207;21375;Independence Day (Día de la Independencia de los Estados Unidos);Banks/Government;;45977
PR;Puerto Rico;46228;21377;Constitution Day (Día de la Constitución de Puerto Rico);Banks/Government;;45977
PR;Puerto Rico;46230;21378;José Celso Barbosa's Birthday;Banks/Government;;44365
PR;Puerto Rico;46272;21379;Labor Day (y Día de Santiago Iglesias Pantín);Banks/Government;;40189
PR;Puerto Rico;46307;21380;Colombus Day (Día del Descubrimiento de América);Banks/Government;;42265
PR;Puerto Rico;46337;21381;Veterans Day (Día del Veterano);Banks/Government;;45977
PR;Puerto Rico;46345;21382;Puerto Rican Heritage Day (Día de la Puertorriqueñidad);Banks/Government;;45977
PR;Puerto Rico;46352;21383;Thanksgiving Day (Día de Acción de Gracias);;;45977
PR;Puerto Rico;46380;24561;Christmas Eve (Día de Noche Buena);Government/Afternoon;;44353
PR;Puerto Rico;46381;21384;Christmas Day (Día de Navidad);;;38230
QA;Qatar;46023;25309;New Year's Day;Banks;;42003
QA;Qatar;46063;30264;National Sports Day;;;45797
QA;Qatar;46082;28353;Bank Holiday;Banks;;39919
QA;Qatar;46098;27197;Eid al Fitr Holiday;Government;Muslim (Umm al-Qura);44680
QA;Qatar;46099;27197;Eid al Fitr Holiday;Government;Muslim (Umm al-Qura);44680
QA;Qatar;46100;27198;Eid al Fitr Holiday;Government;Muslim (Umm al-Qura);45389
QA;Qatar;46101;18416;Eid al Fitr (End of Ramadan);;Muslim (Umm al-Qura);40000
QA;Qatar;46102;18416;Eid al Fitr Holiday;;Muslim (Umm al-Qura);40000
QA;Qatar;46103;18416;Eid al Fitr Holiday;;Muslim (Umm al-Qura);40000
QA;Qatar;46104;28413;Eid al Fitr Holiday;Government;Muslim (Umm al-Qura);45743
QA;Qatar;46168;18417;Eid al Adha Holiday;;Muslim (Umm al-Qura);45455
QA;Qatar;46169;18417;Eid al Adha Holiday;;Muslim (Umm al-Qura);45455
QA;Qatar;46170;18417;Eid al Adha Holiday;;Muslim (Umm al-Qura);45455
QA;Qatar;46171;27304;Eid al Adha Holiday;Government;Muslim (Umm al-Qura);45811
QA;Qatar;46172;27304;Eid al Adha Holiday;Government;Muslim (Umm al-Qura);45811
QA;Qatar;46373;29445;National Day Holiday;Banks/Government/Tentative;;44546
QA;Qatar;46374;25088;National Day (Founder's Day);;;44546
RE;Réunion;46023;22641;New Year's Day;;;38572
RE;Réunion;46118;22644;Easter Monday;;Easter;38572
RE;Réunion;46143;22645;Labour Day;;;38572
RE;Réunion;46150;22646;Victory Day;;;38572
RE;Réunion;46156;22647;Ascension Day;;Easter;38572
RE;Réunion;46167;22649;Whit Monday;;Easter;39477
RE;Réunion;46217;22650;Fête Nationale (National Day);;;39289
RE;Réunion;46249;22651;Assumption Day;;;38572
RE;Réunion;46327;22652;All Saints' Day;;;38572
RE;Réunion;46337;22653;Armistice Day;;;38572
RE;Réunion;46376;22655;Abolition Day;;;38582
RE;Réunion;46381;22654;Christmas Day;;;38572
RO;Romania;46023;20221;New Year's Day (Anul nou);;;38541
RO;Romania;46024;20228;Second Day of the New Year;;;39443
RO;Romania;46028;35660;Baptism of the Lord;;;44976
RO;Romania;46029;35661;Council of the Holy Prophet John the Baptist;;;44976
RO;Romania;46046;31110;Union of the Romanian Principalities (Ziua Micii Uniri);;;42650
RO;Romania;46122;33450;Orthodox Good Friday (Vinerea Mare);;Orth. Easter;43374
RO;Romania;46124;20222;Orthodox Easter (Pastele);;Orth. Easter;39805
RO;Romania;46125;20223;Orthodox Easter Monday (Doua zi de Pasti);;Orth. Easter;38230
RO;Romania;46143;20224;Labour Day (Ziua muncii);;;38230
RO;Romania;46173;26728;Pentecost (Rusalii);;Orth. Easter;39805
RO;Romania;46174;32670;International Children's Day;;;42691
RO;Romania;46174;26728;Pentecost Monday (Doua zi de Rusalii);;Orth. Easter;39805
RO;Romania;46249;26727;Dormition of the Virgin Mary (Adormirea Maicii Domnului);;;39805
RO;Romania;46356;30523;Feast of Saint Andrew (Sfântul Andrei);;;41090
RO;Romania;46357;20225;National Day (Ziua unirii);;;39420
RO;Romania;46381;20226;Christmas Day (Craciunul);;;38230
RO;Romania;46382;20227;Second Day of Christmas;;;38230
RU;Russia;46023;23518;New Year's Day;;;42529
RU;Russia;46024;23546;New Year Holiday;;;42529
RU;Russia;46027;23546;New Year Holiday;;;42529
RU;Russia;46028;23546;New Year Holiday;;;42529
RU;Russia;46029;18423;Orthodox Christmas Day;;Orthodox;44736
RU;Russia;46030;25286;New Year Holiday;;;42529
RU;Russia;46031;34229;New Year Holiday;;2026 Only;45840
RU;Russia;46032;34229;New Year Holiday;;2026 Only;45840
RU;Russia;46033;34229;New Year Holiday;;2026 Only;45840
RU;Russia;46074;28518;Motherland Defenders' Day Holiday;;2026 Only;45840
RU;Russia;46075;28518;Motherland Defenders' Day Holiday;;2026 Only;45840
RU;Russia;46076;20230;Motherland Defenders' Day;;;45498
RU;Russia;46088;33776;Women's Day Holiday;;2026 Only;45842
RU;Russia;46089;18426;Women's Day;;;45498
RU;Russia;46090;18426;Women's Day Holiday;;;45498
RU;Russia;46143;18430;Labor Day;;;39276
RU;Russia;46144;30601;Labor Day Holiday;;2026 Only;45840
RU;Russia;46145;30601;Labor Day Holiday;;2026 Only;45840
RU;Russia;46151;18432;Victory Day;;;39276
RU;Russia;46152;30447;Victory Day Holiday;;2026 Only;45840
RU;Russia;46153;18432;Victory Day Holiday;;;39276
RU;Russia;46185;18433;Russia Day;;;39276
RU;Russia;46186;33777;Russia Day Holiday;;Arbitrary;45842
RU;Russia;46187;33777;Russia Day Holiday;;Arbitrary;45842
RU;Russia;46330;22129;Unity Day;;;39276
RU;Russia;46387;29971;New Year Holiday;;Arbitrary;45840
RW;Rwanda;46023;22521;New Year's Day;;;42268
RW;Rwanda;46024;31344;New Year Holiday;;;42268
RW;Rwanda;46054;25552;National Heroes' Day;;;42268
RW;Rwanda;46055;25552;National Heroes Holiday;;;42268
RW;Rwanda;46101;29562;Eid-el-Fitr (End of Ramadan);;Muslim;44681
RW;Rwanda;46115;22524;Good Friday;;Easter;38567
RW;Rwanda;46118;33708;Easter Monday;;Easter;43467
RW;Rwanda;46119;22523;Tutsi Genocide Memorial Day;;;39304
RW;Rwanda;46143;22526;Labour Day;;;42268
RW;Rwanda;46169;31346;Eid-al-Adha (Feast of Sacrifice);;Muslim;42268
RW;Rwanda;46204;22527;Independence Day;;;42268
RW;Rwanda;46207;22528;Liberation Day (Kwibohora);;;44258
RW;Rwanda;46209;22528;Liberation Day Holiday;;;44258
RW;Rwanda;46241;31345;Umuganura (Harvest Thanksgiving);;;42224
RW;Rwanda;46249;22529;Assumption Day;;;42268
RW;Rwanda;46251;22529;Assumption Day Holiday;;;42268
RW;Rwanda;46381;22531;Christmas Day;;;42268
RW;Rwanda;46382;22535;Boxing Day;;;42268
RW;Rwanda;46384;22535;Boxing Day Holiday;;;42268
BL;Saint Barthélemy;46023;25476;New Year's Day;;;39297
BL;Saint Barthélemy;46069;25477;Carnaval Monday;Other;Easter;39297
BL;Saint Barthélemy;46070;25478;Mardi Gras;Other;Easter;39297
BL;Saint Barthélemy;46071;25479;Ash Wednesday;Other;Easter;39297
BL;Saint Barthélemy;46092;25480;Mi-Carême (Mid-Lent);Other;Easter;39297
BL;Saint Barthélemy;46115;25481;Good Friday;Banks/Other;Easter;39297
BL;Saint Barthélemy;46118;25483;Easter Monday;;Easter;39297
BL;Saint Barthélemy;46143;25484;Labour Day;;;39297
BL;Saint Barthélemy;46150;25485;Victory Day;;;39297
BL;Saint Barthélemy;46156;25486;Ascension Day;;Easter;39297
BL;Saint Barthélemy;46167;25488;Whit Monday;;Easter;39477
BL;Saint Barthélemy;46217;25490;Fête Nationale (National Day);;;39297
BL;Saint Barthélemy;46249;25491;Assumption Day;;;39297
BL;Saint Barthélemy;46304;30485;Abolition Day;;;41027
BL;Saint Barthélemy;46327;25492;All Saints' Day;;;39297
BL;Saint Barthélemy;46337;25493;Armistice Day;;;39297
BL;Saint Barthélemy;46381;25494;Christmas Day;;;39297
SH;Saint Helena;46023;22490;New Year's Day;;;39271
SH;Saint Helena;46115;22491;Good Friday;;Easter;38567
SH;Saint Helena;46118;22493;Easter Monday;;Easter;38567
SH;Saint Helena;46156;26067;Ascension Day (Ascension Island/Tristan da Cunha);Regional;Easter;39627
SH;Saint Helena;46163;24453;Saint Helena Day;;;40668
SH;Saint Helena;46167;22497;Whit Monday;;Easter;38567
SH;Saint Helena;46248;26068;Anniversary Day (Tristan da Cunha);Regional;;39627
SH;Saint Helena;46265;24454;August Bank Holiday (except Tristan da Cunha);;;38898
SH;Saint Helena;46339;22498;His Majesty King Charles III Birthday;;;45620
SH;Saint Helena;46381;22502;Christmas Day;;;44079
SH;Saint Helena;46382;22500;Boxing Day;;;44066
SH;Saint Helena;46384;22500;Boxing Day Holiday;;;44066
KN;Saint Kitts and Nevis;46023;22895;New Year's Day (Grand Parade of Troupes);;;39270
KN;Saint Kitts and Nevis;46024;22906;Carnival Day (Last Lap);;;39270
KN;Saint Kitts and Nevis;46115;22896;Good Friday;;Easter;38578
KN;Saint Kitts and Nevis;46118;22898;Easter Monday;;Easter;38578
KN;Saint Kitts and Nevis;46146;22899;Labour Day;;;39627
KN;Saint Kitts and Nevis;46167;22901;Whit Monday;;Easter;38578
KN;Saint Kitts and Nevis;46237;22904;August Monday / Culturama ;;;39627
KN;Saint Kitts and Nevis;46238;22903;August Tuesday / Culturama ;;;39270
KN;Saint Kitts and Nevis;46281;24599;National Heroes' Day;;;46052
KN;Saint Kitts and Nevis;46284;22905;Independence Day;;;46052
KN;Saint Kitts and Nevis;46381;22908;Christmas Day;;;44405
KN;Saint Kitts and Nevis;46382;22909;Boxing Day/J'Ouvert;;;44405
LC;Saint Lucia;46023;22758;New Year's Day;;;42703
LC;Saint Lucia;46024;22759;New Year Holiday;;;44177
LC;Saint Lucia;46075;22766;Independence Day;;;44177
LC;Saint Lucia;46076;22766;Independence Day Holiday;;;44177
LC;Saint Lucia;46115;22760;Good Friday;;Easter;38578
LC;Saint Lucia;46118;22762;Easter Monday;;Easter;38578
LC;Saint Lucia;46143;22765;Labour Day;;;44177
LC;Saint Lucia;46167;22764;Whit Monday;;Easter;38578
LC;Saint Lucia;46177;22772;Corpus Christi Day;;Easter;38578
LC;Saint Lucia;46235;22767;Emancipation Day;;;44177
LC;Saint Lucia;46300;22768;Thanksgiving Day;;;38578
LC;Saint Lucia;46369;22769;National Day;;;44177
LC;Saint Lucia;46370;22769;National Day Holiday;;;44177
LC;Saint Lucia;46381;22770;Christmas Day;;;42322
LC;Saint Lucia;46382;22771;Christmas Holiday;;;44177
MF;Saint Martin;46023;25496;New Year's Day;;;39297
MF;Saint Martin;46069;25497;Carnaval Monday;Other;Easter;39297
MF;Saint Martin;46070;25498;Mardi Gras;Other;Easter;39297
MF;Saint Martin;46071;25499;Ash Wednesday;Other;Easter;39297
MF;Saint Martin;46092;25500;Mi-Carême (Mid-Lent);Other;Easter;39297
MF;Saint Martin;46115;25501;Good Friday;Banks/Other;Easter;39297
MF;Saint Martin;46118;25503;Easter Monday;;Easter;39297
MF;Saint Martin;46143;25504;Labour Day;;;39297
MF;Saint Martin;46150;25505;Victory Day;;;39297
MF;Saint Martin;46156;25506;Ascension Day;;Easter;39297
MF;Saint Martin;46167;25508;Whit Monday;;Easter;39477
MF;Saint Martin;46170;30486;Abolition Day;;;43246
MF;Saint Martin;46217;25510;Fête Nationale (National Day);;;39297
MF;Saint Martin;46249;25511;Assumption Day;;;39297
MF;Saint Martin;46327;25512;All Saints' Day;;;39297
MF;Saint Martin;46337;25513;Armistice Day;;;39297
MF;Saint Martin;46381;25514;Christmas Day;;;39297
PM;Saint Pierre et Miquelon;46023;21531;New Year's Day;;;38350
PM;Saint Pierre et Miquelon;46118;21534;Easter Monday;;Easter;38350
PM;Saint Pierre et Miquelon;46143;21535;Labour Day;;;38350
PM;Saint Pierre et Miquelon;46150;21536;Victory Day;;;38350
PM;Saint Pierre et Miquelon;46156;21537;Ascension Day;;Easter;38350
PM;Saint Pierre et Miquelon;46167;21539;Whit Monday;;Easter;39477
PM;Saint Pierre et Miquelon;46217;21540;Fête Nationale (National Day);;;39289
PM;Saint Pierre et Miquelon;46249;21541;Assumption Day;;;38350
PM;Saint Pierre et Miquelon;46327;21542;All Saints' Day;;;38350
PM;Saint Pierre et Miquelon;46337;21543;Armistice Day;;;38350
PM;Saint Pierre et Miquelon;46381;21544;Christmas Day;;;38350
VC;Saint Vincent and Grenadines;46023;22773;New Year's Day;;;39270
VC;Saint Vincent and Grenadines;46095;22785;National Heroes Day;;;39998
VC;Saint Vincent and Grenadines;46115;22776;Good Friday;;Easter;38578
VC;Saint Vincent and Grenadines;46118;22778;Easter Monday;;Easter;38578
VC;Saint Vincent and Grenadines;46143;22779;Labour Day / National Workers' Day;;;42024
VC;Saint Vincent and Grenadines;46163;35999;National Spiritual Baptist Day;;;45535
VC;Saint Vincent and Grenadines;46167;22781;Whit Monday;;Easter;38578
VC;Saint Vincent and Grenadines;46209;22782;Carnival Monday;;;45409
VC;Saint Vincent and Grenadines;46210;25212;Carnival Tuesday;;;45409
VC;Saint Vincent and Grenadines;46235;22783;Emancipation Day;;;42024
VC;Saint Vincent and Grenadines;46322;22775;Independence Day;;;39270
VC;Saint Vincent and Grenadines;46381;22786;Christmas Day;;;39270
VC;Saint Vincent and Grenadines;46382;22787;Boxing Day;;;38578
WS;Samoa;46023;23139;New Year's Day;;;43799
WS;Samoa;46024;23140;New Year Holiday;;;43799
WS;Samoa;46027;36466;Public Sector Holiday;Government;2026 Only;45989
WS;Samoa;46028;36466;Public Sector Holiday;Government;2026 Only;45989
WS;Samoa;46029;36466;Public Sector Holiday;Government;2026 Only;45989
WS;Samoa;46030;36466;Public Sector Holiday;Government;2026 Only;45989
WS;Samoa;46031;36466;Public Sector Holiday;Government;2026 Only;45989
WS;Samoa;46115;23142;Good Friday;;Easter;38580
WS;Samoa;46116;25946;Holy Saturday;;Easter;39517
WS;Samoa;46118;23144;Easter Monday;;Easter;38580
WS;Samoa;46153;23146;Mothers' Day Public Holiday;;;39301
WS;Samoa;46174;23151;Independence Day (National Day);;;45158
WS;Samoa;46244;23147;Fathers' Day Public Holiday;;;39992
WS;Samoa;46307;23152;Day after White Sunday (Lotu-a-Tamaiti);;;39509
WS;Samoa;46381;23149;Christmas Day;;;43799
WS;Samoa;46382;23150;Boxing Day;;;43799
SM;San Marino;46023;20953;New Year's Day;;;38230
SM;San Marino;46028;20954;Epiphany;;;38230
SM;San Marino;46058;20955;Liberation Day / Saint Agatha's Day;;;38230
SM;San Marino;46106;20959;Anniversary of the Arengo;;;38539
SM;San Marino;46113;20960;Investiture of the Captains Regent (Heads of State);;;38230
SM;San Marino;46117;20957;Easter;;Easter;38230
SM;San Marino;46118;20958;Easter Monday;;Easter;38230
SM;San Marino;46143;20962;Labour Day;;;38230
SM;San Marino;46177;20963;Corpus Domini (Corpus Christi);;Easter;38578
SM;San Marino;46231;20964;Anniversary of the Fall of Fascism;;;38230
SM;San Marino;46249;20965;Assumption of the Virgin Day;;;38230
SM;San Marino;46268;20966;San Marino National Day / Republic Day;;;38230
SM;San Marino;46296;20961;Investiture of the Captains Regent (Heads of State);;;38230
SM;San Marino;46327;20967;All Saints' Day;;;38230
SM;San Marino;46328;20968;All Souls' Day (Commemoration of the Dead);;;38230
SM;San Marino;46364;20969;Immaculate Conception Day;;;38230
SM;San Marino;46380;20970;Christmas Eve;Banks;;44906
SM;San Marino;46381;20971;Christmas Day;;;38230
SM;San Marino;46382;20972;Saint Stephen's Day;;;38230
SM;San Marino;46387;20973;New Year's Eve;Banks;;44906
ST;Sao Tome and Principe;46023;22475;New Year's Day;;;38567
ST;Sao Tome and Principe;46056;22476;Martyrs' Day;;;38567
ST;Sao Tome and Principe;46115;22480;Good Friday;Other/Christian;Easter;38567
ST;Sao Tome and Principe;46143;22482;Labour Day;;;38567
ST;Sao Tome and Principe;46215;22484;Independence Day (1975);;;38567
ST;Sao Tome and Principe;46271;22485;Armed Forces Day;;;38567
ST;Sao Tome and Principe;46295;22489;Agricultural Reform Day;;;38567
ST;Sao Tome and Principe;46377;22486;Sao Tomé Day (Dia de São Tomé e Príncipe);;;39303
ST;Sao Tome and Principe;46381;22488;Christmas Day;;;38567
SA;Saudi Arabia;46075;34976;Founding Day;;;44589
SA;Saudi Arabia;46098;35904;Eid al Fitr Bank Holiday;Banks;2026 Only;45918
SA;Saudi Arabia;46099;35904;Eid al Fitr Bank Holiday;Banks;2026 Only;45918
SA;Saudi Arabia;46100;26624;Eid al Fitr Holiday;;Muslim (Umm al-Qura);45375
SA;Saudi Arabia;46101;20232;Eid al Fitr (End of Ramadan);;Muslim (Umm al-Qura);39628
SA;Saudi Arabia;46102;20232;Eid al Fitr Holiday;;Muslim (Umm al-Qura);39628
SA;Saudi Arabia;46103;20232;Eid al Fitr Holiday;;Muslim (Umm al-Qura);39628
SA;Saudi Arabia;46104;26081;Eid al Fitr Holiday;Banks/Government;Muslim (Umm al-Qura);45713
SA;Saudi Arabia;46166;33553;Eid al Adha Bank Holiday;Banks;2026 Only;45918
SA;Saudi Arabia;46167;33553;Eid al Adha Bank Holiday;Banks;2026 Only;45918
SA;Saudi Arabia;46168;20231;Eid al Adha Holiday (Arafat Day);;Muslim (Umm al-Qura);42262
SA;Saudi Arabia;46169;20231;Eid al Adha (Feast of Sacrifice);;Muslim (Umm al-Qura);42262
SA;Saudi Arabia;46170;20231;Eid al Adha Holiday;;Muslim (Umm al-Qura);42262
SA;Saudi Arabia;46171;20231;Eid al Adha Holiday;;Muslim (Umm al-Qura);42262
SA;Saudi Arabia;46172;26083;Eid al Adha Holiday;Banks/Government;Muslim (Umm al-Qura);45713
SA;Saudi Arabia;46288;20233;National Day (Al-Yaom Al-Watany);;;40442
SA;Saudi Arabia;46289;31353;National Day Holiday;Government/Tentative;;45918
SN;Sénégal;46023;22363;New Year's Day;;;38565
SN;Sénégal;46041;34980;Public Holiday (CAN Championship Victory);;2026 Only;46041
SN;Sénégal;46101;22376;Korité (End of Ramadan);;Muslim;45747
SN;Sénégal;46116;22373;Independence Day;;;39302
SN;Sénégal;46118;22367;Easter Monday;;Easter;38565
SN;Sénégal;46143;22368;Labour Day;;;38565
SN;Sénégal;46156;22370;Ascension Day;;Easter;38565
SN;Sénégal;46167;22372;Whit Monday;;Easter;38565
SN;Sénégal;46169;22364;Tabaski (Feast of Sacrifice);;Muslim;45807
SN;Sénégal;46198;24622;Tamkharit (Ashura);;Muslim;44777
SN;Sénégal;46235;24715;Grand Magal de Touba;;Muslim;45865
SN;Sénégal;46249;22374;Assumption Day;;;38565
SN;Sénégal;46259;22369;The Prophet's Birthday (Maouloud/Gamou);;Muslim;45899
SN;Sénégal;46327;22375;All Saints' Day;;;38565
SN;Sénégal;46381;22379;Christmas Day;;;38565
RS;Serbia;46023;20824;New Year's Day;;;40178
RS;Serbia;46024;25290;New Year Holiday;;;40178
RS;Serbia;46029;20829;Orthodox Christmas Day (Bozic);;Orthodox;40178
RS;Serbia;46068;20825;National Day (Sretenje);;;39862
RS;Serbia;46069;20825;National Day Holiday;;;39862
RS;Serbia;46070;30269;National Day Holiday;;;40888
RS;Serbia;46122;20826;Great Friday (Orthodox Good Friday);;Orth. Easter;38230
RS;Serbia;46123;34886;Orthodox Easter Saturday;;Orth. Easter;44514
RS;Serbia;46124;34885;Orthodox Easter;;Orth. Easter;44514
RS;Serbia;46125;25902;Orthodox Easter Monday;;Orth. Easter;39490
RS;Serbia;46143;20831;May Day (Praznik rada);;;40178
RS;Serbia;46144;25291;May Day Holiday;;;44240
RS;Serbia;46337;30270;Armistice Day;;;40888
SC;Seychelles;46023;18436;New Year's Day;;;39308
SC;Seychelles;46024;22601;New Year Holiday;;;39308
SC;Seychelles;46054;36490;Abolition of Slavery Day;;;46017
SC;Seychelles;46055;36490;Abolition of Slavery Day Holiday;;;46017
SC;Seychelles;46115;18437;Good Friday;;Easter;38230
SC;Seychelles;46116;29507;Easter Saturday;;Easter;40685
SC;Seychelles;46118;33024;Easter Monday;;Easter;42736
SC;Seychelles;46143;18440;Labour Day;;;39304
SC;Seychelles;46177;18441;Fete Dieu (Corpus Christi);;Easter;38569
SC;Seychelles;46191;18443;Constitution Day;;;39304
SC;Seychelles;46202;18444;Independence Day / National Day;;;39304
SC;Seychelles;46249;18445;Assumption Day;;;39304
SC;Seychelles;46327;18446;All Saints Day;;;39304
SC;Seychelles;46328;18446;All Saints Holiday;;;39304
SC;Seychelles;46364;18447;Feast of the Immaculate Conception;;;39304
SC;Seychelles;46381;18448;Christmas Day;;;39304
SL;Sierra Leone;46023;22398;New Year's Day;;;40855
SL;Sierra Leone;46071;33780;Armed Forces Day;;;43879
SL;Sierra Leone;46089;29688;International Women's Day;;;40972
SL;Sierra Leone;46090;29688;International Women's Day Holiday;;;40972
SL;Sierra Leone;46101;22406;Eid-Ul-Fitr (End of Ramadan);;Muslim;44682
SL;Sierra Leone;46115;22409;Good Friday;;Easter;38565
SL;Sierra Leone;46118;22401;Easter Monday;;Easter;38565
SL;Sierra Leone;46139;22405;Independence Day;;;40855
SL;Sierra Leone;46143;35022;Labour Day;;;44661
SL;Sierra Leone;46169;22399;Eid-Ul-Adah / Donkaysaly (Feast of Sacrifice);;Muslim;45333
SL;Sierra Leone;46259;22402;The Prophet's Birthday (Milad An-Nabi);;Muslim;45549
SL;Sierra Leone;46381;22408;Christmas Day;;;44920
SL;Sierra Leone;46382;22407;Boxing Day;;;40855
SG;Singapore;46023;18449;New Year's Day;;;39286
SG;Singapore;46070;18451;Chinese New Year;;Chinese Lunar;39499
SG;Singapore;46071;25349;Chinese New Year Holiday;;Chinese Lunar;39316
SG;Singapore;46102;18450;Hari Raya Puasa (End of Ramadan);;Muslim (MUIS);45824
SG;Singapore;46115;18454;Good Friday;;Easter;38230
SG;Singapore;46143;18455;Labour Day;;;44491
SG;Singapore;46169;18453;Hari Raya Haji (Feast of Sacrifice);;Muslim (MUIS);45509
SG;Singapore;46173;18456;Vesak Day (Buddha Day);;Chinese Lunar;44769
SG;Singapore;46174;18456;Buddha Day Holiday;;Chinese Lunar;44769
SG;Singapore;46243;18457;National Day;;;39286
SG;Singapore;46244;18457;National Day Holiday;;;39286
SG;Singapore;46334;18458;Deepavali;;Hindu Lunar;42896
SG;Singapore;46335;18458;Deepavali Holiday;;Hindu Lunar;42896
SG;Singapore;46381;18459;Christmas Day;;;39316
SX;Sint Maarten;46023;29638;New Year's Day;;;40603
SX;Sint Maarten;46115;29641;Good Friday;;Easter;40603
SX;Sint Maarten;46117;29642;Easter Sunday;;Easter;40603
SX;Sint Maarten;46118;29643;Easter Monday;;Easter;40603
SX;Sint Maarten;46139;30869;King's Day;;;42727
SX;Sint Maarten;46142;29673;Carnival Day;;;44925
SX;Sint Maarten;46143;29645;Labour Day;;;42727
SX;Sint Maarten;46156;29646;Ascension Day;;Easter;40603
SX;Sint Maarten;46166;30871;Whit Sunday;;Easter;41575
SX;Sint Maarten;46204;29940;Emancipation Day;;;42727
SX;Sint Maarten;46307;31499;Constitution Day;;;42358
SX;Sint Maarten;46337;29653;St. Maarten Day;;;45970
SX;Sint Maarten;46381;29657;Christmas Day;;;40603
SX;Sint Maarten;46382;29658;Second Day of Christmas;;;40603
SK;Slovakia;46023;18460;Republic Day / New Year's Day;;;39275
SK;Slovakia;46028;18461;Catholic Epiphany;;;45927
SK;Slovakia;46115;18462;Good Friday;;Easter;38230
SK;Slovakia;46118;18463;Easter Monday;;Easter;38230
SK;Slovakia;46143;18464;May Day;;;38539
SK;Slovakia;46150;18465;Liberation of the Republic (might be canceled beginning in 2026);;;45910
SK;Slovakia;46208;18466;Saints Cyril and Methodius' Day;;;38905
SK;Slovakia;46263;18467;Slovak National Uprising Anniversary;;;38539
SK;Slovakia;46280;18469;Virgin Mary of the Seven Sorrows Day (might be canceled beginning in 2026);;;45927
SK;Slovakia;46327;18470;All Saints' Day;;;38230
SK;Slovakia;46380;18471;Christmas Eve;;;38230
SK;Slovakia;46381;18472;Christmas Day;;;38230
SK;Slovakia;46382;18473;Second Day of Christmas;;;38539
SI;Slovenia;46023;19302;New Year's Day;;;41031
SI;Slovenia;46024;30489;New Year Holiday;;;42718
SI;Slovenia;46061;19304;Preseren's Day (Day of Slovenian Culture);;;39275
SI;Slovenia;46117;31164;Easter;;Easter;42009
SI;Slovenia;46118;19306;Easter Monday;;Easter;38230
SI;Slovenia;46139;19307;Resistance Day;;;38230
SI;Slovenia;46143;19308;May Day;;;41031
SI;Slovenia;46144;30490;May Day Holiday;;;41031
SI;Slovenia;46166;31165;Whitsunday;;Easter;42009
SI;Slovenia;46198;19311;Day of Slovenian Sovereignty (National Day);;;38230
SI;Slovenia;46249;19312;Assumption Day;;;38230
SI;Slovenia;46326;20240;Reformation Day;;;38230
SI;Slovenia;46327;19313;All Saints Day;;;38905
SI;Slovenia;46381;19314;Christmas Day;;;38230
SI;Slovenia;46382;19315;Independence and Unity Day;;;38230
SB;Solomon Islands;46023;23068;New Year's Day;;;39301
SB;Solomon Islands;46078;35955;Choiseul Province Holiday;Regional;;45391
SB;Solomon Islands;46115;23070;Good Friday;;Easter;38579
SB;Solomon Islands;46116;23086;Holy Saturday;;Easter;38579
SB;Solomon Islands;46118;23072;Easter Monday;;Easter;38579
SB;Solomon Islands;46167;23075;Whit Monday;;Easter;45490
SB;Solomon Islands;46175;35957;Isabel Province Holiday;Regional;;45391
SB;Solomon Islands;46181;35961;Temotu Province Holiday;Regional;;45391
SB;Solomon Islands;46185;23076;King's Birthday Holiday;;;45817
SB;Solomon Islands;46202;35954;Central Province Holiday;Regional;;45391
SB;Solomon Islands;46210;23079;Independence Day (National Day);;;39301
SB;Solomon Islands;46223;35960;Rennell and Bellona Province Holiday;Regional;;45391
SB;Solomon Islands;46234;35956;Guadalcanal Province Holiday;Regional;;45391
SB;Solomon Islands;46237;35958;Makira Ulawa Province Holiday;Regional;;45391
SB;Solomon Islands;46248;35959;Malaita Province Holiday;Regional;;45391
SB;Solomon Islands;46363;35962;Western Province Holiday;Regional;;45391
SB;Solomon Islands;46381;23081;Christmas Day;;;38579
SB;Solomon Islands;46382;23083;National Day of Thanksgiving;;;42564
SO;Somalia;46023;21990;New Year's Day;;;46019
SO;Somalia;46038;28776;Miraaj Nabi / The Prophet's Ascension (Somaliland);Regional;Muslim;40230
SO;Somalia;46101;21997;Eid al Fitr (End of Ramadan);;Muslim;43620
SO;Somalia;46102;28405;Eid al Fitr Holiday (Somaliland);Regional;Muslim;43620
SO;Somalia;46143;21991;Labour Day;;;38459
SO;Somalia;46160;26042;Restoration of Somaliland Sovereignty Day (Somaliland);Regional;;39617
SO;Somalia;46161;26042;Somaliland Sovereignty Holiday (Somaliland);Regional;;39617
SO;Somalia;46169;21994;Eid al Adha (Feast of Sacrifice);;Muslim;38459
SO;Somalia;46170;28406;Eid al Adha Holiday (Somaliland);Regional;Muslim;42271
SO;Somalia;46190;25556;Islamic New Year (Somaliland);Regional;Muslim;41583
SO;Somalia;46199;21995;Ashura (except Somaliland);;Muslim;38568
SO;Somalia;46199;21992;Independence Day;;;38459
SO;Somalia;46204;21993;Republic Day (except Somaliland);;;38459
SO;Somalia;46260;21996;Mawlid Nabi (The Prophet's Birthday);;Muslim;45905
ZA;South Africa;46023;18474;New Year's Day;;;39304
ZA;South Africa;46102;18475;Human Rights Day;;;39304
ZA;South Africa;46115;18476;Good Friday;;Easter;38230
ZA;South Africa;46118;18477;Family Day / Easter Monday;;Easter;38230
ZA;South Africa;46139;18478;Freedom Day;;;39304
ZA;South Africa;46143;18479;Workers' Day;;;39304
ZA;South Africa;46189;18480;Youth Day;;;39304
ZA;South Africa;46243;18481;National Women’s Day;;;39304
ZA;South Africa;46244;18481;Public Holiday;;;39304
ZA;South Africa;46289;18482;Heritage Day;;;39304
ZA;South Africa;46372;18483;Day of Reconciliation;;;39304
ZA;South Africa;46381;18484;Christmas Day;;;39304
ZA;South Africa;46382;18485;Day of Goodwill;;;39304
KR;South Korea;46023;18486;New Year's Day;;;38230
KR;South Korea;46069;18487;Seol-nal Holiday;;Korean Lunar;43148
KR;South Korea;46070;18487;Seol-nal (Lunar New Year);;Korean Lunar;43148
KR;South Korea;46071;18487;Seol-nal Holiday;;Korean Lunar;43148
KR;South Korea;46082;18488;Sam Il Jul (Samil Day);;;38548
KR;South Korea;46083;34778;Samil Day Holiday;;;44377
KR;South Korea;46143;18490;Labor Day;Banks/Other;;45957
KR;South Korea;46147;18491;Orininal (Children's Day);;;38230
KR;South Korea;46166;18492;Sukka Tansin Il (Buddha Day);;Korean Lunar;38596
KR;South Korea;46167;35668;Buddha's Birthday Holiday;;Korean Lunar;45060
KR;South Korea;46176;30997;Public Holiday (Local Elections);Banks/Other/Government;;46025
KR;South Korea;46179;18493;Hyun Choong Il (Memorial Day);;;38230
KR;South Korea;46220;18494;Constitution Day;;;46051
KR;South Korea;46249;18495;Kwang Bok Jul (Independence Day);;;44377
KR;South Korea;46251;34783;Independence Day Holiday;;;44377
KR;South Korea;46289;18496;Chuseok (Harvest Moon Festival);;Korean Lunar;45916
KR;South Korea;46290;18496;Chuseok (Harvest Moon Festival);;Korean Lunar;45916
KR;South Korea;46291;18496;Chuseok (Harvest Moon Festival);;Korean Lunar;45916
KR;South Korea;46298;18497;Kae Chun Jul (Foundation Day);;;44377
KR;South Korea;46300;34784;Foundation Day Holiday;;;44377
KR;South Korea;46304;30634;Hangeul Day;;;44377
KR;South Korea;46381;18498;Christmas Day;;;44377
SS;South Sudan;46023;30728;New Year's Day;;;42476
SS;South Sudan;46101;30564;Eid-Al-Fitr (End of Ramadan);;Muslim;41140
SS;South Sudan;46102;31024;Eid-Al-Fitr Holiday (only for Muslims);Muslim;Muslim;42476
SS;South Sudan;46115;30720;Good Friday;;Easter;41312
SS;South Sudan;46116;30721;Holy Saturday;;Easter;41312
SS;South Sudan;46117;30722;Easter Sunday;;Easter;41312
SS;South Sudan;46118;30723;Easter Monday;;Easter;41312
SS;South Sudan;46143;30724;International Labour Day;;;42476
SS;South Sudan;46158;29576;SPLA Day;;;44372
SS;South Sudan;46169;30726;Eid-Al-Adha (Feast of Sacrifice);;Muslim;41312
SS;South Sudan;46170;31025;Eid-Al-Adha Holiday (only for Muslims);Muslim;Muslim;42476
SS;South Sudan;46212;29566;Independence Day;;;42476
SS;South Sudan;46233;29580;Martyrs' Day;;;42476
SS;South Sudan;46380;31026;Christmas Holiday;;;41848
SS;South Sudan;46381;31026;Christmas Day;;;41848
SS;South Sudan;46382;31026;Christmas Holiday;;;41848
ES;Spain;46023;18499;New Year's Day (Año Nuevo);;;43611
ES;Spain;46028;20269;Epiphany (Reyes Magos);;;45230
ES;Spain;46081;25645;Community Day (Día de Andalucía) (AN);Regional;;44723
ES;Spain;46083;25646;Lunes siguiente al Día de las Islas Baleares (IB);Regional;;45759
ES;Spain;46100;25215;Saint Joseph's Day (San José) (GA MC NC PV VC);Regional;;45832
ES;Spain;46101;34827;Fin de Ramadán (Eid Al Fitr) (CE);Regional;Muslim;45904
ES;Spain;46101;34834;Fin de Ramadán (Eid Al Fitr) (ML);Regional;Muslim;45939
ES;Spain;46114;18500;Maundy Thursday (Jueves Santo) (except CT VC);;Easter;44865
ES;Spain;46115;18501;Good Friday (Viernes Santo);;Easter;38230
ES;Spain;46118;20270;Easter Monday (Lunes de Pascua) (CM CT IB NC PV RI VC) ;Regional;Easter;45158
ES;Spain;46135;25647;Community Day (Día de Aragón) (AR);Regional;;44723
ES;Spain;46135;26140;Community Day (Día de Castilla y León) (CL);Regional;;44865
ES;Spain;46143;18503;Labour Day (Fiesta del Trabajo);;;43611
ES;Spain;46144;25133;Community Day (Fiesta de la Comunidad de Madrid) (MD);Regional;;44723
ES;Spain;46157;25663;San Isidro (Madrid City) (MD);Municipal;;44725
ES;Spain;46169;28446;Fiesta del Sacrificio (Eid Al Adha) (CE);Regional;Muslim;45897
ES;Spain;46169;30602;Fiesta del Sacrificio (Eid Al Adha) (ML);Regional;Muslim;45939
ES;Spain;46172;25649;Community Day (Día de Canarias) (CN);Regional;;44723
ES;Spain;46177;26686;Corpus Christi (CM);Regional;Easter;44725
ES;Spain;46182;35390;Community Day (Día de la Región de Murcia) (MC);Regional;;45096
ES;Spain;46182;25651;Community Day (Día de La Rioja) (RI);Regional;;44723
ES;Spain;46186;25652;San Antonio (CE);Regional;;45904
ES;Spain;46197;25655;San Juan (CT GA VC);Regional;;44865
ES;Spain;46228;35391;Community Day (Día Nacional de Galicia) (GA);Regional;;44723
ES;Spain;46228;25653;Santiago Apóstol (PV);Regional;;45840
ES;Spain;46231;25654;Día de las Instituciones (CB);Regional;;44723
ES;Spain;46239;25656;Nuestra Señora de África (CE);Regional;;44723
ES;Spain;46249;18504;Assumption (La Asunción);;;43611
ES;Spain;46267;31428;Community Day (Día de Ceuta) (CE);Regional;;45897
ES;Spain;46273;31251;Community Day (Día de Asturias) (AS);Regional;;44723
ES;Spain;46273;25659;Community Day (Día de Extremadura) (EX);Regional;;45095
ES;Spain;46273;26139;Virgen de la Victoria (ML);Regional;;44723
ES;Spain;46276;25217;Community Day (Fiesta Nacional de Cataluña) (CT);Regional;;44723
ES;Spain;46280;25660;Community Day (La Bien Aparecida) (CB);Regional;;44723
ES;Spain;46282;25661;Community Day (Día de Melilla) (ML);Regional;;44723
ES;Spain;46304;25662;Community Day (Día de la Comunidad Valenciana) (VC);Regional;;44723
ES;Spain;46307;18505;National Day (Fiesta Nacional de España);;;43611
ES;Spain;46327;18506;All Saints' Day (Todos los Santos) (not a public holiday in 2026);;;43611
ES;Spain;46328;26100;Lunes siguiente a Todos los Santos (AN AR AS CL CM CN EX MD NC);Regional;;45840
ES;Spain;46335;24713;La Almudena (Madrid City) (MD);Municipal;;44725
ES;Spain;46359;25664;Community Day (Día de Navarra) (NC);Regional;;44723
ES;Spain;46362;18507;Constitution Day (Día de la Constitución Española) (not a public holiday in 2026);;;43611
ES;Spain;46363;26101;Lunes siguiente al Día de la Constitución Española (AN AR AS CB CL EX MC MD ML RI);Regional;;45939
ES;Spain;46364;20271;Immaculate Conception (Inmaculada Concepción);;;43611
ES;Spain;46381;18508;Christmas (Navidad);;;43611
ES;Spain;46382;35392;Boxing Day (Segunda fiesta de Navidad) (IB);Regional;;45783
ES;Spain;46382;22076;Saint Stephen's Day (San Esteban) (CT);Regional;;44651
LK;Sri Lanka;46025;20264;Duruthu Full Moon Poya Day;;Lunisolar;45808
LK;Sri Lanka;46037;20244;Tamil Thai Pongal Day;;Solar;45808
LK;Sri Lanka;46054;20247;Navam Full Moon Poya Day;;Lunisolar;45130
LK;Sri Lanka;46057;20246;National Day (Independence Day);;;39293
LK;Sri Lanka;46068;20248;Mahasivarathri Day;;Hindu Lunar;42995
LK;Sri Lanka;46083;20242;Madin Full Moon Poya Day;;Lunisolar;45808
LK;Sri Lanka;46102;20265;Id-ul-Fitr (Ramazan Festival Day);;Muslim;45130
LK;Sri Lanka;46113;20252;Bak Full Moon Poya Day;;Lunisolar;42995
LK;Sri Lanka;46115;20249;Good Friday;;Easter;38230
LK;Sri Lanka;46125;20250;Sinhala & Tamil New Year's Eve;;Solar;45507
LK;Sri Lanka;46126;20251;Sinhala & Tamil New Year (Aluth Avurudda);;Solar;45507
LK;Sri Lanka;46143;20255;Adhi Vesak Full Moon Poya Day;;Lunisolar;46048
LK;Sri Lanka;46143;20253;May Day;;;44681
LK;Sri Lanka;46144;20255;Day following Vesak Full Moon Poya Day (might move to May 31);;Lunisolar;46048
LK;Sri Lanka;46170;20245;Id-Ul-Alha (Hadji Festival Day);;Muslim;45808
LK;Sri Lanka;46172;20277;Vesak Full Moon Poya Day;;Lunisolar;46048
LK;Sri Lanka;46202;20257;Poson Full Moon Poya Day;;Lunisolar;42995
LK;Sri Lanka;46232;20258;Esala Full Moon Poya Day;;Lunisolar;39053
LK;Sri Lanka;46260;20254;Milad-Un-Nabi (Holy Prophet's Birthday);;Muslim;45808
LK;Sri Lanka;46261;20259;Nikini Full Moon Poya Day;;Lunisolar;43283
LK;Sri Lanka;46291;20260;Binara Full Moon Poya Day;;Lunisolar;44864
LK;Sri Lanka;46320;20261;Vap Full Moon Poya Day;;Lunisolar;43626
LK;Sri Lanka;46334;20262;Deepavali Festival Day;;Hindu Lunar;42897
LK;Sri Lanka;46350;20263;Ill Full Moon Poya Day;;Lunisolar;44380
LK;Sri Lanka;46379;20266;Unduwap Full Moon Poya Day;;Lunisolar;41846
LK;Sri Lanka;46381;20267;Christmas Day;;;38230
SD;Sudan;46023;21207;Glorious Independence Day (National Day);;;38230
SD;Sudan;46029;34055;Eastern Christmas;;;43825
SD;Sudan;46101;21211;Ramadan Bairam / Eid al Fitr (End of Ramadan);;Muslim;43621
SD;Sudan;46102;21211;Ramadan Bairam / Eid al Fitr Holiday;;Muslim;43621
SD;Sudan;46103;21211;Ramadan Bairam / Eid al Fitr Holiday;;Muslim;43621
SD;Sudan;46104;21211;Ramadan Bairam / Eid al Fitr Holiday;;Muslim;43621
SD;Sudan;46117;30311;Easter Day for Western Communities;Christian;Easter;43825
SD;Sudan;46124;24618;Easter Day for Eastern Communities;Christian;Orth. Easter;43825
SD;Sudan;46168;21208;Corban Bairam Holiday;;Muslim;40911
SD;Sudan;46169;21208;Corban Bairam / Eid al Adha (Feast of Sacrifice);;Muslim;40911
SD;Sudan;46170;21208;Corban Bairam Holiday;;Muslim;40911
SD;Sudan;46171;21208;Corban Bairam Holiday;;Muslim;40911
SD;Sudan;46172;21208;Corban Bairam Holiday;;Muslim;40911
SD;Sudan;46189;31148;Islamic New Year;;Muslim;42006
SD;Sudan;46259;21210;The Prophet's Birthday (Moulid Al Nabi);;Muslim;42356
SD;Sudan;46381;21216;Western Christmas Day;;;43825
SR;Suriname;46023;20813;New Year's Day (Nieuwjaarsdag);;;38230
SR;Suriname;46070;31188;Chinese New Year;;Chinese Lunar;42031
SR;Suriname;46084;20814;Phagwah (Holi Phagwa);;Hindu Lunar;42811
SR;Suriname;46101;20820;Ied-Ul-Fitre (End of Ramadan);;Muslim;45011
SR;Suriname;46115;20815;Good Friday (Goede Vrijdag);;Easter;38230
SR;Suriname;46117;30677;Easter Sunday (1e Pasen);;Easter;41278
SR;Suriname;46118;20817;Easter Monday (2e Pasen);;Easter;38230
SR;Suriname;46143;20818;Labour Day (Dag van de arbeid);;;38575
SR;Suriname;46169;29498;Ied-Ul-Adha (Feast of Sacrifice);;Muslim;45099
SR;Suriname;46189;35036;Javanese New Year (Sasi Sura) (might be canceled);;Muslim;45832
SR;Suriname;46204;20819;Emancipation Day (Keti Koti/Dag der Vrijheden);;;43274
SR;Suriname;46243;25545;Indigenous People's Day (Dag der Inheemsen);;;39302
SR;Suriname;46305;29499;Maroons Day;;;40635
SR;Suriname;46334;29497;Divali;;Hindu Lunar;42897
SR;Suriname;46351;20821;Republic Day (Srefidensi/Onafhankelijkheidsdag);;;38230
SR;Suriname;46381;20822;Christmas Day (Kerstmis);;;38230
SR;Suriname;46382;20823;Second Day of Christmas;;;38575
SJ;Svalbard and Jan Mayen;46023;21605;New Year's Day;;;38350
SJ;Svalbard and Jan Mayen;46114;21606;Maundy Thursday;;Easter;38350
SJ;Svalbard and Jan Mayen;46115;21607;Good Friday;;Easter;38350
SJ;Svalbard and Jan Mayen;46117;21608;Easter;;Easter;38350
SJ;Svalbard and Jan Mayen;46118;21609;Easter Monday;;Easter;38350
SJ;Svalbard and Jan Mayen;46143;21610;May Day;;;38536
SJ;Svalbard and Jan Mayen;46156;21611;Ascension Day;;Easter;38350
SJ;Svalbard and Jan Mayen;46159;21612;Constitution Day;;;38350
SJ;Svalbard and Jan Mayen;46166;21613;Whit Sunday (Pentecost);;Easter;38350
SJ;Svalbard and Jan Mayen;46167;21614;Whit Monday;;Easter;38350
SJ;Svalbard and Jan Mayen;46380;21615;Christmas Eve;Other/Afternoon;;38895
SJ;Svalbard and Jan Mayen;46381;21616;Christmas Day;;;38350
SJ;Svalbard and Jan Mayen;46382;21617;Second Day of Christmas;;;38536
SJ;Svalbard and Jan Mayen;46387;21618;New Year's Eve;Other/Afternoon;;38536
SE;Sweden;46023;19337;New Year's Day (Nyårsdagen);;;38230
SE;Sweden;46028;19338;Epiphany (Trettondagen);;;38534
SE;Sweden;46115;19339;Good Friday (Långfredagen);;Easter;38230
SE;Sweden;46116;33349;Bank Holiday;Banks;Easter;43029
SE;Sweden;46117;19340;Easter (Påskdagen);;Easter;38230
SE;Sweden;46118;19341;Easter Monday (Annandag påsk);;Easter;38230
SE;Sweden;46143;19342;May Day (Första maj);;;38534
SE;Sweden;46156;19343;Ascension Day (Kristi himmelsfärdsdag);;Easter;38230
SE;Sweden;46165;33350;Bank Holiday;Banks;Easter;43029
SE;Sweden;46166;25591;Whit Sunday (Pingstdagen);;Easter;39342
SE;Sweden;46179;20287;National Day (Nationaldagen);;;38481
SE;Sweden;46192;20288;Bank Holiday;Banks;;42739
SE;Sweden;46193;19346;Midsummer's Day (Midsommardagen);;;38535
SE;Sweden;46326;19347;All Saints' Day (Allhelgonadagen);;;38230
SE;Sweden;46380;20290;Bank Holiday;Banks;;44720
SE;Sweden;46381;19348;Christmas Day (Juldagen);;;38230
SE;Sweden;46382;19349;Second Day of Christmas (Annandag jul);;;38230
SE;Sweden;46387;20291;Bank Holiday;Banks;;44720
CH;Switzerland;46023;18532;New Year's Day;;;38230
CH;Switzerland;46024;20293;Saint Berchtold's Day (AG* BE FR* GL* JU LU NW* OW* SG* SH* SO* TG VD VS* ZG* ZH);Regional;;45409
CH;Switzerland;46028;27199;Epiphany (SZ TI UR);Regional;;43008
CH;Switzerland;46082;27204;Republic Day (NE);Regional;;43008
CH;Switzerland;46100;22082;Saint Joseph's Day (NW SO SZ TI UR VS);Regional;;43008
CH;Switzerland;46114;33332;Näfelser Fahrtfest (GL);Regional;;43008
CH;Switzerland;46115;18533;Good Friday (AG AI AR BE BL BS FR GE GL GR JU LU NE NW OW SG SH SO SZ TG UR VD ZG ZH);Regional;Easter;43367
CH;Switzerland;46118;18534;Easter Monday (AG* AI AR BE BL BS FR* GE GL GR JU LU NW* OW* SG SH SO* SZ TG TI UR VD VS* ZG* ZH);Regional;Easter;45409
CH;Switzerland;46143;22083;Labour Day (BL BS JU NE SH SO* TG TI ZH);Regional;;45409
CH;Switzerland;46156;18535;Ascension Day (Auffahrt);;Easter;43008
CH;Switzerland;46167;18536;Whit Monday (AG* AI AR BE BL BS FR* GE GL GR JU LU NW* OW* SG SH SO* SZ TG TI UR VD VS* ZG* ZH);Regional;Easter;45409
CH;Switzerland;46177;22084;Corpus Christi (Fronleichnam) (AG* AI FR* JU LU NW OW SO SZ TI UR VS ZG);Regional;Easter;45409
CH;Switzerland;46196;33333;Jurassic Plebiscite Commemoration (JU);Regional;;43010
CH;Switzerland;46202;27203;St. Peter and St. Paul (TI);Regional;;43008
CH;Switzerland;46235;18537;National Day;;;45500
CH;Switzerland;46249;20295;Assumption (AG* AI FR* JU LU NW OW SO SZ TI UR VS ZG);Regional;;45409
CH;Switzerland;46275;27196;Jeûne Genevois (GE);Regional;;43008
CH;Switzerland;46286;27200;Day after the Federal Fast (VD);Regional;;43008
CH;Switzerland;46290;33331;Bruderklausenfest (OW);Regional;;43008
CH;Switzerland;46327;20296;All Saints' Day (AG* AI FR* GL JU LU NW OW SG SO SZ TI VS ZG);Regional;;45409
CH;Switzerland;46364;20297;Immaculate Conception (AG* AI FR* LU NW OW SZ TI UR VS ZG);Regional;;45409
CH;Switzerland;46381;18538;Christmas Day;;;38230
CH;Switzerland;46382;27202;Saint Stephen's Day (AG* BE BL BS FR* GL GR LU NW* OW* SG SH SO* SZ TG TI VS* ZG* ZH);Regional;;45409
CH;Switzerland;46387;27201;Restoration Day (GE);Regional;;43008
SY;Syria;46023;20301;New Year's Day;;;38230
SY;Syria;46099;36417;Syrian Revolution Day;;;45935
SY;Syria;46101;36419;Eid al Fitr (End of Ramadan);;Muslim;45936
SY;Syria;46102;36419;Eid al Fitr Holiday;;Muslim;45936
SY;Syria;46102;20303;Mothers' Day / Newroz;;;46039
SY;Syria;46103;36419;Eid al Fitr Holiday;;Muslim;45936
SY;Syria;46117;22217;Easter (Gregorian/Western);;Easter;38912
SY;Syria;46124;20304;Easter (Julian/Orthodox);;Orth. Easter;38912
SY;Syria;46129;20305;Independence Day;;;39280
SY;Syria;46143;20306;Labour Day;;;38230
SY;Syria;46169;36418;Eid al Adha (Feast of Sacrifice);;Muslim;45936
SY;Syria;46170;36418;Eid al Adha Holiday;;Muslim;45936
SY;Syria;46171;36418;Eid al Adha Holiday;;Muslim;45936
SY;Syria;46172;36418;Eid al Adha Holiday;;Muslim;45936
SY;Syria;46189;20312;Islamic New Year;;Muslim;40192
SY;Syria;46259;20313;Mawlid An Nabi (The Prophet's Birthday);;Muslim;39819
SY;Syria;46364;36416;Liberation Day;;;45996
SY;Syria;46381;20309;Christmas Day;;;38230
TW;Taiwan;46023;18540;Republic Day / New Year's Day;;;38548
TW;Taiwan;46067;36215;Chinese New Year Holiday;;2026 Only;45823
TW;Taiwan;46068;36215;Chinese New Year Holiday;;2026 Only;45823
TW;Taiwan;46069;18541;Chinese New Year's Eve;;Chinese Lunar;41827
TW;Taiwan;46070;18542;Chinese New Year's Day;;Chinese Lunar;41827
TW;Taiwan;46071;24532;Chinese New Year Holiday;;Chinese Lunar;41827
TW;Taiwan;46072;24533;Chinese New Year Holiday;;Chinese Lunar;41827
TW;Taiwan;46073;31008;Chinese New Year Holiday;;Chinese Lunar;45823
TW;Taiwan;46074;36215;Chinese New Year Holiday;;2026 Only;45823
TW;Taiwan;46075;36215;Chinese New Year Holiday;;2026 Only;45823
TW;Taiwan;46080;30948;Peace Memorial Holiday;;;43981
TW;Taiwan;46081;20407;Peace Memorial Day;;;38918
TW;Taiwan;46082;36358;Peace Memorial Holiday;;2026 Only;45824
TW;Taiwan;46115;30950;Children's Day Holiday;;;43598
TW;Taiwan;46116;28781;Children's Day;;;40262
TW;Taiwan;46117;18544;Tomb Sweeping Day;;Chinese Solar;38735
TW;Taiwan;46118;30949;Tomb Sweeping Day Holiday;;Chinese Solar;43598
TW;Taiwan;46143;36328;Labor Day;;;45806
TW;Taiwan;46144;36352;Labor Day Holiday;;2026 Only;45823
TW;Taiwan;46145;36352;Labor Day Holiday;;2026 Only;45823
TW;Taiwan;46192;18547;Dragon Boat Festival;;Chinese Lunar;38735
TW;Taiwan;46193;36353;Dragon Boat Festival Holiday;;2026 Only;45823
TW;Taiwan;46194;36353;Dragon Boat Festival Holiday;;2026 Only;45823
TW;Taiwan;46290;18549;Mid-Autumn Festival;;Chinese Lunar;44719
TW;Taiwan;46291;36354;Mid-Autumn Festival Holiday;;2026 Only;45823
TW;Taiwan;46292;36354;Mid-Autumn Festival Holiday;;2026 Only;45823
TW;Taiwan;46293;36332;Confucius' Birthday/Teacher's Day;;;45806
TW;Taiwan;46304;30954;National Day Holiday;;;43981
TW;Taiwan;46305;18550;National Day (Double Tenth);;;38548
TW;Taiwan;46306;33542;National Day Holiday;;2026 Only;45823
TW;Taiwan;46319;36355;Retrocession Day Holiday;;2026 Only;45823
TW;Taiwan;46320;36333;Retrocession Day;;;45806
TW;Taiwan;46321;36333;Retrocession Day Holiday;;;45806
TW;Taiwan;46381;36334;Constitution Day;;;45806
TW;Taiwan;46382;36356;Constitution Day Holiday;;2026 Only;45823
TW;Taiwan;46383;36356;Constitution Day Holiday;;2026 Only;45823
TJ;Tajikistan;46023;21017;New Year's Day;;;39876
TJ;Tajikistan;46024;36537;New Year Holiday (workday moved to Sat. Jan. 10);;2026 Only;46044
TJ;Tajikistan;46025;36537;New Year Holiday;;2026 Only;46044
TJ;Tajikistan;46026;36537;New Year Holiday;;2026 Only;46044
TJ;Tajikistan;46089;21019;International Women's Day;;;39876
TJ;Tajikistan;46090;21019;Women's Day Holiday;;;39876
TJ;Tajikistan;46101;21026;Idi Ramazon (End of Ramadan);;Muslim;40613
TJ;Tajikistan;46102;21020;Navruz (Persian New Year);;;39876
TJ;Tajikistan;46103;21020;Navruz Holiday;;;39876
TJ;Tajikistan;46104;21020;Navruz Holiday;;;39876
TJ;Tajikistan;46105;21020;Navruz Holiday;;;39876
TJ;Tajikistan;46106;34974;Navruz Holiday;;2026 Only;46044
TJ;Tajikistan;46107;34974;Navruz Holiday;;2026 Only;46044
TJ;Tajikistan;46108;34974;Navruz Holiday (workday moved to Sat. Mar. 14);;2026 Only;46044
TJ;Tajikistan;46109;34974;Navruz Holiday;;2026 Only;46044
TJ;Tajikistan;46110;34974;Navruz Holiday;;2026 Only;46044
TJ;Tajikistan;46143;25317;International Labour Day;;;39876
TJ;Tajikistan;46151;25318;Victory Day;;;39876
TJ;Tajikistan;46153;25318;Victory Day Holiday;;;39876
TJ;Tajikistan;46169;21027;Idi Qurbon (Feast of Sacrifice);;Muslim;39876
TJ;Tajikistan;46200;24519;Day of National Unity;;;39876
TJ;Tajikistan;46202;24519;National Unity Holiday;;;39876
TJ;Tajikistan;46274;21023;Independence Day;;;39876
TJ;Tajikistan;46332;21024;Constitution Day;;;39876
TZ;Tanzania;46023;18551;New Year's Day;;;38230
TZ;Tanzania;46034;18552;Zanzibar Revolutionary Day;;;38230
TZ;Tanzania;46101;18553;Iddi El Fitry (End of Ramadan);;Muslim;44983
TZ;Tanzania;46102;18553;Iddi El Fitry Holiday;;Muslim;44983
TZ;Tanzania;46115;18556;Good Friday;;Easter;38230
TZ;Tanzania;46118;18559;Easter Monday;;Easter;38230
TZ;Tanzania;46119;22572;Sheikh Abeid Amani Karume Day;;;39625
TZ;Tanzania;46138;18561;Union Day;;;38230
TZ;Tanzania;46143;18562;International Workers' Day;;;38230
TZ;Tanzania;46169;18555;Iddi El Haji (Feast of Sacrifice);;Muslim;45103
TZ;Tanzania;46189;35419;Islamic New Year (Zanzibar);Regional;Muslim;44780
TZ;Tanzania;46204;26090;Bank Holiday;Banks;;43099
TZ;Tanzania;46210;18564;Maonyesho ya Saba Saba (Dar es Salaam Trade Fair);;;39304
TZ;Tanzania;46242;18565;Wakulima ya Nane Nane (Peasants' Day);;;38230
TZ;Tanzania;46259;18563;The Prophet's Birthday (Maulid);;Muslim;45199
TZ;Tanzania;46309;20448;Mwalimu Julius Nyerere Day (Climax of the Uhuru Torch Race);;;39625
TZ;Tanzania;46365;18566;Independence Day;;;45382
TZ;Tanzania;46381;18567;Christmas Day;;;38230
TZ;Tanzania;46382;18568;Boxing Day;;;38230
TH;Thailand;46023;23516;New Year's Day;;;39288
TH;Thailand;46024;36125;Public Holiday;;2026 Only;45608
TH;Thailand;46084;18571;Makha Bucha Day;;South-East Asian;41815
TH;Thailand;46118;18572;King Rama I Memorial and Chakri Day;;;39288
TH;Thailand;46125;18573;Songkran (Thai New Year);;;43908
TH;Thailand;46126;18573;Songkran Holiday;;;43908
TH;Thailand;46127;18573;Songkran Holiday;;;43908
TH;Thailand;46143;18574;National Labour Day (except Government);Banks/Private Sector;;42032
TH;Thailand;46146;33707;Anniversary of the Coronation of King Maha Vajiralongkorn;;;43677
TH;Thailand;46153;25131;Royal Ploughing Ceremony;Banks/Government;;46025
TH;Thailand;46173;18576;Visakha Bucha Day (Buddha Day);;South-East Asian;41815
TH;Thailand;46174;18576;Visakha Bucha Holiday;;South-East Asian;41815
TH;Thailand;46176;33779;H.M. Queen Suthida Bajrasudhabimalalakshana’s Birthday;;;43603
TH;Thailand;46231;33134;H.M. King Maha Vajiralongkorn Phra Vajiraklaochaoyuhua’s Birthday;;;43603
TH;Thailand;46232;18578;Asarnha Bucha Day;;South-East Asian;44010
TH;Thailand;46233;20315;Khao Phansa (Buddhist Lent begins);Government;South-East Asian;44195
TH;Thailand;46246;18579;Queen Dowager's Birthday (might be canceled beginning in 2026);;;45955
TH;Thailand;46308;33133;H.M. King Bhumibol Adulyadej The Great Memorial Day;;;43603
TH;Thailand;46318;18580;Chulalongkorn Day (Rama V Day);;;44195
TH;Thailand;46361;18581;H.M. King Bhumibol Adulyadej The Great’s Birthday / National Day / Father's Day;;;44097
TH;Thailand;46363;18581;Holiday for H.M. King Bhumibol Adulyadej The Great’s Birthday / National Day / Father's Day;;;44097
TH;Thailand;46366;18582;Constitution Day;;;39288
TH;Thailand;46387;18583;New Year's Eve;;;45269
TG;Togo;46023;22410;New Year's Day;;;38565
TG;Togo;46024;30336;New Year Holiday;;;46023
TG;Togo;46101;22423;Korité / Aïd al-Fitr (End of Ramadan);;Muslim;45748
TG;Togo;46115;36314;Bank Holiday (afternoon);Banks/Tentative;Easter;45767
TG;Togo;46118;22414;Easter Monday;;Easter;38565
TG;Togo;46139;22420;Independence Day;;;38565
TG;Togo;46143;22416;Labour Day;;;38565
TG;Togo;46156;22417;Ascension Day;;Easter;38565
TG;Togo;46167;22419;Whit Monday;;Easter;38565
TG;Togo;46169;22412;Tabaski (Feast of Sacrifice);;Muslim;45456
TG;Togo;46194;22425;Martyrs' Day;;;38565
TG;Togo;46249;22421;Assumption Day;;;38565
TG;Togo;46327;22422;All Saints' Day;;;38565
TG;Togo;46381;22424;Christmas Day;;;38565
TK;Tokelau;46023;23309;New Year's Day;;;38582
TK;Tokelau;46024;23310;Second Day of New Year;;;38582
TK;Tokelau;46115;23312;Good Friday;;Easter;38580
TK;Tokelau;46118;23314;Easter Monday;;Easter;38580
TK;Tokelau;46153;28418;Mothers' Day Public Holiday;;;40004
TK;Tokelau;46244;28419;Fathers' Day Public Holiday;;;40004
TK;Tokelau;46268;25531;Tokehega Day;;;39301
TK;Tokelau;46307;28420;Day after White Sunday (Lotu-a-Tamaiti);;;40004
TK;Tokelau;46381;23318;Christmas Day;;;38580
TK;Tokelau;46382;23320;Boxing Day;;;38936
TK;Tokelau;46384;24610;Christmas Holiday;;;38936
TO;Tonga;46023;23155;New Year's Day;;;40694
TO;Tonga;46024;31441;Public Sector Holiday;Government;2026 Only;45969
TO;Tonga;46025;31441;Public Sector Holiday;Government;2026 Only;45969
TO;Tonga;46026;31441;Public Sector Holiday;Government;2026 Only;45969
TO;Tonga;46115;23158;Good Friday;;Easter;38580
TO;Tonga;46118;23160;Easter Monday;;Easter;38580
TO;Tonga;46137;23161;ANZAC Day;;;40694
TO;Tonga;46181;23163;Emancipation Day Observed;;;40330
TO;Tonga;46207;23162;King Tupou VI's Birthday;;;41460
TO;Tonga;46282;24812;Birthday of Crown Prince Tupouto'a 'Ulukalala;;;41460
TO;Tonga;46328;23169;Constitution Day Observed;;;45953
TO;Tonga;46363;23168;King Tupou I Day Observed;;;40330
TO;Tonga;46381;23165;Christmas Day;;;40694
TO;Tonga;46382;23166;Boxing Day;;;44135
MD-SN*;Transdniestria;46023;24776;New Year;;;39305
MD-SN*;Transdniestria;46024;24790;New Year Holiday;;;39305
MD-SN*;Transdniestria;46025;31226;New Year Holiday;;;42118
MD-SN*;Transdniestria;46027;31368;New Year Holiday (workday moved to Sat. Jan. 31);;2026 Only;45966
MD-SN*;Transdniestria;46028;31368;New Year Holiday (workday moved to Sat. Feb. 21);;2026 Only;45966
MD-SN*;Transdniestria;46029;24775;Orthodox Christmas;;Orthodox;39973
MD-SN*;Transdniestria;46030;31368;New Year Holiday (workday moved to Sat. Mar. 28);;2026 Only;45966
MD-SN*;Transdniestria;46031;31368;New Year Holiday (workday moved to Sat. Apr. 25);;2026 Only;45966
MD-SN*;Transdniestria;46076;24781;Motherland Defenders' Day;;;39305
MD-SN*;Transdniestria;46089;24782;Women's Day;;;39305
MD-SN*;Transdniestria;46090;24782;Women's Day Holiday;;;39305
MD-SN*;Transdniestria;46125;31229;Easter Monday;;Orth. Easter;42118
MD-SN*;Transdniestria;46132;31228;All Souls' Day;;Orth. Easter;42118
MD-SN*;Transdniestria;46143;24783;Labor Day;;;39316
MD-SN*;Transdniestria;46146;25564;Labor Day Holiday;;;39316
MD-SN*;Transdniestria;46151;24784;Victory Day;;;39305
MD-SN*;Transdniestria;46153;24784;Victory Day Holiday;;;39305
MD-SN*;Transdniestria;46267;24772;Independence Day;;;39305
MD-SN*;Transdniestria;46387;36429;New Year's Eve;;;45970
TT;Trinidad and Tobago;46023;21446;New Year's Day;;;39271
TT;Trinidad and Tobago;46069;21447;Carnival Monday / J'ouvert (widespread but not official);Other;Easter;44199
TT;Trinidad and Tobago;46070;25214;Carnival Tuesday (widespread but not official);Other;Easter;44199
TT;Trinidad and Tobago;46102;21458;Eid al Fitr (End of Ramadan);;Muslim;45743
TT;Trinidad and Tobago;46111;21451;Spiritual Shouter Baptist Liberation Day;;;45743
TT;Trinidad and Tobago;46115;21448;Good Friday;;Easter;38349
TT;Trinidad and Tobago;46118;21450;Easter Monday;;Easter;38349
TT;Trinidad and Tobago;46172;21452;Arrival Day;;;39487
TT;Trinidad and Tobago;46177;21453;Corpus Christi Day;;Easter;38349
TT;Trinidad and Tobago;46192;21454;Labour Day;;;39487
TT;Trinidad and Tobago;46235;21455;African Emancipation Day;;;45401
TT;Trinidad and Tobago;46265;21456;Independence Day;;;39271
TT;Trinidad and Tobago;46289;25198;Republic Day;;;39699
TT;Trinidad and Tobago;46334;21457;Diwali;;Hindu Lunar;42897
TT;Trinidad and Tobago;46335;21457;Diwali Holiday;;Hindu Lunar;42897
TT;Trinidad and Tobago;46381;21459;Christmas Day;;;39271
TT;Trinidad and Tobago;46382;21460;Boxing Day;;;39271
TN;Tunisia;46023;21142;New Year's Day;Government;;45047
TN;Tunisia;46101;21153;Aïd El-Fitr Holiday (End of Ramadan);;Muslim;45391
TN;Tunisia;46101;21143;Independence Day;;;38230
TN;Tunisia;46102;21153;Aïd El-Fitr Holiday (End of Ramadan);;Muslim;45391
TN;Tunisia;46103;29683;Aïd El-Fitr Holiday (End of Ramadan);;Muslim;45388
TN;Tunisia;46121;21145;Martyrs' Day;Government;;45047
TN;Tunisia;46143;21146;Labour Day;Government;;45047
TN;Tunisia;46169;21150;Aïd El Kebir / El-Idha (Feast of Sacrifice);;Muslim;45456
TN;Tunisia;46170;21150;Aïd El Kebir / El-Idha Holiday;;Muslim;45456
TN;Tunisia;46171;35697;Aïd El Kebir / El-Idha Holiday;Government;Muslim;45814
TN;Tunisia;46189;21151;Ras el am el Hejri / Hégire (Islamic New Year);;Muslim;44417
TN;Tunisia;46228;21147;Republic Day;;;38230
TN;Tunisia;46247;21148;Women's Day;Government;;45047
TN;Tunisia;46259;21152;Le Mouled (The Prophet's Birthday);;Muslim;44122
TN;Tunisia;46310;30159;Evacuation Day (fête nationale de l'évacuation);Government;;45047
TN;Tunisia;46373;29682;Revolution and Youth Day;;;44534
TR;Türkiye;46023;18584;New Year's Day;;;38230
TR;Türkiye;46100;20317;Ramazan Bayramy Eve;Afternoon;Muslim (DIB);45697
TR;Türkiye;46101;18585;Ramazan Bayramy (End of Ramadan);;Muslim (DIB);45697
TR;Türkiye;46102;18585;Ramazan Bayramy Holiday;;Muslim (DIB);45697
TR;Türkiye;46103;18585;Ramazan Bayramy Holiday;;Muslim (DIB);45697
TR;Türkiye;46135;18587;National Sovereignty and Children's Day;;;38907
TR;Türkiye;46143;28346;Labor and Solidarity Day;;;44164
TR;Türkiye;46161;18588;Ataturk Memorial, Youth and Sports Day;;;38907
TR;Türkiye;46168;20316;Kurban Bayramy Eve;Afternoon;Muslim (DIB);45458
TR;Türkiye;46169;18586;Kurban Bayramy (Feast of Sacrifice);;Muslim (DIB);42138
TR;Türkiye;46170;18586;Kurban Bayramy Holiday;;Muslim (DIB);42138
TR;Türkiye;46171;18586;Kurban Bayramy Holiday;;Muslim (DIB);42138
TR;Türkiye;46172;18586;Kurban Bayramy Holiday;;Muslim (DIB);42138
TR;Türkiye;46218;32719;Day of Democracy and Freedoms;;;42668
TR;Türkiye;46264;18589;Victory Day;;;38230
TR;Türkiye;46323;25269;Republic Day Eve;Afternoon;;39277
TR;Türkiye;46324;18590;Republic Day;;;39277
TM;Turkmenistan;46023;21028;New Year's Day;;;38230
TM;Turkmenistan;46089;25867;International Women's Day;;;40413
TM;Turkmenistan;46101;21039;Oraza Baramy / Oraza Ait (End of Ramadan);;Muslim;45746
TM;Turkmenistan;46102;21032;National Spring Festival;;;44277
TM;Turkmenistan;46103;21032;National Spring Festival;;;44277
TM;Turkmenistan;46160;21030;Constitution and Flag Day;;;45794
TM;Turkmenistan;46169;21038;Kurban Bayramy Holiday;;Muslim;45459
TM;Turkmenistan;46170;28517;Kurban Bayramy Holiday;;2026 Only;45992
TM;Turkmenistan;46171;28517;Kurban Bayramy Holiday;;2026 Only;45992
TM;Turkmenistan;46292;21036;Independence Day of Turkmenistan;;;43024
TM;Turkmenistan;46301;21035;Commemoration Day;;;45571
TM;Turkmenistan;46368;21037;International Day of Neutrality;;;45998
TC;Turks and Caicos Islands;46023;22928;New Year's Day;;;39269
TC;Turks and Caicos Islands;46090;22929;Commonwealth Day;;;41318
TC;Turks and Caicos Islands;46115;22930;Good Friday;;Easter;38579
TC;Turks and Caicos Islands;46118;22932;Easter Monday;;Easter;38579
TC;Turks and Caicos Islands;46167;22936;Jag's McCartney Day;;;43788
TC;Turks and Caicos Islands;46188;22940;King's Official Birthday;;;46019
TC;Turks and Caicos Islands;46237;22934;Emancipation Day;;;46019
TC;Turks and Caicos Islands;46265;36494;Constitution Day;;;46035
TC;Turks and Caicos Islands;46290;22935;National Youth Day;;;38579
TC;Turks and Caicos Islands;46307;22941;National Heritage Day;;;38579
TC;Turks and Caicos Islands;46381;22937;Christmas Day;;;40390
TC;Turks and Caicos Islands;46382;22939;Boxing Day;;;40390
TC;Turks and Caicos Islands;46384;22939;Boxing Day (observed);;;40390
TV;Tuvalu;46023;23252;New Year's Day;;;39301
TV;Tuvalu;46090;23264;Commonwealth Day;;;38580
TV;Tuvalu;46115;23253;Good Friday;;Easter;38580
TV;Tuvalu;46118;23255;Easter Monday;;Easter;38580
TV;Tuvalu;46153;23256;Te Aso o te Tala Lei (Gospel Day);;;44943
TV;Tuvalu;46186;25539;King's Birthday;;;44943
TV;Tuvalu;46237;23260;National Children's Day;;;38580
TV;Tuvalu;46296;23258;Independence Day (Tuvalu Day);;;39485
TV;Tuvalu;46297;23258;Independence Day Holiday;;;39485
TV;Tuvalu;46381;23262;Christmas Day;;;38580
TV;Tuvalu;46382;23263;Boxing Day;;;38580
TV;Tuvalu;46384;23268;Christmas Holiday;;;38580
AE;UAE (United Arab Emirates);46023;18606;New Year's Day;;;38230
AE;UAE (United Arab Emirates);46099;33738;Eid al Fitr Holiday;;Muslim (Umm al-Qura);45745
AE;UAE (United Arab Emirates);46100;33739;Eid al Fitr Holiday;;Muslim (Umm al-Qura);43531
AE;UAE (United Arab Emirates);46101;18607;Eid al Fitr (End of Ramadan);;Muslim (Umm al-Qura);40776
AE;UAE (United Arab Emirates);46102;18607;Eid al Fitr Holiday;;Muslim (Umm al-Qura);40776
AE;UAE (United Arab Emirates);46103;33740;Eid al Fitr Holiday;;Muslim (Umm al-Qura);43531
AE;UAE (United Arab Emirates);46168;18608;Arafat Day;;Muslim (Umm al-Qura);39776
AE;UAE (United Arab Emirates);46169;18608;Eid al Adha (Feast of Sacrifice);;Muslim (Umm al-Qura);39776
AE;UAE (United Arab Emirates);46170;18608;Eid al Adha Holiday;;Muslim (Umm al-Qura);39776
AE;UAE (United Arab Emirates);46171;33741;Eid al Adha Holiday;;Muslim (Umm al-Qura);43531
AE;UAE (United Arab Emirates);46189;18609;Islamic New Year (may move to Fri. Jun. 19);;Muslim (Umm al-Qura);45825
AE;UAE (United Arab Emirates);46259;18610;The Prophet's Birthday (may move to Fri. Aug. 28);;Muslim (Umm al-Qura);45895
AE;UAE (United Arab Emirates);46358;18613;UAE National Day (Eid Al Etihad);;;45978
AE;UAE (United Arab Emirates);46359;27260;National Day Holiday (Eid Al Etihad);;;45978
UG;Uganda;46023;18591;New Year's Day;;;38230
UG;Uganda;46037;29552;Public Holiday (presidential and parliamentary elections);;2026 Only;46032
UG;Uganda;46038;29552;Public Holiday (presidential and parliamentary elections);;2026 Only;46032
UG;Uganda;46048;18593;NRM Liberation Day;;;41296
UG;Uganda;46069;31193;Archbishop Janani Luwum Memorial Day;;;42771
UG;Uganda;46089;18594;Women's Day;;;38230
UG;Uganda;46101;18592;Idd el-Fitr (End of Ramadan);;Muslim;43618
UG;Uganda;46115;18596;Good Friday;;Easter;38230
UG;Uganda;46118;18599;Easter Monday;;Easter;38230
UG;Uganda;46143;18600;Labour Day;;;38230
UG;Uganda;46169;18595;Idd-al-Adhuha (Feast of Sacrifice);;Muslim;39789
UG;Uganda;46176;18601;Uganda Martyrs' Day;;;38230
UG;Uganda;46182;18602;National Heroes' Day;;;38230
UG;Uganda;46304;18603;Independence Day;;;38230
UG;Uganda;46381;18604;Christmas Day;;;38230
UG;Uganda;46382;18605;Boxing Day;;;38230
GB;UK (United Kingdom);46023;21388;New Year's Day;;;42737
GB;UK (United Kingdom);46024;25178;New Year Holiday (SCT);Regional;;42737
GB;UK (United Kingdom);46098;25180;Saint Patrick's Day (NIR);Regional;;42737
GB;UK (United Kingdom);46115;18615;Good Friday;;Easter;38230
GB;UK (United Kingdom);46118;18616;Easter Monday (EAW NIR);Regional;Easter;44191
GB;UK (United Kingdom);46146;18617;May Day Bank Holiday;;;43625
GB;UK (United Kingdom);46167;18618;Spring Bank Holiday;;;44147
GB;UK (United Kingdom);46188;36507;Bank Holiday (World Cup finals) (SCT);Regional/Tentative;2026 Only;46028
GB;UK (United Kingdom);46215;25181;Battle of the Boyne / Orangemen's Day (NIR);Regional;;42737
GB;UK (United Kingdom);46216;25181;Battle of the Boyne Holiday (NIR);Regional;;42737
GB;UK (United Kingdom);46237;25177;Summer Bank Holiday (banks are open) (SCT*);Regional;;44191
GB;UK (United Kingdom);46265;26614;Summer Bank Holiday (banks only) (SCT*);Regional/Banks;;44191
GB;UK (United Kingdom);46265;18619;Summer Bank Holiday (EAW NIR);Regional;;44191
GB;UK (United Kingdom);46381;20812;Christmas Day;;;42737
GB;UK (United Kingdom);46382;18621;Boxing Day;;;42737
GB;UK (United Kingdom);46384;18621;Christmas Holiday;;;42737
UA;Ukraine;46089;20977;Women's Day;;;46043
UA;Ukraine;46124;31223;Orthodox Easter;;Orth. Easter;44668
UA;Ukraine;46150;35707;Day of Remembrance and Victory over Nazism (might be canceled due to martial law);;;45770
UA;Ukraine;46173;31222;Orthodox Pentecost;;Orth. Easter;42115
UA;Ukraine;46174;20984;Orthodox Pentecost Monday (might be canceled due to martial law);;Orth. Easter;45763
UA;Ukraine;46201;20985;Constitution Day;;;45763
UA;Ukraine;46202;20985;Constitution Day Holiday (might be canceled due to martial law);;;45763
UA;Ukraine;46218;35470;Day of Ukrainian Statehood (might be canceled due to martial law);;;45763
UA;Ukraine;46258;20986;Independence Day (might be canceled due to martial law);;;45861
UA;Ukraine;46296;31199;Day of the Defenders of the Ukraine (might be canceled due to martial law);;;45861
UA;Ukraine;46381;33367;Christmas (might be canceled due to martial law);;;45961
UY;Uruguay;46023;20778;New Year's Day;;;38230
UY;Uruguay;46028;20779;Epiphany (Día de los Niños);Banks/Government;;41392
UY;Uruguay;46069;20780;Carnaval;Banks/Government;Easter;41392
UY;Uruguay;46070;20780;Carnaval;Banks/Government;Easter;41392
UY;Uruguay;46114;20781;Maundy Thursday (Semana de Turismo);Banks/Government;Easter;45639
UY;Uruguay;46115;24592;Good Friday (Semana de Turismo);Banks/Government;Easter;45639
UY;Uruguay;46131;20785;Landing of the 33 Patriots Day;Banks/Government;;41383
UY;Uruguay;46143;20786;Labor Day;;;38230
UY;Uruguay;46160;20787;Battle of Las Piedras Day;Banks/Government;;41392
UY;Uruguay;46192;20788;José Artigas Birthday / Día del Nunca Más;Banks/Government;;41392
UY;Uruguay;46221;20789;Constitution Day;;;38230
UY;Uruguay;46259;20790;Independence Day (Declaratoria de la Florida);;;39460
UY;Uruguay;46307;24362;Día de la Raza / Sarandí Battle Day;Banks/Government;;45613
UY;Uruguay;46328;20792;All Souls' Day (Día de los Muertos);Banks/Government;;41392
UY;Uruguay;46381;20793;Christmas Day (Día de la Familia);;;38230
US;USA (United States);46023;18622;New Year's Day;;;38909
US;USA (United States);46041;18623;Martin Luther King Jr Day;;;38578
US;USA (United States);46069;18624;Presidents' Day (widespread in gov. and fin. sectors);Other;;38909
US;USA (United States);46167;18625;Memorial Day Holiday;;;38230
US;USA (United States);46192;34770;Juneteenth (widespread in gov. and fin. sectors);Other;;45002
US;USA (United States);46206;34774;Independence Day Holiday (widespread in gov. sector);Other;;45002
US;USA (United States);46207;18626;Independence Day;;;38909
US;USA (United States);46272;18627;Labor Day;;;38230
US;USA (United States);46307;18628;Columbus Day (widespread in gov. and fin. sectors);Other;;38909
US;USA (United States);46337;18629;Veterans Day Holiday (widespread in gov. and fin. sectors);Other;;45002
US;USA (United States);46352;18630;Thanksgiving Day;;;38230
US;USA (United States);46381;18631;Christmas Day;;;38230
UZ;Uzbekistan;46023;20987;New Year's Day (Yangi Yil Bayrami);;;38230
UZ;Uzbekistan;46024;33420;New Year Holiday;;2026 Only;46017
UZ;Uzbekistan;46089;20988;Women's Day (Xalqaro Xotin-Qizlar Kuni);;;38230
UZ;Uzbekistan;46090;35825;Women's Day Holiday;;;45653
UZ;Uzbekistan;46101;20993;End of Ramadan (Ramazon Hayit / Iyd ul Fitr);;Muslim;45743
UZ;Uzbekistan;46102;20992;Navruz / Persian New Year (Navro'z Bayrami);;;40988
UZ;Uzbekistan;46104;35829;Navruz Holiday;;;45653
UZ;Uzbekistan;46151;20989;Day of Remembrance and Honors (Xotira va Qadirlash Kuni);;;38546
UZ;Uzbekistan;46153;35826;Day of Remembrance and Honors Holiday;;;45653
UZ;Uzbekistan;46169;20994;Feast of Sacrifice (Qurbon Hayit / Iyd ul Adha);;Muslim;45808
UZ;Uzbekistan;46170;34730;Feast of Sacrifice Holiday;;2026 Only;46017
UZ;Uzbekistan;46171;34730;Feast of Sacrifice Holiday;;2026 Only;46017
UZ;Uzbekistan;46265;34247;Independence Day Holiday;;2026 Only;46017
UZ;Uzbekistan;46266;20990;Independence Day (Mustaqillik Kuni);;;38230
UZ;Uzbekistan;46296;20995;Day of Teachers and Instructors (O'qituvchi va Murabbiylar Kuni);;;44923
UZ;Uzbekistan;46364;20991;Constitution Day (Konstitutsiya Kuni);;;38230
UZ;Uzbekistan;46387;33420;New Year Holiday (workday moved to Sat. Dec. 12);;2026 Only;46017
VU;Vanuatu;46023;23118;New Year's Day;;;45826
VU;Vanuatu;46074;23126;In memory of Dr. W. H. Lini (Father of Independence);;;46025
VU;Vanuatu;46086;23138;Custom Chief's Day;;;46025
VU;Vanuatu;46115;23133;Good Friday;;Easter;38580
VU;Vanuatu;46118;23120;Easter Monday;;Easter;38580
VU;Vanuatu;46143;23121;Labour Day;;;46025
VU;Vanuatu;46156;23123;Ascension Day;;Easter;38580
VU;Vanuatu;46227;36360;Children's Day;;;45861
VU;Vanuatu;46233;23128;Independence Day;;;46025
VU;Vanuatu;46249;23127;Assumption Day;;;45826
VU;Vanuatu;46300;23129;Constitution Day;;;46025
VU;Vanuatu;46355;36359;National Unity Day;;;46025
VU;Vanuatu;46381;23131;Christmas Day;;;45826
VU;Vanuatu;46382;23136;Family Day;;;46025
VE;Venezuela;46023;18632;New Year's Day;;;38230
VE;Venezuela;46034;18633;Epiphany (Dia de Reyes);Banks;;45967
VE;Venezuela;46041;33951;Día de la Divina Pastora Bank Holiday;Banks;;44120
VE;Venezuela;46069;18634;Carnival;;Easter;41396
VE;Venezuela;46070;18634;Carnival;;Easter;41396
VE;Venezuela;46100;18635;Saint Joseph's Day (San José);Banks;;39683
VE;Venezuela;46114;18636;Maundy Thursday;;Easter;38230
VE;Venezuela;46115;18637;Good Friday;;Easter;38230
VE;Venezuela;46131;18640;Independence Declaration Day;;;39299
VE;Venezuela;46143;18641;Labor Day;;;38230
VE;Venezuela;46160;18642;Ascension Bank Holiday;Banks;Easter;44120
VE;Venezuela;46181;20396;Corpus Christi Bank Holiday;Banks;Easter;44120
VE;Venezuela;46197;18643;Battle of Carabobo Day;;;38230
VE;Venezuela;46202;18644;Saints Peter and Paul's Day;Banks;;42354
VE;Venezuela;46208;18645;Independence Day;;;38230
VE;Venezuela;46227;18646;Simón Bolívar's Birthday;;;38933
VE;Venezuela;46279;32674;Virgin of Coromoto Day Bank Holiday;Banks;;45599
VE;Venezuela;46307;18648;Día de la Resistencia Indígena;;;39221
VE;Venezuela;46321;34851;Día del Dr. José Gregorio Hernández;Banks;;45967
VE;Venezuela;46349;33953;Día de la Virgen del Rosario de Chiquinquirá Bank Holiday;Banks;;45599
VE;Venezuela;46370;18650;Immaculate Conception Day;Banks;;45967
VE;Venezuela;46380;30393;Christmas Eve;;;41396
VE;Venezuela;46381;18651;Christmas Day;;;45564
VE;Venezuela;46387;30394;New Year's Eve;;;41396
VN;Vietnam;46023;20318;New Year's Day;;;39287
VN;Vietnam;46024;30649;New Year Holiday (workday moved to Sat. Jan. 10);;2026 Only;46017
VN;Vietnam;46025;30649;New Year Holiday;;2026 Only;46017
VN;Vietnam;46026;30649;New Year Holiday;;2026 Only;46017
VN;Vietnam;46067;30299;Tet Holiday;;Arbitrary;45933
VN;Vietnam;46068;30299;Tet Holiday;;Arbitrary;45933
VN;Vietnam;46069;20319;Tet Eve (Vietnamese New Year's Eve);;Vietnamese Lunar;39558
VN;Vietnam;46070;18653;Tet Nguyen Dan (Vietnamese New Year);;Vietnamese Lunar;41163
VN;Vietnam;46071;18653;Tet Holiday;;Vietnamese Lunar;41163
VN;Vietnam;46072;18653;Tet Holiday;;Vietnamese Lunar;41163
VN;Vietnam;46073;18653;Tet Holiday;;Vietnamese Lunar;41163
VN;Vietnam;46074;30299;Tet Holiday;;Arbitrary;45933
VN;Vietnam;46075;30299;Tet Holiday;;Arbitrary;45933
VN;Vietnam;46137;36413;Gio to Hung Vuong Holiday;;2026 Only;45934
VN;Vietnam;46138;25067;Gio to Hung Vuong Day;;Vietnamese Lunar;44923
VN;Vietnam;46139;25067;Gio to Hung Vuong Holiday;;Vietnamese Lunar;44923
VN;Vietnam;46142;18656;Liberation/Reunification Day;;;40540
VN;Vietnam;46143;18657;International Labour Day;;;40540
VN;Vietnam;46144;30663;Liberation/Reunification Day Holiday;;2026 Only;45934
VN;Vietnam;46145;30663;Liberation/Reunification Day Holiday;;2026 Only;45934
VN;Vietnam;46263;33546;National Day Holiday;;Arbitrary;45943
VN;Vietnam;46264;33546;National Day Holiday;;Arbitrary;45943
VN;Vietnam;46265;33546;National Day Holiday (workday moved to Sat. Aug. 22);;Arbitrary;45943
VN;Vietnam;46266;33989;National Day Holiday;;;45193
VN;Vietnam;46267;18660;National Day;;;39316
VN;Vietnam;46350;36528;Vietnam Culture Day;;;46039
VI;Virgin Islands, U.S.;46023;22789;New Year's Day;;;38578
VI;Virgin Islands, U.S.;46024;32992;Public Sector Holiday;Government;2026 Only;46001
VI;Virgin Islands, U.S.;46028;22800;Epiphany (Three King's Day);Government;;45242
VI;Virgin Islands, U.S.;46041;22790;Martin Luther King Jr Day;Government;;40912
VI;Virgin Islands, U.S.;46069;22791;Presidents' Day;Government;;40912
VI;Virgin Islands, U.S.;46112;22801;Transfer Day;Government;;39998
VI;Virgin Islands, U.S.;46114;22802;Holy Thursday;;Easter;39632
VI;Virgin Islands, U.S.;46115;22803;Good Friday;;Easter;38578
VI;Virgin Islands, U.S.;46118;22805;Easter Monday;;Easter;39632
VI;Virgin Islands, U.S.;46167;22792;Memorial Day;;;38578
VI;Virgin Islands, U.S.;46206;22807;V.I. Emancipation Day;;;38578
VI;Virgin Islands, U.S.;46207;22793;U.S. Independence Day;;;39296
VI;Virgin Islands, U.S.;46272;22794;Labor Day;;;38578
VI;Virgin Islands, U.S.;46307;22795;Columbus Day / PR Friendship Day;;;39296
VI;Virgin Islands, U.S.;46327;22809;D. Hamilton Jackson Day (Liberty Day);;;38578
VI;Virgin Islands, U.S.;46329;35497;Election Day;Government;;44870
VI;Virgin Islands, U.S.;46337;22796;Veterans Day;Government;;40912
VI;Virgin Islands, U.S.;46352;22797;Thanksgiving Day;;;38578
VI;Virgin Islands, U.S.;46381;22798;Christmas Day;;;38578
VI;Virgin Islands, U.S.;46382;22799;Second Day of Christmas;Government;;41670
WF;Wallis and Futuna;46023;23224;New Year's Day;;;38580
WF;Wallis and Futuna;46024;36214;Public Sector Holiday;Government;2026 Only;46026
WF;Wallis and Futuna;46118;23227;Easter Monday;;Easter;38580
WF;Wallis and Futuna;46139;36214;Public Sector Holiday;Government;2026 Only;46026
WF;Wallis and Futuna;46140;23238;Saint Pierre-Chanel Day;;;39273
WF;Wallis and Futuna;46143;23228;Labour Day;;;38580
WF;Wallis and Futuna;46150;23229;Victory Day;;;38580
WF;Wallis and Futuna;46156;23230;Ascension Day;;Easter;38580
WF;Wallis and Futuna;46157;36214;Public Sector Holiday;Government;2026 Only;46026
WF;Wallis and Futuna;46167;23232;Whit Monday;;Easter;39477
WF;Wallis and Futuna;46202;36213;Saints Pierre et Paul Day;;;45664
WF;Wallis and Futuna;46217;23233;Fête Nationale (National Day);;;39289
WF;Wallis and Futuna;46232;23240;Territory Day;;;38580
WF;Wallis and Futuna;46249;23234;Assumption Day;;;38580
WF;Wallis and Futuna;46327;23235;All Saints' Day;;;38580
WF;Wallis and Futuna;46337;23236;Armistice Day;;;38580
WF;Wallis and Futuna;46381;23237;Christmas Day;;;38580
PS;West Bank;46023;24497;New Year's Day;;;38913
PS;West Bank;46029;24499;Orthodox Christmas;Banks/Other;Orthodox;38913
PS;West Bank;46038;24502;The Prophet's Ascension;;Muslim;40017
PS;West Bank;46100;24503;Eid al Fitr Holiday;;Muslim;43620
PS;West Bank;46101;24503;Eid al Fitr (End of Ramadan);;Muslim;43620
PS;West Bank;46102;24503;Eid al Fitr Holiday;;Muslim;43620
PS;West Bank;46143;24504;Labor Day;;;38913
PS;West Bank;46169;24498;Eid al Adha (Feast of Sacrifice);;Muslim;39485
PS;West Bank;46170;24498;Eid al Adha Holiday;;Muslim;39485
PS;West Bank;46171;24498;Eid al Adha Holiday;;Muslim;39485
PS;West Bank;46189;24500;Islamic New Year;;Muslim;38913
PS;West Bank;46259;24501;The Prophet's Birthday;;Muslim;38913
PS;West Bank;46341;24505;Independence Day;;;38913
PS;West Bank;46381;24506;Christmas Day (except Gaza);;;38913
YE;Yemen;46023;25311;New Year's Day;Banks;;45923
YE;Yemen;46099;29548;Eid al Fitr Holiday;;Muslim (Umm al-Qura);43972
YE;Yemen;46100;29549;Eid al Fitr Holiday;;Muslim (Umm al-Qura);42482
YE;Yemen;46101;20325;Eid al Fitr (End of Ramadan);;Muslim (Umm al-Qura);40588
YE;Yemen;46102;20325;Eid al Fitr Holiday;;Muslim (Umm al-Qura);40588
YE;Yemen;46103;20325;Eid al Fitr Holiday;;Muslim (Umm al-Qura);40588
YE;Yemen;46104;29148;Eid al Fitr Holiday;Government/Tentative;Muslim (Umm al-Qura);45742
YE;Yemen;46143;20320;Labour Day (might move to Sat. May. 2);;;45923
YE;Yemen;46164;34044;Unification Day (might move to Sat. May. 23);;;45923
YE;Yemen;46168;20327;Eid al Adha Holiday;;Muslim (Umm al-Qura);42482
YE;Yemen;46169;20327;Eid al Adha (Feast of Sacrifice);;Muslim (Umm al-Qura);42482
YE;Yemen;46170;20327;Eid al Adha Holiday;;Muslim (Umm al-Qura);42482
YE;Yemen;46171;20327;Eid al Adha Holiday;;Muslim (Umm al-Qura);42482
YE;Yemen;46172;20327;Eid al Adha Holiday;;Muslim (Umm al-Qura);42482
YE;Yemen;46173;30757;Eid al Adha Holiday;Government;Muslim (Umm al-Qura);45812
YE;Yemen;46174;30757;Eid al Adha Holiday;Government;Muslim (Umm al-Qura);45812
YE;Yemen;46175;30757;Eid al Adha Holiday;Government;Muslim (Umm al-Qura);45812
YE;Yemen;46176;30757;Eid al Adha Holiday;Government;Muslim (Umm al-Qura);45812
YE;Yemen;46177;30757;Eid al Adha Holiday;Government;Muslim (Umm al-Qura);45812
YE;Yemen;46189;20326;Islamic New Year;;Muslim (Umm al-Qura);42482
YE;Yemen;46259;20328;Rabi' al-Awwal (The Prophet's Birthday);;Muslim (Umm al-Qura);42482
YE;Yemen;46286;36079;Anniversary of the September 21 Revolution;;;45923
YE;Yemen;46291;20322;1st Revolution Day;;;45923
YE;Yemen;46309;20323;Liberation Day;;;45923
YE;Yemen;46356;20324;Independence Day;;;45923
ZM;Zambia;46023;18662;New Year's Day;;;39305
ZM;Zambia;46089;25017;International Women's Day;;;39305
ZM;Zambia;46090;25017;International Women's Day Holiday;;;39305
ZM;Zambia;46093;18663;Youth Day;;;39305
ZM;Zambia;46115;18664;Good Friday;;Easter;38230
ZM;Zambia;46116;18665;Holy Saturday;;Easter;38230
ZM;Zambia;46117;36253;Easter Sunday;;Easter;45716
ZM;Zambia;46118;28404;Easter Monday;;Easter;39994
ZM;Zambia;46140;34790;Kenneth Kaunda Birthday;;;44384
ZM;Zambia;46143;18667;Labour Day;;;39305
ZM;Zambia;46167;18668;African Freedom Day;;;39305
ZM;Zambia;46209;18669;Heroes' Day;;;45836
ZM;Zambia;46210;18670;Unity Day;;;45836
ZM;Zambia;46237;18671;Farmers' Day;;;38230
ZM;Zambia;46247;32693;Public Holiday (Tripartite Election Day);Tentative;;45270
ZM;Zambia;46313;31430;National Day of Prayer;;;42296
ZM;Zambia;46314;31430;National Day of Prayer Holiday;;;42296
ZM;Zambia;46319;18672;Independence Day;;;39305
ZM;Zambia;46381;18673;Christmas Day;;;39305
ZM;Zambia;46385;36498;Declaration of Zambia as a Christian Nation;Tentative;;46021
ZW;Zimbabwe;46023;18674;New Year's Day;;;42304
ZW;Zimbabwe;46074;33372;Robert Gabriel Mugabe National Youth Day;;;44110
ZW;Zimbabwe;46115;18675;Good Friday;;Easter;38230
ZW;Zimbabwe;46116;18676;Holy Saturday;;Easter;38230
ZW;Zimbabwe;46117;20450;Easter;;Easter;45969
ZW;Zimbabwe;46118;18677;Easter Monday;;Easter;38230
ZW;Zimbabwe;46130;18678;Independence Day;;;45374
ZW;Zimbabwe;46143;18679;Workers' Day;;;42304
ZW;Zimbabwe;46167;18680;Africa Day;;;42304
ZW;Zimbabwe;46244;18681;Heroes' Day;;;39304
ZW;Zimbabwe;46245;18682;Defense Forces Day;;;38941
ZW;Zimbabwe;46378;18683;National Unity Day;;;42304
ZW;Zimbabwe;46381;18684;Christmas Day;;;44650
ZW;Zimbabwe;46382;18685;Boxing Day;;;38230
